image_path,xmin,ymin,xmax,ymax,label,shadow_angle,shadow_x,shadow_y,domain
/Users/tompitts/dphil/CanopyAI/deepforest_custom/phase5_tiles/won_tile_30_rot196.tif,444.0,392.0,500.0,450.0,Tree,18.821066982841984,0.3226137452141611,0.946530702829492,WON
/Users/tompitts/dphil/CanopyAI/deepforest_custom/phase5_tiles/won_tile_30_rot196.tif,378.0,407.0,412.0,447.0,Tree,18.821066982841984,0.3226137452141611,0.946530702829492,WON
/Users/tompitts/dphil/CanopyAI/deepforest_custom/phase5_tiles/won_tile_30_rot196.tif,399.0,371.0,436.0,416.0,Tree,18.821066982841984,0.3226137452141611,0.946530702829492,WON
/Users/tompitts/dphil/CanopyAI/deepforest_custom/phase5_tiles/won_tile_30_rot196.tif,440.0,347.0,475.0,388.0,Tree,18.821066982841984,0.3226137452141611,0.946530702829492,WON
/Users/tompitts/dphil/CanopyAI/deepforest_custom/phase5_tiles/won_tile_30_rot196.tif,445.0,284.0,500.0,345.0,Tree,18.821066982841984,0.3226137452141611,0.946530702829492,WON
/Users/tompitts/dphil/CanopyAI/deepforest_custom/phase5_tiles/won_tile_30_rot196.tif,311.0,422.0,368.0,478.0,Tree,18.821066982841984,0.3226137452141611,0.946530702829492,WON
/Users/tompitts/dphil/CanopyAI/deepforest_custom/phase5_tiles/won_tile_30_rot196.tif,250.0,466.0,295.0,500.0,Tree,18.821066982841984,0.3226137452141611,0.946530702829492,WON
/Users/tompitts/dphil/CanopyAI/deepforest_custom/phase5_tiles/won_tile_30_rot196.tif,190.0,455.0,234.0,500.0,Tree,18.821066982841984,0.3226137452141611,0.946530702829492,WON
/Users/tompitts/dphil/CanopyAI/deepforest_custom/phase5_tiles/won_tile_30_rot196.tif,200.0,400.0,249.0,454.0,Tree,18.821066982841984,0.3226137452141611,0.946530702829492,WON
/Users/tompitts/dphil/CanopyAI/deepforest_custom/phase5_tiles/won_tile_30_rot196.tif,106.0,476.0,150.0,500.0,Tree,18.821066982841984,0.3226137452141611,0.946530702829492,WON
/Users/tompitts/dphil/CanopyAI/deepforest_custom/phase5_tiles/won_tile_30_rot196.tif,135.0,473.0,186.0,500.0,Tree,18.821066982841984,0.3226137452141611,0.946530702829492,WON
/Users/tompitts/dphil/CanopyAI/deepforest_custom/phase5_tiles/won_tile_30_rot196.tif,174.0,425.0,211.0,463.0,Tree,18.821066982841984,0.3226137452141611,0.946530702829492,WON
/Users/tompitts/dphil/CanopyAI/deepforest_custom/phase5_tiles/won_tile_30_rot196.tif,245.0,328.0,302.0,388.0,Tree,18.821066982841984,0.3226137452141611,0.946530702829492,WON
/Users/tompitts/dphil/CanopyAI/deepforest_custom/phase5_tiles/won_tile_30_rot196.tif,294.0,380.0,337.0,425.0,Tree,18.821066982841984,0.3226137452141611,0.946530702829492,WON
/Users/tompitts/dphil/CanopyAI/deepforest_custom/phase5_tiles/won_tile_30_rot196.tif,315.0,348.0,352.0,383.0,Tree,18.821066982841984,0.3226137452141611,0.946530702829492,WON
/Users/tompitts/dphil/CanopyAI/deepforest_custom/phase5_tiles/won_tile_30_rot196.tif,331.0,328.0,417.0,420.0,Tree,18.821066982841984,0.3226137452141611,0.946530702829492,WON
/Users/tompitts/dphil/CanopyAI/deepforest_custom/phase5_tiles/won_tile_30_rot196.tif,264.0,217.0,328.0,286.0,Tree,18.821066982841984,0.3226137452141611,0.946530702829492,WON
/Users/tompitts/dphil/CanopyAI/deepforest_custom/phase5_tiles/won_tile_30_rot196.tif,237.0,261.0,297.0,323.0,Tree,18.821066982841984,0.3226137452141611,0.946530702829492,WON
/Users/tompitts/dphil/CanopyAI/deepforest_custom/phase5_tiles/won_tile_30_rot196.tif,242.0,17.0,301.0,70.0,Tree,18.821066982841984,0.3226137452141611,0.946530702829492,WON
/Users/tompitts/dphil/CanopyAI/deepforest_custom/phase5_tiles/won_tile_30_rot196.tif,259.0,48.0,336.0,120.0,Tree,18.821066982841984,0.3226137452141611,0.946530702829492,WON
/Users/tompitts/dphil/CanopyAI/deepforest_custom/phase5_tiles/won_tile_30_rot196.tif,318.0,23.0,372.0,75.0,Tree,18.821066982841984,0.3226137452141611,0.946530702829492,WON
/Users/tompitts/dphil/CanopyAI/deepforest_custom/phase5_tiles/won_tile_30_rot196.tif,293.0,0.0,341.0,52.0,Tree,18.821066982841984,0.3226137452141611,0.946530702829492,WON
/Users/tompitts/dphil/CanopyAI/deepforest_custom/phase5_tiles/won_tile_30_rot196.tif,71.0,371.0,122.0,428.0,Tree,18.821066982841984,0.3226137452141611,0.946530702829492,WON
/Users/tompitts/dphil/CanopyAI/deepforest_custom/phase5_tiles/won_tile_30_rot196.tif,28.0,325.0,89.0,383.0,Tree,18.821066982841984,0.3226137452141611,0.946530702829492,WON
/Users/tompitts/dphil/CanopyAI/deepforest_custom/phase5_tiles/won_tile_30_rot196.tif,194.0,345.0,246.0,403.0,Tree,18.821066982841984,0.3226137452141611,0.946530702829492,WON
/Users/tompitts/dphil/CanopyAI/deepforest_custom/phase5_tiles/won_tile_30_rot196.tif,189.0,293.0,242.0,348.0,Tree,18.821066982841984,0.3226137452141611,0.946530702829492,WON
/Users/tompitts/dphil/CanopyAI/deepforest_custom/phase5_tiles/won_tile_30_rot196.tif,0.0,207.0,32.0,259.0,Tree,18.821066982841984,0.3226137452141611,0.946530702829492,WON
/Users/tompitts/dphil/CanopyAI/deepforest_custom/phase5_tiles/won_tile_30_rot196.tif,175.0,117.0,223.0,174.0,Tree,18.821066982841984,0.3226137452141611,0.946530702829492,WON
/Users/tompitts/dphil/CanopyAI/deepforest_custom/phase5_tiles/won_tile_30_rot196.tif,149.0,111.0,193.0,161.0,Tree,18.821066982841984,0.3226137452141611,0.946530702829492,WON
/Users/tompitts/dphil/CanopyAI/deepforest_custom/phase5_tiles/won_tile_30_rot196.tif,54.0,186.0,108.0,242.0,Tree,18.821066982841984,0.3226137452141611,0.946530702829492,WON
/Users/tompitts/dphil/CanopyAI/deepforest_custom/phase5_tiles/won_tile_30_rot196.tif,20.0,158.0,67.0,214.0,Tree,18.821066982841984,0.3226137452141611,0.946530702829492,WON
/Users/tompitts/dphil/CanopyAI/deepforest_custom/phase5_tiles/won_tile_30_rot196.tif,193.0,57.0,240.0,101.0,Tree,18.821066982841984,0.3226137452141611,0.946530702829492,WON
/Users/tompitts/dphil/CanopyAI/deepforest_custom/phase5_tiles/won_tile_30_rot196.tif,212.0,92.0,267.0,154.0,Tree,18.821066982841984,0.3226137452141611,0.946530702829492,WON
/Users/tompitts/dphil/CanopyAI/deepforest_custom/phase5_tiles/won_tile_30_rot196.tif,197.0,182.0,263.0,254.0,Tree,18.821066982841984,0.3226137452141611,0.946530702829492,WON
/Users/tompitts/dphil/CanopyAI/deepforest_custom/phase5_tiles/won_tile_30_rot196.tif,56.0,233.0,178.0,325.0,Tree,18.821066982841984,0.3226137452141611,0.946530702829492,WON
/Users/tompitts/dphil/CanopyAI/deepforest_custom/phase5_tiles/won_tile_30_rot196.tif,0.0,81.0,35.0,211.0,Tree,18.821066982841984,0.3226137452141611,0.946530702829492,WON
/Users/tompitts/dphil/CanopyAI/deepforest_custom/phase5_tiles/won_tile_30_rot196.tif,111.0,411.0,164.0,470.0,Tree,18.821066982841984,0.3226137452141611,0.946530702829492,WON
/Users/tompitts/dphil/CanopyAI/deepforest_custom/phase5_tiles/won_tile_30_rot196.tif,144.0,382.0,197.0,433.0,Tree,18.821066982841984,0.3226137452141611,0.946530702829492,WON
/Users/tompitts/dphil/CanopyAI/deepforest_custom/phase5_tiles/won_tile_30_rot196.tif,102.0,309.0,151.0,362.0,Tree,18.821066982841984,0.3226137452141611,0.946530702829492,WON
/Users/tompitts/dphil/CanopyAI/deepforest_custom/phase5_tiles/won_tile_30_rot196.tif,141.0,322.0,184.0,367.0,Tree,18.821066982841984,0.3226137452141611,0.946530702829492,WON
/Users/tompitts/dphil/CanopyAI/deepforest_custom/phase5_tiles/won_tile_30_rot196.tif,362.0,215.0,410.0,272.0,Tree,18.821066982841984,0.3226137452141611,0.946530702829492,WON
/Users/tompitts/dphil/CanopyAI/deepforest_custom/phase5_tiles/won_tile_30_rot196.tif,325.0,206.0,378.0,266.0,Tree,18.821066982841984,0.3226137452141611,0.946530702829492,WON
/Users/tompitts/dphil/CanopyAI/deepforest_custom/phase5_tiles/won_tile_9_rot253.tif,399.0,477.0,440.0,500.0,Tree,321.35413896262753,-0.6245049461726271,0.7810208526063335,WON
/Users/tompitts/dphil/CanopyAI/deepforest_custom/phase5_tiles/won_tile_9_rot253.tif,428.0,312.0,486.0,357.0,Tree,321.35413896262753,-0.6245049461726271,0.7810208526063335,WON
/Users/tompitts/dphil/CanopyAI/deepforest_custom/phase5_tiles/won_tile_9_rot253.tif,472.0,58.0,500.0,104.0,Tree,321.35413896262753,-0.6245049461726271,0.7810208526063335,WON
/Users/tompitts/dphil/CanopyAI/deepforest_custom/phase5_tiles/won_tile_9_rot253.tif,465.0,170.0,500.0,216.0,Tree,321.35413896262753,-0.6245049461726271,0.7810208526063335,WON
/Users/tompitts/dphil/CanopyAI/deepforest_custom/phase5_tiles/won_tile_9_rot253.tif,437.0,238.0,487.0,281.0,Tree,321.35413896262753,-0.6245049461726271,0.7810208526063335,WON
/Users/tompitts/dphil/CanopyAI/deepforest_custom/phase5_tiles/won_tile_9_rot253.tif,411.0,346.0,459.0,384.0,Tree,321.35413896262753,-0.6245049461726271,0.7810208526063335,WON
/Users/tompitts/dphil/CanopyAI/deepforest_custom/phase5_tiles/won_tile_9_rot253.tif,318.0,449.0,364.0,488.0,Tree,321.35413896262753,-0.6245049461726271,0.7810208526063335,WON
/Users/tompitts/dphil/CanopyAI/deepforest_custom/phase5_tiles/won_tile_9_rot253.tif,414.0,39.0,472.0,80.0,Tree,321.35413896262753,-0.6245049461726271,0.7810208526063335,WON
/Users/tompitts/dphil/CanopyAI/deepforest_custom/phase5_tiles/won_tile_9_rot253.tif,374.0,266.0,427.0,309.0,Tree,321.35413896262753,-0.6245049461726271,0.7810208526063335,WON
/Users/tompitts/dphil/CanopyAI/deepforest_custom/phase5_tiles/won_tile_9_rot253.tif,314.0,374.0,382.0,432.0,Tree,321.35413896262753,-0.6245049461726271,0.7810208526063335,WON
/Users/tompitts/dphil/CanopyAI/deepforest_custom/phase5_tiles/won_tile_9_rot253.tif,348.0,355.0,400.0,393.0,Tree,321.35413896262753,-0.6245049461726271,0.7810208526063335,WON
/Users/tompitts/dphil/CanopyAI/deepforest_custom/phase5_tiles/won_tile_9_rot253.tif,353.0,177.0,411.0,221.0,Tree,321.35413896262753,-0.6245049461726271,0.7810208526063335,WON
/Users/tompitts/dphil/CanopyAI/deepforest_custom/phase5_tiles/won_tile_9_rot253.tif,340.0,205.0,404.0,255.0,Tree,321.35413896262753,-0.6245049461726271,0.7810208526063335,WON
/Users/tompitts/dphil/CanopyAI/deepforest_custom/phase5_tiles/won_tile_9_rot253.tif,305.0,148.0,349.0,185.0,Tree,321.35413896262753,-0.6245049461726271,0.7810208526063335,WON
/Users/tompitts/dphil/CanopyAI/deepforest_custom/phase5_tiles/won_tile_9_rot253.tif,299.0,179.0,351.0,226.0,Tree,321.35413896262753,-0.6245049461726271,0.7810208526063335,WON
/Users/tompitts/dphil/CanopyAI/deepforest_custom/phase5_tiles/won_tile_9_rot253.tif,358.0,80.0,412.0,123.0,Tree,321.35413896262753,-0.6245049461726271,0.7810208526063335,WON
/Users/tompitts/dphil/CanopyAI/deepforest_custom/phase5_tiles/won_tile_9_rot253.tif,365.0,53.0,431.0,102.0,Tree,321.35413896262753,-0.6245049461726271,0.7810208526063335,WON
/Users/tompitts/dphil/CanopyAI/deepforest_custom/phase5_tiles/won_tile_9_rot253.tif,391.0,40.0,437.0,74.0,Tree,321.35413896262753,-0.6245049461726271,0.7810208526063335,WON
/Users/tompitts/dphil/CanopyAI/deepforest_custom/phase5_tiles/won_tile_9_rot253.tif,264.0,438.0,316.0,475.0,Tree,321.35413896262753,-0.6245049461726271,0.7810208526063335,WON
/Users/tompitts/dphil/CanopyAI/deepforest_custom/phase5_tiles/won_tile_9_rot253.tif,250.0,459.0,307.0,500.0,Tree,321.35413896262753,-0.6245049461726271,0.7810208526063335,WON
/Users/tompitts/dphil/CanopyAI/deepforest_custom/phase5_tiles/won_tile_9_rot253.tif,177.0,374.0,256.0,433.0,Tree,321.35413896262753,-0.6245049461726271,0.7810208526063335,WON
/Users/tompitts/dphil/CanopyAI/deepforest_custom/phase5_tiles/won_tile_9_rot253.tif,232.0,306.0,303.0,375.0,Tree,321.35413896262753,-0.6245049461726271,0.7810208526063335,WON
/Users/tompitts/dphil/CanopyAI/deepforest_custom/phase5_tiles/won_tile_9_rot253.tif,300.0,34.0,357.0,77.0,Tree,321.35413896262753,-0.6245049461726271,0.7810208526063335,WON
/Users/tompitts/dphil/CanopyAI/deepforest_custom/phase5_tiles/won_tile_9_rot253.tif,97.0,412.0,187.0,480.0,Tree,321.35413896262753,-0.6245049461726271,0.7810208526063335,WON
/Users/tompitts/dphil/CanopyAI/deepforest_custom/phase5_tiles/won_tile_9_rot253.tif,143.0,328.0,213.0,384.0,Tree,321.35413896262753,-0.6245049461726271,0.7810208526063335,WON
/Users/tompitts/dphil/CanopyAI/deepforest_custom/phase5_tiles/won_tile_9_rot253.tif,161.0,303.0,218.0,345.0,Tree,321.35413896262753,-0.6245049461726271,0.7810208526063335,WON
/Users/tompitts/dphil/CanopyAI/deepforest_custom/phase5_tiles/won_tile_9_rot253.tif,221.0,74.0,275.0,120.0,Tree,321.35413896262753,-0.6245049461726271,0.7810208526063335,WON
/Users/tompitts/dphil/CanopyAI/deepforest_custom/phase5_tiles/won_tile_9_rot253.tif,116.0,92.0,168.0,135.0,Tree,321.35413896262753,-0.6245049461726271,0.7810208526063335,WON
/Users/tompitts/dphil/CanopyAI/deepforest_custom/phase5_tiles/won_tile_9_rot253.tif,144.0,0.0,210.0,33.0,Tree,321.35413896262753,-0.6245049461726271,0.7810208526063335,WON
/Users/tompitts/dphil/CanopyAI/deepforest_custom/phase5_tiles/won_tile_9_rot253.tif,153.0,28.0,206.0,71.0,Tree,321.35413896262753,-0.6245049461726271,0.7810208526063335,WON
/Users/tompitts/dphil/CanopyAI/deepforest_custom/phase5_tiles/won_tile_9_rot253.tif,143.0,78.0,208.0,144.0,Tree,321.35413896262753,-0.6245049461726271,0.7810208526063335,WON
/Users/tompitts/dphil/CanopyAI/deepforest_custom/phase5_tiles/won_tile_9_rot253.tif,36.0,308.0,137.0,376.0,Tree,321.35413896262753,-0.6245049461726271,0.7810208526063335,WON
/Users/tompitts/dphil/CanopyAI/deepforest_custom/phase5_tiles/won_tile_9_rot253.tif,4.0,376.0,87.0,456.0,Tree,321.35413896262753,-0.6245049461726271,0.7810208526063335,WON
/Users/tompitts/dphil/CanopyAI/deepforest_custom/phase5_tiles/won_tile_9_rot253.tif,28.0,349.0,104.0,402.0,Tree,321.35413896262753,-0.6245049461726271,0.7810208526063335,WON
/Users/tompitts/dphil/CanopyAI/deepforest_custom/phase5_tiles/won_tile_9_rot253.tif,67.0,154.0,140.0,217.0,Tree,321.35413896262753,-0.6245049461726271,0.7810208526063335,WON
/Users/tompitts/dphil/CanopyAI/deepforest_custom/phase5_tiles/won_tile_9_rot253.tif,110.0,131.0,162.0,180.0,Tree,321.35413896262753,-0.6245049461726271,0.7810208526063335,WON
/Users/tompitts/dphil/CanopyAI/deepforest_custom/phase5_tiles/won_tile_9_rot253.tif,48.0,9.0,123.0,72.0,Tree,321.35413896262753,-0.6245049461726271,0.7810208526063335,WON
/Users/tompitts/dphil/CanopyAI/deepforest_custom/phase5_tiles/won_tile_9_rot253.tif,24.0,98.0,100.0,153.0,Tree,321.35413896262753,-0.6245049461726271,0.7810208526063335,WON
/Users/tompitts/dphil/CanopyAI/deepforest_custom/phase5_tiles/won_tile_9_rot253.tif,45.0,202.0,102.0,244.0,Tree,321.35413896262753,-0.6245049461726271,0.7810208526063335,WON
/Users/tompitts/dphil/CanopyAI/deepforest_custom/phase5_tiles/won_tile_9_rot253.tif,0.0,194.0,83.0,261.0,Tree,321.35413896262753,-0.6245049461726271,0.7810208526063335,WON
/Users/tompitts/dphil/CanopyAI/deepforest_custom/phase5_tiles/won_tile_9_rot253.tif,0.0,248.0,44.0,313.0,Tree,321.35413896262753,-0.6245049461726271,0.7810208526063335,WON
/Users/tompitts/dphil/CanopyAI/deepforest_custom/phase5_tiles/won_tile_9_rot253.tif,0.0,304.0,40.0,353.0,Tree,321.35413896262753,-0.6245049461726271,0.7810208526063335,WON
/Users/tompitts/dphil/CanopyAI/deepforest_custom/phase5_tiles/won_tile_9_rot253.tif,339.0,271.0,385.0,313.0,Tree,321.35413896262753,-0.6245049461726271,0.7810208526063335,WON
/Users/tompitts/dphil/CanopyAI/deepforest_custom/phase5_tiles/won_tile_9_rot253.tif,173.0,143.0,215.0,181.0,Tree,321.35413896262753,-0.6245049461726271,0.7810208526063335,WON
/Users/tompitts/dphil/CanopyAI/deepforest_custom/phase5_tiles/won_tile_9_rot253.tif,255.0,52.0,299.0,92.0,Tree,321.35413896262753,-0.6245049461726271,0.7810208526063335,WON
/Users/tompitts/dphil/CanopyAI/deepforest_custom/phase5_tiles/won_tile_9_rot253.tif,398.0,126.0,446.0,167.0,Tree,321.35413896262753,-0.6245049461726271,0.7810208526063335,WON
/Users/tompitts/dphil/CanopyAI/deepforest_custom/phase5_tiles/won_tile_9_rot253.tif,276.0,0.0,314.0,19.0,Tree,321.35413896262753,-0.6245049461726271,0.7810208526063335,WON
/Users/tompitts/dphil/CanopyAI/deepforest_custom/phase5_tiles/won_tile_13_rot9.tif,120.0,306.0,256.0,425.0,Tree,205.9961281198399,-0.4383104079316473,-0.8988236680788914,WON
/Users/tompitts/dphil/CanopyAI/deepforest_custom/phase5_tiles/won_tile_13_rot9.tif,278.0,26.0,331.0,83.0,Tree,205.9961281198399,-0.4383104079316473,-0.8988236680788914,WON
/Users/tompitts/dphil/CanopyAI/deepforest_custom/phase5_tiles/won_tile_13_rot9.tif,64.0,25.0,120.0,79.0,Tree,205.9961281198399,-0.4383104079316473,-0.8988236680788914,WON
/Users/tompitts/dphil/CanopyAI/deepforest_custom/phase5_tiles/won_tile_13_rot9.tif,133.0,57.0,172.0,106.0,Tree,205.9961281198399,-0.4383104079316473,-0.8988236680788914,WON
/Users/tompitts/dphil/CanopyAI/deepforest_custom/phase5_tiles/won_tile_13_rot9.tif,201.0,2.0,240.0,47.0,Tree,205.9961281198399,-0.4383104079316473,-0.8988236680788914,WON
/Users/tompitts/dphil/CanopyAI/deepforest_custom/phase5_tiles/won_tile_13_rot9.tif,300.0,0.0,342.0,42.0,Tree,205.9961281198399,-0.4383104079316473,-0.8988236680788914,WON
/Users/tompitts/dphil/CanopyAI/deepforest_custom/phase5_tiles/won_tile_13_rot9.tif,335.0,0.0,383.0,49.0,Tree,205.9961281198399,-0.4383104079316473,-0.8988236680788914,WON
/Users/tompitts/dphil/CanopyAI/deepforest_custom/phase5_tiles/won_tile_13_rot9.tif,173.0,80.0,202.0,124.0,Tree,205.9961281198399,-0.4383104079316473,-0.8988236680788914,WON
/Users/tompitts/dphil/CanopyAI/deepforest_custom/phase5_tiles/won_tile_13_rot9.tif,226.0,76.0,277.0,133.0,Tree,205.9961281198399,-0.4383104079316473,-0.8988236680788914,WON
/Users/tompitts/dphil/CanopyAI/deepforest_custom/phase5_tiles/won_tile_13_rot9.tif,0.0,155.0,41.0,229.0,Tree,205.9961281198399,-0.4383104079316473,-0.8988236680788914,WON
/Users/tompitts/dphil/CanopyAI/deepforest_custom/phase5_tiles/won_tile_13_rot9.tif,48.0,150.0,99.0,206.0,Tree,205.9961281198399,-0.4383104079316473,-0.8988236680788914,WON
/Users/tompitts/dphil/CanopyAI/deepforest_custom/phase5_tiles/won_tile_13_rot9.tif,116.0,154.0,157.0,208.0,Tree,205.9961281198399,-0.4383104079316473,-0.8988236680788914,WON
/Users/tompitts/dphil/CanopyAI/deepforest_custom/phase5_tiles/won_tile_13_rot9.tif,434.0,53.0,475.0,105.0,Tree,205.9961281198399,-0.4383104079316473,-0.8988236680788914,WON
/Users/tompitts/dphil/CanopyAI/deepforest_custom/phase5_tiles/won_tile_13_rot9.tif,353.0,96.0,411.0,163.0,Tree,205.9961281198399,-0.4383104079316473,-0.8988236680788914,WON
/Users/tompitts/dphil/CanopyAI/deepforest_custom/phase5_tiles/won_tile_13_rot9.tif,290.0,155.0,353.0,234.0,Tree,205.9961281198399,-0.4383104079316473,-0.8988236680788914,WON
/Users/tompitts/dphil/CanopyAI/deepforest_custom/phase5_tiles/won_tile_13_rot9.tif,458.0,196.0,500.0,255.0,Tree,205.9961281198399,-0.4383104079316473,-0.8988236680788914,WON
/Users/tompitts/dphil/CanopyAI/deepforest_custom/phase5_tiles/won_tile_13_rot9.tif,402.0,251.0,455.0,312.0,Tree,205.9961281198399,-0.4383104079316473,-0.8988236680788914,WON
/Users/tompitts/dphil/CanopyAI/deepforest_custom/phase5_tiles/won_tile_13_rot9.tif,457.0,280.0,500.0,348.0,Tree,205.9961281198399,-0.4383104079316473,-0.8988236680788914,WON
/Users/tompitts/dphil/CanopyAI/deepforest_custom/phase5_tiles/won_tile_13_rot9.tif,321.0,236.0,360.0,276.0,Tree,205.9961281198399,-0.4383104079316473,-0.8988236680788914,WON
/Users/tompitts/dphil/CanopyAI/deepforest_custom/phase5_tiles/won_tile_13_rot9.tif,338.0,251.0,411.0,351.0,Tree,205.9961281198399,-0.4383104079316473,-0.8988236680788914,WON
/Users/tompitts/dphil/CanopyAI/deepforest_custom/phase5_tiles/won_tile_13_rot9.tif,456.0,362.0,500.0,428.0,Tree,205.9961281198399,-0.4383104079316473,-0.8988236680788914,WON
/Users/tompitts/dphil/CanopyAI/deepforest_custom/phase5_tiles/won_tile_13_rot9.tif,416.0,398.0,469.0,453.0,Tree,205.9961281198399,-0.4383104079316473,-0.8988236680788914,WON
/Users/tompitts/dphil/CanopyAI/deepforest_custom/phase5_tiles/won_tile_13_rot9.tif,353.0,438.0,396.0,484.0,Tree,205.9961281198399,-0.4383104079316473,-0.8988236680788914,WON
/Users/tompitts/dphil/CanopyAI/deepforest_custom/phase5_tiles/won_tile_13_rot9.tif,328.0,380.0,371.0,437.0,Tree,205.9961281198399,-0.4383104079316473,-0.8988236680788914,WON
/Users/tompitts/dphil/CanopyAI/deepforest_custom/phase5_tiles/won_tile_13_rot9.tif,102.0,402.0,142.0,452.0,Tree,205.9961281198399,-0.4383104079316473,-0.8988236680788914,WON
/Users/tompitts/dphil/CanopyAI/deepforest_custom/phase5_tiles/won_tile_13_rot9.tif,154.0,443.0,196.0,495.0,Tree,205.9961281198399,-0.4383104079316473,-0.8988236680788914,WON
/Users/tompitts/dphil/CanopyAI/deepforest_custom/phase5_tiles/won_tile_13_rot9.tif,228.0,232.0,274.0,283.0,Tree,205.9961281198399,-0.4383104079316473,-0.8988236680788914,WON
/Users/tompitts/dphil/CanopyAI/deepforest_custom/phase5_tiles/won_tile_13_rot9.tif,153.0,215.0,193.0,272.0,Tree,205.9961281198399,-0.4383104079316473,-0.8988236680788914,WON
/Users/tompitts/dphil/CanopyAI/deepforest_custom/phase5_tiles/won_tile_13_rot9.tif,207.0,154.0,249.0,204.0,Tree,205.9961281198399,-0.4383104079316473,-0.8988236680788914,WON
/Users/tompitts/dphil/CanopyAI/deepforest_custom/phase5_tiles/won_tile_13_rot9.tif,275.0,73.0,323.0,130.0,Tree,205.9961281198399,-0.4383104079316473,-0.8988236680788914,WON
/Users/tompitts/dphil/CanopyAI/deepforest_custom/phase5_tiles/won_tile_13_rot9.tif,13.0,247.0,48.0,294.0,Tree,205.9961281198399,-0.4383104079316473,-0.8988236680788914,WON
/Users/tompitts/dphil/CanopyAI/deepforest_custom/phase5_tiles/won_tile_13_rot9.tif,10.0,298.0,47.0,343.0,Tree,205.9961281198399,-0.4383104079316473,-0.8988236680788914,WON
/Users/tompitts/dphil/CanopyAI/deepforest_custom/phase5_tiles/won_tile_13_rot9.tif,41.0,247.0,84.0,322.0,Tree,205.9961281198399,-0.4383104079316473,-0.8988236680788914,WON
/Users/tompitts/dphil/CanopyAI/deepforest_custom/phase5_tiles/won_tile_13_rot9.tif,86.0,211.0,155.0,306.0,Tree,205.9961281198399,-0.4383104079316473,-0.8988236680788914,WON
/Users/tompitts/dphil/CanopyAI/deepforest_custom/phase5_tiles/won_tile_13_rot9.tif,56.0,288.0,103.0,343.0,Tree,205.9961281198399,-0.4383104079316473,-0.8988236680788914,WON
/Users/tompitts/dphil/CanopyAI/deepforest_custom/phase5_tiles/won_tile_13_rot9.tif,260.0,149.0,299.0,194.0,Tree,205.9961281198399,-0.4383104079316473,-0.8988236680788914,WON
/Users/tompitts/dphil/CanopyAI/deepforest_custom/phase5_tiles/won_tile_26_rot181.tif,326.0,396.0,372.0,464.0,Tree,33.072096282789545,0.5456939174193443,0.8379845753303159,WON
/Users/tompitts/dphil/CanopyAI/deepforest_custom/phase5_tiles/won_tile_26_rot181.tif,279.0,334.0,315.0,377.0,Tree,33.072096282789545,0.5456939174193443,0.8379845753303159,WON
/Users/tompitts/dphil/CanopyAI/deepforest_custom/phase5_tiles/won_tile_26_rot181.tif,309.0,299.0,353.0,341.0,Tree,33.072096282789545,0.5456939174193443,0.8379845753303159,WON
/Users/tompitts/dphil/CanopyAI/deepforest_custom/phase5_tiles/won_tile_26_rot181.tif,332.0,215.0,377.0,253.0,Tree,33.072096282789545,0.5456939174193443,0.8379845753303159,WON
/Users/tompitts/dphil/CanopyAI/deepforest_custom/phase5_tiles/won_tile_26_rot181.tif,87.0,442.0,134.0,495.0,Tree,33.072096282789545,0.5456939174193443,0.8379845753303159,WON
/Users/tompitts/dphil/CanopyAI/deepforest_custom/phase5_tiles/won_tile_26_rot181.tif,139.0,406.0,180.0,458.0,Tree,33.072096282789545,0.5456939174193443,0.8379845753303159,WON
/Users/tompitts/dphil/CanopyAI/deepforest_custom/phase5_tiles/won_tile_26_rot181.tif,246.0,476.0,287.0,500.0,Tree,33.072096282789545,0.5456939174193443,0.8379845753303159,WON
/Users/tompitts/dphil/CanopyAI/deepforest_custom/phase5_tiles/won_tile_26_rot181.tif,223.0,384.0,275.0,442.0,Tree,33.072096282789545,0.5456939174193443,0.8379845753303159,WON
/Users/tompitts/dphil/CanopyAI/deepforest_custom/phase5_tiles/won_tile_26_rot181.tif,230.0,343.0,265.0,376.0,Tree,33.072096282789545,0.5456939174193443,0.8379845753303159,WON
/Users/tompitts/dphil/CanopyAI/deepforest_custom/phase5_tiles/won_tile_26_rot181.tif,188.0,369.0,217.0,405.0,Tree,33.072096282789545,0.5456939174193443,0.8379845753303159,WON
/Users/tompitts/dphil/CanopyAI/deepforest_custom/phase5_tiles/won_tile_26_rot181.tif,144.0,282.0,200.0,325.0,Tree,33.072096282789545,0.5456939174193443,0.8379845753303159,WON
/Users/tompitts/dphil/CanopyAI/deepforest_custom/phase5_tiles/won_tile_26_rot181.tif,123.0,245.0,168.0,291.0,Tree,33.072096282789545,0.5456939174193443,0.8379845753303159,WON
/Users/tompitts/dphil/CanopyAI/deepforest_custom/phase5_tiles/won_tile_26_rot181.tif,179.0,154.0,244.0,207.0,Tree,33.072096282789545,0.5456939174193443,0.8379845753303159,WON
/Users/tompitts/dphil/CanopyAI/deepforest_custom/phase5_tiles/won_tile_26_rot181.tif,282.0,0.0,370.0,78.0,Tree,33.072096282789545,0.5456939174193443,0.8379845753303159,WON
/Users/tompitts/dphil/CanopyAI/deepforest_custom/phase5_tiles/won_tile_26_rot181.tif,114.0,3.0,175.0,39.0,Tree,33.072096282789545,0.5456939174193443,0.8379845753303159,WON
/Users/tompitts/dphil/CanopyAI/deepforest_custom/phase5_tiles/won_tile_26_rot181.tif,107.0,46.0,151.0,95.0,Tree,33.072096282789545,0.5456939174193443,0.8379845753303159,WON
/Users/tompitts/dphil/CanopyAI/deepforest_custom/phase5_tiles/won_tile_26_rot181.tif,166.0,112.0,216.0,147.0,Tree,33.072096282789545,0.5456939174193443,0.8379845753303159,WON
/Users/tompitts/dphil/CanopyAI/deepforest_custom/phase5_tiles/won_tile_26_rot181.tif,177.0,77.0,243.0,117.0,Tree,33.072096282789545,0.5456939174193443,0.8379845753303159,WON
/Users/tompitts/dphil/CanopyAI/deepforest_custom/phase5_tiles/won_tile_26_rot181.tif,214.0,15.0,253.0,60.0,Tree,33.072096282789545,0.5456939174193443,0.8379845753303159,WON
/Users/tompitts/dphil/CanopyAI/deepforest_custom/phase5_tiles/won_tile_26_rot181.tif,168.0,20.0,207.0,66.0,Tree,33.072096282789545,0.5456939174193443,0.8379845753303159,WON
/Users/tompitts/dphil/CanopyAI/deepforest_custom/phase5_tiles/won_tile_26_rot181.tif,258.0,234.0,301.0,285.0,Tree,33.072096282789545,0.5456939174193443,0.8379845753303159,WON
/Users/tompitts/dphil/CanopyAI/deepforest_custom/phase5_tiles/won_tile_26_rot181.tif,290.0,175.0,316.0,203.0,Tree,33.072096282789545,0.5456939174193443,0.8379845753303159,WON
/Users/tompitts/dphil/CanopyAI/deepforest_custom/phase5_tiles/won_tile_26_rot181.tif,315.0,79.0,354.0,122.0,Tree,33.072096282789545,0.5456939174193443,0.8379845753303159,WON
/Users/tompitts/dphil/CanopyAI/deepforest_custom/phase5_tiles/won_tile_26_rot181.tif,260.0,76.0,306.0,118.0,Tree,33.072096282789545,0.5456939174193443,0.8379845753303159,WON
/Users/tompitts/dphil/CanopyAI/deepforest_custom/phase5_tiles/won_tile_26_rot181.tif,175.0,316.0,221.0,360.0,Tree,33.072096282789545,0.5456939174193443,0.8379845753303159,WON
/Users/tompitts/dphil/CanopyAI/deepforest_custom/phase5_tiles/won_tile_26_rot181.tif,66.0,402.0,107.0,456.0,Tree,33.072096282789545,0.5456939174193443,0.8379845753303159,WON
/Users/tompitts/dphil/CanopyAI/deepforest_custom/phase5_tiles/won_tile_26_rot181.tif,61.0,313.0,132.0,395.0,Tree,33.072096282789545,0.5456939174193443,0.8379845753303159,WON
/Users/tompitts/dphil/CanopyAI/deepforest_custom/phase5_tiles/won_tile_26_rot181.tif,1.0,270.0,37.0,327.0,Tree,33.072096282789545,0.5456939174193443,0.8379845753303159,WON
/Users/tompitts/dphil/CanopyAI/deepforest_custom/phase5_tiles/won_tile_26_rot181.tif,44.0,256.0,97.0,322.0,Tree,33.072096282789545,0.5456939174193443,0.8379845753303159,WON
/Users/tompitts/dphil/CanopyAI/deepforest_custom/phase5_tiles/won_tile_26_rot181.tif,22.0,183.0,60.0,237.0,Tree,33.072096282789545,0.5456939174193443,0.8379845753303159,WON
/Users/tompitts/dphil/CanopyAI/deepforest_custom/phase5_tiles/won_tile_26_rot181.tif,22.0,149.0,51.0,201.0,Tree,33.072096282789545,0.5456939174193443,0.8379845753303159,WON
/Users/tompitts/dphil/CanopyAI/deepforest_custom/phase5_tiles/won_tile_26_rot181.tif,0.0,102.0,45.0,191.0,Tree,33.072096282789545,0.5456939174193443,0.8379845753303159,WON
/Users/tompitts/dphil/CanopyAI/deepforest_custom/phase5_tiles/won_tile_26_rot181.tif,97.0,209.0,138.0,245.0,Tree,33.072096282789545,0.5456939174193443,0.8379845753303159,WON
/Users/tompitts/dphil/CanopyAI/deepforest_custom/phase5_tiles/won_tile_26_rot181.tif,93.0,164.0,126.0,203.0,Tree,33.072096282789545,0.5456939174193443,0.8379845753303159,WON
/Users/tompitts/dphil/CanopyAI/deepforest_custom/phase5_tiles/won_tile_26_rot181.tif,84.0,103.0,119.0,143.0,Tree,33.072096282789545,0.5456939174193443,0.8379845753303159,WON
/Users/tompitts/dphil/CanopyAI/deepforest_custom/phase5_tiles/won_tile_26_rot181.tif,54.0,142.0,85.0,175.0,Tree,33.072096282789545,0.5456939174193443,0.8379845753303159,WON
/Users/tompitts/dphil/CanopyAI/deepforest_custom/phase5_tiles/won_tile_26_rot181.tif,116.0,100.0,164.0,149.0,Tree,33.072096282789545,0.5456939174193443,0.8379845753303159,WON
/Users/tompitts/dphil/CanopyAI/deepforest_custom/phase5_tiles/won_tile_26_rot181.tif,35.0,6.0,99.0,81.0,Tree,33.072096282789545,0.5456939174193443,0.8379845753303159,WON
/Users/tompitts/dphil/CanopyAI/deepforest_custom/phase5_tiles/won_tile_54_rot298.tif,278.0,0.0,348.0,28.0,Tree,276.41432086892183,-0.9937400268701968,0.1117173173506262,WON
/Users/tompitts/dphil/CanopyAI/deepforest_custom/phase5_tiles/won_tile_54_rot298.tif,339.0,16.0,421.0,102.0,Tree,276.41432086892183,-0.9937400268701968,0.1117173173506262,WON
/Users/tompitts/dphil/CanopyAI/deepforest_custom/phase5_tiles/won_tile_54_rot298.tif,386.0,72.0,466.0,156.0,Tree,276.41432086892183,-0.9937400268701968,0.1117173173506262,WON
/Users/tompitts/dphil/CanopyAI/deepforest_custom/phase5_tiles/won_tile_54_rot298.tif,441.0,121.0,482.0,166.0,Tree,276.41432086892183,-0.9937400268701968,0.1117173173506262,WON
/Users/tompitts/dphil/CanopyAI/deepforest_custom/phase5_tiles/won_tile_54_rot298.tif,456.0,215.0,500.0,269.0,Tree,276.41432086892183,-0.9937400268701968,0.1117173173506262,WON
/Users/tompitts/dphil/CanopyAI/deepforest_custom/phase5_tiles/won_tile_54_rot298.tif,477.0,252.0,500.0,301.0,Tree,276.41432086892183,-0.9937400268701968,0.1117173173506262,WON
/Users/tompitts/dphil/CanopyAI/deepforest_custom/phase5_tiles/won_tile_54_rot298.tif,319.0,120.0,383.0,181.0,Tree,276.41432086892183,-0.9937400268701968,0.1117173173506262,WON
/Users/tompitts/dphil/CanopyAI/deepforest_custom/phase5_tiles/won_tile_54_rot298.tif,192.0,126.0,266.0,199.0,Tree,276.41432086892183,-0.9937400268701968,0.1117173173506262,WON
/Users/tompitts/dphil/CanopyAI/deepforest_custom/phase5_tiles/won_tile_54_rot298.tif,416.0,324.0,459.0,364.0,Tree,276.41432086892183,-0.9937400268701968,0.1117173173506262,WON
/Users/tompitts/dphil/CanopyAI/deepforest_custom/phase5_tiles/won_tile_54_rot298.tif,362.0,342.0,420.0,398.0,Tree,276.41432086892183,-0.9937400268701968,0.1117173173506262,WON
/Users/tompitts/dphil/CanopyAI/deepforest_custom/phase5_tiles/won_tile_54_rot298.tif,309.0,289.0,377.0,355.0,Tree,276.41432086892183,-0.9937400268701968,0.1117173173506262,WON
/Users/tompitts/dphil/CanopyAI/deepforest_custom/phase5_tiles/won_tile_54_rot298.tif,280.0,168.0,363.0,245.0,Tree,276.41432086892183,-0.9937400268701968,0.1117173173506262,WON
/Users/tompitts/dphil/CanopyAI/deepforest_custom/phase5_tiles/won_tile_54_rot298.tif,105.0,176.0,175.0,244.0,Tree,276.41432086892183,-0.9937400268701968,0.1117173173506262,WON
/Users/tompitts/dphil/CanopyAI/deepforest_custom/phase5_tiles/won_tile_54_rot298.tif,116.0,217.0,189.0,290.0,Tree,276.41432086892183,-0.9937400268701968,0.1117173173506262,WON
/Users/tompitts/dphil/CanopyAI/deepforest_custom/phase5_tiles/won_tile_54_rot298.tif,23.0,111.0,98.0,184.0,Tree,276.41432086892183,-0.9937400268701968,0.1117173173506262,WON
/Users/tompitts/dphil/CanopyAI/deepforest_custom/phase5_tiles/won_tile_54_rot298.tif,0.0,87.0,48.0,146.0,Tree,276.41432086892183,-0.9937400268701968,0.1117173173506262,WON
/Users/tompitts/dphil/CanopyAI/deepforest_custom/phase5_tiles/won_tile_54_rot298.tif,0.0,128.0,51.0,226.0,Tree,276.41432086892183,-0.9937400268701968,0.1117173173506262,WON
/Users/tompitts/dphil/CanopyAI/deepforest_custom/phase5_tiles/won_tile_54_rot298.tif,33.0,179.0,83.0,229.0,Tree,276.41432086892183,-0.9937400268701968,0.1117173173506262,WON
/Users/tompitts/dphil/CanopyAI/deepforest_custom/phase5_tiles/won_tile_54_rot298.tif,47.0,262.0,124.0,341.0,Tree,276.41432086892183,-0.9937400268701968,0.1117173173506262,WON
/Users/tompitts/dphil/CanopyAI/deepforest_custom/phase5_tiles/won_tile_54_rot298.tif,191.0,371.0,252.0,428.0,Tree,276.41432086892183,-0.9937400268701968,0.1117173173506262,WON
/Users/tompitts/dphil/CanopyAI/deepforest_custom/phase5_tiles/won_tile_54_rot298.tif,175.0,465.0,238.0,500.0,Tree,276.41432086892183,-0.9937400268701968,0.1117173173506262,WON
/Users/tompitts/dphil/CanopyAI/deepforest_custom/phase5_tiles/won_tile_54_rot298.tif,176.0,418.0,233.0,477.0,Tree,276.41432086892183,-0.9937400268701968,0.1117173173506262,WON
/Users/tompitts/dphil/CanopyAI/deepforest_custom/phase5_tiles/won_tile_54_rot298.tif,67.0,410.0,139.0,483.0,Tree,276.41432086892183,-0.9937400268701968,0.1117173173506262,WON
/Users/tompitts/dphil/CanopyAI/deepforest_custom/phase5_tiles/won_tile_54_rot298.tif,155.0,277.0,216.0,337.0,Tree,276.41432086892183,-0.9937400268701968,0.1117173173506262,WON
/Users/tompitts/dphil/CanopyAI/deepforest_custom/phase5_tiles/won_tile_54_rot298.tif,166.0,181.0,223.0,240.0,Tree,276.41432086892183,-0.9937400268701968,0.1117173173506262,WON
/Users/tompitts/dphil/CanopyAI/deepforest_custom/phase5_tiles/won_tile_54_rot298.tif,298.0,377.0,344.0,419.0,Tree,276.41432086892183,-0.9937400268701968,0.1117173173506262,WON
/Users/tompitts/dphil/CanopyAI/deepforest_custom/phase5_tiles/won_tile_54_rot298.tif,267.0,349.0,310.0,389.0,Tree,276.41432086892183,-0.9937400268701968,0.1117173173506262,WON
/Users/tompitts/dphil/CanopyAI/deepforest_custom/phase5_tiles/won_tile_54_rot298.tif,253.0,446.0,314.0,500.0,Tree,276.41432086892183,-0.9937400268701968,0.1117173173506262,WON
/Users/tompitts/dphil/CanopyAI/deepforest_custom/phase5_tiles/won_tile_54_rot298.tif,297.0,420.0,365.0,491.0,Tree,276.41432086892183,-0.9937400268701968,0.1117173173506262,WON
/Users/tompitts/dphil/CanopyAI/deepforest_custom/phase5_tiles/won_tile_54_rot298.tif,261.0,285.0,332.0,358.0,Tree,276.41432086892183,-0.9937400268701968,0.1117173173506262,WON
/Users/tompitts/dphil/CanopyAI/deepforest_custom/phase5_tiles/won_tile_54_rot298.tif,121.0,364.0,179.0,417.0,Tree,276.41432086892183,-0.9937400268701968,0.1117173173506262,WON
/Users/tompitts/dphil/CanopyAI/deepforest_custom/phase5_tiles/won_tile_54_rot298.tif,78.0,333.0,147.0,399.0,Tree,276.41432086892183,-0.9937400268701968,0.1117173173506262,WON
/Users/tompitts/dphil/CanopyAI/deepforest_custom/phase5_tiles/won_tile_4_rot193.tif,260.0,255.0,327.0,323.0,Tree,21.957887076307745,0.3739250036478161,0.9274589433753824,WON
/Users/tompitts/dphil/CanopyAI/deepforest_custom/phase5_tiles/won_tile_4_rot193.tif,172.0,453.0,243.0,500.0,Tree,21.957887076307745,0.3739250036478161,0.9274589433753824,WON
/Users/tompitts/dphil/CanopyAI/deepforest_custom/phase5_tiles/won_tile_4_rot193.tif,179.0,417.0,223.0,462.0,Tree,21.957887076307745,0.3739250036478161,0.9274589433753824,WON
/Users/tompitts/dphil/CanopyAI/deepforest_custom/phase5_tiles/won_tile_4_rot193.tif,143.0,371.0,198.0,425.0,Tree,21.957887076307745,0.3739250036478161,0.9274589433753824,WON
/Users/tompitts/dphil/CanopyAI/deepforest_custom/phase5_tiles/won_tile_4_rot193.tif,96.0,233.0,137.0,279.0,Tree,21.957887076307745,0.3739250036478161,0.9274589433753824,WON
/Users/tompitts/dphil/CanopyAI/deepforest_custom/phase5_tiles/won_tile_4_rot193.tif,268.0,118.0,328.0,173.0,Tree,21.957887076307745,0.3739250036478161,0.9274589433753824,WON
/Users/tompitts/dphil/CanopyAI/deepforest_custom/phase5_tiles/won_tile_4_rot193.tif,345.0,73.0,397.0,125.0,Tree,21.957887076307745,0.3739250036478161,0.9274589433753824,WON
/Users/tompitts/dphil/CanopyAI/deepforest_custom/phase5_tiles/won_tile_4_rot193.tif,430.0,407.0,475.0,452.0,Tree,21.957887076307745,0.3739250036478161,0.9274589433753824,WON
/Users/tompitts/dphil/CanopyAI/deepforest_custom/phase5_tiles/won_tile_4_rot193.tif,294.0,362.0,370.0,464.0,Tree,21.957887076307745,0.3739250036478161,0.9274589433753824,WON
/Users/tompitts/dphil/CanopyAI/deepforest_custom/phase5_tiles/won_tile_4_rot193.tif,421.0,313.0,472.0,360.0,Tree,21.957887076307745,0.3739250036478161,0.9274589433753824,WON
/Users/tompitts/dphil/CanopyAI/deepforest_custom/phase5_tiles/won_tile_4_rot193.tif,482.0,357.0,500.0,398.0,Tree,21.957887076307745,0.3739250036478161,0.9274589433753824,WON
/Users/tompitts/dphil/CanopyAI/deepforest_custom/phase5_tiles/won_tile_4_rot193.tif,110.0,25.0,148.0,73.0,Tree,21.957887076307745,0.3739250036478161,0.9274589433753824,WON
/Users/tompitts/dphil/CanopyAI/deepforest_custom/phase5_tiles/won_tile_4_rot193.tif,149.0,6.0,204.0,49.0,Tree,21.957887076307745,0.3739250036478161,0.9274589433753824,WON
/Users/tompitts/dphil/CanopyAI/deepforest_custom/phase5_tiles/won_tile_4_rot193.tif,312.0,0.0,358.0,10.0,Tree,21.957887076307745,0.3739250036478161,0.9274589433753824,WON
/Users/tompitts/dphil/CanopyAI/deepforest_custom/phase5_tiles/won_tile_4_rot193.tif,420.0,0.0,461.0,59.0,Tree,21.957887076307745,0.3739250036478161,0.9274589433753824,WON
/Users/tompitts/dphil/CanopyAI/deepforest_custom/phase5_tiles/won_tile_4_rot193.tif,422.0,70.0,468.0,122.0,Tree,21.957887076307745,0.3739250036478161,0.9274589433753824,WON
/Users/tompitts/dphil/CanopyAI/deepforest_custom/phase5_tiles/won_tile_4_rot193.tif,371.0,162.0,422.0,215.0,Tree,21.957887076307745,0.3739250036478161,0.9274589433753824,WON
/Users/tompitts/dphil/CanopyAI/deepforest_custom/phase5_tiles/won_tile_4_rot193.tif,467.0,210.0,500.0,252.0,Tree,21.957887076307745,0.3739250036478161,0.9274589433753824,WON
/Users/tompitts/dphil/CanopyAI/deepforest_custom/phase5_tiles/won_tile_4_rot193.tif,447.0,253.0,487.0,296.0,Tree,21.957887076307745,0.3739250036478161,0.9274589433753824,WON
/Users/tompitts/dphil/CanopyAI/deepforest_custom/phase5_tiles/won_tile_4_rot193.tif,283.0,305.0,336.0,355.0,Tree,21.957887076307745,0.3739250036478161,0.9274589433753824,WON
/Users/tompitts/dphil/CanopyAI/deepforest_custom/phase5_tiles/won_tile_4_rot193.tif,382.0,225.0,426.0,281.0,Tree,21.957887076307745,0.3739250036478161,0.9274589433753824,WON
/Users/tompitts/dphil/CanopyAI/deepforest_custom/phase5_tiles/won_tile_4_rot193.tif,184.0,225.0,214.0,260.0,Tree,21.957887076307745,0.3739250036478161,0.9274589433753824,WON
/Users/tompitts/dphil/CanopyAI/deepforest_custom/phase5_tiles/won_tile_4_rot193.tif,220.0,193.0,254.0,225.0,Tree,21.957887076307745,0.3739250036478161,0.9274589433753824,WON
/Users/tompitts/dphil/CanopyAI/deepforest_custom/phase5_tiles/won_tile_4_rot193.tif,191.0,188.0,224.0,215.0,Tree,21.957887076307745,0.3739250036478161,0.9274589433753824,WON
/Users/tompitts/dphil/CanopyAI/deepforest_custom/phase5_tiles/won_tile_4_rot193.tif,186.0,160.0,215.0,196.0,Tree,21.957887076307745,0.3739250036478161,0.9274589433753824,WON
/Users/tompitts/dphil/CanopyAI/deepforest_custom/phase5_tiles/won_tile_4_rot193.tif,216.0,251.0,247.0,283.0,Tree,21.957887076307745,0.3739250036478161,0.9274589433753824,WON
/Users/tompitts/dphil/CanopyAI/deepforest_custom/phase5_tiles/won_tile_4_rot193.tif,201.0,39.0,243.0,80.0,Tree,21.957887076307745,0.3739250036478161,0.9274589433753824,WON
/Users/tompitts/dphil/CanopyAI/deepforest_custom/phase5_tiles/won_tile_34_rot291.tif,397.0,0.0,428.0,29.0,Tree,283.60503559598243,-0.9719403307182608,0.2352275356400226,WON
/Users/tompitts/dphil/CanopyAI/deepforest_custom/phase5_tiles/won_tile_34_rot291.tif,368.0,12.0,446.0,88.0,Tree,283.60503559598243,-0.9719403307182608,0.2352275356400226,WON
/Users/tompitts/dphil/CanopyAI/deepforest_custom/phase5_tiles/won_tile_34_rot291.tif,341.0,64.0,410.0,129.0,Tree,283.60503559598243,-0.9719403307182608,0.2352275356400226,WON
/Users/tompitts/dphil/CanopyAI/deepforest_custom/phase5_tiles/won_tile_34_rot291.tif,414.0,91.0,469.0,141.0,Tree,283.60503559598243,-0.9719403307182608,0.2352275356400226,WON
/Users/tompitts/dphil/CanopyAI/deepforest_custom/phase5_tiles/won_tile_34_rot291.tif,415.0,115.0,491.0,199.0,Tree,283.60503559598243,-0.9719403307182608,0.2352275356400226,WON
/Users/tompitts/dphil/CanopyAI/deepforest_custom/phase5_tiles/won_tile_34_rot291.tif,370.0,135.0,448.0,206.0,Tree,283.60503559598243,-0.9719403307182608,0.2352275356400226,WON
/Users/tompitts/dphil/CanopyAI/deepforest_custom/phase5_tiles/won_tile_34_rot291.tif,419.0,185.0,497.0,257.0,Tree,283.60503559598243,-0.9719403307182608,0.2352275356400226,WON
/Users/tompitts/dphil/CanopyAI/deepforest_custom/phase5_tiles/won_tile_34_rot291.tif,483.0,245.0,500.0,287.0,Tree,283.60503559598243,-0.9719403307182608,0.2352275356400226,WON
/Users/tompitts/dphil/CanopyAI/deepforest_custom/phase5_tiles/won_tile_34_rot291.tif,462.0,343.0,500.0,425.0,Tree,283.60503559598243,-0.9719403307182608,0.2352275356400226,WON
/Users/tompitts/dphil/CanopyAI/deepforest_custom/phase5_tiles/won_tile_34_rot291.tif,246.0,0.0,315.0,21.0,Tree,283.60503559598243,-0.9719403307182608,0.2352275356400226,WON
/Users/tompitts/dphil/CanopyAI/deepforest_custom/phase5_tiles/won_tile_34_rot291.tif,219.0,13.0,297.0,79.0,Tree,283.60503559598243,-0.9719403307182608,0.2352275356400226,WON
/Users/tompitts/dphil/CanopyAI/deepforest_custom/phase5_tiles/won_tile_34_rot291.tif,283.0,5.0,355.0,84.0,Tree,283.60503559598243,-0.9719403307182608,0.2352275356400226,WON
/Users/tompitts/dphil/CanopyAI/deepforest_custom/phase5_tiles/won_tile_34_rot291.tif,251.0,224.0,352.0,313.0,Tree,283.60503559598243,-0.9719403307182608,0.2352275356400226,WON
/Users/tompitts/dphil/CanopyAI/deepforest_custom/phase5_tiles/won_tile_34_rot291.tif,379.0,268.0,437.0,312.0,Tree,283.60503559598243,-0.9719403307182608,0.2352275356400226,WON
/Users/tompitts/dphil/CanopyAI/deepforest_custom/phase5_tiles/won_tile_34_rot291.tif,392.0,301.0,462.0,362.0,Tree,283.60503559598243,-0.9719403307182608,0.2352275356400226,WON
/Users/tompitts/dphil/CanopyAI/deepforest_custom/phase5_tiles/won_tile_34_rot291.tif,276.0,148.0,336.0,200.0,Tree,283.60503559598243,-0.9719403307182608,0.2352275356400226,WON
/Users/tompitts/dphil/CanopyAI/deepforest_custom/phase5_tiles/won_tile_34_rot291.tif,290.0,73.0,348.0,125.0,Tree,283.60503559598243,-0.9719403307182608,0.2352275356400226,WON
/Users/tompitts/dphil/CanopyAI/deepforest_custom/phase5_tiles/won_tile_34_rot291.tif,203.0,147.0,279.0,218.0,Tree,283.60503559598243,-0.9719403307182608,0.2352275356400226,WON
/Users/tompitts/dphil/CanopyAI/deepforest_custom/phase5_tiles/won_tile_34_rot291.tif,337.0,393.0,397.0,446.0,Tree,283.60503559598243,-0.9719403307182608,0.2352275356400226,WON
/Users/tompitts/dphil/CanopyAI/deepforest_custom/phase5_tiles/won_tile_34_rot291.tif,315.0,322.0,374.0,380.0,Tree,283.60503559598243,-0.9719403307182608,0.2352275356400226,WON
/Users/tompitts/dphil/CanopyAI/deepforest_custom/phase5_tiles/won_tile_34_rot291.tif,249.0,286.0,326.0,349.0,Tree,283.60503559598243,-0.9719403307182608,0.2352275356400226,WON
/Users/tompitts/dphil/CanopyAI/deepforest_custom/phase5_tiles/won_tile_34_rot291.tif,65.0,258.0,148.0,338.0,Tree,283.60503559598243,-0.9719403307182608,0.2352275356400226,WON
/Users/tompitts/dphil/CanopyAI/deepforest_custom/phase5_tiles/won_tile_34_rot291.tif,129.0,230.0,202.0,294.0,Tree,283.60503559598243,-0.9719403307182608,0.2352275356400226,WON
/Users/tompitts/dphil/CanopyAI/deepforest_custom/phase5_tiles/won_tile_34_rot291.tif,160.0,303.0,229.0,360.0,Tree,283.60503559598243,-0.9719403307182608,0.2352275356400226,WON
/Users/tompitts/dphil/CanopyAI/deepforest_custom/phase5_tiles/won_tile_34_rot291.tif,230.0,387.0,283.0,438.0,Tree,283.60503559598243,-0.9719403307182608,0.2352275356400226,WON
/Users/tompitts/dphil/CanopyAI/deepforest_custom/phase5_tiles/won_tile_34_rot291.tif,197.0,376.0,253.0,433.0,Tree,283.60503559598243,-0.9719403307182608,0.2352275356400226,WON
/Users/tompitts/dphil/CanopyAI/deepforest_custom/phase5_tiles/won_tile_34_rot291.tif,143.0,366.0,212.0,425.0,Tree,283.60503559598243,-0.9719403307182608,0.2352275356400226,WON
/Users/tompitts/dphil/CanopyAI/deepforest_custom/phase5_tiles/won_tile_34_rot291.tif,87.0,482.0,138.0,500.0,Tree,283.60503559598243,-0.9719403307182608,0.2352275356400226,WON
/Users/tompitts/dphil/CanopyAI/deepforest_custom/phase5_tiles/won_tile_34_rot291.tif,16.0,285.0,66.0,334.0,Tree,283.60503559598243,-0.9719403307182608,0.2352275356400226,WON
/Users/tompitts/dphil/CanopyAI/deepforest_custom/phase5_tiles/won_tile_34_rot291.tif,0.0,151.0,63.0,217.0,Tree,283.60503559598243,-0.9719403307182608,0.2352275356400226,WON
/Users/tompitts/dphil/CanopyAI/deepforest_custom/phase5_tiles/won_tile_34_rot291.tif,107.0,144.0,158.0,189.0,Tree,283.60503559598243,-0.9719403307182608,0.2352275356400226,WON
/Users/tompitts/dphil/CanopyAI/deepforest_custom/phase5_tiles/won_tile_34_rot291.tif,0.0,227.0,11.0,275.0,Tree,283.60503559598243,-0.9719403307182608,0.2352275356400226,WON
/Users/tompitts/dphil/CanopyAI/deepforest_custom/phase5_tiles/won_tile_46_rot305.tif,260.0,93.0,324.0,155.0,Tree,269.90202811491446,-0.9999985380666868,-0.0017099311358597,WON
/Users/tompitts/dphil/CanopyAI/deepforest_custom/phase5_tiles/won_tile_46_rot305.tif,271.0,39.0,338.0,105.0,Tree,269.90202811491446,-0.9999985380666868,-0.0017099311358597,WON
/Users/tompitts/dphil/CanopyAI/deepforest_custom/phase5_tiles/won_tile_46_rot305.tif,302.0,0.0,368.0,59.0,Tree,269.90202811491446,-0.9999985380666868,-0.0017099311358597,WON
/Users/tompitts/dphil/CanopyAI/deepforest_custom/phase5_tiles/won_tile_46_rot305.tif,358.0,23.0,421.0,85.0,Tree,269.90202811491446,-0.9999985380666868,-0.0017099311358597,WON
/Users/tompitts/dphil/CanopyAI/deepforest_custom/phase5_tiles/won_tile_46_rot305.tif,392.0,123.0,445.0,173.0,Tree,269.90202811491446,-0.9999985380666868,-0.0017099311358597,WON
/Users/tompitts/dphil/CanopyAI/deepforest_custom/phase5_tiles/won_tile_46_rot305.tif,422.0,142.0,485.0,201.0,Tree,269.90202811491446,-0.9999985380666868,-0.0017099311358597,WON
/Users/tompitts/dphil/CanopyAI/deepforest_custom/phase5_tiles/won_tile_46_rot305.tif,407.0,221.0,454.0,265.0,Tree,269.90202811491446,-0.9999985380666868,-0.0017099311358597,WON
/Users/tompitts/dphil/CanopyAI/deepforest_custom/phase5_tiles/won_tile_46_rot305.tif,371.0,168.0,429.0,224.0,Tree,269.90202811491446,-0.9999985380666868,-0.0017099311358597,WON
/Users/tompitts/dphil/CanopyAI/deepforest_custom/phase5_tiles/won_tile_46_rot305.tif,366.0,199.0,409.0,241.0,Tree,269.90202811491446,-0.9999985380666868,-0.0017099311358597,WON
/Users/tompitts/dphil/CanopyAI/deepforest_custom/phase5_tiles/won_tile_46_rot305.tif,434.0,325.0,500.0,390.0,Tree,269.90202811491446,-0.9999985380666868,-0.0017099311358597,WON
/Users/tompitts/dphil/CanopyAI/deepforest_custom/phase5_tiles/won_tile_46_rot305.tif,171.0,0.0,266.0,42.0,Tree,269.90202811491446,-0.9999985380666868,-0.0017099311358597,WON
/Users/tompitts/dphil/CanopyAI/deepforest_custom/phase5_tiles/won_tile_46_rot305.tif,101.0,15.0,170.0,79.0,Tree,269.90202811491446,-0.9999985380666868,-0.0017099311358597,WON
/Users/tompitts/dphil/CanopyAI/deepforest_custom/phase5_tiles/won_tile_46_rot305.tif,176.0,128.0,231.0,183.0,Tree,269.90202811491446,-0.9999985380666868,-0.0017099311358597,WON
/Users/tompitts/dphil/CanopyAI/deepforest_custom/phase5_tiles/won_tile_46_rot305.tif,198.0,75.0,247.0,122.0,Tree,269.90202811491446,-0.9999985380666868,-0.0017099311358597,WON
/Users/tompitts/dphil/CanopyAI/deepforest_custom/phase5_tiles/won_tile_46_rot305.tif,143.0,41.0,203.0,100.0,Tree,269.90202811491446,-0.9999985380666868,-0.0017099311358597,WON
/Users/tompitts/dphil/CanopyAI/deepforest_custom/phase5_tiles/won_tile_46_rot305.tif,86.0,55.0,142.0,111.0,Tree,269.90202811491446,-0.9999985380666868,-0.0017099311358597,WON
/Users/tompitts/dphil/CanopyAI/deepforest_custom/phase5_tiles/won_tile_46_rot305.tif,382.0,257.0,436.0,308.0,Tree,269.90202811491446,-0.9999985380666868,-0.0017099311358597,WON
/Users/tompitts/dphil/CanopyAI/deepforest_custom/phase5_tiles/won_tile_46_rot305.tif,331.0,262.0,410.0,343.0,Tree,269.90202811491446,-0.9999985380666868,-0.0017099311358597,WON
/Users/tompitts/dphil/CanopyAI/deepforest_custom/phase5_tiles/won_tile_46_rot305.tif,254.0,230.0,345.0,323.0,Tree,269.90202811491446,-0.9999985380666868,-0.0017099311358597,WON
/Users/tompitts/dphil/CanopyAI/deepforest_custom/phase5_tiles/won_tile_46_rot305.tif,317.0,323.0,375.0,381.0,Tree,269.90202811491446,-0.9999985380666868,-0.0017099311358597,WON
/Users/tompitts/dphil/CanopyAI/deepforest_custom/phase5_tiles/won_tile_46_rot305.tif,229.0,338.0,289.0,399.0,Tree,269.90202811491446,-0.9999985380666868,-0.0017099311358597,WON
/Users/tompitts/dphil/CanopyAI/deepforest_custom/phase5_tiles/won_tile_46_rot305.tif,222.0,285.0,314.0,378.0,Tree,269.90202811491446,-0.9999985380666868,-0.0017099311358597,WON
/Users/tompitts/dphil/CanopyAI/deepforest_custom/phase5_tiles/won_tile_46_rot305.tif,251.0,379.0,322.0,448.0,Tree,269.90202811491446,-0.9999985380666868,-0.0017099311358597,WON
/Users/tompitts/dphil/CanopyAI/deepforest_custom/phase5_tiles/won_tile_46_rot305.tif,198.0,388.0,253.0,441.0,Tree,269.90202811491446,-0.9999985380666868,-0.0017099311358597,WON
/Users/tompitts/dphil/CanopyAI/deepforest_custom/phase5_tiles/won_tile_46_rot305.tif,205.0,447.0,277.0,500.0,Tree,269.90202811491446,-0.9999985380666868,-0.0017099311358597,WON
/Users/tompitts/dphil/CanopyAI/deepforest_custom/phase5_tiles/won_tile_46_rot305.tif,159.0,484.0,244.0,500.0,Tree,269.90202811491446,-0.9999985380666868,-0.0017099311358597,WON
/Users/tompitts/dphil/CanopyAI/deepforest_custom/phase5_tiles/won_tile_46_rot305.tif,189.0,214.0,250.0,273.0,Tree,269.90202811491446,-0.9999985380666868,-0.0017099311358597,WON
/Users/tompitts/dphil/CanopyAI/deepforest_custom/phase5_tiles/won_tile_46_rot305.tif,116.0,295.0,175.0,352.0,Tree,269.90202811491446,-0.9999985380666868,-0.0017099311358597,WON
/Users/tompitts/dphil/CanopyAI/deepforest_custom/phase5_tiles/won_tile_46_rot305.tif,0.0,220.0,52.0,294.0,Tree,269.90202811491446,-0.9999985380666868,-0.0017099311358597,WON
/Users/tompitts/dphil/CanopyAI/deepforest_custom/phase5_tiles/won_tile_46_rot305.tif,0.0,161.0,62.0,226.0,Tree,269.90202811491446,-0.9999985380666868,-0.0017099311358597,WON
/Users/tompitts/dphil/CanopyAI/deepforest_custom/phase5_tiles/won_tile_46_rot305.tif,0.0,131.0,17.0,203.0,Tree,269.90202811491446,-0.9999985380666868,-0.0017099311358597,WON
/Users/tompitts/dphil/CanopyAI/deepforest_custom/phase5_tiles/won_tile_46_rot305.tif,129.0,160.0,188.0,219.0,Tree,269.90202811491446,-0.9999985380666868,-0.0017099311358597,WON
/Users/tompitts/dphil/CanopyAI/deepforest_custom/phase5_tiles/won_tile_46_rot305.tif,104.0,404.0,163.0,462.0,Tree,269.90202811491446,-0.9999985380666868,-0.0017099311358597,WON
/Users/tompitts/dphil/CanopyAI/deepforest_custom/phase5_tiles/won_tile_46_rot305.tif,129.0,435.0,184.0,486.0,Tree,269.90202811491446,-0.9999985380666868,-0.0017099311358597,WON
/Users/tompitts/dphil/CanopyAI/deepforest_custom/phase5_tiles/won_tile_46_rot305.tif,174.0,422.0,228.0,473.0,Tree,269.90202811491446,-0.9999985380666868,-0.0017099311358597,WON
/Users/tompitts/dphil/CanopyAI/deepforest_custom/phase5_tiles/won_tile_46_rot305.tif,145.0,365.0,210.0,428.0,Tree,269.90202811491446,-0.9999985380666868,-0.0017099311358597,WON
/Users/tompitts/dphil/CanopyAI/deepforest_custom/phase5_tiles/won_tile_46_rot305.tif,182.0,334.0,242.0,395.0,Tree,269.90202811491446,-0.9999985380666868,-0.0017099311358597,WON
/Users/tompitts/dphil/CanopyAI/deepforest_custom/phase5_tiles/won_tile_46_rot305.tif,164.0,279.0,230.0,345.0,Tree,269.90202811491446,-0.9999985380666868,-0.0017099311358597,WON
/Users/tompitts/dphil/CanopyAI/deepforest_custom/phase5_tiles/won_tile_46_rot305.tif,145.0,255.0,193.0,303.0,Tree,269.90202811491446,-0.9999985380666868,-0.0017099311358597,WON
/Users/tompitts/dphil/CanopyAI/deepforest_custom/phase5_tiles/won_tile_46_rot305.tif,65.0,308.0,120.0,360.0,Tree,269.90202811491446,-0.9999985380666868,-0.0017099311358597,WON
/Users/tompitts/dphil/CanopyAI/deepforest_custom/phase5_tiles/won_tile_46_rot305.tif,29.0,330.0,80.0,381.0,Tree,269.90202811491446,-0.9999985380666868,-0.0017099311358597,WON
/Users/tompitts/dphil/CanopyAI/deepforest_custom/phase5_tiles/won_tile_46_rot305.tif,35.0,363.0,73.0,403.0,Tree,269.90202811491446,-0.9999985380666868,-0.0017099311358597,WON
/Users/tompitts/dphil/CanopyAI/deepforest_custom/phase5_tiles/won_tile_46_rot305.tif,66.0,231.0,111.0,276.0,Tree,269.90202811491446,-0.9999985380666868,-0.0017099311358597,WON
/Users/tompitts/dphil/CanopyAI/deepforest_custom/phase5_tiles/won_tile_46_rot305.tif,36.0,267.0,74.0,304.0,Tree,269.90202811491446,-0.9999985380666868,-0.0017099311358597,WON
/Users/tompitts/dphil/CanopyAI/deepforest_custom/phase5_tiles/won_tile_46_rot305.tif,0.0,282.0,49.0,340.0,Tree,269.90202811491446,-0.9999985380666868,-0.0017099311358597,WON
/Users/tompitts/dphil/CanopyAI/deepforest_custom/phase5_tiles/won_tile_41_rot121.tif,69.0,381.0,173.0,479.0,Tree,93.82596375945435,0.9977713336222856,-0.0667260503971686,WON
/Users/tompitts/dphil/CanopyAI/deepforest_custom/phase5_tiles/won_tile_41_rot121.tif,0.0,270.0,87.0,382.0,Tree,93.82596375945435,0.9977713336222856,-0.0667260503971686,WON
/Users/tompitts/dphil/CanopyAI/deepforest_custom/phase5_tiles/won_tile_41_rot121.tif,153.0,410.0,231.0,485.0,Tree,93.82596375945435,0.9977713336222856,-0.0667260503971686,WON
/Users/tompitts/dphil/CanopyAI/deepforest_custom/phase5_tiles/won_tile_41_rot121.tif,36.0,149.0,137.0,245.0,Tree,93.82596375945435,0.9977713336222856,-0.0667260503971686,WON
/Users/tompitts/dphil/CanopyAI/deepforest_custom/phase5_tiles/won_tile_41_rot121.tif,109.0,295.0,174.0,356.0,Tree,93.82596375945435,0.9977713336222856,-0.0667260503971686,WON
/Users/tompitts/dphil/CanopyAI/deepforest_custom/phase5_tiles/won_tile_41_rot121.tif,176.0,349.0,243.0,418.0,Tree,93.82596375945435,0.9977713336222856,-0.0667260503971686,WON
/Users/tompitts/dphil/CanopyAI/deepforest_custom/phase5_tiles/won_tile_41_rot121.tif,223.0,283.0,292.0,350.0,Tree,93.82596375945435,0.9977713336222856,-0.0667260503971686,WON
/Users/tompitts/dphil/CanopyAI/deepforest_custom/phase5_tiles/won_tile_41_rot121.tif,267.0,286.0,359.0,383.0,Tree,93.82596375945435,0.9977713336222856,-0.0667260503971686,WON
/Users/tompitts/dphil/CanopyAI/deepforest_custom/phase5_tiles/won_tile_41_rot121.tif,315.0,262.0,391.0,341.0,Tree,93.82596375945435,0.9977713336222856,-0.0667260503971686,WON
/Users/tompitts/dphil/CanopyAI/deepforest_custom/phase5_tiles/won_tile_41_rot121.tif,242.0,386.0,306.0,447.0,Tree,93.82596375945435,0.9977713336222856,-0.0667260503971686,WON
/Users/tompitts/dphil/CanopyAI/deepforest_custom/phase5_tiles/won_tile_41_rot121.tif,234.0,220.0,307.0,290.0,Tree,93.82596375945435,0.9977713336222856,-0.0667260503971686,WON
/Users/tompitts/dphil/CanopyAI/deepforest_custom/phase5_tiles/won_tile_41_rot121.tif,166.0,196.0,225.0,254.0,Tree,93.82596375945435,0.9977713336222856,-0.0667260503971686,WON
/Users/tompitts/dphil/CanopyAI/deepforest_custom/phase5_tiles/won_tile_41_rot121.tif,93.0,233.0,183.0,320.0,Tree,93.82596375945435,0.9977713336222856,-0.0667260503971686,WON
/Users/tompitts/dphil/CanopyAI/deepforest_custom/phase5_tiles/won_tile_41_rot121.tif,0.0,135.0,19.0,197.0,Tree,93.82596375945435,0.9977713336222856,-0.0667260503971686,WON
/Users/tompitts/dphil/CanopyAI/deepforest_custom/phase5_tiles/won_tile_41_rot121.tif,272.0,145.0,371.0,243.0,Tree,93.82596375945435,0.9977713336222856,-0.0667260503971686,WON
/Users/tompitts/dphil/CanopyAI/deepforest_custom/phase5_tiles/won_tile_41_rot121.tif,256.0,86.0,356.0,182.0,Tree,93.82596375945435,0.9977713336222856,-0.0667260503971686,WON
/Users/tompitts/dphil/CanopyAI/deepforest_custom/phase5_tiles/won_tile_41_rot121.tif,227.0,27.0,351.0,138.0,Tree,93.82596375945435,0.9977713336222856,-0.0667260503971686,WON
/Users/tompitts/dphil/CanopyAI/deepforest_custom/phase5_tiles/won_tile_41_rot121.tif,315.0,32.0,415.0,134.0,Tree,93.82596375945435,0.9977713336222856,-0.0667260503971686,WON
/Users/tompitts/dphil/CanopyAI/deepforest_custom/phase5_tiles/won_tile_41_rot121.tif,280.0,0.0,357.0,47.0,Tree,93.82596375945435,0.9977713336222856,-0.0667260503971686,WON
/Users/tompitts/dphil/CanopyAI/deepforest_custom/phase5_tiles/won_tile_41_rot121.tif,479.0,247.0,500.0,311.0,Tree,93.82596375945435,0.9977713336222856,-0.0667260503971686,WON
/Users/tompitts/dphil/CanopyAI/deepforest_custom/phase5_tiles/won_tile_41_rot121.tif,447.0,300.0,500.0,387.0,Tree,93.82596375945435,0.9977713336222856,-0.0667260503971686,WON
/Users/tompitts/dphil/CanopyAI/deepforest_custom/phase5_tiles/won_tile_41_rot121.tif,365.0,192.0,432.0,259.0,Tree,93.82596375945435,0.9977713336222856,-0.0667260503971686,WON
/Users/tompitts/dphil/CanopyAI/deepforest_custom/phase5_tiles/won_tile_41_rot121.tif,407.0,159.0,463.0,215.0,Tree,93.82596375945435,0.9977713336222856,-0.0667260503971686,WON
/Users/tompitts/dphil/CanopyAI/deepforest_custom/phase5_tiles/won_tile_41_rot121.tif,476.0,180.0,500.0,236.0,Tree,93.82596375945435,0.9977713336222856,-0.0667260503971686,WON
/Users/tompitts/dphil/CanopyAI/deepforest_custom/phase5_tiles/won_tile_41_rot121.tif,442.0,130.0,494.0,189.0,Tree,93.82596375945435,0.9977713336222856,-0.0667260503971686,WON
/Users/tompitts/dphil/CanopyAI/deepforest_custom/phase5_tiles/won_tile_41_rot121.tif,394.0,83.0,463.0,148.0,Tree,93.82596375945435,0.9977713336222856,-0.0667260503971686,WON
/Users/tompitts/dphil/CanopyAI/deepforest_custom/phase5_tiles/won_tile_41_rot121.tif,327.0,0.0,403.0,54.0,Tree,93.82596375945435,0.9977713336222856,-0.0667260503971686,WON
/Users/tompitts/dphil/CanopyAI/deepforest_custom/phase5_tiles/won_tile_25_rot78.tif,0.0,172.0,114.0,250.0,Tree,136.2903290707028,0.691004430539669,-0.722850521874715,WON
/Users/tompitts/dphil/CanopyAI/deepforest_custom/phase5_tiles/won_tile_25_rot78.tif,47.0,0.0,120.0,17.0,Tree,136.2903290707028,0.691004430539669,-0.722850521874715,WON
/Users/tompitts/dphil/CanopyAI/deepforest_custom/phase5_tiles/won_tile_25_rot78.tif,124.0,0.0,183.0,36.0,Tree,136.2903290707028,0.691004430539669,-0.722850521874715,WON
/Users/tompitts/dphil/CanopyAI/deepforest_custom/phase5_tiles/won_tile_25_rot78.tif,118.0,138.0,189.0,210.0,Tree,136.2903290707028,0.691004430539669,-0.722850521874715,WON
/Users/tompitts/dphil/CanopyAI/deepforest_custom/phase5_tiles/won_tile_25_rot78.tif,171.0,182.0,246.0,245.0,Tree,136.2903290707028,0.691004430539669,-0.722850521874715,WON
/Users/tompitts/dphil/CanopyAI/deepforest_custom/phase5_tiles/won_tile_25_rot78.tif,65.0,394.0,122.0,437.0,Tree,136.2903290707028,0.691004430539669,-0.722850521874715,WON
/Users/tompitts/dphil/CanopyAI/deepforest_custom/phase5_tiles/won_tile_25_rot78.tif,86.0,330.0,141.0,387.0,Tree,136.2903290707028,0.691004430539669,-0.722850521874715,WON
/Users/tompitts/dphil/CanopyAI/deepforest_custom/phase5_tiles/won_tile_25_rot78.tif,124.0,425.0,245.0,500.0,Tree,136.2903290707028,0.691004430539669,-0.722850521874715,WON
/Users/tompitts/dphil/CanopyAI/deepforest_custom/phase5_tiles/won_tile_25_rot78.tif,229.0,430.0,287.0,490.0,Tree,136.2903290707028,0.691004430539669,-0.722850521874715,WON
/Users/tompitts/dphil/CanopyAI/deepforest_custom/phase5_tiles/won_tile_25_rot78.tif,271.0,403.0,346.0,474.0,Tree,136.2903290707028,0.691004430539669,-0.722850521874715,WON
/Users/tompitts/dphil/CanopyAI/deepforest_custom/phase5_tiles/won_tile_25_rot78.tif,285.0,217.0,467.0,412.0,Tree,136.2903290707028,0.691004430539669,-0.722850521874715,WON
/Users/tompitts/dphil/CanopyAI/deepforest_custom/phase5_tiles/won_tile_25_rot78.tif,329.0,165.0,400.0,228.0,Tree,136.2903290707028,0.691004430539669,-0.722850521874715,WON
/Users/tompitts/dphil/CanopyAI/deepforest_custom/phase5_tiles/won_tile_25_rot78.tif,414.0,147.0,490.0,204.0,Tree,136.2903290707028,0.691004430539669,-0.722850521874715,WON
/Users/tompitts/dphil/CanopyAI/deepforest_custom/phase5_tiles/won_tile_25_rot78.tif,370.0,100.0,425.0,141.0,Tree,136.2903290707028,0.691004430539669,-0.722850521874715,WON
/Users/tompitts/dphil/CanopyAI/deepforest_custom/phase5_tiles/won_tile_25_rot78.tif,346.0,16.0,413.0,67.0,Tree,136.2903290707028,0.691004430539669,-0.722850521874715,WON
/Users/tompitts/dphil/CanopyAI/deepforest_custom/phase5_tiles/won_tile_25_rot78.tif,184.0,0.0,258.0,41.0,Tree,136.2903290707028,0.691004430539669,-0.722850521874715,WON
/Users/tompitts/dphil/CanopyAI/deepforest_custom/phase5_tiles/won_tile_25_rot78.tif,147.0,344.0,206.0,398.0,Tree,136.2903290707028,0.691004430539669,-0.722850521874715,WON
/Users/tompitts/dphil/CanopyAI/deepforest_custom/phase5_tiles/won_tile_39_rot122.tif,25.0,329.0,106.0,407.0,Tree,92.50981405352292,0.999040735468284,-0.0437905112437669,WON
/Users/tompitts/dphil/CanopyAI/deepforest_custom/phase5_tiles/won_tile_39_rot122.tif,0.0,219.0,54.0,275.0,Tree,92.50981405352292,0.999040735468284,-0.0437905112437669,WON
/Users/tompitts/dphil/CanopyAI/deepforest_custom/phase5_tiles/won_tile_39_rot122.tif,250.0,404.0,351.0,500.0,Tree,92.50981405352292,0.999040735468284,-0.0437905112437669,WON
/Users/tompitts/dphil/CanopyAI/deepforest_custom/phase5_tiles/won_tile_39_rot122.tif,449.0,301.0,500.0,393.0,Tree,92.50981405352292,0.999040735468284,-0.0437905112437669,WON
/Users/tompitts/dphil/CanopyAI/deepforest_custom/phase5_tiles/won_tile_39_rot122.tif,375.0,403.0,432.0,455.0,Tree,92.50981405352292,0.999040735468284,-0.0437905112437669,WON
/Users/tompitts/dphil/CanopyAI/deepforest_custom/phase5_tiles/won_tile_39_rot122.tif,284.0,337.0,372.0,428.0,Tree,92.50981405352292,0.999040735468284,-0.0437905112437669,WON
/Users/tompitts/dphil/CanopyAI/deepforest_custom/phase5_tiles/won_tile_39_rot122.tif,147.0,463.0,209.0,500.0,Tree,92.50981405352292,0.999040735468284,-0.0437905112437669,WON
/Users/tompitts/dphil/CanopyAI/deepforest_custom/phase5_tiles/won_tile_39_rot122.tif,167.0,329.0,228.0,386.0,Tree,92.50981405352292,0.999040735468284,-0.0437905112437669,WON
/Users/tompitts/dphil/CanopyAI/deepforest_custom/phase5_tiles/won_tile_39_rot122.tif,85.0,222.0,145.0,281.0,Tree,92.50981405352292,0.999040735468284,-0.0437905112437669,WON
/Users/tompitts/dphil/CanopyAI/deepforest_custom/phase5_tiles/won_tile_39_rot122.tif,103.0,166.0,166.0,227.0,Tree,92.50981405352292,0.999040735468284,-0.0437905112437669,WON
/Users/tompitts/dphil/CanopyAI/deepforest_custom/phase5_tiles/won_tile_39_rot122.tif,172.0,170.0,223.0,219.0,Tree,92.50981405352292,0.999040735468284,-0.0437905112437669,WON
/Users/tompitts/dphil/CanopyAI/deepforest_custom/phase5_tiles/won_tile_39_rot122.tif,265.0,199.0,329.0,259.0,Tree,92.50981405352292,0.999040735468284,-0.0437905112437669,WON
/Users/tompitts/dphil/CanopyAI/deepforest_custom/phase5_tiles/won_tile_39_rot122.tif,339.0,269.0,395.0,324.0,Tree,92.50981405352292,0.999040735468284,-0.0437905112437669,WON
/Users/tompitts/dphil/CanopyAI/deepforest_custom/phase5_tiles/won_tile_39_rot122.tif,372.0,308.0,424.0,358.0,Tree,92.50981405352292,0.999040735468284,-0.0437905112437669,WON
/Users/tompitts/dphil/CanopyAI/deepforest_custom/phase5_tiles/won_tile_39_rot122.tif,249.0,107.0,313.0,171.0,Tree,92.50981405352292,0.999040735468284,-0.0437905112437669,WON
/Users/tompitts/dphil/CanopyAI/deepforest_custom/phase5_tiles/won_tile_39_rot122.tif,226.0,65.0,294.0,132.0,Tree,92.50981405352292,0.999040735468284,-0.0437905112437669,WON
/Users/tompitts/dphil/CanopyAI/deepforest_custom/phase5_tiles/won_tile_39_rot122.tif,282.0,72.0,350.0,138.0,Tree,92.50981405352292,0.999040735468284,-0.0437905112437669,WON
/Users/tompitts/dphil/CanopyAI/deepforest_custom/phase5_tiles/won_tile_39_rot122.tif,302.0,34.0,352.0,83.0,Tree,92.50981405352292,0.999040735468284,-0.0437905112437669,WON
/Users/tompitts/dphil/CanopyAI/deepforest_custom/phase5_tiles/won_tile_39_rot122.tif,323.0,146.0,374.0,198.0,Tree,92.50981405352292,0.999040735468284,-0.0437905112437669,WON
/Users/tompitts/dphil/CanopyAI/deepforest_custom/phase5_tiles/won_tile_39_rot122.tif,93.0,306.0,175.0,391.0,Tree,92.50981405352292,0.999040735468284,-0.0437905112437669,WON
/Users/tompitts/dphil/CanopyAI/deepforest_custom/phase5_tiles/won_tile_39_rot122.tif,237.0,329.0,302.0,391.0,Tree,92.50981405352292,0.999040735468284,-0.0437905112437669,WON
/Users/tompitts/dphil/CanopyAI/deepforest_custom/phase5_tiles/won_tile_39_rot122.tif,344.0,191.0,406.0,253.0,Tree,92.50981405352292,0.999040735468284,-0.0437905112437669,WON
/Users/tompitts/dphil/CanopyAI/deepforest_custom/phase5_tiles/won_tile_39_rot122.tif,359.0,186.0,490.0,325.0,Tree,92.50981405352292,0.999040735468284,-0.0437905112437669,WON
/Users/tompitts/dphil/CanopyAI/deepforest_custom/phase5_tiles/won_tile_39_rot122.tif,147.0,280.0,195.0,325.0,Tree,92.50981405352292,0.999040735468284,-0.0437905112437669,WON
/Users/tompitts/dphil/CanopyAI/deepforest_custom/phase5_tiles/won_tile_39_rot122.tif,183.0,276.0,234.0,326.0,Tree,92.50981405352292,0.999040735468284,-0.0437905112437669,WON
/Users/tompitts/dphil/CanopyAI/deepforest_custom/phase5_tiles/won_tile_42_rot33.tif,208.0,0.0,278.0,47.0,Tree,181.61149638314672,-0.0281222096678225,-0.999604492448588,WON
/Users/tompitts/dphil/CanopyAI/deepforest_custom/phase5_tiles/won_tile_42_rot33.tif,130.0,10.0,187.0,68.0,Tree,181.61149638314672,-0.0281222096678225,-0.999604492448588,WON
/Users/tompitts/dphil/CanopyAI/deepforest_custom/phase5_tiles/won_tile_42_rot33.tif,0.0,105.0,55.0,190.0,Tree,181.61149638314672,-0.0281222096678225,-0.999604492448588,WON
/Users/tompitts/dphil/CanopyAI/deepforest_custom/phase5_tiles/won_tile_42_rot33.tif,0.0,208.0,54.0,276.0,Tree,181.61149638314672,-0.0281222096678225,-0.999604492448588,WON
/Users/tompitts/dphil/CanopyAI/deepforest_custom/phase5_tiles/won_tile_42_rot33.tif,0.0,196.0,27.0,266.0,Tree,181.61149638314672,-0.0281222096678225,-0.999604492448588,WON
/Users/tompitts/dphil/CanopyAI/deepforest_custom/phase5_tiles/won_tile_42_rot33.tif,113.0,119.0,183.0,195.0,Tree,181.61149638314672,-0.0281222096678225,-0.999604492448588,WON
/Users/tompitts/dphil/CanopyAI/deepforest_custom/phase5_tiles/won_tile_42_rot33.tif,147.0,59.0,204.0,120.0,Tree,181.61149638314672,-0.0281222096678225,-0.999604492448588,WON
/Users/tompitts/dphil/CanopyAI/deepforest_custom/phase5_tiles/won_tile_42_rot33.tif,214.0,84.0,275.0,149.0,Tree,181.61149638314672,-0.0281222096678225,-0.999604492448588,WON
/Users/tompitts/dphil/CanopyAI/deepforest_custom/phase5_tiles/won_tile_42_rot33.tif,252.0,56.0,316.0,126.0,Tree,181.61149638314672,-0.0281222096678225,-0.999604492448588,WON
/Users/tompitts/dphil/CanopyAI/deepforest_custom/phase5_tiles/won_tile_42_rot33.tif,295.0,32.0,343.0,86.0,Tree,181.61149638314672,-0.0281222096678225,-0.999604492448588,WON
/Users/tompitts/dphil/CanopyAI/deepforest_custom/phase5_tiles/won_tile_42_rot33.tif,317.0,0.0,367.0,34.0,Tree,181.61149638314672,-0.0281222096678225,-0.999604492448588,WON
/Users/tompitts/dphil/CanopyAI/deepforest_custom/phase5_tiles/won_tile_42_rot33.tif,39.0,112.0,90.0,169.0,Tree,181.61149638314672,-0.0281222096678225,-0.999604492448588,WON
/Users/tompitts/dphil/CanopyAI/deepforest_custom/phase5_tiles/won_tile_42_rot33.tif,71.0,122.0,120.0,178.0,Tree,181.61149638314672,-0.0281222096678225,-0.999604492448588,WON
/Users/tompitts/dphil/CanopyAI/deepforest_custom/phase5_tiles/won_tile_42_rot33.tif,113.0,199.0,195.0,285.0,Tree,181.61149638314672,-0.0281222096678225,-0.999604492448588,WON
/Users/tompitts/dphil/CanopyAI/deepforest_custom/phase5_tiles/won_tile_42_rot33.tif,224.0,134.0,312.0,227.0,Tree,181.61149638314672,-0.0281222096678225,-0.999604492448588,WON
/Users/tompitts/dphil/CanopyAI/deepforest_custom/phase5_tiles/won_tile_42_rot33.tif,44.0,373.0,113.0,453.0,Tree,181.61149638314672,-0.0281222096678225,-0.999604492448588,WON
/Users/tompitts/dphil/CanopyAI/deepforest_custom/phase5_tiles/won_tile_42_rot33.tif,39.0,284.0,153.0,405.0,Tree,181.61149638314672,-0.0281222096678225,-0.999604492448588,WON
/Users/tompitts/dphil/CanopyAI/deepforest_custom/phase5_tiles/won_tile_42_rot33.tif,111.0,412.0,177.0,480.0,Tree,181.61149638314672,-0.0281222096678225,-0.999604492448588,WON
/Users/tompitts/dphil/CanopyAI/deepforest_custom/phase5_tiles/won_tile_42_rot33.tif,140.0,359.0,200.0,422.0,Tree,181.61149638314672,-0.0281222096678225,-0.999604492448588,WON
/Users/tompitts/dphil/CanopyAI/deepforest_custom/phase5_tiles/won_tile_42_rot33.tif,149.0,438.0,228.0,500.0,Tree,181.61149638314672,-0.0281222096678225,-0.999604492448588,WON
/Users/tompitts/dphil/CanopyAI/deepforest_custom/phase5_tiles/won_tile_42_rot33.tif,199.0,391.0,262.0,456.0,Tree,181.61149638314672,-0.0281222096678225,-0.999604492448588,WON
/Users/tompitts/dphil/CanopyAI/deepforest_custom/phase5_tiles/won_tile_42_rot33.tif,265.0,244.0,331.0,314.0,Tree,181.61149638314672,-0.0281222096678225,-0.999604492448588,WON
/Users/tompitts/dphil/CanopyAI/deepforest_custom/phase5_tiles/won_tile_42_rot33.tif,299.0,247.0,366.0,316.0,Tree,181.61149638314672,-0.0281222096678225,-0.999604492448588,WON
/Users/tompitts/dphil/CanopyAI/deepforest_custom/phase5_tiles/won_tile_42_rot33.tif,260.0,296.0,351.0,389.0,Tree,181.61149638314672,-0.0281222096678225,-0.999604492448588,WON
/Users/tompitts/dphil/CanopyAI/deepforest_custom/phase5_tiles/won_tile_42_rot33.tif,301.0,432.0,367.0,497.0,Tree,181.61149638314672,-0.0281222096678225,-0.999604492448588,WON
/Users/tompitts/dphil/CanopyAI/deepforest_custom/phase5_tiles/won_tile_42_rot33.tif,362.0,205.0,431.0,282.0,Tree,181.61149638314672,-0.0281222096678225,-0.999604492448588,WON
/Users/tompitts/dphil/CanopyAI/deepforest_custom/phase5_tiles/won_tile_42_rot33.tif,456.0,218.0,500.0,280.0,Tree,181.61149638314672,-0.0281222096678225,-0.999604492448588,WON
/Users/tompitts/dphil/CanopyAI/deepforest_custom/phase5_tiles/won_tile_42_rot33.tif,408.0,232.0,465.0,292.0,Tree,181.61149638314672,-0.0281222096678225,-0.999604492448588,WON
/Users/tompitts/dphil/CanopyAI/deepforest_custom/phase5_tiles/won_tile_42_rot33.tif,371.0,330.0,452.0,416.0,Tree,181.61149638314672,-0.0281222096678225,-0.999604492448588,WON
/Users/tompitts/dphil/CanopyAI/deepforest_custom/phase5_tiles/won_tile_42_rot33.tif,450.0,323.0,500.0,395.0,Tree,181.61149638314672,-0.0281222096678225,-0.999604492448588,WON
/Users/tompitts/dphil/CanopyAI/deepforest_custom/phase5_tiles/won_tile_42_rot33.tif,329.0,330.0,391.0,396.0,Tree,181.61149638314672,-0.0281222096678225,-0.999604492448588,WON
/Users/tompitts/dphil/CanopyAI/deepforest_custom/phase5_tiles/won_tile_42_rot33.tif,470.0,188.0,500.0,237.0,Tree,181.61149638314672,-0.0281222096678225,-0.999604492448588,WON
/Users/tompitts/dphil/CanopyAI/deepforest_custom/phase5_tiles/won_tile_42_rot33.tif,256.0,417.0,322.0,482.0,Tree,181.61149638314672,-0.0281222096678225,-0.999604492448588,WON
/Users/tompitts/dphil/CanopyAI/deepforest_custom/phase5_tiles/won_tile_27_rot9.tif,105.0,10.0,174.0,61.0,Tree,205.4470509138091,-0.4296768016379414,-0.9029827496326768,WON
/Users/tompitts/dphil/CanopyAI/deepforest_custom/phase5_tiles/won_tile_27_rot9.tif,269.0,0.0,349.0,33.0,Tree,205.4470509138091,-0.4296768016379414,-0.9029827496326768,WON
/Users/tompitts/dphil/CanopyAI/deepforest_custom/phase5_tiles/won_tile_27_rot9.tif,349.0,0.0,407.0,37.0,Tree,205.4470509138091,-0.4296768016379414,-0.9029827496326768,WON
/Users/tompitts/dphil/CanopyAI/deepforest_custom/phase5_tiles/won_tile_27_rot9.tif,363.0,59.0,412.0,116.0,Tree,205.4470509138091,-0.4296768016379414,-0.9029827496326768,WON
/Users/tompitts/dphil/CanopyAI/deepforest_custom/phase5_tiles/won_tile_27_rot9.tif,435.0,4.0,471.0,72.0,Tree,205.4470509138091,-0.4296768016379414,-0.9029827496326768,WON
/Users/tompitts/dphil/CanopyAI/deepforest_custom/phase5_tiles/won_tile_27_rot9.tif,409.0,145.0,481.0,208.0,Tree,205.4470509138091,-0.4296768016379414,-0.9029827496326768,WON
/Users/tompitts/dphil/CanopyAI/deepforest_custom/phase5_tiles/won_tile_27_rot9.tif,33.0,42.0,92.0,96.0,Tree,205.4470509138091,-0.4296768016379414,-0.9029827496326768,WON
/Users/tompitts/dphil/CanopyAI/deepforest_custom/phase5_tiles/won_tile_27_rot9.tif,0.0,46.0,48.0,139.0,Tree,205.4470509138091,-0.4296768016379414,-0.9029827496326768,WON
/Users/tompitts/dphil/CanopyAI/deepforest_custom/phase5_tiles/won_tile_27_rot9.tif,19.0,97.0,73.0,170.0,Tree,205.4470509138091,-0.4296768016379414,-0.9029827496326768,WON
/Users/tompitts/dphil/CanopyAI/deepforest_custom/phase5_tiles/won_tile_27_rot9.tif,0.0,235.0,65.0,315.0,Tree,205.4470509138091,-0.4296768016379414,-0.9029827496326768,WON
/Users/tompitts/dphil/CanopyAI/deepforest_custom/phase5_tiles/won_tile_27_rot9.tif,26.0,164.0,92.0,228.0,Tree,205.4470509138091,-0.4296768016379414,-0.9029827496326768,WON
/Users/tompitts/dphil/CanopyAI/deepforest_custom/phase5_tiles/won_tile_27_rot9.tif,95.0,331.0,157.0,395.0,Tree,205.4470509138091,-0.4296768016379414,-0.9029827496326768,WON
/Users/tompitts/dphil/CanopyAI/deepforest_custom/phase5_tiles/won_tile_27_rot9.tif,83.0,393.0,148.0,480.0,Tree,205.4470509138091,-0.4296768016379414,-0.9029827496326768,WON
/Users/tompitts/dphil/CanopyAI/deepforest_custom/phase5_tiles/won_tile_27_rot9.tif,259.0,180.0,402.0,351.0,Tree,205.4470509138091,-0.4296768016379414,-0.9029827496326768,WON
/Users/tompitts/dphil/CanopyAI/deepforest_custom/phase5_tiles/won_tile_27_rot9.tif,222.0,330.0,291.0,403.0,Tree,205.4470509138091,-0.4296768016379414,-0.9029827496326768,WON
/Users/tompitts/dphil/CanopyAI/deepforest_custom/phase5_tiles/won_tile_27_rot9.tif,227.0,397.0,292.0,454.0,Tree,205.4470509138091,-0.4296768016379414,-0.9029827496326768,WON
/Users/tompitts/dphil/CanopyAI/deepforest_custom/phase5_tiles/won_tile_27_rot9.tif,201.0,432.0,269.0,494.0,Tree,205.4470509138091,-0.4296768016379414,-0.9029827496326768,WON
/Users/tompitts/dphil/CanopyAI/deepforest_custom/phase5_tiles/won_tile_27_rot9.tif,291.0,345.0,345.0,399.0,Tree,205.4470509138091,-0.4296768016379414,-0.9029827496326768,WON
/Users/tompitts/dphil/CanopyAI/deepforest_custom/phase5_tiles/won_tile_27_rot9.tif,346.0,365.0,446.0,469.0,Tree,205.4470509138091,-0.4296768016379414,-0.9029827496326768,WON
/Users/tompitts/dphil/CanopyAI/deepforest_custom/phase5_tiles/won_tile_27_rot9.tif,309.0,437.0,400.0,491.0,Tree,205.4470509138091,-0.4296768016379414,-0.9029827496326768,WON
/Users/tompitts/dphil/CanopyAI/deepforest_custom/phase5_tiles/won_tile_27_rot9.tif,387.0,295.0,430.0,339.0,Tree,205.4470509138091,-0.4296768016379414,-0.9029827496326768,WON
/Users/tompitts/dphil/CanopyAI/deepforest_custom/phase5_tiles/won_tile_36_rot290.tif,349.0,0.0,424.0,45.0,Tree,284.9050693401892,-0.9663533252837652,0.2572182938925796,WON
/Users/tompitts/dphil/CanopyAI/deepforest_custom/phase5_tiles/won_tile_36_rot290.tif,342.0,44.0,468.0,155.0,Tree,284.9050693401892,-0.9663533252837652,0.2572182938925796,WON
/Users/tompitts/dphil/CanopyAI/deepforest_custom/phase5_tiles/won_tile_36_rot290.tif,405.0,130.0,493.0,214.0,Tree,284.9050693401892,-0.9663533252837652,0.2572182938925796,WON
/Users/tompitts/dphil/CanopyAI/deepforest_custom/phase5_tiles/won_tile_36_rot290.tif,439.0,198.0,500.0,277.0,Tree,284.9050693401892,-0.9663533252837652,0.2572182938925796,WON
/Users/tompitts/dphil/CanopyAI/deepforest_custom/phase5_tiles/won_tile_36_rot290.tif,370.0,215.0,466.0,317.0,Tree,284.9050693401892,-0.9663533252837652,0.2572182938925796,WON
/Users/tompitts/dphil/CanopyAI/deepforest_custom/phase5_tiles/won_tile_36_rot290.tif,461.0,202.0,500.0,313.0,Tree,284.9050693401892,-0.9663533252837652,0.2572182938925796,WON
/Users/tompitts/dphil/CanopyAI/deepforest_custom/phase5_tiles/won_tile_36_rot290.tif,257.0,0.0,319.0,53.0,Tree,284.9050693401892,-0.9663533252837652,0.2572182938925796,WON
/Users/tompitts/dphil/CanopyAI/deepforest_custom/phase5_tiles/won_tile_36_rot290.tif,252.0,48.0,311.0,99.0,Tree,284.9050693401892,-0.9663533252837652,0.2572182938925796,WON
/Users/tompitts/dphil/CanopyAI/deepforest_custom/phase5_tiles/won_tile_36_rot290.tif,280.0,114.0,332.0,158.0,Tree,284.9050693401892,-0.9663533252837652,0.2572182938925796,WON
/Users/tompitts/dphil/CanopyAI/deepforest_custom/phase5_tiles/won_tile_36_rot290.tif,298.0,145.0,380.0,236.0,Tree,284.9050693401892,-0.9663533252837652,0.2572182938925796,WON
/Users/tompitts/dphil/CanopyAI/deepforest_custom/phase5_tiles/won_tile_36_rot290.tif,323.0,250.0,382.0,309.0,Tree,284.9050693401892,-0.9663533252837652,0.2572182938925796,WON
/Users/tompitts/dphil/CanopyAI/deepforest_custom/phase5_tiles/won_tile_36_rot290.tif,335.0,303.0,389.0,352.0,Tree,284.9050693401892,-0.9663533252837652,0.2572182938925796,WON
/Users/tompitts/dphil/CanopyAI/deepforest_custom/phase5_tiles/won_tile_36_rot290.tif,343.0,348.0,423.0,426.0,Tree,284.9050693401892,-0.9663533252837652,0.2572182938925796,WON
/Users/tompitts/dphil/CanopyAI/deepforest_custom/phase5_tiles/won_tile_36_rot290.tif,157.0,186.0,225.0,248.0,Tree,284.9050693401892,-0.9663533252837652,0.2572182938925796,WON
/Users/tompitts/dphil/CanopyAI/deepforest_custom/phase5_tiles/won_tile_36_rot290.tif,168.0,218.0,232.0,268.0,Tree,284.9050693401892,-0.9663533252837652,0.2572182938925796,WON
/Users/tompitts/dphil/CanopyAI/deepforest_custom/phase5_tiles/won_tile_36_rot290.tif,237.0,292.0,294.0,346.0,Tree,284.9050693401892,-0.9663533252837652,0.2572182938925796,WON
/Users/tompitts/dphil/CanopyAI/deepforest_custom/phase5_tiles/won_tile_36_rot290.tif,175.0,261.0,227.0,312.0,Tree,284.9050693401892,-0.9663533252837652,0.2572182938925796,WON
/Users/tompitts/dphil/CanopyAI/deepforest_custom/phase5_tiles/won_tile_36_rot290.tif,199.0,96.0,248.0,140.0,Tree,284.9050693401892,-0.9663533252837652,0.2572182938925796,WON
/Users/tompitts/dphil/CanopyAI/deepforest_custom/phase5_tiles/won_tile_36_rot290.tif,226.0,112.0,278.0,159.0,Tree,284.9050693401892,-0.9663533252837652,0.2572182938925796,WON
/Users/tompitts/dphil/CanopyAI/deepforest_custom/phase5_tiles/won_tile_36_rot290.tif,245.0,196.0,297.0,243.0,Tree,284.9050693401892,-0.9663533252837652,0.2572182938925796,WON
/Users/tompitts/dphil/CanopyAI/deepforest_custom/phase5_tiles/won_tile_36_rot290.tif,295.0,411.0,348.0,459.0,Tree,284.9050693401892,-0.9663533252837652,0.2572182938925796,WON
/Users/tompitts/dphil/CanopyAI/deepforest_custom/phase5_tiles/won_tile_36_rot290.tif,118.0,8.0,195.0,67.0,Tree,284.9050693401892,-0.9663533252837652,0.2572182938925796,WON
/Users/tompitts/dphil/CanopyAI/deepforest_custom/phase5_tiles/won_tile_36_rot290.tif,83.0,40.0,146.0,97.0,Tree,284.9050693401892,-0.9663533252837652,0.2572182938925796,WON
/Users/tompitts/dphil/CanopyAI/deepforest_custom/phase5_tiles/won_tile_36_rot290.tif,21.0,104.0,81.0,157.0,Tree,284.9050693401892,-0.9663533252837652,0.2572182938925796,WON
/Users/tompitts/dphil/CanopyAI/deepforest_custom/phase5_tiles/won_tile_36_rot290.tif,0.0,95.0,15.0,172.0,Tree,284.9050693401892,-0.9663533252837652,0.2572182938925796,WON
/Users/tompitts/dphil/CanopyAI/deepforest_custom/phase5_tiles/won_tile_36_rot290.tif,88.0,277.0,145.0,330.0,Tree,284.9050693401892,-0.9663533252837652,0.2572182938925796,WON
/Users/tompitts/dphil/CanopyAI/deepforest_custom/phase5_tiles/won_tile_36_rot290.tif,17.0,309.0,110.0,390.0,Tree,284.9050693401892,-0.9663533252837652,0.2572182938925796,WON
/Users/tompitts/dphil/CanopyAI/deepforest_custom/phase5_tiles/won_tile_36_rot290.tif,79.0,355.0,136.0,401.0,Tree,284.9050693401892,-0.9663533252837652,0.2572182938925796,WON
/Users/tompitts/dphil/CanopyAI/deepforest_custom/phase5_tiles/won_tile_36_rot290.tif,120.0,432.0,186.0,487.0,Tree,284.9050693401892,-0.9663533252837652,0.2572182938925796,WON
/Users/tompitts/dphil/CanopyAI/deepforest_custom/phase5_tiles/won_tile_36_rot290.tif,120.0,483.0,171.0,500.0,Tree,284.9050693401892,-0.9663533252837652,0.2572182938925796,WON
/Users/tompitts/dphil/CanopyAI/deepforest_custom/phase5_tiles/won_tile_36_rot290.tif,171.0,482.0,230.0,500.0,Tree,284.9050693401892,-0.9663533252837652,0.2572182938925796,WON
/Users/tompitts/dphil/CanopyAI/deepforest_custom/phase5_tiles/won_tile_14_rot99.tif,28.0,441.0,79.0,493.0,Tree,115.98944538711709,0.8988747846014733,-0.4382055700326673,WON
/Users/tompitts/dphil/CanopyAI/deepforest_custom/phase5_tiles/won_tile_14_rot99.tif,90.0,478.0,151.0,500.0,Tree,115.98944538711709,0.8988747846014733,-0.4382055700326673,WON
/Users/tompitts/dphil/CanopyAI/deepforest_custom/phase5_tiles/won_tile_14_rot99.tif,101.0,432.0,148.0,473.0,Tree,115.98944538711709,0.8988747846014733,-0.4382055700326673,WON
/Users/tompitts/dphil/CanopyAI/deepforest_custom/phase5_tiles/won_tile_14_rot99.tif,64.0,369.0,121.0,411.0,Tree,115.98944538711709,0.8988747846014733,-0.4382055700326673,WON
/Users/tompitts/dphil/CanopyAI/deepforest_custom/phase5_tiles/won_tile_14_rot99.tif,47.0,282.0,121.0,345.0,Tree,115.98944538711709,0.8988747846014733,-0.4382055700326673,WON
/Users/tompitts/dphil/CanopyAI/deepforest_custom/phase5_tiles/won_tile_14_rot99.tif,33.0,197.0,112.0,261.0,Tree,115.98944538711709,0.8988747846014733,-0.4382055700326673,WON
/Users/tompitts/dphil/CanopyAI/deepforest_custom/phase5_tiles/won_tile_14_rot99.tif,153.0,135.0,233.0,200.0,Tree,115.98944538711709,0.8988747846014733,-0.4382055700326673,WON
/Users/tompitts/dphil/CanopyAI/deepforest_custom/phase5_tiles/won_tile_14_rot99.tif,33.0,142.0,122.0,208.0,Tree,115.98944538711709,0.8988747846014733,-0.4382055700326673,WON
/Users/tompitts/dphil/CanopyAI/deepforest_custom/phase5_tiles/won_tile_14_rot99.tif,160.0,439.0,211.0,484.0,Tree,115.98944538711709,0.8988747846014733,-0.4382055700326673,WON
/Users/tompitts/dphil/CanopyAI/deepforest_custom/phase5_tiles/won_tile_14_rot99.tif,156.0,380.0,218.0,441.0,Tree,115.98944538711709,0.8988747846014733,-0.4382055700326673,WON
/Users/tompitts/dphil/CanopyAI/deepforest_custom/phase5_tiles/won_tile_14_rot99.tif,122.0,296.0,175.0,355.0,Tree,115.98944538711709,0.8988747846014733,-0.4382055700326673,WON
/Users/tompitts/dphil/CanopyAI/deepforest_custom/phase5_tiles/won_tile_14_rot99.tif,170.0,317.0,239.0,381.0,Tree,115.98944538711709,0.8988747846014733,-0.4382055700326673,WON
/Users/tompitts/dphil/CanopyAI/deepforest_custom/phase5_tiles/won_tile_14_rot99.tif,180.0,265.0,240.0,319.0,Tree,115.98944538711709,0.8988747846014733,-0.4382055700326673,WON
/Users/tompitts/dphil/CanopyAI/deepforest_custom/phase5_tiles/won_tile_14_rot99.tif,211.0,443.0,268.0,500.0,Tree,115.98944538711709,0.8988747846014733,-0.4382055700326673,WON
/Users/tompitts/dphil/CanopyAI/deepforest_custom/phase5_tiles/won_tile_14_rot99.tif,338.0,431.0,424.0,487.0,Tree,115.98944538711709,0.8988747846014733,-0.4382055700326673,WON
/Users/tompitts/dphil/CanopyAI/deepforest_custom/phase5_tiles/won_tile_14_rot99.tif,308.0,389.0,365.0,440.0,Tree,115.98944538711709,0.8988747846014733,-0.4382055700326673,WON
/Users/tompitts/dphil/CanopyAI/deepforest_custom/phase5_tiles/won_tile_14_rot99.tif,262.0,279.0,312.0,324.0,Tree,115.98944538711709,0.8988747846014733,-0.4382055700326673,WON
/Users/tompitts/dphil/CanopyAI/deepforest_custom/phase5_tiles/won_tile_14_rot99.tif,271.0,248.0,340.0,303.0,Tree,115.98944538711709,0.8988747846014733,-0.4382055700326673,WON
/Users/tompitts/dphil/CanopyAI/deepforest_custom/phase5_tiles/won_tile_14_rot99.tif,307.0,149.0,368.0,204.0,Tree,115.98944538711709,0.8988747846014733,-0.4382055700326673,WON
/Users/tompitts/dphil/CanopyAI/deepforest_custom/phase5_tiles/won_tile_14_rot99.tif,300.0,105.0,337.0,145.0,Tree,115.98944538711709,0.8988747846014733,-0.4382055700326673,WON
/Users/tompitts/dphil/CanopyAI/deepforest_custom/phase5_tiles/won_tile_14_rot99.tif,194.0,197.0,252.0,251.0,Tree,115.98944538711709,0.8988747846014733,-0.4382055700326673,WON
/Users/tompitts/dphil/CanopyAI/deepforest_custom/phase5_tiles/won_tile_14_rot99.tif,236.0,344.0,285.0,391.0,Tree,115.98944538711709,0.8988747846014733,-0.4382055700326673,WON
/Users/tompitts/dphil/CanopyAI/deepforest_custom/phase5_tiles/won_tile_14_rot99.tif,255.0,405.0,295.0,439.0,Tree,115.98944538711709,0.8988747846014733,-0.4382055700326673,WON
/Users/tompitts/dphil/CanopyAI/deepforest_custom/phase5_tiles/won_tile_14_rot99.tif,244.0,427.0,313.0,488.0,Tree,115.98944538711709,0.8988747846014733,-0.4382055700326673,WON
/Users/tompitts/dphil/CanopyAI/deepforest_custom/phase5_tiles/won_tile_14_rot99.tif,361.0,339.0,417.0,397.0,Tree,115.98944538711709,0.8988747846014733,-0.4382055700326673,WON
/Users/tompitts/dphil/CanopyAI/deepforest_custom/phase5_tiles/won_tile_14_rot99.tif,357.0,242.0,419.0,295.0,Tree,115.98944538711709,0.8988747846014733,-0.4382055700326673,WON
/Users/tompitts/dphil/CanopyAI/deepforest_custom/phase5_tiles/won_tile_14_rot99.tif,470.0,385.0,500.0,461.0,Tree,115.98944538711709,0.8988747846014733,-0.4382055700326673,WON
/Users/tompitts/dphil/CanopyAI/deepforest_custom/phase5_tiles/won_tile_14_rot99.tif,439.0,359.0,478.0,397.0,Tree,115.98944538711709,0.8988747846014733,-0.4382055700326673,WON
/Users/tompitts/dphil/CanopyAI/deepforest_custom/phase5_tiles/won_tile_14_rot99.tif,410.0,278.0,458.0,322.0,Tree,115.98944538711709,0.8988747846014733,-0.4382055700326673,WON
/Users/tompitts/dphil/CanopyAI/deepforest_custom/phase5_tiles/won_tile_14_rot99.tif,472.0,294.0,500.0,353.0,Tree,115.98944538711709,0.8988747846014733,-0.4382055700326673,WON
/Users/tompitts/dphil/CanopyAI/deepforest_custom/phase5_tiles/won_tile_14_rot99.tif,401.0,218.0,473.0,269.0,Tree,115.98944538711709,0.8988747846014733,-0.4382055700326673,WON
/Users/tompitts/dphil/CanopyAI/deepforest_custom/phase5_tiles/won_tile_14_rot99.tif,407.0,148.0,482.0,213.0,Tree,115.98944538711709,0.8988747846014733,-0.4382055700326673,WON
/Users/tompitts/dphil/CanopyAI/deepforest_custom/phase5_tiles/won_tile_14_rot99.tif,428.0,123.0,471.0,160.0,Tree,115.98944538711709,0.8988747846014733,-0.4382055700326673,WON
/Users/tompitts/dphil/CanopyAI/deepforest_custom/phase5_tiles/won_tile_14_rot99.tif,436.0,183.0,499.0,247.0,Tree,115.98944538711709,0.8988747846014733,-0.4382055700326673,WON
/Users/tompitts/dphil/CanopyAI/deepforest_custom/phase5_tiles/won_tile_21_rot321.tif,160.0,0.0,224.0,38.0,Tree,253.81535562625567,-0.9603684225448252,-0.2787337313257301,WON
/Users/tompitts/dphil/CanopyAI/deepforest_custom/phase5_tiles/won_tile_21_rot321.tif,112.0,0.0,190.0,42.0,Tree,253.81535562625567,-0.9603684225448252,-0.2787337313257301,WON
/Users/tompitts/dphil/CanopyAI/deepforest_custom/phase5_tiles/won_tile_21_rot321.tif,287.0,0.0,348.0,45.0,Tree,253.81535562625567,-0.9603684225448252,-0.2787337313257301,WON
/Users/tompitts/dphil/CanopyAI/deepforest_custom/phase5_tiles/won_tile_21_rot321.tif,255.0,15.0,320.0,80.0,Tree,253.81535562625567,-0.9603684225448252,-0.2787337313257301,WON
/Users/tompitts/dphil/CanopyAI/deepforest_custom/phase5_tiles/won_tile_21_rot321.tif,366.0,52.0,418.0,104.0,Tree,253.81535562625567,-0.9603684225448252,-0.2787337313257301,WON
/Users/tompitts/dphil/CanopyAI/deepforest_custom/phase5_tiles/won_tile_21_rot321.tif,422.0,89.0,480.0,146.0,Tree,253.81535562625567,-0.9603684225448252,-0.2787337313257301,WON
/Users/tompitts/dphil/CanopyAI/deepforest_custom/phase5_tiles/won_tile_21_rot321.tif,397.0,114.0,490.0,206.0,Tree,253.81535562625567,-0.9603684225448252,-0.2787337313257301,WON
/Users/tompitts/dphil/CanopyAI/deepforest_custom/phase5_tiles/won_tile_21_rot321.tif,253.0,69.0,311.0,127.0,Tree,253.81535562625567,-0.9603684225448252,-0.2787337313257301,WON
/Users/tompitts/dphil/CanopyAI/deepforest_custom/phase5_tiles/won_tile_21_rot321.tif,292.0,115.0,354.0,177.0,Tree,253.81535562625567,-0.9603684225448252,-0.2787337313257301,WON
/Users/tompitts/dphil/CanopyAI/deepforest_custom/phase5_tiles/won_tile_21_rot321.tif,312.0,149.0,383.0,222.0,Tree,253.81535562625567,-0.9603684225448252,-0.2787337313257301,WON
/Users/tompitts/dphil/CanopyAI/deepforest_custom/phase5_tiles/won_tile_21_rot321.tif,393.0,316.0,489.0,416.0,Tree,253.81535562625567,-0.9603684225448252,-0.2787337313257301,WON
/Users/tompitts/dphil/CanopyAI/deepforest_custom/phase5_tiles/won_tile_21_rot321.tif,205.0,194.0,296.0,285.0,Tree,253.81535562625567,-0.9603684225448252,-0.2787337313257301,WON
/Users/tompitts/dphil/CanopyAI/deepforest_custom/phase5_tiles/won_tile_21_rot321.tif,103.0,115.0,178.0,192.0,Tree,253.81535562625567,-0.9603684225448252,-0.2787337313257301,WON
/Users/tompitts/dphil/CanopyAI/deepforest_custom/phase5_tiles/won_tile_21_rot321.tif,99.0,169.0,177.0,248.0,Tree,253.81535562625567,-0.9603684225448252,-0.2787337313257301,WON
/Users/tompitts/dphil/CanopyAI/deepforest_custom/phase5_tiles/won_tile_21_rot321.tif,60.0,241.0,136.0,317.0,Tree,253.81535562625567,-0.9603684225448252,-0.2787337313257301,WON
/Users/tompitts/dphil/CanopyAI/deepforest_custom/phase5_tiles/won_tile_21_rot321.tif,294.0,388.0,374.0,468.0,Tree,253.81535562625567,-0.9603684225448252,-0.2787337313257301,WON
/Users/tompitts/dphil/CanopyAI/deepforest_custom/phase5_tiles/won_tile_21_rot321.tif,145.0,453.0,228.0,500.0,Tree,253.81535562625567,-0.9603684225448252,-0.2787337313257301,WON
/Users/tompitts/dphil/CanopyAI/deepforest_custom/phase5_tiles/won_tile_21_rot321.tif,31.0,324.0,102.0,395.0,Tree,253.81535562625567,-0.9603684225448252,-0.2787337313257301,WON
/Users/tompitts/dphil/CanopyAI/deepforest_custom/phase5_tiles/won_tile_21_rot321.tif,0.0,309.0,26.0,370.0,Tree,253.81535562625567,-0.9603684225448252,-0.2787337313257301,WON
/Users/tompitts/dphil/CanopyAI/deepforest_custom/phase5_tiles/won_tile_21_rot321.tif,466.0,164.0,500.0,225.0,Tree,253.81535562625567,-0.9603684225448252,-0.2787337313257301,WON
/Users/tompitts/dphil/CanopyAI/deepforest_custom/phase5_tiles/won_tile_21_rot321.tif,450.0,211.0,500.0,276.0,Tree,253.81535562625567,-0.9603684225448252,-0.2787337313257301,WON
/Users/tompitts/dphil/CanopyAI/deepforest_custom/phase5_tiles/won_tile_21_rot321.tif,408.0,179.0,467.0,240.0,Tree,253.81535562625567,-0.9603684225448252,-0.2787337313257301,WON
/Users/tompitts/dphil/CanopyAI/deepforest_custom/phase5_tiles/won_tile_35_rot2.tif,0.0,8.0,29.0,49.0,Tree,212.66044651589803,-0.5396592644786862,-0.8418835301051586,WON
/Users/tompitts/dphil/CanopyAI/deepforest_custom/phase5_tiles/won_tile_35_rot2.tif,46.0,4.0,134.0,63.0,Tree,212.66044651589803,-0.5396592644786862,-0.8418835301051586,WON
/Users/tompitts/dphil/CanopyAI/deepforest_custom/phase5_tiles/won_tile_35_rot2.tif,168.0,1.0,207.0,42.0,Tree,212.66044651589803,-0.5396592644786862,-0.8418835301051586,WON
/Users/tompitts/dphil/CanopyAI/deepforest_custom/phase5_tiles/won_tile_35_rot2.tif,205.0,1.0,247.0,52.0,Tree,212.66044651589803,-0.5396592644786862,-0.8418835301051586,WON
/Users/tompitts/dphil/CanopyAI/deepforest_custom/phase5_tiles/won_tile_35_rot2.tif,278.0,0.0,320.0,29.0,Tree,212.66044651589803,-0.5396592644786862,-0.8418835301051586,WON
/Users/tompitts/dphil/CanopyAI/deepforest_custom/phase5_tiles/won_tile_35_rot2.tif,384.0,26.0,412.0,81.0,Tree,212.66044651589803,-0.5396592644786862,-0.8418835301051586,WON
/Users/tompitts/dphil/CanopyAI/deepforest_custom/phase5_tiles/won_tile_35_rot2.tif,409.0,30.0,460.0,89.0,Tree,212.66044651589803,-0.5396592644786862,-0.8418835301051586,WON
/Users/tompitts/dphil/CanopyAI/deepforest_custom/phase5_tiles/won_tile_35_rot2.tif,9.0,66.0,38.0,106.0,Tree,212.66044651589803,-0.5396592644786862,-0.8418835301051586,WON
/Users/tompitts/dphil/CanopyAI/deepforest_custom/phase5_tiles/won_tile_35_rot2.tif,58.0,90.0,89.0,130.0,Tree,212.66044651589803,-0.5396592644786862,-0.8418835301051586,WON
/Users/tompitts/dphil/CanopyAI/deepforest_custom/phase5_tiles/won_tile_35_rot2.tif,32.0,72.0,61.0,123.0,Tree,212.66044651589803,-0.5396592644786862,-0.8418835301051586,WON
/Users/tompitts/dphil/CanopyAI/deepforest_custom/phase5_tiles/won_tile_35_rot2.tif,98.0,63.0,140.0,116.0,Tree,212.66044651589803,-0.5396592644786862,-0.8418835301051586,WON
/Users/tompitts/dphil/CanopyAI/deepforest_custom/phase5_tiles/won_tile_35_rot2.tif,190.0,48.0,225.0,108.0,Tree,212.66044651589803,-0.5396592644786862,-0.8418835301051586,WON
/Users/tompitts/dphil/CanopyAI/deepforest_custom/phase5_tiles/won_tile_35_rot2.tif,263.0,40.0,313.0,93.0,Tree,212.66044651589803,-0.5396592644786862,-0.8418835301051586,WON
/Users/tompitts/dphil/CanopyAI/deepforest_custom/phase5_tiles/won_tile_35_rot2.tif,137.0,118.0,173.0,164.0,Tree,212.66044651589803,-0.5396592644786862,-0.8418835301051586,WON
/Users/tompitts/dphil/CanopyAI/deepforest_custom/phase5_tiles/won_tile_35_rot2.tif,218.0,88.0,288.0,155.0,Tree,212.66044651589803,-0.5396592644786862,-0.8418835301051586,WON
/Users/tompitts/dphil/CanopyAI/deepforest_custom/phase5_tiles/won_tile_35_rot2.tif,22.0,143.0,84.0,203.0,Tree,212.66044651589803,-0.5396592644786862,-0.8418835301051586,WON
/Users/tompitts/dphil/CanopyAI/deepforest_custom/phase5_tiles/won_tile_35_rot2.tif,0.0,276.0,30.0,325.0,Tree,212.66044651589803,-0.5396592644786862,-0.8418835301051586,WON
/Users/tompitts/dphil/CanopyAI/deepforest_custom/phase5_tiles/won_tile_35_rot2.tif,27.0,328.0,78.0,386.0,Tree,212.66044651589803,-0.5396592644786862,-0.8418835301051586,WON
/Users/tompitts/dphil/CanopyAI/deepforest_custom/phase5_tiles/won_tile_35_rot2.tif,85.0,343.0,134.0,409.0,Tree,212.66044651589803,-0.5396592644786862,-0.8418835301051586,WON
/Users/tompitts/dphil/CanopyAI/deepforest_custom/phase5_tiles/won_tile_35_rot2.tif,147.0,257.0,200.0,310.0,Tree,212.66044651589803,-0.5396592644786862,-0.8418835301051586,WON
/Users/tompitts/dphil/CanopyAI/deepforest_custom/phase5_tiles/won_tile_35_rot2.tif,223.0,196.0,277.0,262.0,Tree,212.66044651589803,-0.5396592644786862,-0.8418835301051586,WON
/Users/tompitts/dphil/CanopyAI/deepforest_custom/phase5_tiles/won_tile_35_rot2.tif,89.0,222.0,134.0,304.0,Tree,212.66044651589803,-0.5396592644786862,-0.8418835301051586,WON
/Users/tompitts/dphil/CanopyAI/deepforest_custom/phase5_tiles/won_tile_35_rot2.tif,249.0,134.0,296.0,192.0,Tree,212.66044651589803,-0.5396592644786862,-0.8418835301051586,WON
/Users/tompitts/dphil/CanopyAI/deepforest_custom/phase5_tiles/won_tile_35_rot2.tif,335.0,157.0,370.0,206.0,Tree,212.66044651589803,-0.5396592644786862,-0.8418835301051586,WON
/Users/tompitts/dphil/CanopyAI/deepforest_custom/phase5_tiles/won_tile_35_rot2.tif,377.0,149.0,446.0,210.0,Tree,212.66044651589803,-0.5396592644786862,-0.8418835301051586,WON
/Users/tompitts/dphil/CanopyAI/deepforest_custom/phase5_tiles/won_tile_35_rot2.tif,325.0,200.0,378.0,264.0,Tree,212.66044651589803,-0.5396592644786862,-0.8418835301051586,WON
/Users/tompitts/dphil/CanopyAI/deepforest_custom/phase5_tiles/won_tile_35_rot2.tif,354.0,235.0,389.0,281.0,Tree,212.66044651589803,-0.5396592644786862,-0.8418835301051586,WON
/Users/tompitts/dphil/CanopyAI/deepforest_custom/phase5_tiles/won_tile_35_rot2.tif,168.0,297.0,198.0,337.0,Tree,212.66044651589803,-0.5396592644786862,-0.8418835301051586,WON
/Users/tompitts/dphil/CanopyAI/deepforest_custom/phase5_tiles/won_tile_35_rot2.tif,189.0,298.0,222.0,354.0,Tree,212.66044651589803,-0.5396592644786862,-0.8418835301051586,WON
/Users/tompitts/dphil/CanopyAI/deepforest_custom/phase5_tiles/won_tile_35_rot2.tif,221.0,302.0,251.0,353.0,Tree,212.66044651589803,-0.5396592644786862,-0.8418835301051586,WON
/Users/tompitts/dphil/CanopyAI/deepforest_custom/phase5_tiles/won_tile_35_rot2.tif,237.0,316.0,277.0,360.0,Tree,212.66044651589803,-0.5396592644786862,-0.8418835301051586,WON
/Users/tompitts/dphil/CanopyAI/deepforest_custom/phase5_tiles/won_tile_35_rot2.tif,254.0,270.0,291.0,330.0,Tree,212.66044651589803,-0.5396592644786862,-0.8418835301051586,WON
/Users/tompitts/dphil/CanopyAI/deepforest_custom/phase5_tiles/won_tile_35_rot2.tif,285.0,260.0,343.0,337.0,Tree,212.66044651589803,-0.5396592644786862,-0.8418835301051586,WON
/Users/tompitts/dphil/CanopyAI/deepforest_custom/phase5_tiles/won_tile_35_rot2.tif,350.0,297.0,415.0,375.0,Tree,212.66044651589803,-0.5396592644786862,-0.8418835301051586,WON
/Users/tompitts/dphil/CanopyAI/deepforest_custom/phase5_tiles/won_tile_35_rot2.tif,444.0,358.0,500.0,486.0,Tree,212.66044651589803,-0.5396592644786862,-0.8418835301051586,WON
/Users/tompitts/dphil/CanopyAI/deepforest_custom/phase5_tiles/won_tile_35_rot2.tif,273.0,350.0,312.0,401.0,Tree,212.66044651589803,-0.5396592644786862,-0.8418835301051586,WON
/Users/tompitts/dphil/CanopyAI/deepforest_custom/phase5_tiles/won_tile_35_rot2.tif,276.0,410.0,360.0,497.0,Tree,212.66044651589803,-0.5396592644786862,-0.8418835301051586,WON
/Users/tompitts/dphil/CanopyAI/deepforest_custom/phase5_tiles/won_tile_35_rot2.tif,374.0,464.0,412.0,494.0,Tree,212.66044651589803,-0.5396592644786862,-0.8418835301051586,WON
/Users/tompitts/dphil/CanopyAI/deepforest_custom/phase5_tiles/won_tile_35_rot2.tif,182.0,359.0,212.0,399.0,Tree,212.66044651589803,-0.5396592644786862,-0.8418835301051586,WON
/Users/tompitts/dphil/CanopyAI/deepforest_custom/phase5_tiles/won_tile_35_rot2.tif,221.0,379.0,261.0,425.0,Tree,212.66044651589803,-0.5396592644786862,-0.8418835301051586,WON
/Users/tompitts/dphil/CanopyAI/deepforest_custom/phase5_tiles/won_tile_35_rot2.tif,154.0,401.0,256.0,495.0,Tree,212.66044651589803,-0.5396592644786862,-0.8418835301051586,WON
/Users/tompitts/dphil/CanopyAI/deepforest_custom/phase5_tiles/won_tile_35_rot2.tif,116.0,459.0,156.0,500.0,Tree,212.66044651589803,-0.5396592644786862,-0.8418835301051586,WON
/Users/tompitts/dphil/CanopyAI/deepforest_custom/phase5_tiles/won_tile_35_rot2.tif,432.0,272.0,456.0,315.0,Tree,212.66044651589803,-0.5396592644786862,-0.8418835301051586,WON
/Users/tompitts/dphil/CanopyAI/deepforest_custom/phase5_tiles/won_tile_5_rot222.tif,488.0,207.0,500.0,271.0,Tree,352.33288914887146,-0.1334173152982796,0.9910599477219324,WON
/Users/tompitts/dphil/CanopyAI/deepforest_custom/phase5_tiles/won_tile_5_rot222.tif,478.0,243.0,500.0,292.0,Tree,352.33288914887146,-0.1334173152982796,0.9910599477219324,WON
/Users/tompitts/dphil/CanopyAI/deepforest_custom/phase5_tiles/won_tile_5_rot222.tif,456.0,271.0,500.0,324.0,Tree,352.33288914887146,-0.1334173152982796,0.9910599477219324,WON
/Users/tompitts/dphil/CanopyAI/deepforest_custom/phase5_tiles/won_tile_5_rot222.tif,411.0,336.0,477.0,403.0,Tree,352.33288914887146,-0.1334173152982796,0.9910599477219324,WON
/Users/tompitts/dphil/CanopyAI/deepforest_custom/phase5_tiles/won_tile_5_rot222.tif,388.0,273.0,444.0,329.0,Tree,352.33288914887146,-0.1334173152982796,0.9910599477219324,WON
/Users/tompitts/dphil/CanopyAI/deepforest_custom/phase5_tiles/won_tile_5_rot222.tif,366.0,334.0,414.0,382.0,Tree,352.33288914887146,-0.1334173152982796,0.9910599477219324,WON
/Users/tompitts/dphil/CanopyAI/deepforest_custom/phase5_tiles/won_tile_5_rot222.tif,394.0,342.0,438.0,387.0,Tree,352.33288914887146,-0.1334173152982796,0.9910599477219324,WON
/Users/tompitts/dphil/CanopyAI/deepforest_custom/phase5_tiles/won_tile_5_rot222.tif,325.0,431.0,381.0,487.0,Tree,352.33288914887146,-0.1334173152982796,0.9910599477219324,WON
/Users/tompitts/dphil/CanopyAI/deepforest_custom/phase5_tiles/won_tile_5_rot222.tif,452.0,140.0,500.0,219.0,Tree,352.33288914887146,-0.1334173152982796,0.9910599477219324,WON
/Users/tompitts/dphil/CanopyAI/deepforest_custom/phase5_tiles/won_tile_5_rot222.tif,416.0,127.0,483.0,195.0,Tree,352.33288914887146,-0.1334173152982796,0.9910599477219324,WON
/Users/tompitts/dphil/CanopyAI/deepforest_custom/phase5_tiles/won_tile_5_rot222.tif,365.0,163.0,428.0,226.0,Tree,352.33288914887146,-0.1334173152982796,0.9910599477219324,WON
/Users/tompitts/dphil/CanopyAI/deepforest_custom/phase5_tiles/won_tile_5_rot222.tif,386.0,88.0,452.0,155.0,Tree,352.33288914887146,-0.1334173152982796,0.9910599477219324,WON
/Users/tompitts/dphil/CanopyAI/deepforest_custom/phase5_tiles/won_tile_5_rot222.tif,334.0,35.0,387.0,88.0,Tree,352.33288914887146,-0.1334173152982796,0.9910599477219324,WON
/Users/tompitts/dphil/CanopyAI/deepforest_custom/phase5_tiles/won_tile_5_rot222.tif,341.0,128.0,389.0,176.0,Tree,352.33288914887146,-0.1334173152982796,0.9910599477219324,WON
/Users/tompitts/dphil/CanopyAI/deepforest_custom/phase5_tiles/won_tile_5_rot222.tif,302.0,95.0,350.0,143.0,Tree,352.33288914887146,-0.1334173152982796,0.9910599477219324,WON
/Users/tompitts/dphil/CanopyAI/deepforest_custom/phase5_tiles/won_tile_5_rot222.tif,268.0,80.0,317.0,130.0,Tree,352.33288914887146,-0.1334173152982796,0.9910599477219324,WON
/Users/tompitts/dphil/CanopyAI/deepforest_custom/phase5_tiles/won_tile_5_rot222.tif,264.0,0.0,334.0,58.0,Tree,352.33288914887146,-0.1334173152982796,0.9910599477219324,WON
/Users/tompitts/dphil/CanopyAI/deepforest_custom/phase5_tiles/won_tile_5_rot222.tif,204.0,0.0,304.0,26.0,Tree,352.33288914887146,-0.1334173152982796,0.9910599477219324,WON
/Users/tompitts/dphil/CanopyAI/deepforest_custom/phase5_tiles/won_tile_5_rot222.tif,337.0,362.0,403.0,429.0,Tree,352.33288914887146,-0.1334173152982796,0.9910599477219324,WON
/Users/tompitts/dphil/CanopyAI/deepforest_custom/phase5_tiles/won_tile_5_rot222.tif,287.0,353.0,346.0,412.0,Tree,352.33288914887146,-0.1334173152982796,0.9910599477219324,WON
/Users/tompitts/dphil/CanopyAI/deepforest_custom/phase5_tiles/won_tile_5_rot222.tif,269.0,440.0,315.0,487.0,Tree,352.33288914887146,-0.1334173152982796,0.9910599477219324,WON
/Users/tompitts/dphil/CanopyAI/deepforest_custom/phase5_tiles/won_tile_5_rot222.tif,215.0,457.0,274.0,500.0,Tree,352.33288914887146,-0.1334173152982796,0.9910599477219324,WON
/Users/tompitts/dphil/CanopyAI/deepforest_custom/phase5_tiles/won_tile_5_rot222.tif,191.0,422.0,245.0,476.0,Tree,352.33288914887146,-0.1334173152982796,0.9910599477219324,WON
/Users/tompitts/dphil/CanopyAI/deepforest_custom/phase5_tiles/won_tile_5_rot222.tif,154.0,459.0,208.0,500.0,Tree,352.33288914887146,-0.1334173152982796,0.9910599477219324,WON
/Users/tompitts/dphil/CanopyAI/deepforest_custom/phase5_tiles/won_tile_5_rot222.tif,173.0,357.0,240.0,425.0,Tree,352.33288914887146,-0.1334173152982796,0.9910599477219324,WON
/Users/tompitts/dphil/CanopyAI/deepforest_custom/phase5_tiles/won_tile_5_rot222.tif,204.0,327.0,256.0,379.0,Tree,352.33288914887146,-0.1334173152982796,0.9910599477219324,WON
/Users/tompitts/dphil/CanopyAI/deepforest_custom/phase5_tiles/won_tile_5_rot222.tif,166.0,245.0,233.0,313.0,Tree,352.33288914887146,-0.1334173152982796,0.9910599477219324,WON
/Users/tompitts/dphil/CanopyAI/deepforest_custom/phase5_tiles/won_tile_5_rot222.tif,168.0,304.0,215.0,351.0,Tree,352.33288914887146,-0.1334173152982796,0.9910599477219324,WON
/Users/tompitts/dphil/CanopyAI/deepforest_custom/phase5_tiles/won_tile_5_rot222.tif,134.0,329.0,186.0,380.0,Tree,352.33288914887146,-0.1334173152982796,0.9910599477219324,WON
/Users/tompitts/dphil/CanopyAI/deepforest_custom/phase5_tiles/won_tile_5_rot222.tif,149.0,399.0,191.0,442.0,Tree,352.33288914887146,-0.1334173152982796,0.9910599477219324,WON
/Users/tompitts/dphil/CanopyAI/deepforest_custom/phase5_tiles/won_tile_5_rot222.tif,119.0,402.0,172.0,456.0,Tree,352.33288914887146,-0.1334173152982796,0.9910599477219324,WON
/Users/tompitts/dphil/CanopyAI/deepforest_custom/phase5_tiles/won_tile_5_rot222.tif,299.0,135.0,358.0,196.0,Tree,352.33288914887146,-0.1334173152982796,0.9910599477219324,WON
/Users/tompitts/dphil/CanopyAI/deepforest_custom/phase5_tiles/won_tile_5_rot222.tif,287.0,154.0,334.0,201.0,Tree,352.33288914887146,-0.1334173152982796,0.9910599477219324,WON
/Users/tompitts/dphil/CanopyAI/deepforest_custom/phase5_tiles/won_tile_5_rot222.tif,243.0,136.0,316.0,212.0,Tree,352.33288914887146,-0.1334173152982796,0.9910599477219324,WON
/Users/tompitts/dphil/CanopyAI/deepforest_custom/phase5_tiles/won_tile_5_rot222.tif,243.0,188.0,295.0,241.0,Tree,352.33288914887146,-0.1334173152982796,0.9910599477219324,WON
/Users/tompitts/dphil/CanopyAI/deepforest_custom/phase5_tiles/won_tile_5_rot222.tif,213.0,209.0,271.0,268.0,Tree,352.33288914887146,-0.1334173152982796,0.9910599477219324,WON
/Users/tompitts/dphil/CanopyAI/deepforest_custom/phase5_tiles/won_tile_5_rot222.tif,75.0,322.0,133.0,380.0,Tree,352.33288914887146,-0.1334173152982796,0.9910599477219324,WON
/Users/tompitts/dphil/CanopyAI/deepforest_custom/phase5_tiles/won_tile_5_rot222.tif,90.0,274.0,149.0,334.0,Tree,352.33288914887146,-0.1334173152982796,0.9910599477219324,WON
/Users/tompitts/dphil/CanopyAI/deepforest_custom/phase5_tiles/won_tile_5_rot222.tif,101.0,234.0,179.0,314.0,Tree,352.33288914887146,-0.1334173152982796,0.9910599477219324,WON
/Users/tompitts/dphil/CanopyAI/deepforest_custom/phase5_tiles/won_tile_5_rot222.tif,60.0,191.0,127.0,257.0,Tree,352.33288914887146,-0.1334173152982796,0.9910599477219324,WON
/Users/tompitts/dphil/CanopyAI/deepforest_custom/phase5_tiles/won_tile_5_rot222.tif,34.0,261.0,93.0,322.0,Tree,352.33288914887146,-0.1334173152982796,0.9910599477219324,WON
/Users/tompitts/dphil/CanopyAI/deepforest_custom/phase5_tiles/won_tile_5_rot222.tif,11.0,275.0,73.0,338.0,Tree,352.33288914887146,-0.1334173152982796,0.9910599477219324,WON
/Users/tompitts/dphil/CanopyAI/deepforest_custom/phase5_tiles/won_tile_5_rot222.tif,30.0,362.0,81.0,414.0,Tree,352.33288914887146,-0.1334173152982796,0.9910599477219324,WON
/Users/tompitts/dphil/CanopyAI/deepforest_custom/phase5_tiles/won_tile_5_rot222.tif,99.0,382.0,151.0,435.0,Tree,352.33288914887146,-0.1334173152982796,0.9910599477219324,WON
/Users/tompitts/dphil/CanopyAI/deepforest_custom/phase5_tiles/won_tile_5_rot222.tif,99.0,109.0,211.0,222.0,Tree,352.33288914887146,-0.1334173152982796,0.9910599477219324,WON
/Users/tompitts/dphil/CanopyAI/deepforest_custom/phase5_tiles/won_tile_5_rot222.tif,106.0,82.0,161.0,137.0,Tree,352.33288914887146,-0.1334173152982796,0.9910599477219324,WON
/Users/tompitts/dphil/CanopyAI/deepforest_custom/phase5_tiles/won_tile_5_rot222.tif,20.0,220.0,65.0,265.0,Tree,352.33288914887146,-0.1334173152982796,0.9910599477219324,WON
/Users/tompitts/dphil/CanopyAI/deepforest_custom/phase5_tiles/won_tile_5_rot222.tif,0.0,224.0,38.0,263.0,Tree,352.33288914887146,-0.1334173152982796,0.9910599477219324,WON
/Users/tompitts/dphil/CanopyAI/deepforest_custom/phase5_tiles/won_tile_5_rot222.tif,0.0,178.0,40.0,234.0,Tree,352.33288914887146,-0.1334173152982796,0.9910599477219324,WON
/Users/tompitts/dphil/CanopyAI/deepforest_custom/phase5_tiles/won_tile_5_rot222.tif,0.0,186.0,19.0,260.0,Tree,352.33288914887146,-0.1334173152982796,0.9910599477219324,WON
/Users/tompitts/dphil/CanopyAI/deepforest_custom/phase5_tiles/won_tile_5_rot222.tif,110.0,444.0,159.0,493.0,Tree,352.33288914887146,-0.1334173152982796,0.9910599477219324,WON
/Users/tompitts/dphil/CanopyAI/deepforest_custom/phase5_tiles/won_tile_48_rot290.tif,379.0,216.0,456.0,281.0,Tree,284.4338216212231,-0.968436191080212,0.2492615971345188,WON
/Users/tompitts/dphil/CanopyAI/deepforest_custom/phase5_tiles/won_tile_48_rot290.tif,311.0,281.0,378.0,337.0,Tree,284.4338216212231,-0.968436191080212,0.2492615971345188,WON
/Users/tompitts/dphil/CanopyAI/deepforest_custom/phase5_tiles/won_tile_48_rot290.tif,222.0,378.0,281.0,432.0,Tree,284.4338216212231,-0.968436191080212,0.2492615971345188,WON
/Users/tompitts/dphil/CanopyAI/deepforest_custom/phase5_tiles/won_tile_48_rot290.tif,230.0,283.0,289.0,342.0,Tree,284.4338216212231,-0.968436191080212,0.2492615971345188,WON
/Users/tompitts/dphil/CanopyAI/deepforest_custom/phase5_tiles/won_tile_48_rot290.tif,192.0,256.0,247.0,310.0,Tree,284.4338216212231,-0.968436191080212,0.2492615971345188,WON
/Users/tompitts/dphil/CanopyAI/deepforest_custom/phase5_tiles/won_tile_48_rot290.tif,154.0,294.0,201.0,339.0,Tree,284.4338216212231,-0.968436191080212,0.2492615971345188,WON
/Users/tompitts/dphil/CanopyAI/deepforest_custom/phase5_tiles/won_tile_48_rot290.tif,186.0,299.0,267.0,379.0,Tree,284.4338216212231,-0.968436191080212,0.2492615971345188,WON
/Users/tompitts/dphil/CanopyAI/deepforest_custom/phase5_tiles/won_tile_48_rot290.tif,109.0,238.0,176.0,307.0,Tree,284.4338216212231,-0.968436191080212,0.2492615971345188,WON
/Users/tompitts/dphil/CanopyAI/deepforest_custom/phase5_tiles/won_tile_48_rot290.tif,68.0,363.0,129.0,432.0,Tree,284.4338216212231,-0.968436191080212,0.2492615971345188,WON
/Users/tompitts/dphil/CanopyAI/deepforest_custom/phase5_tiles/won_tile_48_rot290.tif,34.0,233.0,97.0,297.0,Tree,284.4338216212231,-0.968436191080212,0.2492615971345188,WON
/Users/tompitts/dphil/CanopyAI/deepforest_custom/phase5_tiles/won_tile_48_rot290.tif,63.0,201.0,112.0,250.0,Tree,284.4338216212231,-0.968436191080212,0.2492615971345188,WON
/Users/tompitts/dphil/CanopyAI/deepforest_custom/phase5_tiles/won_tile_48_rot290.tif,61.0,111.0,129.0,179.0,Tree,284.4338216212231,-0.968436191080212,0.2492615971345188,WON
/Users/tompitts/dphil/CanopyAI/deepforest_custom/phase5_tiles/won_tile_48_rot290.tif,41.0,155.0,89.0,206.0,Tree,284.4338216212231,-0.968436191080212,0.2492615971345188,WON
/Users/tompitts/dphil/CanopyAI/deepforest_custom/phase5_tiles/won_tile_48_rot290.tif,21.0,48.0,101.0,125.0,Tree,284.4338216212231,-0.968436191080212,0.2492615971345188,WON
/Users/tompitts/dphil/CanopyAI/deepforest_custom/phase5_tiles/won_tile_48_rot290.tif,0.0,223.0,41.0,262.0,Tree,284.4338216212231,-0.968436191080212,0.2492615971345188,WON
/Users/tompitts/dphil/CanopyAI/deepforest_custom/phase5_tiles/won_tile_48_rot290.tif,11.0,252.0,48.0,299.0,Tree,284.4338216212231,-0.968436191080212,0.2492615971345188,WON
/Users/tompitts/dphil/CanopyAI/deepforest_custom/phase5_tiles/won_tile_48_rot290.tif,365.0,147.0,429.0,207.0,Tree,284.4338216212231,-0.968436191080212,0.2492615971345188,WON
/Users/tompitts/dphil/CanopyAI/deepforest_custom/phase5_tiles/won_tile_48_rot290.tif,351.0,33.0,416.0,93.0,Tree,284.4338216212231,-0.968436191080212,0.2492615971345188,WON
/Users/tompitts/dphil/CanopyAI/deepforest_custom/phase5_tiles/won_tile_48_rot290.tif,309.0,51.0,362.0,102.0,Tree,284.4338216212231,-0.968436191080212,0.2492615971345188,WON
/Users/tompitts/dphil/CanopyAI/deepforest_custom/phase5_tiles/won_tile_48_rot290.tif,331.0,96.0,369.0,133.0,Tree,284.4338216212231,-0.968436191080212,0.2492615971345188,WON
/Users/tompitts/dphil/CanopyAI/deepforest_custom/phase5_tiles/won_tile_48_rot290.tif,294.0,103.0,344.0,146.0,Tree,284.4338216212231,-0.968436191080212,0.2492615971345188,WON
/Users/tompitts/dphil/CanopyAI/deepforest_custom/phase5_tiles/won_tile_48_rot290.tif,276.0,120.0,337.0,169.0,Tree,284.4338216212231,-0.968436191080212,0.2492615971345188,WON
/Users/tompitts/dphil/CanopyAI/deepforest_custom/phase5_tiles/won_tile_48_rot290.tif,260.0,151.0,321.0,197.0,Tree,284.4338216212231,-0.968436191080212,0.2492615971345188,WON
/Users/tompitts/dphil/CanopyAI/deepforest_custom/phase5_tiles/won_tile_48_rot290.tif,220.0,39.0,275.0,86.0,Tree,284.4338216212231,-0.968436191080212,0.2492615971345188,WON
/Users/tompitts/dphil/CanopyAI/deepforest_custom/phase5_tiles/won_tile_48_rot290.tif,205.0,0.0,243.0,15.0,Tree,284.4338216212231,-0.968436191080212,0.2492615971345188,WON
/Users/tompitts/dphil/CanopyAI/deepforest_custom/phase5_tiles/won_tile_48_rot290.tif,340.0,0.0,407.0,41.0,Tree,284.4338216212231,-0.968436191080212,0.2492615971345188,WON
/Users/tompitts/dphil/CanopyAI/deepforest_custom/phase5_tiles/won_tile_48_rot290.tif,286.0,4.0,346.0,63.0,Tree,284.4338216212231,-0.968436191080212,0.2492615971345188,WON
/Users/tompitts/dphil/CanopyAI/deepforest_custom/phase5_tiles/won_tile_48_rot290.tif,251.0,0.0,307.0,39.0,Tree,284.4338216212231,-0.968436191080212,0.2492615971345188,WON
/Users/tompitts/dphil/CanopyAI/deepforest_custom/phase5_tiles/won_tile_49_rot262.tif,423.0,298.0,494.0,379.0,Tree,312.29655679022557,-0.739671538563819,0.6729680639069233,WON
/Users/tompitts/dphil/CanopyAI/deepforest_custom/phase5_tiles/won_tile_49_rot262.tif,477.0,44.0,500.0,86.0,Tree,312.29655679022557,-0.739671538563819,0.6729680639069233,WON
/Users/tompitts/dphil/CanopyAI/deepforest_custom/phase5_tiles/won_tile_49_rot262.tif,434.0,67.0,485.0,101.0,Tree,312.29655679022557,-0.739671538563819,0.6729680639069233,WON
/Users/tompitts/dphil/CanopyAI/deepforest_custom/phase5_tiles/won_tile_49_rot262.tif,453.0,157.0,500.0,204.0,Tree,312.29655679022557,-0.739671538563819,0.6729680639069233,WON
/Users/tompitts/dphil/CanopyAI/deepforest_custom/phase5_tiles/won_tile_49_rot262.tif,418.0,173.0,461.0,208.0,Tree,312.29655679022557,-0.739671538563819,0.6729680639069233,WON
/Users/tompitts/dphil/CanopyAI/deepforest_custom/phase5_tiles/won_tile_49_rot262.tif,399.0,227.0,456.0,267.0,Tree,312.29655679022557,-0.739671538563819,0.6729680639069233,WON
/Users/tompitts/dphil/CanopyAI/deepforest_custom/phase5_tiles/won_tile_49_rot262.tif,373.0,265.0,421.0,302.0,Tree,312.29655679022557,-0.739671538563819,0.6729680639069233,WON
/Users/tompitts/dphil/CanopyAI/deepforest_custom/phase5_tiles/won_tile_49_rot262.tif,385.0,301.0,431.0,346.0,Tree,312.29655679022557,-0.739671538563819,0.6729680639069233,WON
/Users/tompitts/dphil/CanopyAI/deepforest_custom/phase5_tiles/won_tile_49_rot262.tif,323.0,285.0,393.0,353.0,Tree,312.29655679022557,-0.739671538563819,0.6729680639069233,WON
/Users/tompitts/dphil/CanopyAI/deepforest_custom/phase5_tiles/won_tile_49_rot262.tif,356.0,355.0,405.0,389.0,Tree,312.29655679022557,-0.739671538563819,0.6729680639069233,WON
/Users/tompitts/dphil/CanopyAI/deepforest_custom/phase5_tiles/won_tile_49_rot262.tif,308.0,387.0,366.0,430.0,Tree,312.29655679022557,-0.739671538563819,0.6729680639069233,WON
/Users/tompitts/dphil/CanopyAI/deepforest_custom/phase5_tiles/won_tile_49_rot262.tif,341.0,67.0,396.0,114.0,Tree,312.29655679022557,-0.739671538563819,0.6729680639069233,WON
/Users/tompitts/dphil/CanopyAI/deepforest_custom/phase5_tiles/won_tile_49_rot262.tif,310.0,39.0,366.0,87.0,Tree,312.29655679022557,-0.739671538563819,0.6729680639069233,WON
/Users/tompitts/dphil/CanopyAI/deepforest_custom/phase5_tiles/won_tile_49_rot262.tif,357.0,162.0,418.0,207.0,Tree,312.29655679022557,-0.739671538563819,0.6729680639069233,WON
/Users/tompitts/dphil/CanopyAI/deepforest_custom/phase5_tiles/won_tile_49_rot262.tif,309.0,226.0,363.0,268.0,Tree,312.29655679022557,-0.739671538563819,0.6729680639069233,WON
/Users/tompitts/dphil/CanopyAI/deepforest_custom/phase5_tiles/won_tile_49_rot262.tif,274.0,247.0,318.0,281.0,Tree,312.29655679022557,-0.739671538563819,0.6729680639069233,WON
/Users/tompitts/dphil/CanopyAI/deepforest_custom/phase5_tiles/won_tile_49_rot262.tif,235.0,284.0,277.0,317.0,Tree,312.29655679022557,-0.739671538563819,0.6729680639069233,WON
/Users/tompitts/dphil/CanopyAI/deepforest_custom/phase5_tiles/won_tile_49_rot262.tif,178.0,354.0,297.0,451.0,Tree,312.29655679022557,-0.739671538563819,0.6729680639069233,WON
/Users/tompitts/dphil/CanopyAI/deepforest_custom/phase5_tiles/won_tile_49_rot262.tif,120.0,374.0,171.0,429.0,Tree,312.29655679022557,-0.739671538563819,0.6729680639069233,WON
/Users/tompitts/dphil/CanopyAI/deepforest_custom/phase5_tiles/won_tile_49_rot262.tif,26.0,393.0,80.0,446.0,Tree,312.29655679022557,-0.739671538563819,0.6729680639069233,WON
/Users/tompitts/dphil/CanopyAI/deepforest_custom/phase5_tiles/won_tile_49_rot262.tif,129.0,437.0,184.0,483.0,Tree,312.29655679022557,-0.739671538563819,0.6729680639069233,WON
/Users/tompitts/dphil/CanopyAI/deepforest_custom/phase5_tiles/won_tile_49_rot262.tif,286.0,163.0,399.0,251.0,Tree,312.29655679022557,-0.739671538563819,0.6729680639069233,WON
/Users/tompitts/dphil/CanopyAI/deepforest_custom/phase5_tiles/won_tile_49_rot262.tif,179.0,116.0,288.0,195.0,Tree,312.29655679022557,-0.739671538563819,0.6729680639069233,WON
/Users/tompitts/dphil/CanopyAI/deepforest_custom/phase5_tiles/won_tile_49_rot262.tif,213.0,197.0,276.0,250.0,Tree,312.29655679022557,-0.739671538563819,0.6729680639069233,WON
/Users/tompitts/dphil/CanopyAI/deepforest_custom/phase5_tiles/won_tile_49_rot262.tif,128.0,199.0,203.0,274.0,Tree,312.29655679022557,-0.739671538563819,0.6729680639069233,WON
/Users/tompitts/dphil/CanopyAI/deepforest_custom/phase5_tiles/won_tile_49_rot262.tif,244.0,5.0,321.0,79.0,Tree,312.29655679022557,-0.739671538563819,0.6729680639069233,WON
/Users/tompitts/dphil/CanopyAI/deepforest_custom/phase5_tiles/won_tile_49_rot262.tif,88.0,0.0,155.0,36.0,Tree,312.29655679022557,-0.739671538563819,0.6729680639069233,WON
/Users/tompitts/dphil/CanopyAI/deepforest_custom/phase5_tiles/won_tile_49_rot262.tif,16.0,66.0,84.0,124.0,Tree,312.29655679022557,-0.739671538563819,0.6729680639069233,WON
/Users/tompitts/dphil/CanopyAI/deepforest_custom/phase5_tiles/won_tile_49_rot262.tif,19.0,128.0,105.0,191.0,Tree,312.29655679022557,-0.739671538563819,0.6729680639069233,WON
/Users/tompitts/dphil/CanopyAI/deepforest_custom/phase5_tiles/won_tile_49_rot262.tif,132.0,107.0,189.0,150.0,Tree,312.29655679022557,-0.739671538563819,0.6729680639069233,WON
/Users/tompitts/dphil/CanopyAI/deepforest_custom/phase5_tiles/won_tile_49_rot262.tif,118.0,137.0,170.0,180.0,Tree,312.29655679022557,-0.739671538563819,0.6729680639069233,WON
/Users/tompitts/dphil/CanopyAI/deepforest_custom/phase5_tiles/won_tile_49_rot262.tif,237.0,75.0,286.0,109.0,Tree,312.29655679022557,-0.739671538563819,0.6729680639069233,WON
/Users/tompitts/dphil/CanopyAI/deepforest_custom/phase5_tiles/won_tile_49_rot262.tif,194.0,37.0,241.0,70.0,Tree,312.29655679022557,-0.739671538563819,0.6729680639069233,WON
/Users/tompitts/dphil/CanopyAI/deepforest_custom/phase5_tiles/won_tile_49_rot262.tif,141.0,57.0,195.0,101.0,Tree,312.29655679022557,-0.739671538563819,0.6729680639069233,WON
/Users/tompitts/dphil/CanopyAI/deepforest_custom/phase5_tiles/won_tile_49_rot262.tif,57.0,240.0,102.0,283.0,Tree,312.29655679022557,-0.739671538563819,0.6729680639069233,WON
/Users/tompitts/dphil/CanopyAI/deepforest_custom/phase5_tiles/won_tile_49_rot262.tif,35.0,193.0,95.0,231.0,Tree,312.29655679022557,-0.739671538563819,0.6729680639069233,WON
/Users/tompitts/dphil/CanopyAI/deepforest_custom/phase5_tiles/won_tile_49_rot262.tif,96.0,229.0,138.0,294.0,Tree,312.29655679022557,-0.739671538563819,0.6729680639069233,WON
/Users/tompitts/dphil/CanopyAI/deepforest_custom/phase5_tiles/won_tile_49_rot262.tif,47.0,309.0,102.0,352.0,Tree,312.29655679022557,-0.739671538563819,0.6729680639069233,WON
/Users/tompitts/dphil/CanopyAI/deepforest_custom/phase5_tiles/won_tile_49_rot262.tif,17.0,323.0,70.0,370.0,Tree,312.29655679022557,-0.739671538563819,0.6729680639069233,WON
/Users/tompitts/dphil/CanopyAI/deepforest_custom/phase5_tiles/won_tile_49_rot262.tif,0.0,325.0,43.0,375.0,Tree,312.29655679022557,-0.739671538563819,0.6729680639069233,WON
/Users/tompitts/dphil/CanopyAI/deepforest_custom/phase5_tiles/won_tile_49_rot262.tif,0.0,415.0,10.0,462.0,Tree,312.29655679022557,-0.739671538563819,0.6729680639069233,WON
/Users/tompitts/dphil/CanopyAI/deepforest_custom/phase5_tiles/won_tile_49_rot262.tif,19.0,439.0,71.0,471.0,Tree,312.29655679022557,-0.739671538563819,0.6729680639069233,WON
/Users/tompitts/dphil/CanopyAI/deepforest_custom/phase5_tiles/won_tile_44_rot34.tif,151.0,7.0,206.0,64.0,Tree,180.18210433995296,-0.0031783149632692,-0.9999949491442416,WON
/Users/tompitts/dphil/CanopyAI/deepforest_custom/phase5_tiles/won_tile_44_rot34.tif,132.0,55.0,200.0,123.0,Tree,180.18210433995296,-0.0031783149632692,-0.9999949491442416,WON
/Users/tompitts/dphil/CanopyAI/deepforest_custom/phase5_tiles/won_tile_44_rot34.tif,61.0,99.0,127.0,166.0,Tree,180.18210433995296,-0.0031783149632692,-0.9999949491442416,WON
/Users/tompitts/dphil/CanopyAI/deepforest_custom/phase5_tiles/won_tile_44_rot34.tif,90.0,20.0,165.0,91.0,Tree,180.18210433995296,-0.0031783149632692,-0.9999949491442416,WON
/Users/tompitts/dphil/CanopyAI/deepforest_custom/phase5_tiles/won_tile_44_rot34.tif,261.0,0.0,332.0,47.0,Tree,180.18210433995296,-0.0031783149632692,-0.9999949491442416,WON
/Users/tompitts/dphil/CanopyAI/deepforest_custom/phase5_tiles/won_tile_44_rot34.tif,205.0,103.0,260.0,160.0,Tree,180.18210433995296,-0.0031783149632692,-0.9999949491442416,WON
/Users/tompitts/dphil/CanopyAI/deepforest_custom/phase5_tiles/won_tile_44_rot34.tif,246.0,77.0,292.0,125.0,Tree,180.18210433995296,-0.0031783149632692,-0.9999949491442416,WON
/Users/tompitts/dphil/CanopyAI/deepforest_custom/phase5_tiles/won_tile_44_rot34.tif,294.0,87.0,342.0,137.0,Tree,180.18210433995296,-0.0031783149632692,-0.9999949491442416,WON
/Users/tompitts/dphil/CanopyAI/deepforest_custom/phase5_tiles/won_tile_44_rot34.tif,329.0,39.0,407.0,119.0,Tree,180.18210433995296,-0.0031783149632692,-0.9999949491442416,WON
/Users/tompitts/dphil/CanopyAI/deepforest_custom/phase5_tiles/won_tile_44_rot34.tif,291.0,35.0,338.0,81.0,Tree,180.18210433995296,-0.0031783149632692,-0.9999949491442416,WON
/Users/tompitts/dphil/CanopyAI/deepforest_custom/phase5_tiles/won_tile_44_rot34.tif,313.0,5.0,369.0,61.0,Tree,180.18210433995296,-0.0031783149632692,-0.9999949491442416,WON
/Users/tompitts/dphil/CanopyAI/deepforest_custom/phase5_tiles/won_tile_44_rot34.tif,326.0,0.0,367.0,17.0,Tree,180.18210433995296,-0.0031783149632692,-0.9999949491442416,WON
/Users/tompitts/dphil/CanopyAI/deepforest_custom/phase5_tiles/won_tile_44_rot34.tif,176.0,188.0,237.0,250.0,Tree,180.18210433995296,-0.0031783149632692,-0.9999949491442416,WON
/Users/tompitts/dphil/CanopyAI/deepforest_custom/phase5_tiles/won_tile_44_rot34.tif,181.0,240.0,241.0,302.0,Tree,180.18210433995296,-0.0031783149632692,-0.9999949491442416,WON
/Users/tompitts/dphil/CanopyAI/deepforest_custom/phase5_tiles/won_tile_44_rot34.tif,224.0,243.0,282.0,306.0,Tree,180.18210433995296,-0.0031783149632692,-0.9999949491442416,WON
/Users/tompitts/dphil/CanopyAI/deepforest_custom/phase5_tiles/won_tile_44_rot34.tif,255.0,215.0,310.0,271.0,Tree,180.18210433995296,-0.0031783149632692,-0.9999949491442416,WON
/Users/tompitts/dphil/CanopyAI/deepforest_custom/phase5_tiles/won_tile_44_rot34.tif,216.0,186.0,262.0,236.0,Tree,180.18210433995296,-0.0031783149632692,-0.9999949491442416,WON
/Users/tompitts/dphil/CanopyAI/deepforest_custom/phase5_tiles/won_tile_44_rot34.tif,338.0,179.0,398.0,241.0,Tree,180.18210433995296,-0.0031783149632692,-0.9999949491442416,WON
/Users/tompitts/dphil/CanopyAI/deepforest_custom/phase5_tiles/won_tile_44_rot34.tif,301.0,195.0,349.0,245.0,Tree,180.18210433995296,-0.0031783149632692,-0.9999949491442416,WON
/Users/tompitts/dphil/CanopyAI/deepforest_custom/phase5_tiles/won_tile_44_rot34.tif,318.0,286.0,377.0,348.0,Tree,180.18210433995296,-0.0031783149632692,-0.9999949491442416,WON
/Users/tompitts/dphil/CanopyAI/deepforest_custom/phase5_tiles/won_tile_44_rot34.tif,357.0,308.0,413.0,366.0,Tree,180.18210433995296,-0.0031783149632692,-0.9999949491442416,WON
/Users/tompitts/dphil/CanopyAI/deepforest_custom/phase5_tiles/won_tile_44_rot34.tif,391.0,212.0,443.0,267.0,Tree,180.18210433995296,-0.0031783149632692,-0.9999949491442416,WON
/Users/tompitts/dphil/CanopyAI/deepforest_custom/phase5_tiles/won_tile_44_rot34.tif,433.0,218.0,479.0,268.0,Tree,180.18210433995296,-0.0031783149632692,-0.9999949491442416,WON
/Users/tompitts/dphil/CanopyAI/deepforest_custom/phase5_tiles/won_tile_44_rot34.tif,377.0,98.0,420.0,143.0,Tree,180.18210433995296,-0.0031783149632692,-0.9999949491442416,WON
/Users/tompitts/dphil/CanopyAI/deepforest_custom/phase5_tiles/won_tile_44_rot34.tif,344.0,133.0,382.0,172.0,Tree,180.18210433995296,-0.0031783149632692,-0.9999949491442416,WON
/Users/tompitts/dphil/CanopyAI/deepforest_custom/phase5_tiles/won_tile_44_rot34.tif,359.0,148.0,418.0,211.0,Tree,180.18210433995296,-0.0031783149632692,-0.9999949491442416,WON
/Users/tompitts/dphil/CanopyAI/deepforest_custom/phase5_tiles/won_tile_44_rot34.tif,424.0,176.0,461.0,214.0,Tree,180.18210433995296,-0.0031783149632692,-0.9999949491442416,WON
/Users/tompitts/dphil/CanopyAI/deepforest_custom/phase5_tiles/won_tile_44_rot34.tif,403.0,151.0,439.0,188.0,Tree,180.18210433995296,-0.0031783149632692,-0.9999949491442416,WON
/Users/tompitts/dphil/CanopyAI/deepforest_custom/phase5_tiles/won_tile_44_rot34.tif,407.0,111.0,446.0,151.0,Tree,180.18210433995296,-0.0031783149632692,-0.9999949491442416,WON
/Users/tompitts/dphil/CanopyAI/deepforest_custom/phase5_tiles/won_tile_44_rot34.tif,431.0,113.0,485.0,171.0,Tree,180.18210433995296,-0.0031783149632692,-0.9999949491442416,WON
/Users/tompitts/dphil/CanopyAI/deepforest_custom/phase5_tiles/won_tile_44_rot34.tif,455.0,177.0,500.0,285.0,Tree,180.18210433995296,-0.0031783149632692,-0.9999949491442416,WON
/Users/tompitts/dphil/CanopyAI/deepforest_custom/phase5_tiles/won_tile_44_rot34.tif,424.0,342.0,470.0,389.0,Tree,180.18210433995296,-0.0031783149632692,-0.9999949491442416,WON
/Users/tompitts/dphil/CanopyAI/deepforest_custom/phase5_tiles/won_tile_52_rot198.tif,22.0,339.0,88.0,423.0,Tree,16.265372741638288,0.2800865900903586,0.9599747403195332,WON
/Users/tompitts/dphil/CanopyAI/deepforest_custom/phase5_tiles/won_tile_52_rot198.tif,12.0,242.0,134.0,344.0,Tree,16.265372741638288,0.2800865900903586,0.9599747403195332,WON
/Users/tompitts/dphil/CanopyAI/deepforest_custom/phase5_tiles/won_tile_52_rot198.tif,0.0,145.0,51.0,220.0,Tree,16.265372741638288,0.2800865900903586,0.9599747403195332,WON
/Users/tompitts/dphil/CanopyAI/deepforest_custom/phase5_tiles/won_tile_52_rot198.tif,128.0,125.0,183.0,187.0,Tree,16.265372741638288,0.2800865900903586,0.9599747403195332,WON
/Users/tompitts/dphil/CanopyAI/deepforest_custom/phase5_tiles/won_tile_52_rot198.tif,18.0,63.0,64.0,114.0,Tree,16.265372741638288,0.2800865900903586,0.9599747403195332,WON
/Users/tompitts/dphil/CanopyAI/deepforest_custom/phase5_tiles/won_tile_52_rot198.tif,0.0,72.0,17.0,149.0,Tree,16.265372741638288,0.2800865900903586,0.9599747403195332,WON
/Users/tompitts/dphil/CanopyAI/deepforest_custom/phase5_tiles/won_tile_52_rot198.tif,343.0,216.0,395.0,274.0,Tree,16.265372741638288,0.2800865900903586,0.9599747403195332,WON
/Users/tompitts/dphil/CanopyAI/deepforest_custom/phase5_tiles/won_tile_52_rot198.tif,338.0,264.0,378.0,305.0,Tree,16.265372741638288,0.2800865900903586,0.9599747403195332,WON
/Users/tompitts/dphil/CanopyAI/deepforest_custom/phase5_tiles/won_tile_52_rot198.tif,285.0,307.0,328.0,355.0,Tree,16.265372741638288,0.2800865900903586,0.9599747403195332,WON
/Users/tompitts/dphil/CanopyAI/deepforest_custom/phase5_tiles/won_tile_52_rot198.tif,198.0,340.0,252.0,392.0,Tree,16.265372741638288,0.2800865900903586,0.9599747403195332,WON
/Users/tompitts/dphil/CanopyAI/deepforest_custom/phase5_tiles/won_tile_52_rot198.tif,96.0,355.0,147.0,411.0,Tree,16.265372741638288,0.2800865900903586,0.9599747403195332,WON
/Users/tompitts/dphil/CanopyAI/deepforest_custom/phase5_tiles/won_tile_52_rot198.tif,101.0,403.0,145.0,448.0,Tree,16.265372741638288,0.2800865900903586,0.9599747403195332,WON
/Users/tompitts/dphil/CanopyAI/deepforest_custom/phase5_tiles/won_tile_52_rot198.tif,431.0,381.0,490.0,444.0,Tree,16.265372741638288,0.2800865900903586,0.9599747403195332,WON
/Users/tompitts/dphil/CanopyAI/deepforest_custom/phase5_tiles/won_tile_52_rot198.tif,434.0,325.0,488.0,385.0,Tree,16.265372741638288,0.2800865900903586,0.9599747403195332,WON
/Users/tompitts/dphil/CanopyAI/deepforest_custom/phase5_tiles/won_tile_52_rot198.tif,403.0,282.0,491.0,381.0,Tree,16.265372741638288,0.2800865900903586,0.9599747403195332,WON
/Users/tompitts/dphil/CanopyAI/deepforest_custom/phase5_tiles/won_tile_52_rot198.tif,478.0,337.0,500.0,401.0,Tree,16.265372741638288,0.2800865900903586,0.9599747403195332,WON
/Users/tompitts/dphil/CanopyAI/deepforest_custom/phase5_tiles/won_tile_52_rot198.tif,472.0,275.0,500.0,336.0,Tree,16.265372741638288,0.2800865900903586,0.9599747403195332,WON
/Users/tompitts/dphil/CanopyAI/deepforest_custom/phase5_tiles/won_tile_52_rot198.tif,130.0,434.0,198.0,500.0,Tree,16.265372741638288,0.2800865900903586,0.9599747403195332,WON
/Users/tompitts/dphil/CanopyAI/deepforest_custom/phase5_tiles/won_tile_52_rot198.tif,196.0,438.0,254.0,500.0,Tree,16.265372741638288,0.2800865900903586,0.9599747403195332,WON
/Users/tompitts/dphil/CanopyAI/deepforest_custom/phase5_tiles/won_tile_52_rot198.tif,211.0,374.0,290.0,437.0,Tree,16.265372741638288,0.2800865900903586,0.9599747403195332,WON
/Users/tompitts/dphil/CanopyAI/deepforest_custom/phase5_tiles/won_tile_52_rot198.tif,55.0,422.0,99.0,467.0,Tree,16.265372741638288,0.2800865900903586,0.9599747403195332,WON
/Users/tompitts/dphil/CanopyAI/deepforest_custom/phase5_tiles/won_tile_52_rot198.tif,357.0,395.0,407.0,453.0,Tree,16.265372741638288,0.2800865900903586,0.9599747403195332,WON
/Users/tompitts/dphil/CanopyAI/deepforest_custom/phase5_tiles/won_tile_52_rot198.tif,387.0,378.0,434.0,431.0,Tree,16.265372741638288,0.2800865900903586,0.9599747403195332,WON
/Users/tompitts/dphil/CanopyAI/deepforest_custom/phase5_tiles/won_tile_52_rot198.tif,163.0,46.0,253.0,130.0,Tree,16.265372741638288,0.2800865900903586,0.9599747403195332,WON
/Users/tompitts/dphil/CanopyAI/deepforest_custom/phase5_tiles/won_tile_52_rot198.tif,224.0,107.0,285.0,171.0,Tree,16.265372741638288,0.2800865900903586,0.9599747403195332,WON
/Users/tompitts/dphil/CanopyAI/deepforest_custom/phase5_tiles/won_tile_52_rot198.tif,193.0,146.0,240.0,193.0,Tree,16.265372741638288,0.2800865900903586,0.9599747403195332,WON
/Users/tompitts/dphil/CanopyAI/deepforest_custom/phase5_tiles/won_tile_52_rot198.tif,185.0,108.0,233.0,153.0,Tree,16.265372741638288,0.2800865900903586,0.9599747403195332,WON
/Users/tompitts/dphil/CanopyAI/deepforest_custom/phase5_tiles/won_tile_52_rot198.tif,274.0,0.0,331.0,43.0,Tree,16.265372741638288,0.2800865900903586,0.9599747403195332,WON
/Users/tompitts/dphil/CanopyAI/deepforest_custom/phase5_tiles/won_tile_52_rot198.tif,311.0,388.0,355.0,434.0,Tree,16.265372741638288,0.2800865900903586,0.9599747403195332,WON
/Users/tompitts/dphil/CanopyAI/deepforest_custom/phase5_tiles/won_tile_52_rot198.tif,295.0,443.0,348.0,494.0,Tree,16.265372741638288,0.2800865900903586,0.9599747403195332,WON
/Users/tompitts/dphil/CanopyAI/deepforest_custom/phase5_tiles/won_tile_52_rot198.tif,278.0,407.0,324.0,452.0,Tree,16.265372741638288,0.2800865900903586,0.9599747403195332,WON
/Users/tompitts/dphil/CanopyAI/deepforest_custom/phase5_tiles/won_tile_23_rot151.tif,331.0,469.0,402.0,500.0,Tree,63.10814491330265,0.8918618367011267,0.4523079307685116,WON
/Users/tompitts/dphil/CanopyAI/deepforest_custom/phase5_tiles/won_tile_23_rot151.tif,321.0,475.0,365.0,500.0,Tree,63.10814491330265,0.8918618367011267,0.4523079307685116,WON
/Users/tompitts/dphil/CanopyAI/deepforest_custom/phase5_tiles/won_tile_23_rot151.tif,254.0,433.0,307.0,486.0,Tree,63.10814491330265,0.8918618367011267,0.4523079307685116,WON
/Users/tompitts/dphil/CanopyAI/deepforest_custom/phase5_tiles/won_tile_23_rot151.tif,200.0,420.0,256.0,479.0,Tree,63.10814491330265,0.8918618367011267,0.4523079307685116,WON
/Users/tompitts/dphil/CanopyAI/deepforest_custom/phase5_tiles/won_tile_23_rot151.tif,138.0,397.0,203.0,471.0,Tree,63.10814491330265,0.8918618367011267,0.4523079307685116,WON
/Users/tompitts/dphil/CanopyAI/deepforest_custom/phase5_tiles/won_tile_23_rot151.tif,86.0,357.0,159.0,437.0,Tree,63.10814491330265,0.8918618367011267,0.4523079307685116,WON
/Users/tompitts/dphil/CanopyAI/deepforest_custom/phase5_tiles/won_tile_23_rot151.tif,0.0,304.0,19.0,366.0,Tree,63.10814491330265,0.8918618367011267,0.4523079307685116,WON
/Users/tompitts/dphil/CanopyAI/deepforest_custom/phase5_tiles/won_tile_23_rot151.tif,230.0,351.0,288.0,412.0,Tree,63.10814491330265,0.8918618367011267,0.4523079307685116,WON
/Users/tompitts/dphil/CanopyAI/deepforest_custom/phase5_tiles/won_tile_23_rot151.tif,224.0,307.0,282.0,370.0,Tree,63.10814491330265,0.8918618367011267,0.4523079307685116,WON
/Users/tompitts/dphil/CanopyAI/deepforest_custom/phase5_tiles/won_tile_23_rot151.tif,180.0,274.0,250.0,349.0,Tree,63.10814491330265,0.8918618367011267,0.4523079307685116,WON
/Users/tompitts/dphil/CanopyAI/deepforest_custom/phase5_tiles/won_tile_23_rot151.tif,127.0,273.0,185.0,336.0,Tree,63.10814491330265,0.8918618367011267,0.4523079307685116,WON
/Users/tompitts/dphil/CanopyAI/deepforest_custom/phase5_tiles/won_tile_23_rot151.tif,408.0,324.0,470.0,390.0,Tree,63.10814491330265,0.8918618367011267,0.4523079307685116,WON
/Users/tompitts/dphil/CanopyAI/deepforest_custom/phase5_tiles/won_tile_23_rot151.tif,258.0,269.0,328.0,337.0,Tree,63.10814491330265,0.8918618367011267,0.4523079307685116,WON
/Users/tompitts/dphil/CanopyAI/deepforest_custom/phase5_tiles/won_tile_23_rot151.tif,313.0,243.0,389.0,318.0,Tree,63.10814491330265,0.8918618367011267,0.4523079307685116,WON
/Users/tompitts/dphil/CanopyAI/deepforest_custom/phase5_tiles/won_tile_23_rot151.tif,446.0,168.0,500.0,239.0,Tree,63.10814491330265,0.8918618367011267,0.4523079307685116,WON
/Users/tompitts/dphil/CanopyAI/deepforest_custom/phase5_tiles/won_tile_23_rot151.tif,410.0,114.0,479.0,180.0,Tree,63.10814491330265,0.8918618367011267,0.4523079307685116,WON
/Users/tompitts/dphil/CanopyAI/deepforest_custom/phase5_tiles/won_tile_23_rot151.tif,211.0,87.0,273.0,155.0,Tree,63.10814491330265,0.8918618367011267,0.4523079307685116,WON
/Users/tompitts/dphil/CanopyAI/deepforest_custom/phase5_tiles/won_tile_23_rot151.tif,223.0,10.0,288.0,76.0,Tree,63.10814491330265,0.8918618367011267,0.4523079307685116,WON
/Users/tompitts/dphil/CanopyAI/deepforest_custom/phase5_tiles/won_tile_23_rot151.tif,48.0,89.0,96.0,142.0,Tree,63.10814491330265,0.8918618367011267,0.4523079307685116,WON
/Users/tompitts/dphil/CanopyAI/deepforest_custom/phase5_tiles/won_tile_23_rot151.tif,318.0,16.0,377.0,77.0,Tree,63.10814491330265,0.8918618367011267,0.4523079307685116,WON
/Users/tompitts/dphil/CanopyAI/deepforest_custom/phase5_tiles/won_tile_23_rot151.tif,254.0,215.0,304.0,268.0,Tree,63.10814491330265,0.8918618367011267,0.4523079307685116,WON
/Users/tompitts/dphil/CanopyAI/deepforest_custom/phase5_tiles/won_tile_23_rot151.tif,174.0,0.0,235.0,33.0,Tree,63.10814491330265,0.8918618367011267,0.4523079307685116,WON
/Users/tompitts/dphil/CanopyAI/deepforest_custom/phase5_tiles/won_tile_7_rot310.tif,335.0,15.0,393.0,71.0,Tree,264.7855158881202,-0.9958614552918236,-0.0908843323353979,WON
/Users/tompitts/dphil/CanopyAI/deepforest_custom/phase5_tiles/won_tile_7_rot310.tif,367.0,59.0,453.0,144.0,Tree,264.7855158881202,-0.9958614552918236,-0.0908843323353979,WON
/Users/tompitts/dphil/CanopyAI/deepforest_custom/phase5_tiles/won_tile_7_rot310.tif,428.0,126.0,500.0,197.0,Tree,264.7855158881202,-0.9958614552918236,-0.0908843323353979,WON
/Users/tompitts/dphil/CanopyAI/deepforest_custom/phase5_tiles/won_tile_7_rot310.tif,348.0,118.0,404.0,172.0,Tree,264.7855158881202,-0.9958614552918236,-0.0908843323353979,WON
/Users/tompitts/dphil/CanopyAI/deepforest_custom/phase5_tiles/won_tile_7_rot310.tif,419.0,243.0,491.0,314.0,Tree,264.7855158881202,-0.9958614552918236,-0.0908843323353979,WON
/Users/tompitts/dphil/CanopyAI/deepforest_custom/phase5_tiles/won_tile_7_rot310.tif,468.0,268.0,500.0,331.0,Tree,264.7855158881202,-0.9958614552918236,-0.0908843323353979,WON
/Users/tompitts/dphil/CanopyAI/deepforest_custom/phase5_tiles/won_tile_7_rot310.tif,442.0,174.0,498.0,229.0,Tree,264.7855158881202,-0.9958614552918236,-0.0908843323353979,WON
/Users/tompitts/dphil/CanopyAI/deepforest_custom/phase5_tiles/won_tile_7_rot310.tif,171.0,41.0,234.0,104.0,Tree,264.7855158881202,-0.9958614552918236,-0.0908843323353979,WON
/Users/tompitts/dphil/CanopyAI/deepforest_custom/phase5_tiles/won_tile_7_rot310.tif,124.0,63.0,196.0,135.0,Tree,264.7855158881202,-0.9958614552918236,-0.0908843323353979,WON
/Users/tompitts/dphil/CanopyAI/deepforest_custom/phase5_tiles/won_tile_7_rot310.tif,63.0,80.0,121.0,138.0,Tree,264.7855158881202,-0.9958614552918236,-0.0908843323353979,WON
/Users/tompitts/dphil/CanopyAI/deepforest_custom/phase5_tiles/won_tile_7_rot310.tif,0.0,145.0,58.0,207.0,Tree,264.7855158881202,-0.9958614552918236,-0.0908843323353979,WON
/Users/tompitts/dphil/CanopyAI/deepforest_custom/phase5_tiles/won_tile_7_rot310.tif,0.0,195.0,20.0,261.0,Tree,264.7855158881202,-0.9958614552918236,-0.0908843323353979,WON
/Users/tompitts/dphil/CanopyAI/deepforest_custom/phase5_tiles/won_tile_7_rot310.tif,0.0,235.0,18.0,292.0,Tree,264.7855158881202,-0.9958614552918236,-0.0908843323353979,WON
/Users/tompitts/dphil/CanopyAI/deepforest_custom/phase5_tiles/won_tile_7_rot310.tif,4.0,295.0,75.0,364.0,Tree,264.7855158881202,-0.9958614552918236,-0.0908843323353979,WON
/Users/tompitts/dphil/CanopyAI/deepforest_custom/phase5_tiles/won_tile_7_rot310.tif,84.0,158.0,171.0,242.0,Tree,264.7855158881202,-0.9958614552918236,-0.0908843323353979,WON
/Users/tompitts/dphil/CanopyAI/deepforest_custom/phase5_tiles/won_tile_7_rot310.tif,156.0,114.0,207.0,164.0,Tree,264.7855158881202,-0.9958614552918236,-0.0908843323353979,WON
/Users/tompitts/dphil/CanopyAI/deepforest_custom/phase5_tiles/won_tile_7_rot310.tif,180.0,184.0,256.0,260.0,Tree,264.7855158881202,-0.9958614552918236,-0.0908843323353979,WON
/Users/tompitts/dphil/CanopyAI/deepforest_custom/phase5_tiles/won_tile_7_rot310.tif,285.0,176.0,343.0,233.0,Tree,264.7855158881202,-0.9958614552918236,-0.0908843323353979,WON
/Users/tompitts/dphil/CanopyAI/deepforest_custom/phase5_tiles/won_tile_7_rot310.tif,318.0,200.0,380.0,260.0,Tree,264.7855158881202,-0.9958614552918236,-0.0908843323353979,WON
/Users/tompitts/dphil/CanopyAI/deepforest_custom/phase5_tiles/won_tile_7_rot310.tif,356.0,228.0,412.0,283.0,Tree,264.7855158881202,-0.9958614552918236,-0.0908843323353979,WON
/Users/tompitts/dphil/CanopyAI/deepforest_custom/phase5_tiles/won_tile_7_rot310.tif,265.0,238.0,322.0,295.0,Tree,264.7855158881202,-0.9958614552918236,-0.0908843323353979,WON
/Users/tompitts/dphil/CanopyAI/deepforest_custom/phase5_tiles/won_tile_7_rot310.tif,207.0,272.0,278.0,342.0,Tree,264.7855158881202,-0.9958614552918236,-0.0908843323353979,WON
/Users/tompitts/dphil/CanopyAI/deepforest_custom/phase5_tiles/won_tile_7_rot310.tif,206.0,348.0,298.0,439.0,Tree,264.7855158881202,-0.9958614552918236,-0.0908843323353979,WON
/Users/tompitts/dphil/CanopyAI/deepforest_custom/phase5_tiles/won_tile_7_rot310.tif,268.0,273.0,356.0,360.0,Tree,264.7855158881202,-0.9958614552918236,-0.0908843323353979,WON
/Users/tompitts/dphil/CanopyAI/deepforest_custom/phase5_tiles/won_tile_7_rot310.tif,362.0,309.0,438.0,381.0,Tree,264.7855158881202,-0.9958614552918236,-0.0908843323353979,WON
/Users/tompitts/dphil/CanopyAI/deepforest_custom/phase5_tiles/won_tile_7_rot310.tif,390.0,387.0,447.0,442.0,Tree,264.7855158881202,-0.9958614552918236,-0.0908843323353979,WON
/Users/tompitts/dphil/CanopyAI/deepforest_custom/phase5_tiles/won_tile_7_rot310.tif,231.0,420.0,288.0,475.0,Tree,264.7855158881202,-0.9958614552918236,-0.0908843323353979,WON
/Users/tompitts/dphil/CanopyAI/deepforest_custom/phase5_tiles/won_tile_7_rot310.tif,169.0,452.0,232.0,500.0,Tree,264.7855158881202,-0.9958614552918236,-0.0908843323353979,WON
/Users/tompitts/dphil/CanopyAI/deepforest_custom/phase5_tiles/won_tile_7_rot310.tif,119.0,234.0,190.0,304.0,Tree,264.7855158881202,-0.9958614552918236,-0.0908843323353979,WON
/Users/tompitts/dphil/CanopyAI/deepforest_custom/phase5_tiles/won_tile_7_rot310.tif,80.0,308.0,139.0,365.0,Tree,264.7855158881202,-0.9958614552918236,-0.0908843323353979,WON
/Users/tompitts/dphil/CanopyAI/deepforest_custom/phase5_tiles/won_tile_7_rot310.tif,132.0,0.0,184.0,38.0,Tree,264.7855158881202,-0.9958614552918236,-0.0908843323353979,WON
/Users/tompitts/dphil/CanopyAI/deepforest_custom/phase5_tiles/won_tile_7_rot310.tif,21.0,75.0,84.0,134.0,Tree,264.7855158881202,-0.9958614552918236,-0.0908843323353979,WON
/Users/tompitts/dphil/CanopyAI/deepforest_custom/phase5_tiles/won_tile_7_rot310.tif,365.0,154.0,410.0,199.0,Tree,264.7855158881202,-0.9958614552918236,-0.0908843323353979,WON
/Users/tompitts/dphil/CanopyAI/deepforest_custom/phase5_tiles/won_tile_7_rot310.tif,399.0,156.0,453.0,210.0,Tree,264.7855158881202,-0.9958614552918236,-0.0908843323353979,WON
/Users/tompitts/dphil/CanopyAI/deepforest_custom/phase5_tiles/won_tile_7_rot310.tif,238.0,191.0,307.0,259.0,Tree,264.7855158881202,-0.9958614552918236,-0.0908843323353979,WON
/Users/tompitts/dphil/CanopyAI/deepforest_custom/phase5_tiles/won_tile_3_rot55.tif,103.0,0.0,157.0,42.0,Tree,159.02738006775866,0.357921776388136,-0.9337515740212496,WON
/Users/tompitts/dphil/CanopyAI/deepforest_custom/phase5_tiles/won_tile_3_rot55.tif,92.0,20.0,142.0,67.0,Tree,159.02738006775866,0.357921776388136,-0.9337515740212496,WON
/Users/tompitts/dphil/CanopyAI/deepforest_custom/phase5_tiles/won_tile_3_rot55.tif,146.0,0.0,197.0,51.0,Tree,159.02738006775866,0.357921776388136,-0.9337515740212496,WON
/Users/tompitts/dphil/CanopyAI/deepforest_custom/phase5_tiles/won_tile_3_rot55.tif,220.0,0.0,297.0,34.0,Tree,159.02738006775866,0.357921776388136,-0.9337515740212496,WON
/Users/tompitts/dphil/CanopyAI/deepforest_custom/phase5_tiles/won_tile_3_rot55.tif,0.0,311.0,41.0,370.0,Tree,159.02738006775866,0.357921776388136,-0.9337515740212496,WON
/Users/tompitts/dphil/CanopyAI/deepforest_custom/phase5_tiles/won_tile_3_rot55.tif,18.0,126.0,68.0,173.0,Tree,159.02738006775866,0.357921776388136,-0.9337515740212496,WON
/Users/tompitts/dphil/CanopyAI/deepforest_custom/phase5_tiles/won_tile_3_rot55.tif,23.0,164.0,79.0,217.0,Tree,159.02738006775866,0.357921776388136,-0.9337515740212496,WON
/Users/tompitts/dphil/CanopyAI/deepforest_custom/phase5_tiles/won_tile_3_rot55.tif,51.0,91.0,99.0,139.0,Tree,159.02738006775866,0.357921776388136,-0.9337515740212496,WON
/Users/tompitts/dphil/CanopyAI/deepforest_custom/phase5_tiles/won_tile_3_rot55.tif,70.0,291.0,128.0,350.0,Tree,159.02738006775866,0.357921776388136,-0.9337515740212496,WON
/Users/tompitts/dphil/CanopyAI/deepforest_custom/phase5_tiles/won_tile_3_rot55.tif,149.0,208.0,202.0,258.0,Tree,159.02738006775866,0.357921776388136,-0.9337515740212496,WON
/Users/tompitts/dphil/CanopyAI/deepforest_custom/phase5_tiles/won_tile_3_rot55.tif,134.0,354.0,213.0,434.0,Tree,159.02738006775866,0.357921776388136,-0.9337515740212496,WON
/Users/tompitts/dphil/CanopyAI/deepforest_custom/phase5_tiles/won_tile_3_rot55.tif,156.0,413.0,238.0,497.0,Tree,159.02738006775866,0.357921776388136,-0.9337515740212496,WON
/Users/tompitts/dphil/CanopyAI/deepforest_custom/phase5_tiles/won_tile_3_rot55.tif,121.0,425.0,197.0,498.0,Tree,159.02738006775866,0.357921776388136,-0.9337515740212496,WON
/Users/tompitts/dphil/CanopyAI/deepforest_custom/phase5_tiles/won_tile_3_rot55.tif,370.0,217.0,500.0,405.0,Tree,159.02738006775866,0.357921776388136,-0.9337515740212496,WON
/Users/tompitts/dphil/CanopyAI/deepforest_custom/phase5_tiles/won_tile_3_rot55.tif,315.0,391.0,423.0,494.0,Tree,159.02738006775866,0.357921776388136,-0.9337515740212496,WON
/Users/tompitts/dphil/CanopyAI/deepforest_custom/phase5_tiles/won_tile_3_rot55.tif,352.0,35.0,424.0,104.0,Tree,159.02738006775866,0.357921776388136,-0.9337515740212496,WON
/Users/tompitts/dphil/CanopyAI/deepforest_custom/phase5_tiles/won_tile_3_rot55.tif,431.0,156.0,497.0,220.0,Tree,159.02738006775866,0.357921776388136,-0.9337515740212496,WON
/Users/tompitts/dphil/CanopyAI/deepforest_custom/phase5_tiles/won_tile_3_rot55.tif,238.0,178.0,299.0,239.0,Tree,159.02738006775866,0.357921776388136,-0.9337515740212496,WON
/Users/tompitts/dphil/CanopyAI/deepforest_custom/phase5_tiles/won_tile_3_rot55.tif,489.0,126.0,500.0,198.0,Tree,159.02738006775866,0.357921776388136,-0.9337515740212496,WON
/Users/tompitts/dphil/CanopyAI/deepforest_custom/phase5_tiles/won_tile_51_rot136.tif,200.0,449.0,262.0,500.0,Tree,78.72762420499274,0.9807090167368636,0.1954733344756108,WON
/Users/tompitts/dphil/CanopyAI/deepforest_custom/phase5_tiles/won_tile_51_rot136.tif,112.0,417.0,177.0,483.0,Tree,78.72762420499274,0.9807090167368636,0.1954733344756108,WON
/Users/tompitts/dphil/CanopyAI/deepforest_custom/phase5_tiles/won_tile_51_rot136.tif,92.0,382.0,148.0,439.0,Tree,78.72762420499274,0.9807090167368636,0.1954733344756108,WON
/Users/tompitts/dphil/CanopyAI/deepforest_custom/phase5_tiles/won_tile_51_rot136.tif,11.0,303.0,68.0,360.0,Tree,78.72762420499274,0.9807090167368636,0.1954733344756108,WON
/Users/tompitts/dphil/CanopyAI/deepforest_custom/phase5_tiles/won_tile_51_rot136.tif,0.0,287.0,29.0,333.0,Tree,78.72762420499274,0.9807090167368636,0.1954733344756108,WON
/Users/tompitts/dphil/CanopyAI/deepforest_custom/phase5_tiles/won_tile_51_rot136.tif,0.0,266.0,33.0,308.0,Tree,78.72762420499274,0.9807090167368636,0.1954733344756108,WON
/Users/tompitts/dphil/CanopyAI/deepforest_custom/phase5_tiles/won_tile_51_rot136.tif,0.0,238.0,40.0,288.0,Tree,78.72762420499274,0.9807090167368636,0.1954733344756108,WON
/Users/tompitts/dphil/CanopyAI/deepforest_custom/phase5_tiles/won_tile_51_rot136.tif,0.0,207.0,15.0,265.0,Tree,78.72762420499274,0.9807090167368636,0.1954733344756108,WON
/Users/tompitts/dphil/CanopyAI/deepforest_custom/phase5_tiles/won_tile_51_rot136.tif,0.0,171.0,10.0,224.0,Tree,78.72762420499274,0.9807090167368636,0.1954733344756108,WON
/Users/tompitts/dphil/CanopyAI/deepforest_custom/phase5_tiles/won_tile_51_rot136.tif,0.0,139.0,43.0,199.0,Tree,78.72762420499274,0.9807090167368636,0.1954733344756108,WON
/Users/tompitts/dphil/CanopyAI/deepforest_custom/phase5_tiles/won_tile_51_rot136.tif,21.0,160.0,85.0,224.0,Tree,78.72762420499274,0.9807090167368636,0.1954733344756108,WON
/Users/tompitts/dphil/CanopyAI/deepforest_custom/phase5_tiles/won_tile_51_rot136.tif,69.0,147.0,131.0,209.0,Tree,78.72762420499274,0.9807090167368636,0.1954733344756108,WON
/Users/tompitts/dphil/CanopyAI/deepforest_custom/phase5_tiles/won_tile_51_rot136.tif,22.0,202.0,91.0,271.0,Tree,78.72762420499274,0.9807090167368636,0.1954733344756108,WON
/Users/tompitts/dphil/CanopyAI/deepforest_custom/phase5_tiles/won_tile_51_rot136.tif,256.0,437.0,323.0,500.0,Tree,78.72762420499274,0.9807090167368636,0.1954733344756108,WON
/Users/tompitts/dphil/CanopyAI/deepforest_custom/phase5_tiles/won_tile_51_rot136.tif,307.0,409.0,360.0,461.0,Tree,78.72762420499274,0.9807090167368636,0.1954733344756108,WON
/Users/tompitts/dphil/CanopyAI/deepforest_custom/phase5_tiles/won_tile_51_rot136.tif,342.0,422.0,402.0,482.0,Tree,78.72762420499274,0.9807090167368636,0.1954733344756108,WON
/Users/tompitts/dphil/CanopyAI/deepforest_custom/phase5_tiles/won_tile_51_rot136.tif,381.0,403.0,427.0,450.0,Tree,78.72762420499274,0.9807090167368636,0.1954733344756108,WON
/Users/tompitts/dphil/CanopyAI/deepforest_custom/phase5_tiles/won_tile_51_rot136.tif,217.0,331.0,285.0,399.0,Tree,78.72762420499274,0.9807090167368636,0.1954733344756108,WON
/Users/tompitts/dphil/CanopyAI/deepforest_custom/phase5_tiles/won_tile_51_rot136.tif,157.0,372.0,209.0,424.0,Tree,78.72762420499274,0.9807090167368636,0.1954733344756108,WON
/Users/tompitts/dphil/CanopyAI/deepforest_custom/phase5_tiles/won_tile_51_rot136.tif,114.0,312.0,189.0,388.0,Tree,78.72762420499274,0.9807090167368636,0.1954733344756108,WON
/Users/tompitts/dphil/CanopyAI/deepforest_custom/phase5_tiles/won_tile_51_rot136.tif,112.0,287.0,179.0,353.0,Tree,78.72762420499274,0.9807090167368636,0.1954733344756108,WON
/Users/tompitts/dphil/CanopyAI/deepforest_custom/phase5_tiles/won_tile_51_rot136.tif,64.0,262.0,118.0,315.0,Tree,78.72762420499274,0.9807090167368636,0.1954733344756108,WON
/Users/tompitts/dphil/CanopyAI/deepforest_custom/phase5_tiles/won_tile_51_rot136.tif,125.0,243.0,187.0,304.0,Tree,78.72762420499274,0.9807090167368636,0.1954733344756108,WON
/Users/tompitts/dphil/CanopyAI/deepforest_custom/phase5_tiles/won_tile_51_rot136.tif,153.0,221.0,213.0,281.0,Tree,78.72762420499274,0.9807090167368636,0.1954733344756108,WON
/Users/tompitts/dphil/CanopyAI/deepforest_custom/phase5_tiles/won_tile_51_rot136.tif,191.0,272.0,256.0,336.0,Tree,78.72762420499274,0.9807090167368636,0.1954733344756108,WON
/Users/tompitts/dphil/CanopyAI/deepforest_custom/phase5_tiles/won_tile_51_rot136.tif,266.0,238.0,350.0,323.0,Tree,78.72762420499274,0.9807090167368636,0.1954733344756108,WON
/Users/tompitts/dphil/CanopyAI/deepforest_custom/phase5_tiles/won_tile_51_rot136.tif,262.0,315.0,318.0,371.0,Tree,78.72762420499274,0.9807090167368636,0.1954733344756108,WON
/Users/tompitts/dphil/CanopyAI/deepforest_custom/phase5_tiles/won_tile_51_rot136.tif,299.0,348.0,373.0,422.0,Tree,78.72762420499274,0.9807090167368636,0.1954733344756108,WON
/Users/tompitts/dphil/CanopyAI/deepforest_custom/phase5_tiles/won_tile_51_rot136.tif,260.0,202.0,319.0,261.0,Tree,78.72762420499274,0.9807090167368636,0.1954733344756108,WON
/Users/tompitts/dphil/CanopyAI/deepforest_custom/phase5_tiles/won_tile_51_rot136.tif,166.0,131.0,232.0,197.0,Tree,78.72762420499274,0.9807090167368636,0.1954733344756108,WON
/Users/tompitts/dphil/CanopyAI/deepforest_custom/phase5_tiles/won_tile_51_rot136.tif,60.0,106.0,115.0,161.0,Tree,78.72762420499274,0.9807090167368636,0.1954733344756108,WON
/Users/tompitts/dphil/CanopyAI/deepforest_custom/phase5_tiles/won_tile_51_rot136.tif,32.0,83.0,87.0,139.0,Tree,78.72762420499274,0.9807090167368636,0.1954733344756108,WON
/Users/tompitts/dphil/CanopyAI/deepforest_custom/phase5_tiles/won_tile_51_rot136.tif,67.0,54.0,116.0,103.0,Tree,78.72762420499274,0.9807090167368636,0.1954733344756108,WON
/Users/tompitts/dphil/CanopyAI/deepforest_custom/phase5_tiles/won_tile_51_rot136.tif,114.0,22.0,168.0,77.0,Tree,78.72762420499274,0.9807090167368636,0.1954733344756108,WON
/Users/tompitts/dphil/CanopyAI/deepforest_custom/phase5_tiles/won_tile_51_rot136.tif,250.0,0.0,306.0,10.0,Tree,78.72762420499274,0.9807090167368636,0.1954733344756108,WON
/Users/tompitts/dphil/CanopyAI/deepforest_custom/phase5_tiles/won_tile_51_rot136.tif,224.0,78.0,270.0,124.0,Tree,78.72762420499274,0.9807090167368636,0.1954733344756108,WON
/Users/tompitts/dphil/CanopyAI/deepforest_custom/phase5_tiles/won_tile_51_rot136.tif,190.0,18.0,283.0,112.0,Tree,78.72762420499274,0.9807090167368636,0.1954733344756108,WON
/Users/tompitts/dphil/CanopyAI/deepforest_custom/phase5_tiles/won_tile_51_rot136.tif,100.0,49.0,203.0,153.0,Tree,78.72762420499274,0.9807090167368636,0.1954733344756108,WON
/Users/tompitts/dphil/CanopyAI/deepforest_custom/phase5_tiles/won_tile_51_rot136.tif,253.0,107.0,320.0,175.0,Tree,78.72762420499274,0.9807090167368636,0.1954733344756108,WON
/Users/tompitts/dphil/CanopyAI/deepforest_custom/phase5_tiles/won_tile_51_rot136.tif,215.0,122.0,335.0,242.0,Tree,78.72762420499274,0.9807090167368636,0.1954733344756108,WON
/Users/tompitts/dphil/CanopyAI/deepforest_custom/phase5_tiles/won_tile_51_rot136.tif,314.0,264.0,387.0,337.0,Tree,78.72762420499274,0.9807090167368636,0.1954733344756108,WON
/Users/tompitts/dphil/CanopyAI/deepforest_custom/phase5_tiles/won_tile_51_rot136.tif,368.0,260.0,449.0,341.0,Tree,78.72762420499274,0.9807090167368636,0.1954733344756108,WON
/Users/tompitts/dphil/CanopyAI/deepforest_custom/phase5_tiles/won_tile_51_rot136.tif,423.0,264.0,482.0,323.0,Tree,78.72762420499274,0.9807090167368636,0.1954733344756108,WON
/Users/tompitts/dphil/CanopyAI/deepforest_custom/phase5_tiles/won_tile_51_rot136.tif,341.0,95.0,402.0,156.0,Tree,78.72762420499274,0.9807090167368636,0.1954733344756108,WON
/Users/tompitts/dphil/CanopyAI/deepforest_custom/phase5_tiles/won_tile_51_rot136.tif,355.0,126.0,436.0,207.0,Tree,78.72762420499274,0.9807090167368636,0.1954733344756108,WON
/Users/tompitts/dphil/CanopyAI/deepforest_custom/phase5_tiles/won_tile_51_rot136.tif,435.0,106.0,495.0,166.0,Tree,78.72762420499274,0.9807090167368636,0.1954733344756108,WON
/Users/tompitts/dphil/CanopyAI/deepforest_custom/phase5_tiles/won_tile_51_rot136.tif,447.0,151.0,493.0,198.0,Tree,78.72762420499274,0.9807090167368636,0.1954733344756108,WON
/Users/tompitts/dphil/CanopyAI/deepforest_custom/phase5_tiles/won_tile_51_rot136.tif,437.0,180.0,488.0,231.0,Tree,78.72762420499274,0.9807090167368636,0.1954733344756108,WON
/Users/tompitts/dphil/CanopyAI/deepforest_custom/phase5_tiles/won_tile_51_rot136.tif,423.0,214.0,500.0,294.0,Tree,78.72762420499274,0.9807090167368636,0.1954733344756108,WON
/Users/tompitts/dphil/CanopyAI/deepforest_custom/phase5_tiles/won_tile_51_rot136.tif,484.0,210.0,500.0,274.0,Tree,78.72762420499274,0.9807090167368636,0.1954733344756108,WON
/Users/tompitts/dphil/CanopyAI/deepforest_custom/phase5_tiles/won_tile_51_rot136.tif,361.0,36.0,410.0,85.0,Tree,78.72762420499274,0.9807090167368636,0.1954733344756108,WON
/Users/tompitts/dphil/CanopyAI/deepforest_custom/phase5_tiles/won_tile_29_rot233.tif,440.0,309.0,495.0,364.0,Tree,341.04160239937164,-0.3248815287481496,0.9457547209917936,WON
/Users/tompitts/dphil/CanopyAI/deepforest_custom/phase5_tiles/won_tile_29_rot233.tif,371.0,341.0,458.0,426.0,Tree,341.04160239937164,-0.3248815287481496,0.9457547209917936,WON
/Users/tompitts/dphil/CanopyAI/deepforest_custom/phase5_tiles/won_tile_29_rot233.tif,338.0,295.0,411.0,367.0,Tree,341.04160239937164,-0.3248815287481496,0.9457547209917936,WON
/Users/tompitts/dphil/CanopyAI/deepforest_custom/phase5_tiles/won_tile_29_rot233.tif,427.0,238.0,497.0,307.0,Tree,341.04160239937164,-0.3248815287481496,0.9457547209917936,WON
/Users/tompitts/dphil/CanopyAI/deepforest_custom/phase5_tiles/won_tile_29_rot233.tif,380.0,88.0,500.0,209.0,Tree,341.04160239937164,-0.3248815287481496,0.9457547209917936,WON
/Users/tompitts/dphil/CanopyAI/deepforest_custom/phase5_tiles/won_tile_29_rot233.tif,170.0,339.0,242.0,413.0,Tree,341.04160239937164,-0.3248815287481496,0.9457547209917936,WON
/Users/tompitts/dphil/CanopyAI/deepforest_custom/phase5_tiles/won_tile_29_rot233.tif,237.0,336.0,298.0,397.0,Tree,341.04160239937164,-0.3248815287481496,0.9457547209917936,WON
/Users/tompitts/dphil/CanopyAI/deepforest_custom/phase5_tiles/won_tile_29_rot233.tif,305.0,357.0,393.0,443.0,Tree,341.04160239937164,-0.3248815287481496,0.9457547209917936,WON
/Users/tompitts/dphil/CanopyAI/deepforest_custom/phase5_tiles/won_tile_29_rot233.tif,122.0,200.0,206.0,284.0,Tree,341.04160239937164,-0.3248815287481496,0.9457547209917936,WON
/Users/tompitts/dphil/CanopyAI/deepforest_custom/phase5_tiles/won_tile_29_rot233.tif,33.0,250.0,88.0,303.0,Tree,341.04160239937164,-0.3248815287481496,0.9457547209917936,WON
/Users/tompitts/dphil/CanopyAI/deepforest_custom/phase5_tiles/won_tile_29_rot233.tif,75.0,41.0,132.0,97.0,Tree,341.04160239937164,-0.3248815287481496,0.9457547209917936,WON
/Users/tompitts/dphil/CanopyAI/deepforest_custom/phase5_tiles/won_tile_29_rot233.tif,301.0,103.0,356.0,158.0,Tree,341.04160239937164,-0.3248815287481496,0.9457547209917936,WON
/Users/tompitts/dphil/CanopyAI/deepforest_custom/phase5_tiles/won_tile_29_rot233.tif,278.0,141.0,329.0,192.0,Tree,341.04160239937164,-0.3248815287481496,0.9457547209917936,WON
/Users/tompitts/dphil/CanopyAI/deepforest_custom/phase5_tiles/won_tile_29_rot233.tif,214.0,232.0,271.0,286.0,Tree,341.04160239937164,-0.3248815287481496,0.9457547209917936,WON
/Users/tompitts/dphil/CanopyAI/deepforest_custom/phase5_tiles/won_tile_29_rot233.tif,261.0,261.0,314.0,315.0,Tree,341.04160239937164,-0.3248815287481496,0.9457547209917936,WON
/Users/tompitts/dphil/CanopyAI/deepforest_custom/phase5_tiles/won_tile_29_rot233.tif,287.0,335.0,331.0,377.0,Tree,341.04160239937164,-0.3248815287481496,0.9457547209917936,WON
/Users/tompitts/dphil/CanopyAI/deepforest_custom/phase5_tiles/won_tile_29_rot233.tif,192.0,382.0,254.0,444.0,Tree,341.04160239937164,-0.3248815287481496,0.9457547209917936,WON
/Users/tompitts/dphil/CanopyAI/deepforest_custom/phase5_tiles/won_tile_29_rot233.tif,10.0,170.0,58.0,219.0,Tree,341.04160239937164,-0.3248815287481496,0.9457547209917936,WON
/Users/tompitts/dphil/CanopyAI/deepforest_custom/phase5_tiles/won_tile_29_rot233.tif,57.0,141.0,109.0,193.0,Tree,341.04160239937164,-0.3248815287481496,0.9457547209917936,WON
/Users/tompitts/dphil/CanopyAI/deepforest_custom/phase5_tiles/won_tile_29_rot233.tif,31.0,328.0,81.0,377.0,Tree,341.04160239937164,-0.3248815287481496,0.9457547209917936,WON
/Users/tompitts/dphil/CanopyAI/deepforest_custom/phase5_tiles/won_tile_29_rot233.tif,75.0,388.0,126.0,439.0,Tree,341.04160239937164,-0.3248815287481496,0.9457547209917936,WON
/Users/tompitts/dphil/CanopyAI/deepforest_custom/phase5_tiles/won_tile_29_rot233.tif,119.0,364.0,161.0,407.0,Tree,341.04160239937164,-0.3248815287481496,0.9457547209917936,WON
/Users/tompitts/dphil/CanopyAI/deepforest_custom/phase5_tiles/won_tile_29_rot233.tif,52.0,285.0,97.0,330.0,Tree,341.04160239937164,-0.3248815287481496,0.9457547209917936,WON
/Users/tompitts/dphil/CanopyAI/deepforest_custom/phase5_tiles/won_tile_29_rot233.tif,27.0,186.0,101.0,264.0,Tree,341.04160239937164,-0.3248815287481496,0.9457547209917936,WON
/Users/tompitts/dphil/CanopyAI/deepforest_custom/phase5_tiles/won_tile_29_rot233.tif,271.0,461.0,341.0,500.0,Tree,341.04160239937164,-0.3248815287481496,0.9457547209917936,WON
/Users/tompitts/dphil/CanopyAI/deepforest_custom/phase5_tiles/won_tile_29_rot233.tif,216.0,462.0,273.0,500.0,Tree,341.04160239937164,-0.3248815287481496,0.9457547209917936,WON
/Users/tompitts/dphil/CanopyAI/deepforest_custom/phase5_tiles/won_tile_29_rot233.tif,229.0,420.0,290.0,483.0,Tree,341.04160239937164,-0.3248815287481496,0.9457547209917936,WON
/Users/tompitts/dphil/CanopyAI/deepforest_custom/phase5_tiles/won_tile_29_rot233.tif,150.0,85.0,200.0,134.0,Tree,341.04160239937164,-0.3248815287481496,0.9457547209917936,WON
/Users/tompitts/dphil/CanopyAI/deepforest_custom/phase5_tiles/won_tile_29_rot233.tif,97.0,112.0,149.0,163.0,Tree,341.04160239937164,-0.3248815287481496,0.9457547209917936,WON
/Users/tompitts/dphil/CanopyAI/deepforest_custom/phase5_tiles/won_tile_29_rot233.tif,167.0,0.0,217.0,31.0,Tree,341.04160239937164,-0.3248815287481496,0.9457547209917936,WON
/Users/tompitts/dphil/CanopyAI/deepforest_custom/phase5_tiles/won_tile_29_rot233.tif,272.0,0.0,363.0,76.0,Tree,341.04160239937164,-0.3248815287481496,0.9457547209917936,WON
/Users/tompitts/dphil/CanopyAI/deepforest_custom/phase5_tiles/won_tile_29_rot233.tif,344.0,43.0,410.0,106.0,Tree,341.04160239937164,-0.3248815287481496,0.9457547209917936,WON
/Users/tompitts/dphil/CanopyAI/deepforest_custom/phase5_tiles/won_tile_29_rot233.tif,111.0,0.0,165.0,49.0,Tree,341.04160239937164,-0.3248815287481496,0.9457547209917936,WON
/Users/tompitts/dphil/CanopyAI/deepforest_custom/phase5_tiles/won_tile_29_rot233.tif,0.0,259.0,13.0,352.0,Tree,341.04160239937164,-0.3248815287481496,0.9457547209917936,WON
/Users/tompitts/dphil/CanopyAI/deepforest_custom/phase5_tiles/won_tile_19_rot243.tif,459.0,124.0,500.0,175.0,Tree,331.38818452775195,-0.4788729044384653,0.8778842414547994,WON
/Users/tompitts/dphil/CanopyAI/deepforest_custom/phase5_tiles/won_tile_19_rot243.tif,428.0,135.0,494.0,196.0,Tree,331.38818452775195,-0.4788729044384653,0.8778842414547994,WON
/Users/tompitts/dphil/CanopyAI/deepforest_custom/phase5_tiles/won_tile_19_rot243.tif,414.0,350.0,457.0,390.0,Tree,331.38818452775195,-0.4788729044384653,0.8778842414547994,WON
/Users/tompitts/dphil/CanopyAI/deepforest_custom/phase5_tiles/won_tile_19_rot243.tif,377.0,338.0,443.0,398.0,Tree,331.38818452775195,-0.4788729044384653,0.8778842414547994,WON
/Users/tompitts/dphil/CanopyAI/deepforest_custom/phase5_tiles/won_tile_19_rot243.tif,357.0,372.0,418.0,429.0,Tree,331.38818452775195,-0.4788729044384653,0.8778842414547994,WON
/Users/tompitts/dphil/CanopyAI/deepforest_custom/phase5_tiles/won_tile_19_rot243.tif,372.0,406.0,441.0,487.0,Tree,331.38818452775195,-0.4788729044384653,0.8778842414547994,WON
/Users/tompitts/dphil/CanopyAI/deepforest_custom/phase5_tiles/won_tile_19_rot243.tif,345.0,479.0,405.0,500.0,Tree,331.38818452775195,-0.4788729044384653,0.8778842414547994,WON
/Users/tompitts/dphil/CanopyAI/deepforest_custom/phase5_tiles/won_tile_19_rot243.tif,310.0,171.0,430.0,279.0,Tree,331.38818452775195,-0.4788729044384653,0.8778842414547994,WON
/Users/tompitts/dphil/CanopyAI/deepforest_custom/phase5_tiles/won_tile_19_rot243.tif,322.0,259.0,377.0,313.0,Tree,331.38818452775195,-0.4788729044384653,0.8778842414547994,WON
/Users/tompitts/dphil/CanopyAI/deepforest_custom/phase5_tiles/won_tile_19_rot243.tif,322.0,327.0,376.0,376.0,Tree,331.38818452775195,-0.4788729044384653,0.8778842414547994,WON
/Users/tompitts/dphil/CanopyAI/deepforest_custom/phase5_tiles/won_tile_19_rot243.tif,257.0,470.0,306.0,500.0,Tree,331.38818452775195,-0.4788729044384653,0.8778842414547994,WON
/Users/tompitts/dphil/CanopyAI/deepforest_custom/phase5_tiles/won_tile_19_rot243.tif,222.0,383.0,312.0,467.0,Tree,331.38818452775195,-0.4788729044384653,0.8778842414547994,WON
/Users/tompitts/dphil/CanopyAI/deepforest_custom/phase5_tiles/won_tile_19_rot243.tif,305.0,376.0,349.0,423.0,Tree,331.38818452775195,-0.4788729044384653,0.8778842414547994,WON
/Users/tompitts/dphil/CanopyAI/deepforest_custom/phase5_tiles/won_tile_19_rot243.tif,220.0,305.0,294.0,372.0,Tree,331.38818452775195,-0.4788729044384653,0.8778842414547994,WON
/Users/tompitts/dphil/CanopyAI/deepforest_custom/phase5_tiles/won_tile_19_rot243.tif,365.0,54.0,429.0,117.0,Tree,331.38818452775195,-0.4788729044384653,0.8778842414547994,WON
/Users/tompitts/dphil/CanopyAI/deepforest_custom/phase5_tiles/won_tile_19_rot243.tif,402.0,99.0,445.0,143.0,Tree,331.38818452775195,-0.4788729044384653,0.8778842414547994,WON
/Users/tompitts/dphil/CanopyAI/deepforest_custom/phase5_tiles/won_tile_19_rot243.tif,326.0,101.0,384.0,157.0,Tree,331.38818452775195,-0.4788729044384653,0.8778842414547994,WON
/Users/tompitts/dphil/CanopyAI/deepforest_custom/phase5_tiles/won_tile_19_rot243.tif,210.0,8.0,276.0,73.0,Tree,331.38818452775195,-0.4788729044384653,0.8778842414547994,WON
/Users/tompitts/dphil/CanopyAI/deepforest_custom/phase5_tiles/won_tile_19_rot243.tif,242.0,176.0,317.0,248.0,Tree,331.38818452775195,-0.4788729044384653,0.8778842414547994,WON
/Users/tompitts/dphil/CanopyAI/deepforest_custom/phase5_tiles/won_tile_19_rot243.tif,218.0,226.0,296.0,303.0,Tree,331.38818452775195,-0.4788729044384653,0.8778842414547994,WON
/Users/tompitts/dphil/CanopyAI/deepforest_custom/phase5_tiles/won_tile_19_rot243.tif,170.0,349.0,235.0,407.0,Tree,331.38818452775195,-0.4788729044384653,0.8778842414547994,WON
/Users/tompitts/dphil/CanopyAI/deepforest_custom/phase5_tiles/won_tile_19_rot243.tif,102.0,382.0,183.0,456.0,Tree,331.38818452775195,-0.4788729044384653,0.8778842414547994,WON
/Users/tompitts/dphil/CanopyAI/deepforest_custom/phase5_tiles/won_tile_19_rot243.tif,157.0,221.0,232.0,295.0,Tree,331.38818452775195,-0.4788729044384653,0.8778842414547994,WON
/Users/tompitts/dphil/CanopyAI/deepforest_custom/phase5_tiles/won_tile_19_rot243.tif,167.0,147.0,243.0,217.0,Tree,331.38818452775195,-0.4788729044384653,0.8778842414547994,WON
/Users/tompitts/dphil/CanopyAI/deepforest_custom/phase5_tiles/won_tile_19_rot243.tif,102.0,112.0,170.0,179.0,Tree,331.38818452775195,-0.4788729044384653,0.8778842414547994,WON
/Users/tompitts/dphil/CanopyAI/deepforest_custom/phase5_tiles/won_tile_19_rot243.tif,96.0,169.0,160.0,224.0,Tree,331.38818452775195,-0.4788729044384653,0.8778842414547994,WON
/Users/tompitts/dphil/CanopyAI/deepforest_custom/phase5_tiles/won_tile_19_rot243.tif,9.0,107.0,100.0,202.0,Tree,331.38818452775195,-0.4788729044384653,0.8778842414547994,WON
/Users/tompitts/dphil/CanopyAI/deepforest_custom/phase5_tiles/won_tile_19_rot243.tif,51.0,201.0,96.0,242.0,Tree,331.38818452775195,-0.4788729044384653,0.8778842414547994,WON
/Users/tompitts/dphil/CanopyAI/deepforest_custom/phase5_tiles/won_tile_19_rot243.tif,18.0,217.0,71.0,266.0,Tree,331.38818452775195,-0.4788729044384653,0.8778842414547994,WON
/Users/tompitts/dphil/CanopyAI/deepforest_custom/phase5_tiles/won_tile_19_rot243.tif,56.0,242.0,101.0,283.0,Tree,331.38818452775195,-0.4788729044384653,0.8778842414547994,WON
/Users/tompitts/dphil/CanopyAI/deepforest_custom/phase5_tiles/won_tile_19_rot243.tif,33.0,329.0,95.0,390.0,Tree,331.38818452775195,-0.4788729044384653,0.8778842414547994,WON
/Users/tompitts/dphil/CanopyAI/deepforest_custom/phase5_tiles/won_tile_19_rot243.tif,0.0,338.0,34.0,375.0,Tree,331.38818452775195,-0.4788729044384653,0.8778842414547994,WON
/Users/tompitts/dphil/CanopyAI/deepforest_custom/phase5_tiles/won_tile_19_rot243.tif,13.0,384.0,70.0,432.0,Tree,331.38818452775195,-0.4788729044384653,0.8778842414547994,WON
/Users/tompitts/dphil/CanopyAI/deepforest_custom/phase5_tiles/won_tile_19_rot243.tif,50.0,274.0,94.0,314.0,Tree,331.38818452775195,-0.4788729044384653,0.8778842414547994,WON
/Users/tompitts/dphil/CanopyAI/deepforest_custom/phase5_tiles/won_tile_19_rot243.tif,34.0,290.0,84.0,338.0,Tree,331.38818452775195,-0.4788729044384653,0.8778842414547994,WON
/Users/tompitts/dphil/CanopyAI/deepforest_custom/phase5_tiles/won_tile_19_rot243.tif,0.0,274.0,51.0,339.0,Tree,331.38818452775195,-0.4788729044384653,0.8778842414547994,WON
/Users/tompitts/dphil/CanopyAI/deepforest_custom/phase5_tiles/won_tile_28_rot71.tif,139.0,295.0,214.0,364.0,Tree,143.41844575280655,0.595966385721209,-0.8030093816951326,WON
/Users/tompitts/dphil/CanopyAI/deepforest_custom/phase5_tiles/won_tile_28_rot71.tif,83.0,301.0,144.0,365.0,Tree,143.41844575280655,0.595966385721209,-0.8030093816951326,WON
/Users/tompitts/dphil/CanopyAI/deepforest_custom/phase5_tiles/won_tile_28_rot71.tif,41.0,353.0,86.0,407.0,Tree,143.41844575280655,0.595966385721209,-0.8030093816951326,WON
/Users/tompitts/dphil/CanopyAI/deepforest_custom/phase5_tiles/won_tile_28_rot71.tif,0.0,398.0,40.0,438.0,Tree,143.41844575280655,0.595966385721209,-0.8030093816951326,WON
/Users/tompitts/dphil/CanopyAI/deepforest_custom/phase5_tiles/won_tile_28_rot71.tif,67.0,0.0,112.0,20.0,Tree,143.41844575280655,0.595966385721209,-0.8030093816951326,WON
/Users/tompitts/dphil/CanopyAI/deepforest_custom/phase5_tiles/won_tile_28_rot71.tif,222.0,0.0,295.0,32.0,Tree,143.41844575280655,0.595966385721209,-0.8030093816951326,WON
/Users/tompitts/dphil/CanopyAI/deepforest_custom/phase5_tiles/won_tile_28_rot71.tif,328.0,116.0,390.0,184.0,Tree,143.41844575280655,0.595966385721209,-0.8030093816951326,WON
/Users/tompitts/dphil/CanopyAI/deepforest_custom/phase5_tiles/won_tile_28_rot71.tif,305.0,192.0,366.0,253.0,Tree,143.41844575280655,0.595966385721209,-0.8030093816951326,WON
/Users/tompitts/dphil/CanopyAI/deepforest_custom/phase5_tiles/won_tile_28_rot71.tif,487.0,70.0,500.0,123.0,Tree,143.41844575280655,0.595966385721209,-0.8030093816951326,WON
/Users/tompitts/dphil/CanopyAI/deepforest_custom/phase5_tiles/won_tile_28_rot71.tif,437.0,107.0,496.0,153.0,Tree,143.41844575280655,0.595966385721209,-0.8030093816951326,WON
/Users/tompitts/dphil/CanopyAI/deepforest_custom/phase5_tiles/won_tile_28_rot71.tif,384.0,76.0,434.0,114.0,Tree,143.41844575280655,0.595966385721209,-0.8030093816951326,WON
/Users/tompitts/dphil/CanopyAI/deepforest_custom/phase5_tiles/won_tile_28_rot71.tif,329.0,69.0,388.0,128.0,Tree,143.41844575280655,0.595966385721209,-0.8030093816951326,WON
/Users/tompitts/dphil/CanopyAI/deepforest_custom/phase5_tiles/won_tile_28_rot71.tif,82.0,58.0,130.0,98.0,Tree,143.41844575280655,0.595966385721209,-0.8030093816951326,WON
/Users/tompitts/dphil/CanopyAI/deepforest_custom/phase5_tiles/won_tile_28_rot71.tif,99.0,103.0,154.0,151.0,Tree,143.41844575280655,0.595966385721209,-0.8030093816951326,WON
/Users/tompitts/dphil/CanopyAI/deepforest_custom/phase5_tiles/won_tile_28_rot71.tif,114.0,164.0,151.0,195.0,Tree,143.41844575280655,0.595966385721209,-0.8030093816951326,WON
/Users/tompitts/dphil/CanopyAI/deepforest_custom/phase5_tiles/won_tile_28_rot71.tif,40.0,218.0,77.0,252.0,Tree,143.41844575280655,0.595966385721209,-0.8030093816951326,WON
/Users/tompitts/dphil/CanopyAI/deepforest_custom/phase5_tiles/won_tile_28_rot71.tif,0.0,319.0,45.0,376.0,Tree,143.41844575280655,0.595966385721209,-0.8030093816951326,WON
/Users/tompitts/dphil/CanopyAI/deepforest_custom/phase5_tiles/won_tile_28_rot71.tif,0.0,277.0,40.0,332.0,Tree,143.41844575280655,0.595966385721209,-0.8030093816951326,WON
/Users/tompitts/dphil/CanopyAI/deepforest_custom/phase5_tiles/won_tile_28_rot71.tif,0.0,247.0,75.0,314.0,Tree,143.41844575280655,0.595966385721209,-0.8030093816951326,WON
/Users/tompitts/dphil/CanopyAI/deepforest_custom/phase5_tiles/won_tile_28_rot71.tif,296.0,427.0,368.0,487.0,Tree,143.41844575280655,0.595966385721209,-0.8030093816951326,WON
/Users/tompitts/dphil/CanopyAI/deepforest_custom/phase5_tiles/won_tile_28_rot71.tif,268.0,166.0,319.0,217.0,Tree,143.41844575280655,0.595966385721209,-0.8030093816951326,WON
/Users/tompitts/dphil/CanopyAI/deepforest_custom/phase5_tiles/won_tile_28_rot71.tif,253.0,127.0,315.0,180.0,Tree,143.41844575280655,0.595966385721209,-0.8030093816951326,WON
/Users/tompitts/dphil/CanopyAI/deepforest_custom/phase5_tiles/won_tile_28_rot71.tif,265.0,83.0,323.0,141.0,Tree,143.41844575280655,0.595966385721209,-0.8030093816951326,WON
/Users/tompitts/dphil/CanopyAI/deepforest_custom/phase5_tiles/won_tile_28_rot71.tif,130.0,39.0,204.0,114.0,Tree,143.41844575280655,0.595966385721209,-0.8030093816951326,WON
/Users/tompitts/dphil/CanopyAI/deepforest_custom/phase5_tiles/won_tile_28_rot71.tif,121.0,216.0,183.0,276.0,Tree,143.41844575280655,0.595966385721209,-0.8030093816951326,WON
/Users/tompitts/dphil/CanopyAI/deepforest_custom/phase5_tiles/won_tile_28_rot71.tif,175.0,173.0,226.0,219.0,Tree,143.41844575280655,0.595966385721209,-0.8030093816951326,WON
/Users/tompitts/dphil/CanopyAI/deepforest_custom/phase5_tiles/won_tile_28_rot71.tif,57.0,160.0,122.0,218.0,Tree,143.41844575280655,0.595966385721209,-0.8030093816951326,WON
/Users/tompitts/dphil/CanopyAI/deepforest_custom/phase5_tiles/won_tile_28_rot71.tif,28.0,81.0,101.0,153.0,Tree,143.41844575280655,0.595966385721209,-0.8030093816951326,WON
/Users/tompitts/dphil/CanopyAI/deepforest_custom/phase5_tiles/won_tile_28_rot71.tif,370.0,326.0,414.0,364.0,Tree,143.41844575280655,0.595966385721209,-0.8030093816951326,WON
/Users/tompitts/dphil/CanopyAI/deepforest_custom/phase5_tiles/won_tile_28_rot71.tif,394.0,279.0,447.0,337.0,Tree,143.41844575280655,0.595966385721209,-0.8030093816951326,WON
/Users/tompitts/dphil/CanopyAI/deepforest_custom/phase5_tiles/won_tile_28_rot71.tif,440.0,303.0,487.0,341.0,Tree,143.41844575280655,0.595966385721209,-0.8030093816951326,WON
/Users/tompitts/dphil/CanopyAI/deepforest_custom/phase5_tiles/won_tile_28_rot71.tif,431.0,237.0,500.0,306.0,Tree,143.41844575280655,0.595966385721209,-0.8030093816951326,WON
/Users/tompitts/dphil/CanopyAI/deepforest_custom/phase5_tiles/won_tile_28_rot71.tif,420.0,149.0,487.0,203.0,Tree,143.41844575280655,0.595966385721209,-0.8030093816951326,WON
/Users/tompitts/dphil/CanopyAI/deepforest_custom/phase5_tiles/won_tile_28_rot71.tif,374.0,208.0,439.0,273.0,Tree,143.41844575280655,0.595966385721209,-0.8030093816951326,WON
/Users/tompitts/dphil/CanopyAI/deepforest_custom/phase5_tiles/won_tile_28_rot71.tif,328.0,224.0,397.0,293.0,Tree,143.41844575280655,0.595966385721209,-0.8030093816951326,WON
/Users/tompitts/dphil/CanopyAI/deepforest_custom/phase5_tiles/won_tile_28_rot71.tif,170.0,249.0,257.0,314.0,Tree,143.41844575280655,0.595966385721209,-0.8030093816951326,WON
/Users/tompitts/dphil/CanopyAI/deepforest_custom/phase5_tiles/won_tile_28_rot71.tif,240.0,260.0,288.0,300.0,Tree,143.41844575280655,0.595966385721209,-0.8030093816951326,WON
/Users/tompitts/dphil/CanopyAI/deepforest_custom/phase5_tiles/won_tile_28_rot71.tif,280.0,334.0,327.0,376.0,Tree,143.41844575280655,0.595966385721209,-0.8030093816951326,WON
/Users/tompitts/dphil/CanopyAI/deepforest_custom/phase5_tiles/won_tile_28_rot71.tif,288.0,292.0,341.0,346.0,Tree,143.41844575280655,0.595966385721209,-0.8030093816951326,WON
/Users/tompitts/dphil/CanopyAI/deepforest_custom/phase5_tiles/won_tile_28_rot71.tif,229.0,333.0,279.0,382.0,Tree,143.41844575280655,0.595966385721209,-0.8030093816951326,WON
/Users/tompitts/dphil/CanopyAI/deepforest_custom/phase5_tiles/won_tile_28_rot71.tif,185.0,416.0,263.0,490.0,Tree,143.41844575280655,0.595966385721209,-0.8030093816951326,WON
/Users/tompitts/dphil/CanopyAI/deepforest_custom/phase5_tiles/won_tile_28_rot71.tif,106.0,341.0,163.0,397.0,Tree,143.41844575280655,0.595966385721209,-0.8030093816951326,WON
/Users/tompitts/dphil/CanopyAI/deepforest_custom/phase5_tiles/won_tile_28_rot71.tif,94.0,381.0,198.0,472.0,Tree,143.41844575280655,0.595966385721209,-0.8030093816951326,WON
/Users/tompitts/dphil/CanopyAI/deepforest_custom/phase5_tiles/won_tile_28_rot71.tif,353.0,401.0,423.0,454.0,Tree,143.41844575280655,0.595966385721209,-0.8030093816951326,WON
/Users/tompitts/dphil/CanopyAI/deepforest_custom/phase5_tiles/won_tile_24_rot10.tif,324.0,166.0,398.0,234.0,Tree,204.27300100229468,-0.4110848402004408,-0.9115970898140132,WON
/Users/tompitts/dphil/CanopyAI/deepforest_custom/phase5_tiles/won_tile_24_rot10.tif,184.0,162.0,236.0,207.0,Tree,204.27300100229468,-0.4110848402004408,-0.9115970898140132,WON
/Users/tompitts/dphil/CanopyAI/deepforest_custom/phase5_tiles/won_tile_24_rot10.tif,166.0,200.0,224.0,249.0,Tree,204.27300100229468,-0.4110848402004408,-0.9115970898140132,WON
/Users/tompitts/dphil/CanopyAI/deepforest_custom/phase5_tiles/won_tile_24_rot10.tif,101.0,98.0,160.0,149.0,Tree,204.27300100229468,-0.4110848402004408,-0.9115970898140132,WON
/Users/tompitts/dphil/CanopyAI/deepforest_custom/phase5_tiles/won_tile_24_rot10.tif,92.0,26.0,142.0,72.0,Tree,204.27300100229468,-0.4110848402004408,-0.9115970898140132,WON
/Users/tompitts/dphil/CanopyAI/deepforest_custom/phase5_tiles/won_tile_24_rot10.tif,287.0,1.0,335.0,48.0,Tree,204.27300100229468,-0.4110848402004408,-0.9115970898140132,WON
/Users/tompitts/dphil/CanopyAI/deepforest_custom/phase5_tiles/won_tile_24_rot10.tif,228.0,0.0,286.0,58.0,Tree,204.27300100229468,-0.4110848402004408,-0.9115970898140132,WON
/Users/tompitts/dphil/CanopyAI/deepforest_custom/phase5_tiles/won_tile_24_rot10.tif,267.0,50.0,305.0,81.0,Tree,204.27300100229468,-0.4110848402004408,-0.9115970898140132,WON
/Users/tompitts/dphil/CanopyAI/deepforest_custom/phase5_tiles/won_tile_24_rot10.tif,227.0,75.0,292.0,131.0,Tree,204.27300100229468,-0.4110848402004408,-0.9115970898140132,WON
/Users/tompitts/dphil/CanopyAI/deepforest_custom/phase5_tiles/won_tile_24_rot10.tif,134.0,128.0,193.0,189.0,Tree,204.27300100229468,-0.4110848402004408,-0.9115970898140132,WON
/Users/tompitts/dphil/CanopyAI/deepforest_custom/phase5_tiles/won_tile_24_rot10.tif,430.0,66.0,479.0,130.0,Tree,204.27300100229468,-0.4110848402004408,-0.9115970898140132,WON
/Users/tompitts/dphil/CanopyAI/deepforest_custom/phase5_tiles/won_tile_24_rot10.tif,387.0,117.0,448.0,177.0,Tree,204.27300100229468,-0.4110848402004408,-0.9115970898140132,WON
/Users/tompitts/dphil/CanopyAI/deepforest_custom/phase5_tiles/won_tile_24_rot10.tif,368.0,25.0,449.0,113.0,Tree,204.27300100229468,-0.4110848402004408,-0.9115970898140132,WON
/Users/tompitts/dphil/CanopyAI/deepforest_custom/phase5_tiles/won_tile_24_rot10.tif,197.0,264.0,263.0,341.0,Tree,204.27300100229468,-0.4110848402004408,-0.9115970898140132,WON
/Users/tompitts/dphil/CanopyAI/deepforest_custom/phase5_tiles/won_tile_24_rot10.tif,200.0,372.0,268.0,438.0,Tree,204.27300100229468,-0.4110848402004408,-0.9115970898140132,WON
/Users/tompitts/dphil/CanopyAI/deepforest_custom/phase5_tiles/won_tile_24_rot10.tif,206.0,440.0,267.0,500.0,Tree,204.27300100229468,-0.4110848402004408,-0.9115970898140132,WON
/Users/tompitts/dphil/CanopyAI/deepforest_custom/phase5_tiles/won_tile_24_rot10.tif,266.0,438.0,306.0,497.0,Tree,204.27300100229468,-0.4110848402004408,-0.9115970898140132,WON
/Users/tompitts/dphil/CanopyAI/deepforest_custom/phase5_tiles/won_tile_24_rot10.tif,302.0,433.0,342.0,490.0,Tree,204.27300100229468,-0.4110848402004408,-0.9115970898140132,WON
/Users/tompitts/dphil/CanopyAI/deepforest_custom/phase5_tiles/won_tile_24_rot10.tif,331.0,369.0,383.0,431.0,Tree,204.27300100229468,-0.4110848402004408,-0.9115970898140132,WON
/Users/tompitts/dphil/CanopyAI/deepforest_custom/phase5_tiles/won_tile_24_rot10.tif,260.0,154.0,304.0,205.0,Tree,204.27300100229468,-0.4110848402004408,-0.9115970898140132,WON
/Users/tompitts/dphil/CanopyAI/deepforest_custom/phase5_tiles/won_tile_24_rot10.tif,327.0,0.0,387.0,39.0,Tree,204.27300100229468,-0.4110848402004408,-0.9115970898140132,WON
/Users/tompitts/dphil/CanopyAI/deepforest_custom/phase5_tiles/won_tile_24_rot10.tif,245.0,207.0,330.0,288.0,Tree,204.27300100229468,-0.4110848402004408,-0.9115970898140132,WON
/Users/tompitts/dphil/CanopyAI/deepforest_custom/phase5_tiles/won_tile_24_rot10.tif,337.0,303.0,391.0,354.0,Tree,204.27300100229468,-0.4110848402004408,-0.9115970898140132,WON
/Users/tompitts/dphil/CanopyAI/deepforest_custom/phase5_tiles/won_tile_24_rot10.tif,423.0,364.0,476.0,424.0,Tree,204.27300100229468,-0.4110848402004408,-0.9115970898140132,WON
/Users/tompitts/dphil/CanopyAI/deepforest_custom/phase5_tiles/won_tile_24_rot10.tif,442.0,300.0,500.0,372.0,Tree,204.27300100229468,-0.4110848402004408,-0.9115970898140132,WON
/Users/tompitts/dphil/CanopyAI/deepforest_custom/phase5_tiles/won_tile_24_rot10.tif,380.0,227.0,443.0,293.0,Tree,204.27300100229468,-0.4110848402004408,-0.9115970898140132,WON
/Users/tompitts/dphil/CanopyAI/deepforest_custom/phase5_tiles/won_tile_24_rot10.tif,431.0,197.0,500.0,285.0,Tree,204.27300100229468,-0.4110848402004408,-0.9115970898140132,WON
/Users/tompitts/dphil/CanopyAI/deepforest_custom/phase5_tiles/won_tile_15_rot80.tif,286.0,346.0,356.0,420.0,Tree,134.6441342664238,0.7114849745514165,-0.7027013099372809,WON
/Users/tompitts/dphil/CanopyAI/deepforest_custom/phase5_tiles/won_tile_15_rot80.tif,122.0,223.0,194.0,291.0,Tree,134.6441342664238,0.7114849745514165,-0.7027013099372809,WON
/Users/tompitts/dphil/CanopyAI/deepforest_custom/phase5_tiles/won_tile_15_rot80.tif,320.0,270.0,375.0,328.0,Tree,134.6441342664238,0.7114849745514165,-0.7027013099372809,WON
/Users/tompitts/dphil/CanopyAI/deepforest_custom/phase5_tiles/won_tile_15_rot80.tif,438.0,315.0,490.0,390.0,Tree,134.6441342664238,0.7114849745514165,-0.7027013099372809,WON
/Users/tompitts/dphil/CanopyAI/deepforest_custom/phase5_tiles/won_tile_15_rot80.tif,0.0,411.0,42.0,449.0,Tree,134.6441342664238,0.7114849745514165,-0.7027013099372809,WON
/Users/tompitts/dphil/CanopyAI/deepforest_custom/phase5_tiles/won_tile_15_rot80.tif,37.0,264.0,87.0,316.0,Tree,134.6441342664238,0.7114849745514165,-0.7027013099372809,WON
/Users/tompitts/dphil/CanopyAI/deepforest_custom/phase5_tiles/won_tile_15_rot80.tif,48.0,212.0,95.0,257.0,Tree,134.6441342664238,0.7114849745514165,-0.7027013099372809,WON
/Users/tompitts/dphil/CanopyAI/deepforest_custom/phase5_tiles/won_tile_15_rot80.tif,2.0,181.0,29.0,226.0,Tree,134.6441342664238,0.7114849745514165,-0.7027013099372809,WON
/Users/tompitts/dphil/CanopyAI/deepforest_custom/phase5_tiles/won_tile_15_rot80.tif,0.0,252.0,38.0,298.0,Tree,134.6441342664238,0.7114849745514165,-0.7027013099372809,WON
/Users/tompitts/dphil/CanopyAI/deepforest_custom/phase5_tiles/won_tile_15_rot80.tif,58.0,105.0,106.0,152.0,Tree,134.6441342664238,0.7114849745514165,-0.7027013099372809,WON
/Users/tompitts/dphil/CanopyAI/deepforest_custom/phase5_tiles/won_tile_15_rot80.tif,55.0,147.0,105.0,194.0,Tree,134.6441342664238,0.7114849745514165,-0.7027013099372809,WON
/Users/tompitts/dphil/CanopyAI/deepforest_custom/phase5_tiles/won_tile_15_rot80.tif,72.0,179.0,122.0,224.0,Tree,134.6441342664238,0.7114849745514165,-0.7027013099372809,WON
/Users/tompitts/dphil/CanopyAI/deepforest_custom/phase5_tiles/won_tile_15_rot80.tif,149.0,119.0,195.0,170.0,Tree,134.6441342664238,0.7114849745514165,-0.7027013099372809,WON
/Users/tompitts/dphil/CanopyAI/deepforest_custom/phase5_tiles/won_tile_15_rot80.tif,112.0,132.0,151.0,180.0,Tree,134.6441342664238,0.7114849745514165,-0.7027013099372809,WON
/Users/tompitts/dphil/CanopyAI/deepforest_custom/phase5_tiles/won_tile_15_rot80.tif,33.0,355.0,81.0,397.0,Tree,134.6441342664238,0.7114849745514165,-0.7027013099372809,WON
/Users/tompitts/dphil/CanopyAI/deepforest_custom/phase5_tiles/won_tile_15_rot80.tif,53.0,420.0,101.0,473.0,Tree,134.6441342664238,0.7114849745514165,-0.7027013099372809,WON
/Users/tompitts/dphil/CanopyAI/deepforest_custom/phase5_tiles/won_tile_15_rot80.tif,94.0,426.0,171.0,488.0,Tree,134.6441342664238,0.7114849745514165,-0.7027013099372809,WON
/Users/tompitts/dphil/CanopyAI/deepforest_custom/phase5_tiles/won_tile_15_rot80.tif,70.0,331.0,143.0,403.0,Tree,134.6441342664238,0.7114849745514165,-0.7027013099372809,WON
/Users/tompitts/dphil/CanopyAI/deepforest_custom/phase5_tiles/won_tile_15_rot80.tif,136.0,369.0,192.0,420.0,Tree,134.6441342664238,0.7114849745514165,-0.7027013099372809,WON
/Users/tompitts/dphil/CanopyAI/deepforest_custom/phase5_tiles/won_tile_15_rot80.tif,176.0,399.0,239.0,463.0,Tree,134.6441342664238,0.7114849745514165,-0.7027013099372809,WON
/Users/tompitts/dphil/CanopyAI/deepforest_custom/phase5_tiles/won_tile_15_rot80.tif,213.0,472.0,295.0,500.0,Tree,134.6441342664238,0.7114849745514165,-0.7027013099372809,WON
/Users/tompitts/dphil/CanopyAI/deepforest_custom/phase5_tiles/won_tile_15_rot80.tif,374.0,435.0,441.0,496.0,Tree,134.6441342664238,0.7114849745514165,-0.7027013099372809,WON
/Users/tompitts/dphil/CanopyAI/deepforest_custom/phase5_tiles/won_tile_15_rot80.tif,414.0,407.0,462.0,462.0,Tree,134.6441342664238,0.7114849745514165,-0.7027013099372809,WON
/Users/tompitts/dphil/CanopyAI/deepforest_custom/phase5_tiles/won_tile_15_rot80.tif,347.0,252.0,416.0,307.0,Tree,134.6441342664238,0.7114849745514165,-0.7027013099372809,WON
/Users/tompitts/dphil/CanopyAI/deepforest_custom/phase5_tiles/won_tile_15_rot80.tif,287.0,241.0,339.0,281.0,Tree,134.6441342664238,0.7114849745514165,-0.7027013099372809,WON
/Users/tompitts/dphil/CanopyAI/deepforest_custom/phase5_tiles/won_tile_15_rot80.tif,226.0,263.0,298.0,322.0,Tree,134.6441342664238,0.7114849745514165,-0.7027013099372809,WON
/Users/tompitts/dphil/CanopyAI/deepforest_custom/phase5_tiles/won_tile_15_rot80.tif,150.0,327.0,219.0,390.0,Tree,134.6441342664238,0.7114849745514165,-0.7027013099372809,WON
/Users/tompitts/dphil/CanopyAI/deepforest_custom/phase5_tiles/won_tile_15_rot80.tif,97.0,282.0,143.0,326.0,Tree,134.6441342664238,0.7114849745514165,-0.7027013099372809,WON
/Users/tompitts/dphil/CanopyAI/deepforest_custom/phase5_tiles/won_tile_15_rot80.tif,237.0,38.0,344.0,116.0,Tree,134.6441342664238,0.7114849745514165,-0.7027013099372809,WON
/Users/tompitts/dphil/CanopyAI/deepforest_custom/phase5_tiles/won_tile_15_rot80.tif,320.0,111.0,370.0,173.0,Tree,134.6441342664238,0.7114849745514165,-0.7027013099372809,WON
/Users/tompitts/dphil/CanopyAI/deepforest_custom/phase5_tiles/won_tile_15_rot80.tif,282.0,147.0,344.0,214.0,Tree,134.6441342664238,0.7114849745514165,-0.7027013099372809,WON
/Users/tompitts/dphil/CanopyAI/deepforest_custom/phase5_tiles/won_tile_15_rot80.tif,222.0,162.0,305.0,236.0,Tree,134.6441342664238,0.7114849745514165,-0.7027013099372809,WON
/Users/tompitts/dphil/CanopyAI/deepforest_custom/phase5_tiles/won_tile_15_rot80.tif,91.0,49.0,158.0,104.0,Tree,134.6441342664238,0.7114849745514165,-0.7027013099372809,WON
/Users/tompitts/dphil/CanopyAI/deepforest_custom/phase5_tiles/won_tile_15_rot80.tif,11.0,108.0,61.0,174.0,Tree,134.6441342664238,0.7114849745514165,-0.7027013099372809,WON
/Users/tompitts/dphil/CanopyAI/deepforest_custom/phase5_tiles/won_tile_15_rot80.tif,65.0,0.0,134.0,48.0,Tree,134.6441342664238,0.7114849745514165,-0.7027013099372809,WON
/Users/tompitts/dphil/CanopyAI/deepforest_custom/phase5_tiles/won_tile_15_rot80.tif,164.0,2.0,220.0,50.0,Tree,134.6441342664238,0.7114849745514165,-0.7027013099372809,WON
/Users/tompitts/dphil/CanopyAI/deepforest_custom/phase5_tiles/won_tile_15_rot80.tif,170.0,76.0,269.0,149.0,Tree,134.6441342664238,0.7114849745514165,-0.7027013099372809,WON
/Users/tompitts/dphil/CanopyAI/deepforest_custom/phase5_tiles/won_tile_15_rot80.tif,348.0,18.0,427.0,77.0,Tree,134.6441342664238,0.7114849745514165,-0.7027013099372809,WON
/Users/tompitts/dphil/CanopyAI/deepforest_custom/phase5_tiles/won_tile_15_rot80.tif,347.0,58.0,384.0,94.0,Tree,134.6441342664238,0.7114849745514165,-0.7027013099372809,WON
/Users/tompitts/dphil/CanopyAI/deepforest_custom/phase5_tiles/won_tile_15_rot80.tif,426.0,28.0,465.0,73.0,Tree,134.6441342664238,0.7114849745514165,-0.7027013099372809,WON
/Users/tompitts/dphil/CanopyAI/deepforest_custom/phase5_tiles/won_tile_15_rot80.tif,468.0,76.0,500.0,134.0,Tree,134.6441342664238,0.7114849745514165,-0.7027013099372809,WON
/Users/tompitts/dphil/CanopyAI/deepforest_custom/phase5_tiles/won_tile_15_rot80.tif,456.0,38.0,500.0,89.0,Tree,134.6441342664238,0.7114849745514165,-0.7027013099372809,WON
/Users/tompitts/dphil/CanopyAI/deepforest_custom/phase5_tiles/won_tile_15_rot80.tif,352.0,189.0,404.0,233.0,Tree,134.6441342664238,0.7114849745514165,-0.7027013099372809,WON
/Users/tompitts/dphil/CanopyAI/deepforest_custom/phase5_tiles/won_tile_15_rot80.tif,366.0,139.0,440.0,205.0,Tree,134.6441342664238,0.7114849745514165,-0.7027013099372809,WON
/Users/tompitts/dphil/CanopyAI/deepforest_custom/phase5_tiles/won_tile_15_rot80.tif,416.0,137.0,500.0,224.0,Tree,134.6441342664238,0.7114849745514165,-0.7027013099372809,WON
/Users/tompitts/dphil/CanopyAI/deepforest_custom/phase5_tiles/won_tile_15_rot80.tif,420.0,228.0,467.0,291.0,Tree,134.6441342664238,0.7114849745514165,-0.7027013099372809,WON
/Users/tompitts/dphil/CanopyAI/deepforest_custom/phase5_tiles/won_tile_15_rot80.tif,468.0,222.0,500.0,276.0,Tree,134.6441342664238,0.7114849745514165,-0.7027013099372809,WON
/Users/tompitts/dphil/CanopyAI/deepforest_custom/phase5_tiles/won_tile_15_rot80.tif,365.0,383.0,410.0,435.0,Tree,134.6441342664238,0.7114849745514165,-0.7027013099372809,WON
/Users/tompitts/dphil/CanopyAI/deepforest_custom/phase5_tiles/won_tile_15_rot80.tif,293.0,445.0,336.0,491.0,Tree,134.6441342664238,0.7114849745514165,-0.7027013099372809,WON
/Users/tompitts/dphil/CanopyAI/deepforest_custom/phase5_tiles/won_tile_15_rot80.tif,333.0,476.0,399.0,500.0,Tree,134.6441342664238,0.7114849745514165,-0.7027013099372809,WON
/Users/tompitts/dphil/CanopyAI/deepforest_custom/phase5_tiles/won_tile_38_rot251.tif,364.0,344.0,422.0,395.0,Tree,323.66981780423833,-0.592437642484988,0.8056163105143971,WON
/Users/tompitts/dphil/CanopyAI/deepforest_custom/phase5_tiles/won_tile_38_rot251.tif,331.0,308.0,387.0,363.0,Tree,323.66981780423833,-0.592437642484988,0.8056163105143971,WON
/Users/tompitts/dphil/CanopyAI/deepforest_custom/phase5_tiles/won_tile_38_rot251.tif,336.0,181.0,397.0,238.0,Tree,323.66981780423833,-0.592437642484988,0.8056163105143971,WON
/Users/tompitts/dphil/CanopyAI/deepforest_custom/phase5_tiles/won_tile_38_rot251.tif,306.0,228.0,363.0,285.0,Tree,323.66981780423833,-0.592437642484988,0.8056163105143971,WON
/Users/tompitts/dphil/CanopyAI/deepforest_custom/phase5_tiles/won_tile_38_rot251.tif,175.0,309.0,236.0,366.0,Tree,323.66981780423833,-0.592437642484988,0.8056163105143971,WON
/Users/tompitts/dphil/CanopyAI/deepforest_custom/phase5_tiles/won_tile_38_rot251.tif,391.0,198.0,459.0,255.0,Tree,323.66981780423833,-0.592437642484988,0.8056163105143971,WON
/Users/tompitts/dphil/CanopyAI/deepforest_custom/phase5_tiles/won_tile_38_rot251.tif,145.0,107.0,201.0,161.0,Tree,323.66981780423833,-0.592437642484988,0.8056163105143971,WON
/Users/tompitts/dphil/CanopyAI/deepforest_custom/phase5_tiles/won_tile_38_rot251.tif,105.0,110.0,153.0,162.0,Tree,323.66981780423833,-0.592437642484988,0.8056163105143971,WON
/Users/tompitts/dphil/CanopyAI/deepforest_custom/phase5_tiles/won_tile_38_rot251.tif,44.0,84.0,109.0,137.0,Tree,323.66981780423833,-0.592437642484988,0.8056163105143971,WON
/Users/tompitts/dphil/CanopyAI/deepforest_custom/phase5_tiles/won_tile_38_rot251.tif,18.0,133.0,81.0,188.0,Tree,323.66981780423833,-0.592437642484988,0.8056163105143971,WON
/Users/tompitts/dphil/CanopyAI/deepforest_custom/phase5_tiles/won_tile_38_rot251.tif,462.0,208.0,500.0,247.0,Tree,323.66981780423833,-0.592437642484988,0.8056163105143971,WON
/Users/tompitts/dphil/CanopyAI/deepforest_custom/phase5_tiles/won_tile_38_rot251.tif,442.0,272.0,494.0,318.0,Tree,323.66981780423833,-0.592437642484988,0.8056163105143971,WON
/Users/tompitts/dphil/CanopyAI/deepforest_custom/phase5_tiles/won_tile_38_rot251.tif,469.0,90.0,500.0,133.0,Tree,323.66981780423833,-0.592437642484988,0.8056163105143971,WON
/Users/tompitts/dphil/CanopyAI/deepforest_custom/phase5_tiles/won_tile_38_rot251.tif,434.0,85.0,475.0,126.0,Tree,323.66981780423833,-0.592437642484988,0.8056163105143971,WON
/Users/tompitts/dphil/CanopyAI/deepforest_custom/phase5_tiles/won_tile_38_rot251.tif,408.0,80.0,437.0,115.0,Tree,323.66981780423833,-0.592437642484988,0.8056163105143971,WON
/Users/tompitts/dphil/CanopyAI/deepforest_custom/phase5_tiles/won_tile_38_rot251.tif,368.0,77.0,409.0,122.0,Tree,323.66981780423833,-0.592437642484988,0.8056163105143971,WON
/Users/tompitts/dphil/CanopyAI/deepforest_custom/phase5_tiles/won_tile_38_rot251.tif,328.0,40.0,376.0,87.0,Tree,323.66981780423833,-0.592437642484988,0.8056163105143971,WON
/Users/tompitts/dphil/CanopyAI/deepforest_custom/phase5_tiles/won_tile_38_rot251.tif,255.0,13.0,304.0,64.0,Tree,323.66981780423833,-0.592437642484988,0.8056163105143971,WON
/Users/tompitts/dphil/CanopyAI/deepforest_custom/phase5_tiles/won_tile_38_rot251.tif,147.0,0.0,205.0,56.0,Tree,323.66981780423833,-0.592437642484988,0.8056163105143971,WON
/Users/tompitts/dphil/CanopyAI/deepforest_custom/phase5_tiles/won_tile_38_rot251.tif,103.0,0.0,152.0,34.0,Tree,323.66981780423833,-0.592437642484988,0.8056163105143971,WON
/Users/tompitts/dphil/CanopyAI/deepforest_custom/phase5_tiles/won_tile_38_rot251.tif,235.0,161.0,278.0,204.0,Tree,323.66981780423833,-0.592437642484988,0.8056163105143971,WON
/Users/tompitts/dphil/CanopyAI/deepforest_custom/phase5_tiles/bru_tile_456_4000_rot359.tif,119.0,35.0,181.0,108.0,Tree,118.88646166176034,0.8755786966662449,-0.4830755074977823,BRU
/Users/tompitts/dphil/CanopyAI/deepforest_custom/phase5_tiles/bru_tile_456_4000_rot359.tif,1.0,168.0,60.0,263.0,Tree,118.88646166176034,0.8755786966662449,-0.4830755074977823,BRU
/Users/tompitts/dphil/CanopyAI/deepforest_custom/phase5_tiles/bru_tile_456_4000_rot359.tif,147.0,261.0,217.0,348.0,Tree,118.88646166176034,0.8755786966662449,-0.4830755074977823,BRU
/Users/tompitts/dphil/CanopyAI/deepforest_custom/phase5_tiles/bru_tile_456_4000_rot359.tif,315.0,191.0,366.0,227.0,Tree,118.88646166176034,0.8755786966662449,-0.4830755074977823,BRU
/Users/tompitts/dphil/CanopyAI/deepforest_custom/phase5_tiles/bru_tile_456_4000_rot359.tif,293.0,226.0,342.0,268.0,Tree,118.88646166176034,0.8755786966662449,-0.4830755074977823,BRU
/Users/tompitts/dphil/CanopyAI/deepforest_custom/phase5_tiles/bru_tile_856_2000_rot16.tif,307.0,161.0,400.0,302.0,Tree,101.03810484709555,0.9815000678864692,-0.1914617892396712,BRU
/Users/tompitts/dphil/CanopyAI/deepforest_custom/phase5_tiles/bru_tile_1656_2000_rot133.tif,92.0,150.0,267.0,324.0,Tree,344.73485183792224,-0.2632862808519094,0.9647177485229396,BRU
/Users/tompitts/dphil/CanopyAI/deepforest_custom/phase5_tiles/bru_tile_456_3200_rot323.tif,96.0,0.0,209.0,44.0,Tree,154.7837619031083,0.4260357099183249,-0.9047063467636276,BRU
/Users/tompitts/dphil/CanopyAI/deepforest_custom/phase5_tiles/bru_tile_456_3200_rot323.tif,0.0,231.0,114.0,350.0,Tree,154.7837619031083,0.4260357099183249,-0.9047063467636276,BRU
/Users/tompitts/dphil/CanopyAI/deepforest_custom/phase5_tiles/bru_tile_856_4400_rot285.tif,188.0,95.0,275.0,161.0,Tree,192.85142882933292,-0.222423704655256,-0.9749500990345256,BRU
/Users/tompitts/dphil/CanopyAI/deepforest_custom/phase5_tiles/bru_tile_456_2800_rot210.tif,182.0,5.0,324.0,138.0,Tree,267.5490435195254,-0.9990851925088464,-0.0427642152922408,BRU
/Users/tompitts/dphil/CanopyAI/deepforest_custom/phase5_tiles/bru_tile_456_2800_rot210.tif,252.0,0.0,327.0,48.0,Tree,267.5490435195254,-0.9990851925088464,-0.0427642152922408,BRU
/Users/tompitts/dphil/CanopyAI/deepforest_custom/phase5_tiles/bru_tile_456_2800_rot210.tif,125.0,382.0,219.0,400.0,Tree,267.5490435195254,-0.9990851925088464,-0.0427642152922408,BRU
/Users/tompitts/dphil/CanopyAI/deepforest_custom/phase5_tiles/bru_tile_1256_4000_rot100.tif,90.0,219.0,156.0,293.0,Tree,17.92950288036684,0.3078465743065434,0.9514360129234788,BRU
/Users/tompitts/dphil/CanopyAI/deepforest_custom/phase5_tiles/bru_tile_1256_4000_rot100.tif,177.0,39.0,246.0,103.0,Tree,17.92950288036684,0.3078465743065434,0.9514360129234788,BRU
/Users/tompitts/dphil/CanopyAI/deepforest_custom/phase5_tiles/bru_tile_1256_4000_rot100.tif,216.0,291.0,270.0,346.0,Tree,17.92950288036684,0.3078465743065434,0.9514360129234788,BRU
/Users/tompitts/dphil/CanopyAI/deepforest_custom/phase5_tiles/bru_tile_1256_4000_rot100.tif,270.0,310.0,331.0,373.0,Tree,17.92950288036684,0.3078465743065434,0.9514360129234788,BRU
/Users/tompitts/dphil/CanopyAI/deepforest_custom/phase5_tiles/bru_tile_1256_4000_rot100.tif,23.0,328.0,77.0,381.0,Tree,17.92950288036684,0.3078465743065434,0.9514360129234788,BRU
/Users/tompitts/dphil/CanopyAI/deepforest_custom/phase5_tiles/bru_tile_1256_4000_rot100.tif,18.0,22.0,71.0,51.0,Tree,17.92950288036684,0.3078465743065434,0.9514360129234788,BRU
/Users/tompitts/dphil/CanopyAI/deepforest_custom/phase5_tiles/bru_tile_3656_400_rot95.tif,270.0,332.0,315.0,382.0,Tree,22.64314006070111,0.3849903319623619,0.9229206056294932,BRU
/Users/tompitts/dphil/CanopyAI/deepforest_custom/phase5_tiles/bru_tile_3656_400_rot95.tif,16.0,180.0,59.0,220.0,Tree,22.64314006070111,0.3849903319623619,0.9229206056294932,BRU
/Users/tompitts/dphil/CanopyAI/deepforest_custom/phase5_tiles/bru_tile_3656_400_rot95.tif,23.0,359.0,53.0,395.0,Tree,22.64314006070111,0.3849903319623619,0.9229206056294932,BRU
/Users/tompitts/dphil/CanopyAI/deepforest_custom/phase5_tiles/bru_tile_456_2400_rot94.tif,193.0,63.0,277.0,146.0,Tree,23.413020931743304,0.3973564475779649,0.9176643468982656,BRU
/Users/tompitts/dphil/CanopyAI/deepforest_custom/phase5_tiles/bru_tile_456_2400_rot94.tif,156.0,87.0,204.0,138.0,Tree,23.413020931743304,0.3973564475779649,0.9176643468982656,BRU
/Users/tompitts/dphil/CanopyAI/deepforest_custom/phase5_tiles/bru_tile_456_2400_rot94.tif,134.0,114.0,185.0,161.0,Tree,23.413020931743304,0.3973564475779649,0.9176643468982656,BRU
/Users/tompitts/dphil/CanopyAI/deepforest_custom/phase5_tiles/bru_tile_456_2400_rot94.tif,0.0,123.0,69.0,248.0,Tree,23.413020931743304,0.3973564475779649,0.9176643468982656,BRU
/Users/tompitts/dphil/CanopyAI/deepforest_custom/phase5_tiles/bru_tile_456_2400_rot94.tif,332.0,313.0,378.0,370.0,Tree,23.413020931743304,0.3973564475779649,0.9176643468982656,BRU
/Users/tompitts/dphil/CanopyAI/deepforest_custom/phase5_tiles/bru_tile_456_2400_rot94.tif,300.0,8.0,394.0,139.0,Tree,23.413020931743304,0.3973564475779649,0.9176643468982656,BRU
/Users/tompitts/dphil/CanopyAI/deepforest_custom/phase5_tiles/bru_tile_456_2400_rot94.tif,364.0,221.0,385.0,249.0,Tree,23.413020931743304,0.3973564475779649,0.9176643468982656,BRU
/Users/tompitts/dphil/CanopyAI/deepforest_custom/phase5_tiles/bru_tile_456_2400_rot94.tif,324.0,221.0,359.0,263.0,Tree,23.413020931743304,0.3973564475779649,0.9176643468982656,BRU
/Users/tompitts/dphil/CanopyAI/deepforest_custom/phase5_tiles/bru_tile_2856_3200_rot279.tif,251.0,209.0,365.0,322.0,Tree,198.6400318433519,-0.3196214253064982,-0.9475453258209036,BRU
/Users/tompitts/dphil/CanopyAI/deepforest_custom/phase5_tiles/bru_tile_2856_3200_rot279.tif,17.0,302.0,87.0,379.0,Tree,198.6400318433519,-0.3196214253064982,-0.9475453258209036,BRU
/Users/tompitts/dphil/CanopyAI/deepforest_custom/phase5_tiles/bru_tile_2856_3200_rot279.tif,102.0,305.0,179.0,360.0,Tree,198.6400318433519,-0.3196214253064982,-0.9475453258209036,BRU
/Users/tompitts/dphil/CanopyAI/deepforest_custom/phase5_tiles/bru_tile_856_1200_rot32.tif,86.0,0.0,210.0,77.0,Tree,85.2726116174342,0.996598104916205,0.082414909315177,BRU
/Users/tompitts/dphil/CanopyAI/deepforest_custom/phase5_tiles/bru_tile_856_1200_rot32.tif,274.0,17.0,327.0,68.0,Tree,85.2726116174342,0.996598104916205,0.082414909315177,BRU
/Users/tompitts/dphil/CanopyAI/deepforest_custom/phase5_tiles/bru_tile_856_1200_rot32.tif,281.0,62.0,329.0,110.0,Tree,85.2726116174342,0.996598104916205,0.082414909315177,BRU
/Users/tompitts/dphil/CanopyAI/deepforest_custom/phase5_tiles/bru_tile_3256_2400_rot75.tif,0.0,255.0,90.0,369.0,Tree,42.04617630892247,0.6697293106758051,0.7426053126807745,BRU
/Users/tompitts/dphil/CanopyAI/deepforest_custom/phase5_tiles/bru_tile_3256_2400_rot75.tif,48.0,178.0,109.0,255.0,Tree,42.04617630892247,0.6697293106758051,0.7426053126807745,BRU
/Users/tompitts/dphil/CanopyAI/deepforest_custom/phase5_tiles/bru_tile_3256_2400_rot75.tif,149.0,323.0,192.0,371.0,Tree,42.04617630892247,0.6697293106758051,0.7426053126807745,BRU
/Users/tompitts/dphil/CanopyAI/deepforest_custom/phase5_tiles/bru_tile_3256_2400_rot75.tif,154.0,385.0,189.0,400.0,Tree,42.04617630892247,0.6697293106758051,0.7426053126807745,BRU
/Users/tompitts/dphil/CanopyAI/deepforest_custom/phase5_tiles/bru_tile_3256_2000_rot96.tif,71.0,376.0,151.0,400.0,Tree,21.613284648747012,0.3683401215638476,0.9296911072212802,BRU
/Users/tompitts/dphil/CanopyAI/deepforest_custom/phase5_tiles/bru_tile_3256_2000_rot96.tif,318.0,109.0,396.0,200.0,Tree,21.613284648747012,0.3683401215638476,0.9296911072212802,BRU
/Users/tompitts/dphil/CanopyAI/deepforest_custom/phase5_tiles/bru_tile_1256_2000_rot82.tif,179.0,379.0,290.0,400.0,Tree,35.956620765443134,0.5871725686501063,0.8094617808302232,BRU
/Users/tompitts/dphil/CanopyAI/deepforest_custom/phase5_tiles/bru_tile_3256_400_rot113.tif,91.0,44.0,186.0,135.0,Tree,4.715962912547951,0.082216173986415,0.996614519628846,BRU
/Users/tompitts/dphil/CanopyAI/deepforest_custom/phase5_tiles/bru_tile_2856_400_rot11.tif,329.0,85.0,379.0,134.0,Tree,106.4439121945464,0.9590973028295752,-0.2830766039520645,BRU
/Users/tompitts/dphil/CanopyAI/deepforest_custom/phase5_tiles/bru_tile_2856_1200_rot246.tif,72.0,252.0,130.0,313.0,Tree,231.5388696436451,-0.783030292689085,-0.6219835695026404,BRU
/Users/tompitts/dphil/CanopyAI/deepforest_custom/phase5_tiles/bru_tile_2856_1200_rot246.tif,0.0,292.0,35.0,334.0,Tree,231.5388696436451,-0.783030292689085,-0.6219835695026404,BRU
/Users/tompitts/dphil/CanopyAI/deepforest_custom/phase5_tiles/bru_tile_2056_4000_rot58.tif,60.0,228.0,127.0,292.0,Tree,59.17510224570578,0.8587373087435114,0.5124160756377099,BRU
/Users/tompitts/dphil/CanopyAI/deepforest_custom/phase5_tiles/bru_tile_2056_800_rot136.tif,264.0,176.0,336.0,248.0,Tree,341.3960409672468,-0.3190247975867197,0.94774636824667,BRU
/Users/tompitts/dphil/CanopyAI/deepforest_custom/phase5_tiles/bru_tile_1256_0_rot16.tif,65.0,287.0,164.0,390.0,Tree,101.5032218839616,0.9799134921174972,-0.1994230377014942,BRU
/Users/tompitts/dphil/CanopyAI/deepforest_custom/phase5_tiles/bru_tile_1256_0_rot16.tif,112.0,231.0,191.0,306.0,Tree,101.5032218839616,0.9799134921174972,-0.1994230377014942,BRU
/Users/tompitts/dphil/CanopyAI/deepforest_custom/phase5_tiles/bru_tile_1256_0_rot16.tif,155.0,293.0,207.0,341.0,Tree,101.5032218839616,0.9799134921174972,-0.1994230377014942,BRU
/Users/tompitts/dphil/CanopyAI/deepforest_custom/phase5_tiles/bru_tile_1256_0_rot16.tif,295.0,245.0,378.0,324.0,Tree,101.5032218839616,0.9799134921174972,-0.1994230377014942,BRU
/Users/tompitts/dphil/CanopyAI/deepforest_custom/phase5_tiles/bru_tile_1256_0_rot16.tif,242.0,290.0,290.0,337.0,Tree,101.5032218839616,0.9799134921174972,-0.1994230377014942,BRU
/Users/tompitts/dphil/CanopyAI/deepforest_custom/phase5_tiles/bru_tile_1256_0_rot16.tif,11.0,226.0,46.0,261.0,Tree,101.5032218839616,0.9799134921174972,-0.1994230377014942,BRU
/Users/tompitts/dphil/CanopyAI/deepforest_custom/phase5_tiles/bru_tile_456_1600_rot202.tif,107.0,253.0,198.0,328.0,Tree,275.9074717012657,-0.9946894039176776,0.1029222509173564,BRU
/Users/tompitts/dphil/CanopyAI/deepforest_custom/phase5_tiles/bru_tile_456_1600_rot202.tif,266.0,118.0,388.0,239.0,Tree,275.9074717012657,-0.9946894039176776,0.1029222509173564,BRU
/Users/tompitts/dphil/CanopyAI/deepforest_custom/phase5_tiles/bru_tile_456_1600_rot202.tif,21.0,17.0,234.0,227.0,Tree,275.9074717012657,-0.9946894039176776,0.1029222509173564,BRU
/Users/tompitts/dphil/CanopyAI/deepforest_custom/phase5_tiles/bru_tile_1256_2400_rot104.tif,200.0,45.0,252.0,93.0,Tree,13.820333103241424,0.2388780782945,0.9710495681016116,BRU
/Users/tompitts/dphil/CanopyAI/deepforest_custom/phase5_tiles/bru_tile_1256_2400_rot104.tif,258.0,218.0,299.0,264.0,Tree,13.820333103241424,0.2388780782945,0.9710495681016116,BRU
/Users/tompitts/dphil/CanopyAI/deepforest_custom/phase5_tiles/bru_tile_1256_2400_rot104.tif,263.0,2.0,396.0,188.0,Tree,13.820333103241424,0.2388780782945,0.9710495681016116,BRU
/Users/tompitts/dphil/CanopyAI/deepforest_custom/phase5_tiles/bru_tile_2856_2800_rot303.tif,372.0,210.0,400.0,272.0,Tree,174.57330873166853,0.0945720861430486,-0.9955180161717576,BRU
/Users/tompitts/dphil/CanopyAI/deepforest_custom/phase5_tiles/bru_tile_2856_2800_rot303.tif,173.0,340.0,250.0,400.0,Tree,174.57330873166853,0.0945720861430486,-0.9955180161717576,BRU
/Users/tompitts/dphil/CanopyAI/deepforest_custom/phase5_tiles/bru_tile_2856_2800_rot303.tif,0.0,210.0,44.0,281.0,Tree,174.57330873166853,0.0945720861430486,-0.9955180161717576,BRU
/Users/tompitts/dphil/CanopyAI/deepforest_custom/phase5_tiles/bru_tile_1656_0_rot228.tif,23.0,121.0,118.0,217.0,Tree,249.15360006481595,-0.934537793031034,-0.3558638972931708,BRU
/Users/tompitts/dphil/CanopyAI/deepforest_custom/phase5_tiles/bru_tile_856_800_rot151.tif,170.0,0.0,305.0,80.0,Tree,326.02241195211377,-0.5588685724082804,0.8292562443384618,BRU
/Users/tompitts/dphil/CanopyAI/deepforest_custom/phase5_tiles/bru_tile_856_4000_rot225.tif,382.0,152.0,400.0,210.0,Tree,252.1194249868876,-0.951698552296158,-0.3070339811118583,BRU
/Users/tompitts/dphil/CanopyAI/deepforest_custom/phase5_tiles/bru_tile_856_4000_rot225.tif,178.0,182.0,226.0,231.0,Tree,252.1194249868876,-0.951698552296158,-0.3070339811118583,BRU
/Users/tompitts/dphil/CanopyAI/deepforest_custom/phase5_tiles/bru_tile_856_4000_rot225.tif,90.0,62.0,148.0,119.0,Tree,252.1194249868876,-0.951698552296158,-0.3070339811118583,BRU
/Users/tompitts/dphil/CanopyAI/deepforest_custom/phase5_tiles/bru_tile_856_4000_rot225.tif,125.0,22.0,204.0,102.0,Tree,252.1194249868876,-0.951698552296158,-0.3070339811118583,BRU
/Users/tompitts/dphil/CanopyAI/deepforest_custom/phase5_tiles/bru_tile_456_1200_rot88.tif,12.0,269.0,76.0,343.0,Tree,29.21409723016596,0.4880744208078065,0.8728020163548685,BRU
/Users/tompitts/dphil/CanopyAI/deepforest_custom/phase5_tiles/bru_tile_456_1200_rot88.tif,254.0,303.0,368.0,399.0,Tree,29.21409723016596,0.4880744208078065,0.8728020163548685,BRU
/Users/tompitts/dphil/CanopyAI/deepforest_custom/phase5_tiles/bru_tile_456_1200_rot88.tif,134.0,307.0,175.0,334.0,Tree,29.21409723016596,0.4880744208078065,0.8728020163548685,BRU
/Users/tompitts/dphil/CanopyAI/deepforest_custom/phase5_tiles/bru_tile_456_1200_rot88.tif,63.0,347.0,99.0,394.0,Tree,29.21409723016596,0.4880744208078065,0.8728020163548685,BRU
/Users/tompitts/dphil/CanopyAI/deepforest_custom/phase5_tiles/bru_tile_1656_4000_rot219.tif,155.0,371.0,221.0,400.0,Tree,258.71283795988427,-0.9806585385383724,-0.1957264182265217,BRU
/Users/tompitts/dphil/CanopyAI/deepforest_custom/phase5_tiles/bru_tile_1656_4000_rot219.tif,104.0,61.0,171.0,127.0,Tree,258.71283795988427,-0.9806585385383724,-0.1957264182265217,BRU
/Users/tompitts/dphil/CanopyAI/deepforest_custom/phase5_tiles/bru_tile_1656_4000_rot219.tif,90.0,11.0,162.0,82.0,Tree,258.71283795988427,-0.9806585385383724,-0.1957264182265217,BRU
/Users/tompitts/dphil/CanopyAI/deepforest_custom/phase5_tiles/bru_tile_1656_4000_rot219.tif,146.0,0.0,220.0,28.0,Tree,258.71283795988427,-0.9806585385383724,-0.1957264182265217,BRU
/Users/tompitts/dphil/CanopyAI/deepforest_custom/phase5_tiles/bru_tile_1656_4000_rot219.tif,36.0,94.0,97.0,155.0,Tree,258.71283795988427,-0.9806585385383724,-0.1957264182265217,BRU
/Users/tompitts/dphil/CanopyAI/deepforest_custom/phase5_tiles/bru_tile_1656_3200_rot96.tif,233.0,0.0,331.0,95.0,Tree,21.88798406231919,0.3727931907127783,0.9279144556251864,BRU
/Users/tompitts/dphil/CanopyAI/deepforest_custom/phase5_tiles/bru_tile_2456_4000_rot230.tif,302.0,63.0,364.0,125.0,Tree,247.60008645252657,-0.9245466086012007,-0.3810689813196791,BRU
/Users/tompitts/dphil/CanopyAI/deepforest_custom/phase5_tiles/bru_tile_2856_0_rot200.tif,252.0,180.0,335.0,259.0,Tree,277.4980922411273,-0.9914492069122444,0.1304931803316993,BRU
/Users/tompitts/dphil/CanopyAI/deepforest_custom/phase5_tiles/bru_tile_2856_0_rot200.tif,65.0,222.0,175.0,331.0,Tree,277.4980922411273,-0.9914492069122444,0.1304931803316993,BRU
/Users/tompitts/dphil/CanopyAI/deepforest_custom/phase5_tiles/bru_tile_2856_0_rot200.tif,204.0,75.0,263.0,131.0,Tree,277.4980922411273,-0.9914492069122444,0.1304931803316993,BRU
/Users/tompitts/dphil/CanopyAI/deepforest_custom/phase5_tiles/bru_tile_2856_0_rot200.tif,1.0,114.0,51.0,159.0,Tree,277.4980922411273,-0.9914492069122444,0.1304931803316993,BRU
/Users/tompitts/dphil/CanopyAI/deepforest_custom/phase5_tiles/bru_tile_2856_0_rot200.tif,374.0,212.0,400.0,258.0,Tree,277.4980922411273,-0.9914492069122444,0.1304931803316993,BRU
/Users/tompitts/dphil/CanopyAI/deepforest_custom/phase5_tiles/bru_tile_2856_3600_rot82.tif,49.0,272.0,165.0,384.0,Tree,35.54269409292243,0.5813094346443071,0.8136825801217057,BRU
/Users/tompitts/dphil/CanopyAI/deepforest_custom/phase5_tiles/bru_tile_2856_3600_rot82.tif,16.0,28.0,34.0,80.0,Tree,35.54269409292243,0.5813094346443071,0.8136825801217057,BRU
/Users/tompitts/dphil/CanopyAI/deepforest_custom/phase5_tiles/bru_tile_2456_2000_rot356.tif,0.0,182.0,75.0,274.0,Tree,121.77159377082567,0.8501538438422546,-0.5265343690588863,BRU
/Users/tompitts/dphil/CanopyAI/deepforest_custom/phase5_tiles/bru_tile_2456_2000_rot356.tif,122.0,333.0,178.0,396.0,Tree,121.77159377082567,0.8501538438422546,-0.5265343690588863,BRU
/Users/tompitts/dphil/CanopyAI/deepforest_custom/phase5_tiles/bru_tile_2456_2000_rot356.tif,291.0,224.0,358.0,299.0,Tree,121.77159377082567,0.8501538438422546,-0.5265343690588863,BRU
/Users/tompitts/dphil/CanopyAI/deepforest_custom/phase5_tiles/bru_tile_2456_2000_rot356.tif,317.0,28.0,400.0,100.0,Tree,121.77159377082567,0.8501538438422546,-0.5265343690588863,BRU
/Users/tompitts/dphil/CanopyAI/deepforest_custom/phase5_tiles/bru_tile_2456_2000_rot356.tif,203.0,202.0,262.0,275.0,Tree,121.77159377082567,0.8501538438422546,-0.5265343690588863,BRU
/Users/tompitts/dphil/CanopyAI/deepforest_custom/phase5_tiles/bru_tile_2456_2000_rot356.tif,10.0,281.0,72.0,338.0,Tree,121.77159377082567,0.8501538438422546,-0.5265343690588863,BRU
/Users/tompitts/dphil/CanopyAI/deepforest_custom/phase5_tiles/bru_tile_1656_3600_rot337.tif,0.0,234.0,16.0,299.0,Tree,140.80434842350218,0.6319704869694486,-0.7749924538984867,BRU
/Users/tompitts/dphil/CanopyAI/deepforest_custom/phase5_tiles/bru_tile_1656_3600_rot337.tif,237.0,66.0,382.0,205.0,Tree,140.80434842350218,0.6319704869694486,-0.7749924538984867,BRU
/Users/tompitts/dphil/CanopyAI/deepforest_custom/phase5_tiles/bru_tile_1656_3600_rot337.tif,92.0,81.0,187.0,172.0,Tree,140.80434842350218,0.6319704869694486,-0.7749924538984867,BRU
/Users/tompitts/dphil/CanopyAI/deepforest_custom/phase5_tiles/bru_tile_1656_3600_rot337.tif,0.0,108.0,35.0,192.0,Tree,140.80434842350218,0.6319704869694486,-0.7749924538984867,BRU
/Users/tompitts/dphil/CanopyAI/deepforest_custom/phase5_tiles/bru_tile_1656_3600_rot337.tif,335.0,210.0,400.0,290.0,Tree,140.80434842350218,0.6319704869694486,-0.7749924538984867,BRU
/Users/tompitts/dphil/CanopyAI/deepforest_custom/phase5_tiles/bru_tile_456_400_rot78.tif,167.0,48.0,237.0,122.0,Tree,39.044526703378,0.6299241502833105,0.7766566583052316,BRU
/Users/tompitts/dphil/CanopyAI/deepforest_custom/phase5_tiles/bru_tile_1656_400_rot233.tif,173.0,0.0,230.0,33.0,Tree,244.70726131122632,-0.9041367030814416,-0.4272432821484981,BRU
/Users/tompitts/dphil/CanopyAI/deepforest_custom/phase5_tiles/bru_tile_3256_1200_rot113.tif,52.0,312.0,163.0,400.0,Tree,4.436902698730506,0.0773611875209605,0.9970031327259442,BRU
/Users/tompitts/dphil/CanopyAI/deepforest_custom/phase5_tiles/bru_tile_3256_1200_rot113.tif,274.0,214.0,363.0,317.0,Tree,4.436902698730506,0.0773611875209605,0.9970031327259442,BRU
/Users/tompitts/dphil/CanopyAI/deepforest_custom/phase5_tiles/bru_tile_3656_2000_rot235.tif,16.0,127.0,118.0,237.0,Tree,242.04208049384317,-0.8832921548760458,-0.4688229613984702,BRU
/Users/tompitts/dphil/CanopyAI/deepforest_custom/phase5_tiles/bru_tile_3656_2000_rot235.tif,181.0,279.0,331.0,400.0,Tree,242.04208049384317,-0.8832921548760458,-0.4688229613984702,BRU
/Users/tompitts/dphil/CanopyAI/deepforest_custom/phase5_tiles/bru_tile_2056_2800_rot262.tif,379.0,105.0,400.0,175.0,Tree,215.51435273787428,-0.5809068754879729,-0.8139700252532649,BRU
/Users/tompitts/dphil/CanopyAI/deepforest_custom/phase5_tiles/bru_tile_1656_2400_rot75.tif,17.0,250.0,67.0,298.0,Tree,42.57746892226443,0.6765864534387563,0.7363632059134715,BRU
/Users/tompitts/dphil/CanopyAI/deepforest_custom/phase5_tiles/bru_tile_3656_2800_rot329.tif,238.0,25.0,372.0,151.0,Tree,148.76286769340436,0.5185812458790756,-0.8550283570867727,BRU
/Users/tompitts/dphil/CanopyAI/deepforest_custom/phase5_tiles/bru_tile_3656_2800_rot329.tif,41.0,16.0,133.0,114.0,Tree,148.76286769340436,0.5185812458790756,-0.8550283570867727,BRU
/Users/tompitts/dphil/CanopyAI/deepforest_custom/phase5_tiles/bru_tile_3656_2800_rot329.tif,86.0,99.0,201.0,219.0,Tree,148.76286769340436,0.5185812458790756,-0.8550283570867727,BRU
/Users/tompitts/dphil/CanopyAI/deepforest_custom/phase5_tiles/bru_tile_3656_2800_rot329.tif,62.0,305.0,137.0,376.0,Tree,148.76286769340436,0.5185812458790756,-0.8550283570867727,BRU
/Users/tompitts/dphil/CanopyAI/deepforest_custom/phase5_tiles/bru_tile_3656_2800_rot329.tif,135.0,0.0,239.0,28.0,Tree,148.76286769340436,0.5185812458790756,-0.8550283570867727,BRU
/Users/tompitts/dphil/CanopyAI/deepforest_custom/phase5_tiles/bru_tile_3256_2800_rot339.tif,43.0,0.0,128.0,76.0,Tree,138.5525028393804,0.6619334664754136,-0.7495625964253035,BRU
/Users/tompitts/dphil/CanopyAI/deepforest_custom/phase5_tiles/bru_tile_3256_2800_rot339.tif,154.0,73.0,272.0,178.0,Tree,138.5525028393804,0.6619334664754136,-0.7495625964253035,BRU
/Users/tompitts/dphil/CanopyAI/deepforest_custom/phase5_tiles/bru_tile_3256_2800_rot339.tif,248.0,42.0,364.0,147.0,Tree,138.5525028393804,0.6619334664754136,-0.7495625964253035,BRU
/Users/tompitts/dphil/CanopyAI/deepforest_custom/phase5_tiles/bru_tile_3256_2800_rot339.tif,218.0,289.0,277.0,347.0,Tree,138.5525028393804,0.6619334664754136,-0.7495625964253035,BRU
/Users/tompitts/dphil/CanopyAI/deepforest_custom/phase5_tiles/bru_tile_3256_2800_rot339.tif,0.0,241.0,12.0,323.0,Tree,138.5525028393804,0.6619334664754136,-0.7495625964253035,BRU
/Users/tompitts/dphil/CanopyAI/manual_annotations/images/2022_LAJA_2_704000_1998000_image_y3200_x4800.png,190.0,36.0,346.0,140.0,Tree,311.25701170431284,-0.7517591128712748,0.6594378183081359,NEON
/Users/tompitts/dphil/CanopyAI/manual_annotations/images/2022_LAJA_2_704000_1998000_image_y3200_x4800.png,212.0,0.0,390.0,62.0,Tree,311.25701170431284,-0.7517591128712748,0.6594378183081359,NEON
/Users/tompitts/dphil/CanopyAI/manual_annotations/images/2022_LAJA_2_704000_1998000_image_y3200_x4800.png,308.0,268.0,398.0,394.0,Tree,311.25701170431284,-0.7517591128712748,0.6594378183081359,NEON
/Users/tompitts/dphil/CanopyAI/manual_annotations/images/2022_LAJA_2_704000_1998000_image_y3200_x4800.png,160.0,306.0,310.0,398.0,Tree,311.25701170431284,-0.7517591128712748,0.6594378183081359,NEON
/Users/tompitts/dphil/CanopyAI/manual_annotations/images/2022_LAJA_2_704000_1998000_image_y3200_x4800.png,168.0,240.0,264.0,322.0,Tree,311.25701170431284,-0.7517591128712748,0.6594378183081359,NEON
/Users/tompitts/dphil/CanopyAI/manual_annotations/images/2022_LAJA_2_704000_1998000_image_y3200_x4800.png,96.0,290.0,142.0,324.0,Tree,311.25701170431284,-0.7517591128712748,0.6594378183081359,NEON
/Users/tompitts/dphil/CanopyAI/manual_annotations/images/2022_LAJA_2_704000_1998000_image_y3200_x4800.png,142.0,4.0,180.0,50.0,Tree,311.25701170431284,-0.7517591128712748,0.6594378183081359,NEON
/Users/tompitts/dphil/CanopyAI/manual_annotations/images/2024_LENO_8_381000_3519000_image_y8400_x6800.png,118.0,342.0,238.0,398.0,Tree,58.26085920418484,0.8504519424509731,0.5260527479078184,NEON
/Users/tompitts/dphil/CanopyAI/manual_annotations/images/2024_LENO_8_381000_3519000_image_y8400_x6800.png,2.0,166.0,60.0,346.0,Tree,58.26085920418484,0.8504519424509731,0.5260527479078184,NEON
/Users/tompitts/dphil/CanopyAI/manual_annotations/images/2024_LENO_8_381000_3519000_image_y8400_x6800.png,8.0,368.0,100.0,398.0,Tree,58.26085920418484,0.8504519424509731,0.5260527479078184,NEON
/Users/tompitts/dphil/CanopyAI/manual_annotations/images/2024_LENO_8_381000_3519000_image_y8400_x6800.png,168.0,2.0,250.0,102.0,Tree,58.26085920418484,0.8504519424509731,0.5260527479078184,NEON
/Users/tompitts/dphil/CanopyAI/manual_annotations/images/2024_LENO_8_381000_3519000_image_y8400_x6800.png,70.0,18.0,148.0,106.0,Tree,58.26085920418484,0.8504519424509731,0.5260527479078184,NEON
/Users/tompitts/dphil/CanopyAI/manual_annotations/images/2024_LENO_8_381000_3519000_image_y8400_x6800.png,2.0,58.0,52.0,150.0,Tree,58.26085920418484,0.8504519424509731,0.5260527479078184,NEON
/Users/tompitts/dphil/CanopyAI/manual_annotations/images/2024_LENO_8_381000_3519000_image_y8400_x6800.png,324.0,92.0,398.0,250.0,Tree,58.26085920418484,0.8504519424509731,0.5260527479078184,NEON
/Users/tompitts/dphil/CanopyAI/manual_annotations/images/2024_LENO_8_381000_3519000_image_y400_x6400.png,36.0,50.0,118.0,122.0,Tree,68.82742138057046,0.9324967655577522,0.36117832468786176,NEON
/Users/tompitts/dphil/CanopyAI/manual_annotations/images/2024_LENO_8_381000_3519000_image_y400_x6400.png,0.0,6.0,62.0,62.0,Tree,68.82742138057046,0.9324967655577522,0.36117832468786176,NEON
/Users/tompitts/dphil/CanopyAI/manual_annotations/images/2024_LENO_8_381000_3519000_image_y400_x6400.png,116.0,2.0,218.0,98.0,Tree,68.82742138057046,0.9324967655577522,0.36117832468786176,NEON
/Users/tompitts/dphil/CanopyAI/manual_annotations/images/2024_LENO_8_381000_3519000_image_y400_x6400.png,220.0,8.0,292.0,58.0,Tree,68.82742138057046,0.9324967655577522,0.36117832468786176,NEON
/Users/tompitts/dphil/CanopyAI/manual_annotations/images/2024_LENO_8_381000_3519000_image_y400_x6400.png,312.0,6.0,398.0,84.0,Tree,68.82742138057046,0.9324967655577522,0.36117832468786176,NEON
/Users/tompitts/dphil/CanopyAI/manual_annotations/images/2024_LENO_8_381000_3519000_image_y400_x6400.png,274.0,48.0,346.0,114.0,Tree,68.82742138057046,0.9324967655577522,0.36117832468786176,NEON
/Users/tompitts/dphil/CanopyAI/manual_annotations/images/2024_LENO_8_381000_3519000_image_y400_x6400.png,172.0,80.0,258.0,160.0,Tree,68.82742138057046,0.9324967655577522,0.36117832468786176,NEON
/Users/tompitts/dphil/CanopyAI/manual_annotations/images/2024_LENO_8_381000_3519000_image_y400_x6400.png,62.0,304.0,132.0,364.0,Tree,68.82742138057046,0.9324967655577522,0.36117832468786176,NEON
/Users/tompitts/dphil/CanopyAI/manual_annotations/images/2024_LENO_8_381000_3519000_image_y400_x6400.png,58.0,268.0,102.0,314.0,Tree,68.82742138057046,0.9324967655577522,0.36117832468786176,NEON
/Users/tompitts/dphil/CanopyAI/manual_annotations/images/2024_LENO_8_381000_3519000_image_y400_x6400.png,8.0,292.0,56.0,374.0,Tree,68.82742138057046,0.9324967655577522,0.36117832468786176,NEON
/Users/tompitts/dphil/CanopyAI/manual_annotations/images/2024_LENO_8_381000_3519000_image_y400_x6400.png,104.0,212.0,230.0,324.0,Tree,68.82742138057046,0.9324967655577522,0.36117832468786176,NEON
/Users/tompitts/dphil/CanopyAI/manual_annotations/images/2024_LENO_8_381000_3519000_image_y400_x6400.png,240.0,258.0,322.0,336.0,Tree,68.82742138057046,0.9324967655577522,0.36117832468786176,NEON
/Users/tompitts/dphil/CanopyAI/manual_annotations/images/2024_LENO_8_381000_3519000_image_y400_x6400.png,234.0,332.0,302.0,394.0,Tree,68.82742138057046,0.9324967655577522,0.36117832468786176,NEON
/Users/tompitts/dphil/CanopyAI/manual_annotations/images/2024_LENO_8_381000_3519000_image_y400_x6400.png,168.0,334.0,216.0,394.0,Tree,68.82742138057046,0.9324967655577522,0.36117832468786176,NEON
/Users/tompitts/dphil/CanopyAI/manual_annotations/images/2024_LENO_8_381000_3519000_image_y400_x6400.png,302.0,348.0,396.0,400.0,Tree,68.82742138057046,0.9324967655577522,0.36117832468786176,NEON
/Users/tompitts/dphil/CanopyAI/manual_annotations/images/2024_LENO_8_381000_3519000_image_y400_x6400.png,338.0,232.0,396.0,324.0,Tree,68.82742138057046,0.9324967655577522,0.36117832468786176,NEON
/Users/tompitts/dphil/CanopyAI/manual_annotations/images/2024_LENO_8_381000_3519000_image_y400_x6400.png,344.0,122.0,396.0,218.0,Tree,68.82742138057046,0.9324967655577522,0.36117832468786176,NEON
/Users/tompitts/dphil/CanopyAI/manual_annotations/images/2024_LENO_8_381000_3519000_image_y400_x6400.png,352.0,72.0,396.0,116.0,Tree,68.82742138057046,0.9324967655577522,0.36117832468786176,NEON
/Users/tompitts/dphil/CanopyAI/manual_annotations/images/2024_LENO_8_381000_3519000_image_y400_x6400.png,238.0,110.0,336.0,218.0,Tree,68.82742138057046,0.9324967655577522,0.36117832468786176,NEON
/Users/tompitts/dphil/CanopyAI/manual_annotations/images/2024_LENO_8_381000_3519000_image_y400_x6400.png,130.0,126.0,168.0,192.0,Tree,68.82742138057046,0.9324967655577522,0.36117832468786176,NEON
/Users/tompitts/dphil/CanopyAI/manual_annotations/images/2024_LENO_8_381000_3519000_image_y400_x6400.png,32.0,132.0,100.0,188.0,Tree,68.82742138057046,0.9324967655577522,0.36117832468786176,NEON
/Users/tompitts/dphil/CanopyAI/manual_annotations/images/2024_LENO_8_381000_3519000_image_y400_x6400.png,14.0,220.0,60.0,290.0,Tree,68.82742138057046,0.9324967655577522,0.36117832468786176,NEON
/Users/tompitts/dphil/CanopyAI/manual_annotations/images/OAES_2021_OAES_5_496000_3906000_image_y8800_x7600.png,224.0,280.0,350.0,396.0,Tree,291.5014343240479,-0.9304083928170915,0.3665245183824906,NEON
/Users/tompitts/dphil/CanopyAI/manual_annotations/images/OAES_2021_OAES_5_496000_3906000_image_y8800_x7600.png,240.0,16.0,322.0,108.0,Tree,291.5014343240479,-0.9304083928170915,0.3665245183824906,NEON
/Users/tompitts/dphil/CanopyAI/manual_annotations/images/OAES_2021_OAES_5_496000_3906000_image_y8800_x7600.png,38.0,234.0,142.0,318.0,Tree,291.5014343240479,-0.9304083928170915,0.3665245183824906,NEON
/Users/tompitts/dphil/CanopyAI/manual_annotations/images/OAES_2021_OAES_5_496000_3906000_image_y8800_x7600.png,120.0,268.0,194.0,344.0,Tree,291.5014343240479,-0.9304083928170915,0.3665245183824906,NEON
/Users/tompitts/dphil/CanopyAI/manual_annotations/images/OAES_2021_OAES_5_496000_3906000_image_y8800_x7600.png,54.0,140.0,140.0,236.0,Tree,291.5014343240479,-0.9304083928170915,0.3665245183824906,NEON
/Users/tompitts/dphil/CanopyAI/manual_annotations/images/OAES_2021_OAES_5_496000_3906000_image_y8800_x7600.png,138.0,144.0,220.0,210.0,Tree,291.5014343240479,-0.9304083928170915,0.3665245183824906,NEON
/Users/tompitts/dphil/CanopyAI/manual_annotations/images/OAES_2021_OAES_5_496000_3906000_image_y8800_x7600.png,188.0,220.0,256.0,288.0,Tree,291.5014343240479,-0.9304083928170915,0.3665245183824906,NEON
/Users/tompitts/dphil/CanopyAI/manual_annotations/images/OAES_2021_OAES_5_496000_3906000_image_y8800_x7600.png,284.0,108.0,384.0,198.0,Tree,291.5014343240479,-0.9304083928170915,0.3665245183824906,NEON
/Users/tompitts/dphil/CanopyAI/manual_annotations/images/OAES_2021_OAES_5_496000_3906000_image_y8800_x7600.png,320.0,210.0,400.0,302.0,Tree,291.5014343240479,-0.9304083928170915,0.3665245183824906,NEON
/Users/tompitts/dphil/CanopyAI/manual_annotations/images/OAES_2021_OAES_5_496000_3906000_image_y8800_x7600.png,342.0,340.0,398.0,398.0,Tree,291.5014343240479,-0.9304083928170915,0.3665245183824906,NEON
/Users/tompitts/dphil/CanopyAI/manual_annotations/images/OAES_2021_OAES_5_496000_3906000_image_y8800_x7600.png,0.0,102.0,60.0,196.0,Tree,291.5014343240479,-0.9304083928170915,0.3665245183824906,NEON
/Users/tompitts/dphil/CanopyAI/manual_annotations/images/OAES_2021_OAES_5_496000_3906000_image_y8800_x7600.png,144.0,72.0,226.0,140.0,Tree,291.5014343240479,-0.9304083928170915,0.3665245183824906,NEON
/Users/tompitts/dphil/CanopyAI/manual_annotations/images/OAES_2021_OAES_5_496000_3906000_image_y8800_x7600.png,2.0,212.0,40.0,272.0,Tree,291.5014343240479,-0.9304083928170915,0.3665245183824906,NEON
/Users/tompitts/dphil/CanopyAI/manual_annotations/images/OAES_2021_OAES_5_496000_3906000_image_y8800_x7600.png,184.0,24.0,234.0,76.0,Tree,291.5014343240479,-0.9304083928170915,0.3665245183824906,NEON
/Users/tompitts/dphil/CanopyAI/manual_annotations/images/DCFS_2019_WOOD_3_492000_5222000_image_y0_x0.png,22.0,264.0,76.0,316.0,Tree,282.84770485871763,-0.9749645535258954,0.22236033676906386,NEON
/Users/tompitts/dphil/CanopyAI/manual_annotations/images/DCFS_2019_WOOD_3_492000_5222000_image_y0_x0.png,92.0,118.0,130.0,160.0,Tree,282.84770485871763,-0.9749645535258954,0.22236033676906386,NEON
/Users/tompitts/dphil/CanopyAI/manual_annotations/images/DCFS_2019_WOOD_3_492000_5222000_image_y0_x0.png,86.0,42.0,104.0,66.0,Tree,282.84770485871763,-0.9749645535258954,0.22236033676906386,NEON
/Users/tompitts/dphil/CanopyAI/manual_annotations/images/DCFS_2019_WOOD_3_492000_5222000_image_y2000_x800.png,212.0,68.0,252.0,118.0,Tree,282.4259428654275,-0.9765749485507943,0.2151775310366157,NEON
/Users/tompitts/dphil/CanopyAI/manual_annotations/images/DCFS_2019_WOOD_3_492000_5222000_image_y6000_x2400.png,84.0,348.0,112.0,376.0,Tree,323.130102354156,-0.6,0.8,NEON
/Users/tompitts/dphil/CanopyAI/manual_annotations/images/DCFS_2019_WOOD_3_494000_5220000_image_y6800_x6000.png,252.0,234.0,320.0,300.0,Tree,295.84438755456034,-0.8999813238235361,0.4359284537270253,NEON
/Users/tompitts/dphil/CanopyAI/manual_annotations/images/DCFS_2019_WOOD_3_494000_5220000_image_y6800_x6000.png,84.0,62.0,132.0,110.0,Tree,295.84438755456034,-0.8999813238235361,0.4359284537270253,NEON
/Users/tompitts/dphil/CanopyAI/manual_annotations/images/DCFS_2019_WOOD_3_494000_5220000_image_y6800_x6000.png,252.0,6.0,332.0,76.0,Tree,295.84438755456034,-0.8999813238235361,0.4359284537270253,NEON
/Users/tompitts/dphil/CanopyAI/manual_annotations/images/DCFS_2019_WOOD_3_494000_5220000_image_y6800_x6000.png,204.0,16.0,246.0,60.0,Tree,295.84438755456034,-0.8999813238235361,0.4359284537270253,NEON
/Users/tompitts/dphil/CanopyAI/manual_annotations/images/DCFS_2019_WOOD_3_494000_5220000_image_y6800_x6000.png,170.0,32.0,210.0,68.0,Tree,295.84438755456034,-0.8999813238235361,0.4359284537270253,NEON
/Users/tompitts/dphil/CanopyAI/manual_annotations/images/NOGP_2019_NOGP_3_352000_5182000_image_y5200_x5600.png,2.0,364.0,48.0,398.0,Tree,325.4914770123316,-0.5665288228870652,0.8240419241993676,NEON
/Users/tompitts/dphil/CanopyAI/manual_annotations/images/NOGP_2019_NOGP_3_352000_5182000_image_y5200_x5600.png,48.0,362.0,88.0,398.0,Tree,325.4914770123316,-0.5665288228870652,0.8240419241993676,NEON
/Users/tompitts/dphil/CanopyAI/manual_annotations/images/NOGP_2019_NOGP_3_352000_5182000_image_y5200_x5600.png,84.0,364.0,122.0,400.0,Tree,325.4914770123316,-0.5665288228870652,0.8240419241993676,NEON
/Users/tompitts/dphil/CanopyAI/manual_annotations/images/NOGP_2019_NOGP_3_352000_5182000_image_y5200_x5600.png,120.0,362.0,162.0,400.0,Tree,325.4914770123316,-0.5665288228870652,0.8240419241993676,NEON
/Users/tompitts/dphil/CanopyAI/manual_annotations/images/NOGP_2019_NOGP_3_352000_5182000_image_y5200_x5600.png,166.0,376.0,192.0,398.0,Tree,325.4914770123316,-0.5665288228870652,0.8240419241993676,NEON
/Users/tompitts/dphil/CanopyAI/manual_annotations/images/NOGP_2019_NOGP_3_352000_5182000_image_y5200_x5600.png,192.0,366.0,232.0,398.0,Tree,325.4914770123316,-0.5665288228870652,0.8240419241993676,NEON
/Users/tompitts/dphil/CanopyAI/manual_annotations/images/NOGP_2019_NOGP_3_352000_5182000_image_y5200_x5600.png,234.0,372.0,266.0,398.0,Tree,325.4914770123316,-0.5665288228870652,0.8240419241993676,NEON
/Users/tompitts/dphil/CanopyAI/manual_annotations/images/NOGP_2019_NOGP_3_352000_5182000_image_y5200_x5600.png,268.0,366.0,300.0,398.0,Tree,325.4914770123316,-0.5665288228870652,0.8240419241993676,NEON
/Users/tompitts/dphil/CanopyAI/manual_annotations/images/NOGP_2019_NOGP_3_352000_5182000_image_y5200_x5600.png,302.0,370.0,338.0,398.0,Tree,325.4914770123316,-0.5665288228870652,0.8240419241993676,NEON
/Users/tompitts/dphil/CanopyAI/manual_annotations/images/NOGP_2019_NOGP_3_352000_5182000_image_y5200_x5600.png,340.0,366.0,380.0,400.0,Tree,325.4914770123316,-0.5665288228870652,0.8240419241993676,NEON
/Users/tompitts/dphil/CanopyAI/manual_annotations/images/NOGP_2019_NOGP_3_352000_5182000_image_y5200_x5600.png,378.0,370.0,398.0,398.0,Tree,325.4914770123316,-0.5665288228870652,0.8240419241993676,NEON
/Users/tompitts/dphil/CanopyAI/manual_annotations/images/NOGP_2019_NOGP_3_352000_5182000_image_y5200_x5600.png,350.0,304.0,398.0,354.0,Tree,325.4914770123316,-0.5665288228870652,0.8240419241993676,NEON
/Users/tompitts/dphil/CanopyAI/manual_annotations/images/NOGP_2019_NOGP_3_352000_5182000_image_y5200_x5600.png,292.0,308.0,350.0,354.0,Tree,325.4914770123316,-0.5665288228870652,0.8240419241993676,NEON
/Users/tompitts/dphil/CanopyAI/manual_annotations/images/NOGP_2019_NOGP_3_352000_5182000_image_y5200_x5600.png,2.0,296.0,66.0,342.0,Tree,325.4914770123316,-0.5665288228870652,0.8240419241993676,NEON
/Users/tompitts/dphil/CanopyAI/manual_annotations/images/NOGP_2019_NOGP_3_352000_5182000_image_y5200_x5600.png,78.0,298.0,112.0,330.0,Tree,325.4914770123316,-0.5665288228870652,0.8240419241993676,NEON
/Users/tompitts/dphil/CanopyAI/manual_annotations/images/NOGP_2019_NOGP_3_352000_5182000_image_y5200_x5600.png,132.0,308.0,160.0,340.0,Tree,325.4914770123316,-0.5665288228870652,0.8240419241993676,NEON
/Users/tompitts/dphil/CanopyAI/manual_annotations/images/NOGP_2019_NOGP_3_352000_5182000_image_y5200_x5600.png,164.0,304.0,210.0,348.0,Tree,325.4914770123316,-0.5665288228870652,0.8240419241993676,NEON
/Users/tompitts/dphil/CanopyAI/manual_annotations/images/NOGP_2019_NOGP_3_352000_5182000_image_y5200_x5600.png,206.0,308.0,248.0,346.0,Tree,325.4914770123316,-0.5665288228870652,0.8240419241993676,NEON
/Users/tompitts/dphil/CanopyAI/manual_annotations/images/NOGP_2019_NOGP_3_352000_5182000_image_y5200_x5600.png,242.0,310.0,280.0,346.0,Tree,325.4914770123316,-0.5665288228870652,0.8240419241993676,NEON
/Users/tompitts/dphil/CanopyAI/manual_annotations/images/NOGP_2019_NOGP_3_352000_5182000_image_y5200_x5600.png,4.0,244.0,68.0,296.0,Tree,325.4914770123316,-0.5665288228870652,0.8240419241993676,NEON
/Users/tompitts/dphil/CanopyAI/manual_annotations/images/NOGP_2019_NOGP_3_352000_5182000_image_y5200_x5600.png,72.0,246.0,138.0,300.0,Tree,325.4914770123316,-0.5665288228870652,0.8240419241993676,NEON
/Users/tompitts/dphil/CanopyAI/manual_annotations/images/NOGP_2019_NOGP_3_352000_5182000_image_y5200_x5600.png,134.0,250.0,186.0,302.0,Tree,325.4914770123316,-0.5665288228870652,0.8240419241993676,NEON
/Users/tompitts/dphil/CanopyAI/manual_annotations/images/NOGP_2019_NOGP_3_352000_5182000_image_y5200_x5600.png,186.0,244.0,248.0,312.0,Tree,325.4914770123316,-0.5665288228870652,0.8240419241993676,NEON
/Users/tompitts/dphil/CanopyAI/manual_annotations/images/NOGP_2019_NOGP_3_352000_5182000_image_y5200_x5600.png,352.0,264.0,394.0,302.0,Tree,325.4914770123316,-0.5665288228870652,0.8240419241993676,NEON
/Users/tompitts/dphil/CanopyAI/manual_annotations/images/NOGP_2019_NOGP_3_352000_5182000_image_y5200_x5600.png,248.0,256.0,312.0,312.0,Tree,325.4914770123316,-0.5665288228870652,0.8240419241993676,NEON
/Users/tompitts/dphil/CanopyAI/manual_annotations/images/NOGP_2019_NOGP_3_352000_5182000_image_y5200_x5600.png,310.0,248.0,360.0,314.0,Tree,325.4914770123316,-0.5665288228870652,0.8240419241993676,NEON
/Users/tompitts/dphil/CanopyAI/manual_annotations/images/NOGP_2019_NOGP_3_352000_5183000_image_y1200_x3200.png,328.0,184.0,390.0,272.0,Tree,311.3915311474336,-0.7502088095203711,0.6612009846620219,NEON
/Users/tompitts/dphil/CanopyAI/manual_annotations/images/NOGP_2019_NOGP_3_352000_5183000_image_y5600_x7200.png,4.0,202.0,40.0,252.0,Tree,326.1038334366361,-0.5576895748539298,0.8300495997825932,NEON
/Users/tompitts/dphil/CanopyAI/manual_annotations/images/NOGP_2019_NOGP_3_352000_5183000_image_y6000_x9600.png,360.0,238.0,394.0,274.0,Tree,319.5739212599009,-0.6484664555997911,0.7612432304867113,NEON
/Users/tompitts/dphil/CanopyAI/manual_annotations/images/NOGP_2019_NOGP_3_352000_5183000_image_y6000_x9600.png,354.0,394.0,374.0,400.0,Tree,319.5739212599009,-0.6484664555997911,0.7612432304867113,NEON
/Users/tompitts/dphil/CanopyAI/manual_annotations/images/NOGP_2019_NOGP_3_352000_5183000_image_y6000_x9600.png,360.0,340.0,396.0,376.0,Tree,319.5739212599009,-0.6484664555997911,0.7612432304867113,NEON
/Users/tompitts/dphil/CanopyAI/manual_annotations/images/NOGP_2019_NOGP_3_352000_5183000_image_y6000_x9600.png,376.0,302.0,398.0,336.0,Tree,319.5739212599009,-0.6484664555997911,0.7612432304867113,NEON
/Users/tompitts/dphil/CanopyAI/manual_annotations/images/NOGP_2019_NOGP_3_352000_5183000_image_y6000_x9600.png,384.0,274.0,398.0,298.0,Tree,319.5739212599009,-0.6484664555997911,0.7612432304867113,NEON
/Users/tompitts/dphil/CanopyAI/manual_annotations/images/NOGP_2019_NOGP_3_352000_5183000_image_y7200_x6800.png,58.0,106.0,90.0,150.0,Tree,321.7889745744388,-0.6185596063312606,0.7857378783126824,NEON
/Users/tompitts/dphil/CanopyAI/manual_annotations/images/OAES_2021_OAES_5_494000_3905000_image_y5600_x8800.png,318.0,256.0,398.0,344.0,Tree,300.7740361012482,-0.8591918437796771,0.5116535698912683,NEON
/Users/tompitts/dphil/CanopyAI/manual_annotations/images/OAES_2021_OAES_5_494000_3905000_image_y5600_x8800.png,188.0,282.0,264.0,364.0,Tree,300.7740361012482,-0.8591918437796771,0.5116535698912683,NEON
/Users/tompitts/dphil/CanopyAI/manual_annotations/images/OAES_2021_OAES_5_494000_3905000_image_y5600_x8800.png,166.0,206.0,240.0,312.0,Tree,300.7740361012482,-0.8591918437796771,0.5116535698912683,NEON
/Users/tompitts/dphil/CanopyAI/manual_annotations/images/OAES_2021_OAES_5_494000_3905000_image_y5600_x8800.png,198.0,60.0,264.0,120.0,Tree,300.7740361012482,-0.8591918437796771,0.5116535698912683,NEON
/Users/tompitts/dphil/CanopyAI/manual_annotations/images/OAES_2021_OAES_5_494000_3905000_image_y5600_x8800.png,146.0,86.0,216.0,172.0,Tree,300.7740361012482,-0.8591918437796771,0.5116535698912683,NEON
/Users/tompitts/dphil/CanopyAI/manual_annotations/images/OAES_2021_OAES_5_494000_3905000_image_y5600_x8800.png,216.0,134.0,276.0,206.0,Tree,300.7740361012482,-0.8591918437796771,0.5116535698912683,NEON
/Users/tompitts/dphil/CanopyAI/manual_annotations/images/OAES_2021_OAES_5_494000_3905000_image_y5600_x8800.png,88.0,16.0,166.0,98.0,Tree,300.7740361012482,-0.8591918437796771,0.5116535698912683,NEON
/Users/tompitts/dphil/CanopyAI/manual_annotations/images/OAES_2021_OAES_5_494000_3905000_image_y5600_x8800.png,68.0,194.0,142.0,296.0,Tree,300.7740361012482,-0.8591918437796771,0.5116535698912683,NEON
/Users/tompitts/dphil/CanopyAI/manual_annotations/images/OAES_2021_OAES_5_494000_3905000_image_y5600_x8800.png,6.0,302.0,88.0,374.0,Tree,300.7740361012482,-0.8591918437796771,0.5116535698912683,NEON
/Users/tompitts/dphil/CanopyAI/manual_annotations/images/OAES_2021_OAES_5_494000_3905000_image_y5600_x8800.png,2.0,92.0,50.0,158.0,Tree,300.7740361012482,-0.8591918437796771,0.5116535698912683,NEON
/Users/tompitts/dphil/CanopyAI/manual_annotations/images/OAES_2021_OAES_5_494000_3905000_image_y5600_x8800.png,20.0,14.0,78.0,118.0,Tree,300.7740361012482,-0.8591918437796771,0.5116535698912683,NEON
/Users/tompitts/dphil/CanopyAI/manual_annotations/images/OAES_2021_OAES_5_494000_3905000_image_y5600_x8800.png,6.0,234.0,64.0,312.0,Tree,300.7740361012482,-0.8591918437796771,0.5116535698912683,NEON
/Users/tompitts/dphil/CanopyAI/manual_annotations/images/OAES_2021_OAES_5_494000_3905000_image_y5600_x8800.png,312.0,350.0,394.0,398.0,Tree,300.7740361012482,-0.8591918437796771,0.5116535698912683,NEON
/Users/tompitts/dphil/CanopyAI/manual_annotations/images/OAES_2021_OAES_5_494000_3905000_image_y5600_x8800.png,208.0,362.0,290.0,400.0,Tree,300.7740361012482,-0.8591918437796771,0.5116535698912683,NEON
/Users/tompitts/dphil/CanopyAI/manual_annotations/images/OAES_2021_OAES_5_496000_3906000_image_y9600_x4000.png,264.0,312.0,308.0,360.0,Tree,284.25703535965005,-0.9692006771904652,0.24627230322052804,NEON
/Users/tompitts/dphil/CanopyAI/manual_annotations/images/OAES_2021_OAES_5_496000_3906000_image_y9600_x4000.png,284.0,368.0,322.0,400.0,Tree,284.25703535965005,-0.9692006771904652,0.24627230322052804,NEON
/Users/tompitts/dphil/CanopyAI/manual_annotations/images/OAES_2021_OAES_5_496000_3906000_image_y9600_x4000.png,308.0,332.0,336.0,360.0,Tree,284.25703535965005,-0.9692006771904652,0.24627230322052804,NEON
/Users/tompitts/dphil/CanopyAI/manual_annotations/images/OAES_2021_OAES_5_496000_3906000_image_y9600_x4000.png,372.0,276.0,398.0,310.0,Tree,284.25703535965005,-0.9692006771904652,0.24627230322052804,NEON
/Users/tompitts/dphil/CanopyAI/manual_annotations/images/OAES_2021_OAES_5_496000_3906000_image_y9600_x4000.png,378.0,306.0,398.0,332.0,Tree,284.25703535965005,-0.9692006771904652,0.24627230322052804,NEON
/Users/tompitts/dphil/CanopyAI/manual_annotations/images/WOOD_2021_WOOD_5_483000_5224000_image_y9600_x7200.png,186.0,178.0,206.0,194.0,Tree,0.0,0.0,1.0,NEON
/Users/tompitts/dphil/CanopyAI/manual_annotations/images/DCFS_2019_WOOD_3_494000_5220000_image_y6400_x7600.png,12.0,178.0,64.0,232.0,Tree,301.122470196792,-0.8560644452749258,0.5168690990339174,NEON
/Users/tompitts/dphil/CanopyAI/manual_annotations/images/DCFS_2019_WOOD_3_494000_5220000_image_y6400_x7600.png,22.0,222.0,68.0,266.0,Tree,301.122470196792,-0.8560644452749258,0.5168690990339174,NEON
/Users/tompitts/dphil/CanopyAI/manual_annotations/images/JORN_2019_JORN_3_323000_3620000_image_y4000_x800.png,164.0,48.0,184.0,72.0,Tree,295.37156175309593,-0.9035480796952873,0.42848671820601253,NEON
/Users/tompitts/dphil/CanopyAI/manual_annotations/images/NOGP_2019_NOGP_3_352000_5183000_image_y5200_x5200.png,168.0,130.0,238.0,210.0,Tree,309.9575489308291,-0.7665204811801637,0.6422198626104074,NEON
/Users/tompitts/dphil/CanopyAI/manual_annotations/images/NOGP_2019_NOGP_3_352000_5183000_image_y5200_x8800.png,132.0,18.0,160.0,50.0,Tree,310.7858214772659,-0.7571567291791884,0.6532332565467508,NEON
/Users/tompitts/dphil/CanopyAI/manual_annotations/images/NOGP_2019_NOGP_3_352000_5183000_image_y5600_x9600.png,152.0,296.0,190.0,332.0,Tree,332.28149837181667,-0.4651279277726255,0.8852434754382228,NEON
/Users/tompitts/dphil/CanopyAI/manual_annotations/images/NOGP_2019_NOGP_3_352000_5183000_image_y5600_x9600.png,386.0,288.0,398.0,328.0,Tree,332.28149837181667,-0.4651279277726255,0.8852434754382228,NEON
/Users/tompitts/dphil/CanopyAI/manual_annotations/images/OAES_2021_OAES_5_494000_3905000_image_y2000_x6400.png,192.0,192.0,254.0,258.0,Tree,286.90515809863564,-0.9567874094815247,0.29078833033262025,NEON
/Users/tompitts/dphil/CanopyAI/manual_annotations/images/OAES_2021_OAES_5_494000_3905000_image_y2000_x6400.png,10.0,234.0,34.0,268.0,Tree,286.90515809863564,-0.9567874094815247,0.29078833033262025,NEON
/Users/tompitts/dphil/CanopyAI/manual_annotations/images/OAES_2021_OAES_5_494000_3905000_image_y2000_x6400.png,22.0,234.0,100.0,320.0,Tree,286.90515809863564,-0.9567874094815247,0.29078833033262025,NEON
/Users/tompitts/dphil/CanopyAI/manual_annotations/images/OAES_2021_OAES_5_494000_3905000_image_y2400_x6400.png,96.0,206.0,132.0,240.0,Tree,298.2497354949743,-0.8808929232684736,0.47331560056216493,NEON
/Users/tompitts/dphil/CanopyAI/manual_annotations/images/OAES_2021_OAES_5_494000_3905000_image_y2400_x6400.png,330.0,108.0,366.0,140.0,Tree,298.2497354949743,-0.8808929232684736,0.47331560056216493,NEON
/Users/tompitts/dphil/CanopyAI/manual_annotations/images/OAES_2021_OAES_5_494000_3905000_image_y2400_x6400.png,262.0,110.0,290.0,138.0,Tree,298.2497354949743,-0.8808929232684736,0.47331560056216493,NEON
/Users/tompitts/dphil/CanopyAI/manual_annotations/images/OAES_2021_OAES_5_494000_3905000_image_y3200_x6000.png,152.0,166.0,188.0,198.0,Tree,288.04782106877104,-0.9507982686340597,0.3098106718021093,NEON
/Users/tompitts/dphil/CanopyAI/manual_annotations/images/OAES_2021_OAES_5_494000_3905000_image_y3200_x8400.png,50.0,144.0,78.0,176.0,Tree,293.68208772453846,-0.9157882087939493,0.4016614950850655,NEON
/Users/tompitts/dphil/CanopyAI/manual_annotations/images/OAES_2021_OAES_5_494000_3905000_image_y400_x2400.png,264.0,86.0,324.0,136.0,Tree,283.3245312618908,-0.9730802874900094,0.23046638387921276,NEON
/Users/tompitts/dphil/CanopyAI/manual_annotations/images/OAES_2021_OAES_5_494000_3905000_image_y400_x2400.png,248.0,66.0,290.0,98.0,Tree,283.3245312618908,-0.9730802874900094,0.23046638387921276,NEON
/Users/tompitts/dphil/CanopyAI/manual_annotations/images/OAES_2021_OAES_5_494000_3905000_image_y400_x2400.png,252.0,26.0,302.0,78.0,Tree,283.3245312618908,-0.9730802874900094,0.23046638387921276,NEON
/Users/tompitts/dphil/CanopyAI/manual_annotations/images/OAES_2021_OAES_5_494000_3905000_image_y400_x2400.png,372.0,4.0,400.0,44.0,Tree,283.3245312618908,-0.9730802874900094,0.23046638387921276,NEON
/Users/tompitts/dphil/CanopyAI/manual_annotations/images/OAES_2021_OAES_5_494000_3905000_image_y4800_x5200.png,126.0,292.0,196.0,370.0,Tree,283.16323248969945,-0.973725238380626,0.2277260638148238,NEON
/Users/tompitts/dphil/CanopyAI/manual_annotations/images/OAES_2021_OAES_5_494000_3905000_image_y4800_x5200.png,262.0,278.0,308.0,316.0,Tree,283.16323248969945,-0.973725238380626,0.2277260638148238,NEON
/Users/tompitts/dphil/CanopyAI/manual_annotations/images/OAES_2021_OAES_5_494000_3905000_image_y4800_x5200.png,340.0,272.0,384.0,314.0,Tree,283.16323248969945,-0.973725238380626,0.2277260638148238,NEON
/Users/tompitts/dphil/CanopyAI/manual_annotations/images/OAES_2021_OAES_5_494000_3905000_image_y4800_x5200.png,284.0,72.0,352.0,146.0,Tree,283.16323248969945,-0.973725238380626,0.2277260638148238,NEON
/Users/tompitts/dphil/CanopyAI/manual_annotations/images/OAES_2021_OAES_5_494000_3905000_image_y4800_x5200.png,88.0,186.0,172.0,272.0,Tree,283.16323248969945,-0.973725238380626,0.2277260638148238,NEON
/Users/tompitts/dphil/CanopyAI/manual_annotations/images/OAES_2021_OAES_5_494000_3905000_image_y4800_x5200.png,34.0,294.0,108.0,372.0,Tree,283.16323248969945,-0.973725238380626,0.2277260638148238,NEON
/Users/tompitts/dphil/CanopyAI/manual_annotations/images/OAES_2021_OAES_5_494000_3905000_image_y4800_x5200.png,74.0,106.0,134.0,158.0,Tree,283.16323248969945,-0.973725238380626,0.2277260638148238,NEON
/Users/tompitts/dphil/CanopyAI/manual_annotations/images/OAES_2021_OAES_5_494000_3905000_image_y4800_x5200.png,178.0,54.0,224.0,104.0,Tree,283.16323248969945,-0.973725238380626,0.2277260638148238,NEON
/Users/tompitts/dphil/CanopyAI/manual_annotations/images/OAES_2021_OAES_5_494000_3905000_image_y4800_x5200.png,2.0,134.0,56.0,194.0,Tree,283.16323248969945,-0.973725238380626,0.2277260638148238,NEON
/Users/tompitts/dphil/CanopyAI/manual_annotations/images/TOOL_2019_TOOL_3_404000_7607000_image_y800_x6000.png,90.0,342.0,124.0,388.0,Tree,333.653633942345,-0.44379651867615433,0.8961275857883886,NEON
/Users/tompitts/dphil/CanopyAI/manual_annotations/images/TOOL_2019_TOOL_3_404000_7607000_image_y9200_x8400.png,190.0,288.0,242.0,348.0,Tree,301.7335191534163,-0.8505035526377698,0.5259693022891471,NEON
/Users/tompitts/dphil/CanopyAI/manual_annotations/images/TOOL_2019_TOOL_3_404000_7607000_image_y9200_x8400.png,214.0,114.0,260.0,168.0,Tree,301.7335191534163,-0.8505035526377698,0.5259693022891471,NEON
/Users/tompitts/dphil/CanopyAI/manual_annotations/images/TOOL_2019_TOOL_3_404000_7607000_image_y9200_x8400.png,186.0,366.0,258.0,398.0,Tree,301.7335191534163,-0.8505035526377698,0.5259693022891471,NEON
/Users/tompitts/dphil/CanopyAI/manual_annotations/images/DCFS_2019_WOOD_3_492000_5222000_image_y5200_x5200.png,192.0,336.0,258.0,396.0,Tree,343.68614757373945,-0.28089875327071334,0.9597374070082707,NEON
/Users/tompitts/dphil/CanopyAI/manual_annotations/images/OAES_2021_OAES_5_496000_3906000_image_y8800_x5200.png,336.0,58.0,388.0,110.0,Tree,310.2720121811578,-0.762984182297925,0.6464171544468531,NEON
/Users/tompitts/dphil/CanopyAI/manual_annotations/images/TOOL_2019_TOOL_3_404000_7607000_image_y8400_x6800.png,318.0,96.0,380.0,166.0,Tree,333.05425157149523,-0.45314663029785485,0.8914359940285669,NEON
/Users/tompitts/dphil/CanopyAI/manual_annotations/images/TOOL_2019_TOOL_3_404000_7607000_image_y8400_x6800.png,382.0,88.0,398.0,132.0,Tree,333.05425157149523,-0.45314663029785485,0.8914359940285669,NEON
/Users/tompitts/dphil/CanopyAI/manual_annotations/images/NOGP_2019_NOGP_3_352000_5183000_image_y8400_x9600.png,8.0,130.0,46.0,172.0,Tree,316.10170611520635,-0.6933803718817729,0.7205717590143915,NEON
/Users/tompitts/dphil/CanopyAI/manual_annotations/images/NOGP_2019_NOGP_3_352000_5183000_image_y8400_x9600.png,30.0,82.0,68.0,116.0,Tree,316.10170611520635,-0.6933803718817729,0.7205717590143915,NEON
/Users/tompitts/dphil/CanopyAI/manual_annotations/images/NOGP_2019_NOGP_3_352000_5183000_image_y8400_x9600.png,2.0,2.0,82.0,44.0,Tree,316.10170611520635,-0.6933803718817729,0.7205717590143915,NEON
/Users/tompitts/dphil/CanopyAI/manual_annotations/images/OAES_2021_OAES_5_496000_3906000_image_y8000_x9600.png,32.0,166.0,122.0,234.0,Tree,42.81835859644855,0.6796763696011932,0.7335121216488124,NEON
/Users/tompitts/dphil/CanopyAI/manual_annotations/images/OAES_2021_OAES_5_496000_3906000_image_y8000_x9600.png,0.0,232.0,84.0,320.0,Tree,42.81835859644855,0.6796763696011932,0.7335121216488124,NEON
/Users/tompitts/dphil/CanopyAI/manual_annotations/images/OAES_2021_OAES_5_496000_3906000_image_y8000_x9600.png,2.0,326.0,38.0,372.0,Tree,42.81835859644855,0.6796763696011932,0.7335121216488124,NEON
/Users/tompitts/dphil/CanopyAI/manual_annotations/images/OAES_2021_OAES_5_496000_3906000_image_y8000_x9600.png,218.0,2.0,254.0,36.0,Tree,42.81835859644855,0.6796763696011932,0.7335121216488124,NEON
/Users/tompitts/dphil/CanopyAI/manual_annotations/images/OAES_2021_OAES_5_496000_3906000_image_y8000_x9600.png,88.0,26.0,136.0,66.0,Tree,42.81835859644855,0.6796763696011932,0.7335121216488124,NEON
/Users/tompitts/dphil/CanopyAI/manual_annotations/images/OAES_2021_OAES_5_496000_3906000_image_y8000_x9600.png,6.0,48.0,78.0,124.0,Tree,42.81835859644855,0.6796763696011932,0.7335121216488124,NEON
/Users/tompitts/dphil/CanopyAI/manual_annotations/images/OAES_2021_OAES_5_496000_3906000_image_y8000_x9600.png,2.0,2.0,42.0,48.0,Tree,42.81835859644855,0.6796763696011932,0.7335121216488124,NEON
/Users/tompitts/dphil/CanopyAI/manual_annotations/images/OAES_2021_OAES_5_496000_3906000_image_y8000_x9600.png,72.0,78.0,180.0,160.0,Tree,42.81835859644855,0.6796763696011932,0.7335121216488124,NEON
/Users/tompitts/dphil/CanopyAI/manual_annotations/images/OAES_2021_OAES_5_496000_3906000_image_y8000_x9600.png,122.0,0.0,214.0,70.0,Tree,42.81835859644855,0.6796763696011932,0.7335121216488124,NEON
/Users/tompitts/dphil/CanopyAI/manual_annotations/images/2022_LAJA_2_704000_1998000_image_y5600_x8400.png,70.0,208.0,184.0,288.0,Tree,309.3269778600747,-0.7735418949996992,0.6337451669877053,NEON
/Users/tompitts/dphil/CanopyAI/manual_annotations/images/2022_LAJA_2_704000_1998000_image_y5600_x8400.png,212.0,296.0,232.0,318.0,Tree,309.3269778600747,-0.7735418949996992,0.6337451669877053,NEON
/Users/tompitts/dphil/CanopyAI/manual_annotations/images/2022_LAJA_2_704000_1998000_image_y5600_x8400.png,276.0,276.0,306.0,302.0,Tree,309.3269778600747,-0.7735418949996992,0.6337451669877053,NEON
/Users/tompitts/dphil/CanopyAI/manual_annotations/images/2022_LAJA_2_704000_1998000_image_y5600_x8400.png,242.0,384.0,282.0,400.0,Tree,309.3269778600747,-0.7735418949996992,0.6337451669877053,NEON
/Users/tompitts/dphil/CanopyAI/manual_annotations/images/2022_LAJA_2_704000_1998000_image_y5600_x8400.png,294.0,306.0,326.0,334.0,Tree,309.3269778600747,-0.7735418949996992,0.6337451669877053,NEON
/Users/tompitts/dphil/CanopyAI/manual_annotations/images/2022_LAJA_2_704000_1998000_image_y5600_x8400.png,306.0,332.0,338.0,352.0,Tree,309.3269778600747,-0.7735418949996992,0.6337451669877053,NEON
/Users/tompitts/dphil/CanopyAI/manual_annotations/images/2022_LAJA_2_704000_1998000_image_y5600_x8400.png,324.0,350.0,342.0,376.0,Tree,309.3269778600747,-0.7735418949996992,0.6337451669877053,NEON
/Users/tompitts/dphil/CanopyAI/manual_annotations/images/2022_LAJA_2_704000_1998000_image_y5600_x8400.png,334.0,378.0,362.0,398.0,Tree,309.3269778600747,-0.7735418949996992,0.6337451669877053,NEON
/Users/tompitts/dphil/CanopyAI/manual_annotations/images/2022_LAJA_2_704000_1998000_image_y5600_x8400.png,52.0,362.0,114.0,398.0,Tree,309.3269778600747,-0.7735418949996992,0.6337451669877053,NEON
/Users/tompitts/dphil/CanopyAI/manual_annotations/images/2022_LAJA_2_704000_1998000_image_y5600_x8400.png,176.0,2.0,294.0,84.0,Tree,309.3269778600747,-0.7735418949996992,0.6337451669877053,NEON
/Users/tompitts/dphil/CanopyAI/manual_annotations/images/2022_LAJA_2_704000_1998000_image_y5600_x8400.png,370.0,30.0,396.0,78.0,Tree,309.3269778600747,-0.7735418949996992,0.6337451669877053,NEON
/Users/tompitts/dphil/CanopyAI/manual_annotations/images/2022_LAJA_2_704000_1998000_image_y5600_x8400.png,10.0,74.0,128.0,164.0,Tree,309.3269778600747,-0.7735418949996992,0.6337451669877053,NEON
/Users/tompitts/dphil/CanopyAI/manual_annotations/images/2022_LAJA_2_704000_1998000_image_y5600_x8400.png,8.0,6.0,130.0,74.0,Tree,309.3269778600747,-0.7735418949996992,0.6337451669877053,NEON
/Users/tompitts/dphil/CanopyAI/manual_annotations/images/2022_LAJA_2_704000_1998000_image_y9600_x4800.png,314.0,94.0,392.0,202.0,Tree,316.92195595893145,-0.6829939225800564,0.7304240560925603,NEON
/Users/tompitts/dphil/CanopyAI/manual_annotations/images/2022_LAJA_2_704000_1998000_image_y9600_x4800.png,314.0,220.0,388.0,300.0,Tree,316.92195595893145,-0.6829939225800564,0.7304240560925603,NEON
/Users/tompitts/dphil/CanopyAI/manual_annotations/images/2022_LAJA_2_704000_1998000_image_y9600_x4800.png,286.0,270.0,356.0,334.0,Tree,316.92195595893145,-0.6829939225800564,0.7304240560925603,NEON
/Users/tompitts/dphil/CanopyAI/manual_annotations/images/2022_LAJA_2_704000_1998000_image_y9600_x4800.png,282.0,332.0,374.0,376.0,Tree,316.92195595893145,-0.6829939225800564,0.7304240560925603,NEON
/Users/tompitts/dphil/CanopyAI/manual_annotations/images/2022_LAJA_2_704000_1998000_image_y9600_x4800.png,126.0,210.0,278.0,356.0,Tree,316.92195595893145,-0.6829939225800564,0.7304240560925603,NEON
/Users/tompitts/dphil/CanopyAI/manual_annotations/images/2022_LAJA_2_704000_1998000_image_y9600_x4800.png,68.0,4.0,236.0,104.0,Tree,316.92195595893145,-0.6829939225800564,0.7304240560925603,NEON
/Users/tompitts/dphil/CanopyAI/manual_annotations/images/2022_LAJA_2_704000_1998000_image_y9600_x4800.png,4.0,4.0,68.0,38.0,Tree,316.92195595893145,-0.6829939225800564,0.7304240560925603,NEON
/Users/tompitts/dphil/CanopyAI/manual_annotations/images/2022_LAJA_2_704000_1998000_image_y9600_x4800.png,2.0,48.0,64.0,150.0,Tree,316.92195595893145,-0.6829939225800564,0.7304240560925603,NEON
/Users/tompitts/dphil/CanopyAI/manual_annotations/images/2022_LAJA_2_704000_1998000_image_y9600_x4800.png,32.0,152.0,200.0,258.0,Tree,316.92195595893145,-0.6829939225800564,0.7304240560925603,NEON
/Users/tompitts/dphil/CanopyAI/manual_annotations/images/2022_LAJA_2_704000_1998000_image_y9600_x4800.png,2.0,270.0,78.0,348.0,Tree,316.92195595893145,-0.6829939225800564,0.7304240560925603,NEON
/Users/tompitts/dphil/CanopyAI/manual_annotations/images/2022_LAJA_2_704000_1998000_image_y9600_x4800.png,20.0,356.0,164.0,398.0,Tree,316.92195595893145,-0.6829939225800564,0.7304240560925603,NEON
/Users/tompitts/dphil/CanopyAI/manual_annotations/images/2022_LAJA_2_704000_1998000_image_y9600_x4800.png,160.0,88.0,282.0,196.0,Tree,316.92195595893145,-0.6829939225800564,0.7304240560925603,NEON
/Users/tompitts/dphil/CanopyAI/manual_annotations/images/2022_LAJA_2_704000_1998000_image_y9600_x4800.png,252.0,2.0,364.0,92.0,Tree,316.92195595893145,-0.6829939225800564,0.7304240560925603,NEON
/Users/tompitts/dphil/CanopyAI/manual_annotations/images/2022_LAJA_2_704000_1998000_image_y9600_x4800.png,66.0,248.0,122.0,336.0,Tree,316.92195595893145,-0.6829939225800564,0.7304240560925603,NEON
/Users/tompitts/dphil/CanopyAI/manual_annotations/images/2022_LAJA_2_704000_1998000_image_y9600_x4800.png,88.0,92.0,138.0,132.0,Tree,316.92195595893145,-0.6829939225800564,0.7304240560925603,NEON
/Users/tompitts/dphil/CanopyAI/manual_annotations/images/2025_CLBJ_9_635000_3691000_image_y1200_x4000.png,296.0,114.0,394.0,274.0,Tree,272.9545798240597,-0.9986707093363721,0.051544294675425664,NEON
/Users/tompitts/dphil/CanopyAI/manual_annotations/images/OAES_2021_OAES_5_494000_3905000_image_y4800_x2800.png,192.0,310.0,238.0,352.0,Tree,300.32360686255,-0.8631876031294046,0.5048833150379536,NEON
/Users/tompitts/dphil/CanopyAI/manual_annotations/images/OAES_2021_OAES_5_494000_3905000_image_y4800_x2800.png,14.0,278.0,52.0,310.0,Tree,300.32360686255,-0.8631876031294046,0.5048833150379536,NEON
/Users/tompitts/dphil/CanopyAI/manual_annotations/images/OAES_2021_OAES_5_496000_3906000_image_y5600_x0.png,8.0,190.0,24.0,208.0,Tree,270.0,-1.0,0.0,NEON
/Users/tompitts/dphil/CanopyAI/manual_annotations/images/OAES_2021_OAES_5_496000_3906000_image_y5600_x0.png,56.0,298.0,74.0,316.0,Tree,270.0,-1.0,0.0,NEON
/Users/tompitts/dphil/CanopyAI/manual_annotations/images/WOOD_2021_WOOD_5_483000_5226000_image_y8800_x3600.png,,,,,,330.8952683725813,-0.4864075370399286,0.8737320572754274,NEON
/Users/tompitts/dphil/CanopyAI/manual_annotations/images/OAES_2021_OAES_5_494000_3905000_image_y2000_x7600.png,,,,,,309.9363831469699,-0.7667576729931039,0.6419366564593428,NEON
/Users/tompitts/dphil/CanopyAI/manual_annotations/images/WOOD_2021_WOOD_5_483000_5224000_image_y6800_x5600.png,,,,,,317.9682340298717,-0.6695425184237632,0.7427737313763624,NEON
/Users/tompitts/dphil/CanopyAI/manual_annotations/images/NOGP_2019_NOGP_3_352000_5183000_image_y800_x4400.png,,,,,,324.13017648227867,-0.5859456435295664,0.8103503580728045,NEON
/Users/tompitts/dphil/CanopyAI/manual_annotations/images/ONAQ_2021_ONAQ_3_375000_4446000_image_y7600_x7600.png,,,,,,295.95876926156063,-0.8991092707539908,0.43772425023549555,NEON
/Users/tompitts/dphil/CanopyAI/manual_annotations/images/TOOL_2019_TOOL_3_404000_7607000_image_y2000_x8800.png,,,,,,285.85192815428695,-0.9619708260855805,0.27315220987615246,NEON
/Users/tompitts/dphil/CanopyAI/manual_annotations/images/WOOD_2021_WOOD_5_483000_5224000_image_y8000_x3600.png,,,,,,312.5940294833547,-0.7361676171009339,0.6767992608831166,NEON
/Users/tompitts/dphil/CanopyAI/manual_annotations/images/WOOD_2021_WOOD_5_483000_5226000_image_y7200_x7600.png,,,,,,306.4222834749835,-0.8046629440104308,0.5937318810174053,NEON
/Users/tompitts/dphil/CanopyAI/manual_annotations/images/ONAQ_2021_ONAQ_3_374000_4446000_image_y2800_x1200.png,,,,,,300.1916229609576,-0.8643483377093769,0.5028935783036375,NEON
/Users/tompitts/dphil/CanopyAI/manual_annotations/images/TOOL_2019_TOOL_3_404000_7607000_image_y2000_x7600.png,,,,,,298.35496178532406,-0.8800221726696685,0.4749326011233132,NEON
/Users/tompitts/dphil/CanopyAI/manual_annotations/images/WOOD_2021_WOOD_5_483000_5226000_image_y2400_x8400.png,,,,,,309.8055710922652,-0.7682212795973757,0.6401843996644798,NEON
/Users/tompitts/dphil/CanopyAI/manual_annotations/images/ONAQ_2021_ONAQ_3_375000_4446000_image_y8000_x7600.png,,,,,,276.96346852648804,-0.9926236531100576,0.12123647671573223,NEON
/Users/tompitts/dphil/CanopyAI/manual_annotations/images/2025_CLBJ_9_635000_3691000_image_y5600_x4000.png,,,,,,274.76364169072616,-0.9965457582448798,0.08304547985373997,NEON
/Users/tompitts/dphil/CanopyAI/manual_annotations/images/STER_2021_STER_3_664000_4485000_image_y7200_x3600.png,,,,,,289.7369014955009,-0.9412532424882153,0.3377015450148559,NEON
/Users/tompitts/dphil/CanopyAI/manual_annotations/images/JORN_2019_JORN_3_318000_3617000_image_y2800_x3600.png,,,,,,307.5685920288275,-0.7926239891046002,0.6097107608496924,NEON
/Users/tompitts/dphil/CanopyAI/manual_annotations/images/WOOD_2021_WOOD_5_483000_5226000_image_y1200_x5600.png,,,,,,306.6456491646203,-0.8023421912514229,0.5968643130041072,NEON
