model,tile_stem,biome_name,biome_group,country,image_id,threshold,n_gt,n_pred,tp,fp,fn,poly_precision,poly_recall,poly_f1,area_precision,area_recall,area_f1
detectree2,tcd_tile_0,West Sudanian savanna,Arid / dryland,,1159,0.4745,42,54,12,42,30,0.2222,0.2857,0.25,0.2309,0.2811,0.2535
detectree2,tcd_tile_1,West Sudanian savanna,Arid / dryland,,1325,0.4745,43,55,31,24,12,0.5636,0.7209,0.6327,0.393,0.7753,0.5216
detectree2,tcd_tile_10,West Sudanian savanna,Arid / dryland,,775,0.4745,34,60,13,47,21,0.2167,0.3824,0.2766,0.1405,0.6615,0.2318
detectree2,tcd_tile_100,Northern Zanzibar-Inhambane coastal forest mosaic,African tropical forest,,2591,0.4745,177,145,43,102,134,0.2966,0.2429,0.2671,0.616,0.5256,0.5672
detectree2,tcd_tile_1000,Western Java montane rain forests,Other,,2944,0.4745,20,122,9,113,11,0.0738,0.45,0.1268,0.6368,0.5362,0.5822
detectree2,tcd_tile_1001,,Other,,1378,0.4745,67,54,11,43,56,0.2037,0.1642,0.1818,0.1291,0.574,0.2108
detectree2,tcd_tile_1002,Northern Zanzibar-Inhambane coastal forest mosaic,African tropical forest,,337,0.4745,77,82,32,50,45,0.3902,0.4156,0.4025,0.3347,0.261,0.2933
detectree2,tcd_tile_1003,Huang He Plain mixed forests,Other,,2828,0.4745,106,54,18,36,88,0.3333,0.1698,0.225,0.1918,0.4401,0.2671
detectree2,tcd_tile_1004,Sulawesi lowland rain forests,SE Asian & Pacific rainforest,,4869,0.4745,257,39,17,22,240,0.4359,0.0661,0.1149,0.1877,0.2542,0.216
detectree2,tcd_tile_1005,Luzon rain forests,SE Asian & Pacific rainforest,,4989,0.4745,162,156,51,105,111,0.3269,0.3148,0.3208,0.3827,0.4218,0.4013
detectree2,tcd_tile_1006,Cerrado,Latin American forest,,1227,0.4745,0,3,0,3,0,0.0,0.0,0.0,0.0,0.0,0.0
detectree2,tcd_tile_1007,Northern Zanzibar-Inhambane coastal forest mosaic,African tropical forest,,2869,0.4745,188,111,46,65,142,0.4144,0.2447,0.3077,0.2384,0.4919,0.3211
detectree2,tcd_tile_1008,Central U.S. hardwood forests,N. American forest,,2872,0.4745,44,14,2,12,42,0.1429,0.0455,0.069,0.0483,0.0917,0.0632
detectree2,tcd_tile_1009,North Central Rockies forests,N. American forest,,576,0.4745,102,66,36,30,66,0.5455,0.3529,0.4286,0.5405,0.3261,0.4067
detectree2,tcd_tile_101,Sulawesi lowland rain forests,SE Asian & Pacific rainforest,,4396,0.4745,98,25,8,17,90,0.32,0.0816,0.1301,0.1916,0.2179,0.2039
detectree2,tcd_tile_1010,Willamette Valley forests,N. American forest,,1636,0.4745,30,28,3,25,27,0.1071,0.1,0.1034,0.0484,0.1438,0.0725
detectree2,tcd_tile_1011,Northern Zanzibar-Inhambane coastal forest mosaic,African tropical forest,,2209,0.4745,129,143,48,95,81,0.3357,0.3721,0.3529,0.2488,0.5369,0.34
detectree2,tcd_tile_1012,Greater Negros-Panay rain forests,SE Asian & Pacific rainforest,,3507,0.4745,140,30,6,24,134,0.2,0.0429,0.0706,0.3051,0.2053,0.2454
detectree2,tcd_tile_1013,Southern Zanzibar-Inhambane coastal forest mosaic,African tropical forest,,1853,0.4745,133,109,51,58,82,0.4679,0.3835,0.4215,0.4139,0.7226,0.5263
detectree2,tcd_tile_1014,Western Guinean lowland forests,African tropical forest,,3016,0.4745,51,82,11,71,40,0.1341,0.2157,0.1654,0.0638,0.3299,0.1069
detectree2,tcd_tile_1015,Atlantic mixed forests,European forest,,4201,0.4745,25,67,3,64,22,0.0448,0.12,0.0652,0.0672,0.2371,0.1047
detectree2,tcd_tile_1016,Nihonkai montane deciduous forests,Other,,4832,0.4745,3,92,2,90,1,0.0217,0.6667,0.0421,0.9801,0.326,0.4893
detectree2,tcd_tile_1017,South Central Rockies forests,Other,,3033,0.4745,113,23,18,5,95,0.7826,0.1593,0.2647,0.5326,0.3403,0.4152
detectree2,tcd_tile_1018,Himalayan subtropical pine forests,Other,,5042,0.4745,269,77,12,65,257,0.1558,0.0446,0.0694,0.3825,0.2182,0.2779
detectree2,tcd_tile_1019,,Other,,3115,0.4745,0,20,0,20,0,0.0,0.0,0.0,0.0,0.0,0.0
detectree2,tcd_tile_102,Rodope montane mixed forests,European forest,,4562,0.4745,47,46,13,33,34,0.2826,0.2766,0.2796,0.2434,0.2753,0.2584
detectree2,tcd_tile_1020,Central European mixed forests,European forest,,3976,0.4745,1,8,1,7,0,0.125,1.0,0.2222,0.0501,0.449,0.0902
detectree2,tcd_tile_1021,Northwestern Andean montane forests,Latin American forest,,3230,0.4745,200,90,14,76,186,0.1556,0.07,0.0966,0.2738,0.5502,0.3656
detectree2,tcd_tile_1022,Balkan mixed forests,European forest,,1156,0.4745,87,127,56,71,31,0.4409,0.6437,0.5234,0.2724,0.6315,0.3806
detectree2,tcd_tile_1023,Hispaniolan moist forests,SE Asian & Pacific rainforest,,465,0.4745,0,1,0,1,0,0.0,0.0,0.0,0.0,0.0,0.0
detectree2,tcd_tile_1024,Southern Zanzibar-Inhambane coastal forest mosaic,African tropical forest,,2500,0.4745,113,40,11,29,102,0.275,0.0973,0.1438,0.0824,0.4885,0.141
detectree2,tcd_tile_1025,Western Java montane rain forests,Other,,1677,0.4745,12,68,5,63,7,0.0735,0.4167,0.125,0.9964,0.3304,0.4962
detectree2,tcd_tile_1026,North Island temperate forests,Other,,776,0.4745,6,35,4,31,2,0.1143,0.6667,0.1951,0.0722,0.5663,0.1281
detectree2,tcd_tile_1027,Changjiang Plain evergreen forests,Other,,2241,0.4745,32,16,5,11,27,0.3125,0.1562,0.2083,0.4553,0.6631,0.5399
detectree2,tcd_tile_1028,Central European mixed forests,European forest,,1992,0.4745,88,117,44,73,44,0.3761,0.5,0.4293,0.3613,0.5622,0.4399
detectree2,tcd_tile_1029,Southern Great Lakes forests,N. American forest,,4941,0.4745,9,17,2,15,7,0.1176,0.2222,0.1538,0.7214,0.0792,0.1428
detectree2,tcd_tile_103,Southeastern mixed forests,N. American forest,,833,0.4745,24,24,6,18,18,0.25,0.25,0.25,0.7673,0.5157,0.6168
detectree2,tcd_tile_1030,Lesser Sundas deciduous forests,SE Asian & Pacific rainforest,,3810,0.4745,47,48,10,38,37,0.2083,0.2128,0.2105,0.5965,0.3228,0.4189
detectree2,tcd_tile_1031,Atlantic coastal pine barrens,Other,,2413,0.4745,46,16,8,8,38,0.5,0.1739,0.2581,0.5664,0.1328,0.2151
detectree2,tcd_tile_1032,,Other,,1237,0.4745,7,15,4,11,3,0.2667,0.5714,0.3636,0.1858,0.7522,0.298
detectree2,tcd_tile_1033,Sarmatic mixed forests,European forest,,3060,0.4745,38,187,16,171,22,0.0856,0.4211,0.1422,0.8248,0.5197,0.6376
detectree2,tcd_tile_1034,Southern Anatolian montane conifer and deciduous forests,Other,,730,0.4745,80,22,7,15,73,0.3182,0.0875,0.1373,0.2817,0.2176,0.2455
detectree2,tcd_tile_1035,Granitic Seychelles forests,Other,,3964,0.4745,1,44,1,43,0,0.0227,1.0,0.0444,0.0129,0.1979,0.0242
detectree2,tcd_tile_1036,Central African mangroves,African tropical forest,,615,0.4745,127,136,51,85,76,0.375,0.4016,0.3878,0.3804,0.4313,0.4042
detectree2,tcd_tile_1037,Tigris-Euphrates alluvial salt marsh,Other,,1084,0.4745,25,30,7,23,18,0.2333,0.28,0.2545,0.0973,0.5896,0.167
detectree2,tcd_tile_1038,Northeastern coastal forests,N. American forest,,4796,0.4745,41,54,7,47,34,0.1296,0.1707,0.1474,0.4405,0.4419,0.4412
detectree2,tcd_tile_1039,Tumbes-Piura dry forests,Other,,1401,0.4745,24,109,5,104,19,0.0459,0.2083,0.0752,0.9351,0.4323,0.5913
detectree2,tcd_tile_104,Sarmatic mixed forests,European forest,,2868,0.4745,6,23,2,21,4,0.087,0.3333,0.1379,0.5264,0.5499,0.5379
detectree2,tcd_tile_1040,Uatuma-Trombetas moist forests,Latin American forest,,2017,0.4745,79,116,25,91,54,0.2155,0.3165,0.2564,0.5614,0.316,0.4044
detectree2,tcd_tile_1041,Alps conifer and mixed forests,European forest,,4862,0.4745,1,14,1,13,0,0.0714,1.0,0.1333,0.8231,0.0609,0.1134
detectree2,tcd_tile_1042,Northern Congolian forest-savanna mosaic,African tropical forest,,607,0.4745,217,117,35,82,182,0.2991,0.1613,0.2096,0.2035,0.4123,0.2725
detectree2,tcd_tile_1043,Hispaniolan moist forests,SE Asian & Pacific rainforest,,2111,0.4745,13,28,4,24,9,0.1429,0.3077,0.1951,0.0362,0.5527,0.068
detectree2,tcd_tile_1044,Central European mixed forests,European forest,,2024,0.4745,104,130,42,88,62,0.3231,0.4038,0.359,0.542,0.6656,0.5975
detectree2,tcd_tile_1045,Upper Midwest forest-savanna transition,N. American forest,,3548,0.4745,33,16,2,14,31,0.125,0.0606,0.0816,0.4546,0.1388,0.2127
detectree2,tcd_tile_1046,Cerrado,Latin American forest,,84,0.4745,136,19,4,15,132,0.2105,0.0294,0.0516,0.2843,0.1746,0.2164
detectree2,tcd_tile_1047,Northern Congolian forest-savanna mosaic,African tropical forest,,43,0.4745,42,31,7,24,35,0.2258,0.1667,0.1918,0.0463,0.3996,0.0831
detectree2,tcd_tile_1048,Taiwan subtropical evergreen forests,SE Asian & Pacific rainforest,,1408,0.4745,159,100,40,60,119,0.4,0.2516,0.3089,0.5123,0.4667,0.4885
detectree2,tcd_tile_1049,Northeastern coastal forests,N. American forest,,206,0.4745,52,97,32,65,20,0.3299,0.6154,0.4295,0.4567,0.6717,0.5438
detectree2,tcd_tile_105,Luzon rain forests,SE Asian & Pacific rainforest,,1290,0.4745,3,127,2,125,1,0.0157,0.6667,0.0308,0.985,0.3896,0.5583
detectree2,tcd_tile_1050,Northern Zanzibar-Inhambane coastal forest mosaic,African tropical forest,,1422,0.4745,231,133,43,90,188,0.3233,0.1861,0.2363,0.2304,0.3975,0.2917
detectree2,tcd_tile_1051,Eastern Guinean forests,African tropical forest,,4766,0.4745,32,113,12,101,20,0.1062,0.375,0.1655,0.7221,0.2818,0.4054
detectree2,tcd_tile_1052,Pannonian mixed forests,European forest,,4990,0.4745,98,61,17,44,81,0.2787,0.1735,0.2138,0.2936,0.6555,0.4055
detectree2,tcd_tile_1053,Southern Great Lakes forests,N. American forest,,3689,0.4745,15,12,4,8,11,0.3333,0.2667,0.2963,0.778,0.1009,0.1787
detectree2,tcd_tile_1054,Hispaniolan moist forests,SE Asian & Pacific rainforest,,4269,0.4745,0,46,0,46,0,0.0,0.0,0.0,0.0,0.0,0.0
detectree2,tcd_tile_1055,Rodope montane mixed forests,European forest,,4308,0.4745,56,51,13,38,43,0.2549,0.2321,0.243,0.2121,0.3234,0.2562
detectree2,tcd_tile_1056,Central European mixed forests,European forest,,430,0.4745,46,80,26,54,20,0.325,0.5652,0.4127,0.3159,0.6741,0.4302
detectree2,tcd_tile_1057,East European forest steppe,European forest,,98,0.4745,9,81,4,77,5,0.0494,0.4444,0.0889,0.6357,0.3676,0.4658
detectree2,tcd_tile_1058,Atlantic coastal pine barrens,Other,,2364,0.4745,6,24,1,23,5,0.0417,0.1667,0.0667,0.9978,0.1269,0.2252
detectree2,tcd_tile_1059,Balkan mixed forests,European forest,,3775,0.4745,113,91,20,71,93,0.2198,0.177,0.1961,0.1393,0.3759,0.2033
detectree2,tcd_tile_106,Upper Midwest forest-savanna transition,N. American forest,,1833,0.4745,19,14,6,8,13,0.4286,0.3158,0.3636,0.0706,0.2797,0.1128
detectree2,tcd_tile_1060,Southeastern mixed forests,N. American forest,,4464,0.4745,92,47,19,28,73,0.4043,0.2065,0.2734,0.2309,0.2929,0.2583
detectree2,tcd_tile_1061,Southern Atlantic mangroves,Other,,614,0.4745,156,28,18,10,138,0.6429,0.1154,0.1957,0.4962,0.3853,0.4338
detectree2,tcd_tile_1062,Northern Zanzibar-Inhambane coastal forest mosaic,African tropical forest,,3764,0.4745,343,113,90,23,253,0.7965,0.2624,0.3947,0.6605,0.3222,0.4331
detectree2,tcd_tile_1063,Rodope montane mixed forests,European forest,,5032,0.4745,341,93,42,51,299,0.4516,0.1232,0.1935,0.2006,0.3726,0.2608
detectree2,tcd_tile_1064,Central Zambezian Miombo woodlands,Other,,789,0.4745,268,64,26,38,242,0.4062,0.097,0.1566,0.3552,0.2096,0.2636
detectree2,tcd_tile_1065,Central European mixed forests,European forest,,3639,0.4745,16,54,6,48,10,0.1111,0.375,0.1714,0.5393,0.4267,0.4765
detectree2,tcd_tile_1066,Lesser Sundas deciduous forests,SE Asian & Pacific rainforest,,3042,0.4745,175,127,47,80,128,0.3701,0.2686,0.3113,0.7217,0.4622,0.5635
detectree2,tcd_tile_1067,Upper Midwest forest-savanna transition,N. American forest,,3991,0.4745,31,29,13,16,18,0.4483,0.4194,0.4333,0.2663,0.7951,0.3989
detectree2,tcd_tile_1068,Scandinavian Montane Birch forest and grasslands,Other,,951,0.4745,5,18,2,16,3,0.1111,0.4,0.1739,0.0697,0.4442,0.1205
detectree2,tcd_tile_1069,Northern Zanzibar-Inhambane coastal forest mosaic,African tropical forest,,3502,0.4745,212,121,59,62,153,0.4876,0.2783,0.3544,0.2797,0.5403,0.3685
detectree2,tcd_tile_107,Taiwan subtropical evergreen forests,SE Asian & Pacific rainforest,,2527,0.4745,63,33,5,28,58,0.1515,0.0794,0.1042,0.09,0.2195,0.1276
detectree2,tcd_tile_1070,Richmond temperate forests,Other,,3769,0.4745,7,7,2,5,5,0.2857,0.2857,0.2857,0.0673,0.6879,0.1225
detectree2,tcd_tile_1071,Central European mixed forests,European forest,,5014,0.4745,166,56,18,38,148,0.3214,0.1084,0.1622,0.2804,0.4948,0.3579
detectree2,tcd_tile_1072,Atlantic mixed forests,European forest,,3889,0.4745,27,24,8,16,19,0.3333,0.2963,0.3137,0.5131,0.3882,0.442
detectree2,tcd_tile_1073,,Other,,308,0.4745,125,24,6,18,119,0.25,0.048,0.0805,0.0191,0.14,0.0336
detectree2,tcd_tile_1074,Eastern Guinean forests,African tropical forest,,1993,0.4745,81,49,10,39,71,0.2041,0.1235,0.1538,0.1354,0.4247,0.2053
detectree2,tcd_tile_1075,Madeira-Tapajós moist forests,Latin American forest,,2406,0.4745,7,32,2,30,5,0.0625,0.2857,0.1026,0.9663,0.2666,0.4179
detectree2,tcd_tile_1076,Sierra Nevada forests,N. American forest,,2800,0.4745,3,21,3,18,0,0.1429,1.0,0.25,0.8407,0.1534,0.2594
detectree2,tcd_tile_1077,Luzon rain forests,SE Asian & Pacific rainforest,,3604,0.4745,50,64,17,47,33,0.2656,0.34,0.2982,0.6409,0.3958,0.4894
detectree2,tcd_tile_1078,Bahia coastal forests,Latin American forest,,4643,0.4745,102,123,27,96,75,0.2195,0.2647,0.24,0.4088,0.4073,0.4081
detectree2,tcd_tile_1079,Caucasus mixed forests,European forest,,3443,0.4745,54,155,36,119,18,0.2323,0.6667,0.3445,0.9951,0.5852,0.737
detectree2,tcd_tile_108,Tongan tropical moist forests,SE Asian & Pacific rainforest,,4466,0.4745,96,36,1,35,95,0.0278,0.0104,0.0152,0.052,0.3462,0.0904
detectree2,tcd_tile_1080,Upper Midwest forest-savanna transition,N. American forest,,1674,0.4745,31,52,15,37,16,0.2885,0.4839,0.3614,0.5065,0.5862,0.5434
detectree2,tcd_tile_1081,Sumatran lowland rain forests,SE Asian & Pacific rainforest,,3153,0.4745,544,85,13,72,531,0.1529,0.0239,0.0413,0.1554,0.1777,0.1658
detectree2,tcd_tile_1082,Timor and Wetar deciduous forests,SE Asian & Pacific rainforest,,845,0.4745,109,18,3,15,106,0.1667,0.0275,0.0472,0.189,0.4304,0.2627
detectree2,tcd_tile_1083,Huang He Plain mixed forests,Other,,3272,0.4745,222,72,24,48,198,0.3333,0.1081,0.1633,0.1843,0.4173,0.2557
detectree2,tcd_tile_1084,Central African mangroves,African tropical forest,,4711,0.4745,0,139,0,139,0,0.0,0.0,0.0,0.0,0.0,0.0
detectree2,tcd_tile_1085,Himalayan subtropical broadleaf forests,Other,,5029,0.4745,145,136,19,117,126,0.1397,0.131,0.1352,0.0593,0.3832,0.1028
detectree2,tcd_tile_1086,Tongan tropical moist forests,SE Asian & Pacific rainforest,,569,0.4745,170,50,9,41,161,0.18,0.0529,0.0818,0.1251,0.248,0.1663
detectree2,tcd_tile_1087,Southeastern mixed forests,N. American forest,,2349,0.4745,22,19,4,15,18,0.2105,0.1818,0.1951,0.1034,0.2089,0.1383
detectree2,tcd_tile_1088,Sierra Nevada forests,N. American forest,,2282,0.4745,153,129,47,82,106,0.3643,0.3072,0.3333,0.3925,0.453,0.4206
detectree2,tcd_tile_1089,Ecuadorian dry forests,Other,,435,0.4745,29,23,7,16,22,0.3043,0.2414,0.2692,0.1537,0.391,0.2206
detectree2,tcd_tile_109,Celtic broadleaf forests,European forest,,4770,0.4745,20,26,2,24,18,0.0769,0.1,0.087,0.0528,0.4931,0.0954
detectree2,tcd_tile_1090,Sarmatic mixed forests,European forest,,1590,0.4745,4,143,1,142,3,0.007,0.25,0.0136,0.8478,0.5125,0.6388
detectree2,tcd_tile_1091,Atlantic mixed forests,European forest,,865,0.4745,44,57,19,38,25,0.3333,0.4318,0.3762,0.4407,0.6045,0.5098
detectree2,tcd_tile_1092,Northern Zanzibar-Inhambane coastal forest mosaic,African tropical forest,,3784,0.4745,9,47,1,46,8,0.0213,0.1111,0.0357,0.0028,0.5086,0.0056
detectree2,tcd_tile_1093,Sulawesi lowland rain forests,SE Asian & Pacific rainforest,,4838,0.4745,208,77,36,41,172,0.4675,0.1731,0.2526,0.3579,0.5409,0.4308
detectree2,tcd_tile_1094,Sarmatic mixed forests,European forest,,1863,0.4745,59,59,20,39,39,0.339,0.339,0.339,0.4045,0.4497,0.4259
detectree2,tcd_tile_1095,Taiheiyo evergreen forests,Other,,3418,0.4745,2,11,1,10,1,0.0909,0.5,0.1538,0.6262,0.2451,0.3523
detectree2,tcd_tile_1096,Northern Zanzibar-Inhambane coastal forest mosaic,African tropical forest,,3546,0.4745,190,75,43,32,147,0.5733,0.2263,0.3245,0.7233,0.4819,0.5784
detectree2,tcd_tile_1097,Northern Zanzibar-Inhambane coastal forest mosaic,African tropical forest,,3447,0.4745,359,84,47,37,312,0.5595,0.1309,0.2122,0.3469,0.3385,0.3427
detectree2,tcd_tile_1098,Caucasus mixed forests,European forest,,924,0.4745,119,118,61,57,58,0.5169,0.5126,0.5148,0.3301,0.5581,0.4149
detectree2,tcd_tile_1099,Southern Great Lakes forests,N. American forest,,2997,0.4745,17,55,10,45,7,0.1818,0.5882,0.2778,0.5051,0.3122,0.3859
detectree2,tcd_tile_11,Low Monte,Arid / dryland,,573,0.4745,302,62,39,23,263,0.629,0.1291,0.2143,0.4575,0.2168,0.2942
detectree2,tcd_tile_1100,Southeastern mixed forests,N. American forest,,55,0.4745,53,28,17,11,36,0.6071,0.3208,0.4198,0.2276,0.3753,0.2834
detectree2,tcd_tile_1101,Irrawaddy moist deciduous forests,Other,,231,0.4745,31,31,12,19,19,0.3871,0.3871,0.3871,0.364,0.4644,0.4081
detectree2,tcd_tile_1102,Lesser Sundas deciduous forests,SE Asian & Pacific rainforest,,2116,0.4745,7,147,3,144,4,0.0204,0.4286,0.039,0.9026,0.4447,0.5958
detectree2,tcd_tile_1103,Central Indochina dry forests,Other,,4831,0.4745,199,120,51,69,148,0.425,0.2563,0.3197,0.511,0.4737,0.4916
detectree2,tcd_tile_1104,Northern Zanzibar-Inhambane coastal forest mosaic,African tropical forest,,3454,0.4745,88,70,14,56,74,0.2,0.1591,0.1772,0.7623,0.4588,0.5728
detectree2,tcd_tile_1105,Petén-Veracruz moist forests,Latin American forest,,1438,0.4745,88,94,18,76,70,0.1915,0.2045,0.1978,0.3048,0.4429,0.3611
detectree2,tcd_tile_1106,Palawan rain forests,SE Asian & Pacific rainforest,,4277,0.4745,47,86,19,67,28,0.2209,0.4043,0.2857,0.8648,0.3679,0.5162
detectree2,tcd_tile_1107,Mesopotamian shrub desert,Other,,914,0.4745,89,96,43,53,46,0.4479,0.4831,0.4649,0.5372,0.2164,0.3085
detectree2,tcd_tile_1108,Changjiang Plain evergreen forests,Other,,2162,0.4745,38,29,5,24,33,0.1724,0.1316,0.1493,0.4604,0.1933,0.2723
detectree2,tcd_tile_1109,Timor and Wetar deciduous forests,SE Asian & Pacific rainforest,,1044,0.4745,101,70,23,47,78,0.3286,0.2277,0.269,0.1143,0.4898,0.1853
detectree2,tcd_tile_1110,Southeastern mixed forests,N. American forest,,4443,0.4745,58,30,15,15,43,0.5,0.2586,0.3409,0.5725,0.2896,0.3846
detectree2,tcd_tile_1111,Carpathian montane forests,Other,,2656,0.4745,15,82,1,81,14,0.0122,0.0667,0.0206,0.8726,0.3746,0.5242
detectree2,tcd_tile_1112,Sierra Nevada forests,N. American forest,,246,0.4745,86,41,25,16,61,0.6098,0.2907,0.3937,0.3672,0.5457,0.439
detectree2,tcd_tile_1113,Luzon rain forests,SE Asian & Pacific rainforest,,1345,0.4745,144,169,43,126,101,0.2544,0.2986,0.2748,0.1644,0.5475,0.2528
detectree2,tcd_tile_1114,Cerrado,Latin American forest,,716,0.4745,1,69,1,68,0,0.0145,1.0,0.0286,0.9979,0.2038,0.3384
detectree2,tcd_tile_1115,North Central Rockies forests,N. American forest,,3732,0.4745,1,41,1,40,0,0.0244,1.0,0.0476,0.9999,0.1446,0.2526
detectree2,tcd_tile_1116,Hispaniolan moist forests,SE Asian & Pacific rainforest,,4833,0.4745,190,87,14,73,176,0.1609,0.0737,0.1011,0.0537,0.3765,0.0939
detectree2,tcd_tile_1117,,Other,,3878,0.4745,150,49,28,21,122,0.5714,0.1867,0.2814,0.6156,0.2608,0.3664
detectree2,tcd_tile_1118,Balkan mixed forests,European forest,,3019,0.4745,76,77,30,47,46,0.3896,0.3947,0.3922,0.2883,0.4843,0.3615
detectree2,tcd_tile_1119,Southern Zanzibar-Inhambane coastal forest mosaic,African tropical forest,,803,0.4745,9,80,5,75,4,0.0625,0.5556,0.1124,0.1887,0.4005,0.2566
detectree2,tcd_tile_112,Northern Zanzibar-Inhambane coastal forest mosaic,African tropical forest,,4203,0.4745,296,163,42,121,254,0.2577,0.1419,0.183,0.477,0.3691,0.4162
detectree2,tcd_tile_1120,Upper Midwest forest-savanna transition,N. American forest,,2740,0.4745,30,33,8,25,22,0.2424,0.2667,0.254,0.3357,0.2678,0.2979
detectree2,tcd_tile_1121,Sumatran lowland rain forests,SE Asian & Pacific rainforest,,2571,0.4745,123,150,31,119,92,0.2067,0.252,0.2271,0.3369,0.4188,0.3734
detectree2,tcd_tile_1122,Sierra Nevada forests,N. American forest,,2457,0.4745,0,38,0,38,0,0.0,0.0,0.0,0.0,0.0,0.0
detectree2,tcd_tile_1123,Sarmatic mixed forests,European forest,,3894,0.4745,3,15,0,15,3,0.0,0.0,0.0,0.0047,0.3468,0.0093
detectree2,tcd_tile_1124,Northern Zanzibar-Inhambane coastal forest mosaic,African tropical forest,,498,0.4745,141,42,10,32,131,0.2381,0.0709,0.1093,0.0942,0.2738,0.1401
detectree2,tcd_tile_1125,Northern Zanzibar-Inhambane coastal forest mosaic,African tropical forest,,3361,0.4745,37,108,13,95,24,0.1204,0.3514,0.1793,0.6148,0.4861,0.5429
detectree2,tcd_tile_1126,Southeastern mixed forests,N. American forest,,3012,0.4745,36,13,2,11,34,0.1538,0.0556,0.0816,0.0321,0.0668,0.0434
detectree2,tcd_tile_1127,Araucaria moist forests,Other,,1003,0.4745,175,53,17,36,158,0.3208,0.0971,0.1491,0.0993,0.3053,0.1499
detectree2,tcd_tile_1128,Western Java montane rain forests,Other,,3196,0.4745,8,47,1,46,7,0.0213,0.125,0.0364,0.7406,0.2814,0.4078
detectree2,tcd_tile_1129,Changjiang Plain evergreen forests,Other,,4392,0.4745,77,54,14,40,63,0.2593,0.1818,0.2137,0.5323,0.3382,0.4136
detectree2,tcd_tile_113,East European forest steppe,European forest,,1897,0.4745,48,71,18,53,30,0.2535,0.375,0.3025,0.2613,0.4243,0.3234
detectree2,tcd_tile_1130,Balkan mixed forests,European forest,,1818,0.4745,12,101,6,95,6,0.0594,0.5,0.1062,0.6099,0.3808,0.4689
detectree2,tcd_tile_1131,Sarmatic mixed forests,European forest,,3340,0.4745,100,155,19,136,81,0.1226,0.19,0.149,0.6633,0.4493,0.5357
detectree2,tcd_tile_1132,Northern Zanzibar-Inhambane coastal forest mosaic,African tropical forest,,2538,0.4745,17,162,10,152,7,0.0617,0.5882,0.1117,0.7895,0.427,0.5542
detectree2,tcd_tile_1133,Northern Zanzibar-Inhambane coastal forest mosaic,African tropical forest,,4239,0.4745,273,164,58,106,215,0.3537,0.2125,0.2654,0.5368,0.4043,0.4612
detectree2,tcd_tile_1134,Sulawesi lowland rain forests,SE Asian & Pacific rainforest,,1183,0.4745,62,39,7,32,55,0.1795,0.1129,0.1386,0.0927,0.545,0.1584
detectree2,tcd_tile_1135,Luzon rain forests,SE Asian & Pacific rainforest,,3633,0.4745,17,95,4,91,13,0.0421,0.2353,0.0714,0.8635,0.264,0.4044
detectree2,tcd_tile_1136,East European forest steppe,European forest,,110,0.4745,0,6,0,6,0,0.0,0.0,0.0,0.0,0.0,0.0
detectree2,tcd_tile_1137,Baltic mixed forests,European forest,,3747,0.4745,63,33,19,14,44,0.5758,0.3016,0.3958,0.5353,0.4732,0.5024
detectree2,tcd_tile_1138,Atlantic mixed forests,European forest,,3841,0.4745,15,5,0,5,15,0.0,0.0,0.0,0.0303,0.2333,0.0536
detectree2,tcd_tile_1139,North Island temperate forests,Other,,17,0.4745,13,52,12,40,1,0.2308,0.9231,0.3692,0.4891,0.4464,0.4668
detectree2,tcd_tile_114,Central European mixed forests,European forest,,3112,0.4745,81,123,32,91,49,0.2602,0.3951,0.3137,0.1638,0.7202,0.2669
detectree2,tcd_tile_1140,Central Indochina dry forests,Other,,4781,0.4745,179,90,40,50,139,0.4444,0.2235,0.2974,0.258,0.6628,0.3714
detectree2,tcd_tile_1141,Himalayan subtropical broadleaf forests,Other,,4734,0.4745,116,81,15,66,101,0.1852,0.1293,0.1523,0.2356,0.4971,0.3197
detectree2,tcd_tile_1142,Central European mixed forests,European forest,,2456,0.4745,33,93,19,74,14,0.2043,0.5758,0.3016,0.5662,0.5893,0.5775
detectree2,tcd_tile_1143,Sierra Nevada forests,N. American forest,,3602,0.4745,75,60,5,55,70,0.0833,0.0667,0.0741,0.0209,0.4092,0.0397
detectree2,tcd_tile_1144,Eastern Guinean forests,African tropical forest,,1522,0.4745,45,46,9,37,36,0.1957,0.2,0.1978,0.4484,0.3374,0.3851
detectree2,tcd_tile_1145,Cerrado,Latin American forest,,622,0.4745,0,8,0,8,0,0.0,0.0,0.0,0.0,0.0,0.0
detectree2,tcd_tile_1146,Northeastern coastal forests,N. American forest,,700,0.4745,59,96,23,73,36,0.2396,0.3898,0.2968,0.2429,0.7283,0.3643
detectree2,tcd_tile_1147,Sarmatic mixed forests,European forest,,4250,0.4745,5,81,3,78,2,0.037,0.6,0.0698,0.3801,0.6052,0.4669
detectree2,tcd_tile_1148,,Other,,3561,0.4745,178,154,47,107,131,0.3052,0.264,0.2831,0.5337,0.6116,0.57
detectree2,tcd_tile_1149,Sarmatic mixed forests,European forest,,2829,0.4745,6,79,1,78,5,0.0127,0.1667,0.0235,0.1317,0.3467,0.1909
detectree2,tcd_tile_115,Northern Zanzibar-Inhambane coastal forest mosaic,African tropical forest,,1978,0.4745,228,80,21,59,207,0.2625,0.0921,0.1364,0.1659,0.4146,0.237
detectree2,tcd_tile_1150,,Other,,113,0.4745,64,44,2,42,62,0.0455,0.0312,0.037,0.2998,0.2409,0.2671
detectree2,tcd_tile_1151,,Other,,3487,0.4745,5,25,1,24,4,0.04,0.2,0.0667,0.0069,0.0625,0.0125
detectree2,tcd_tile_1152,North Central Rockies forests,N. American forest,,2032,0.4745,0,10,0,10,0,0.0,0.0,0.0,0.0,0.0,0.0
detectree2,tcd_tile_1153,Sarmatic mixed forests,European forest,,4759,0.4745,21,38,1,37,20,0.0263,0.0476,0.0339,0.0174,0.5307,0.0338
detectree2,tcd_tile_1154,Central European mixed forests,European forest,,2979,0.4745,46,64,14,50,32,0.2188,0.3043,0.2545,0.1899,0.5713,0.2851
detectree2,tcd_tile_1155,Atlantic mixed forests,European forest,,96,0.4745,3,133,2,131,1,0.015,0.6667,0.0294,0.9758,0.3557,0.5214
detectree2,tcd_tile_1156,Western European broadleaf forests,European forest,,2851,0.4745,1,8,1,7,0,0.125,1.0,0.2222,0.0571,0.063,0.0599
detectree2,tcd_tile_1157,Bajío dry forests,Other,,2070,0.4745,132,62,20,42,112,0.3226,0.1515,0.2062,0.1355,0.4149,0.2043
detectree2,tcd_tile_1158,Celtic broadleaf forests,European forest,,4795,0.4745,0,2,0,2,0,0.0,0.0,0.0,0.0,0.0,0.0
detectree2,tcd_tile_1159,Upper Midwest forest-savanna transition,N. American forest,,3503,0.4745,29,38,11,27,18,0.2895,0.3793,0.3284,0.339,0.2695,0.3003
detectree2,tcd_tile_1160,Changjiang Plain evergreen forests,Other,,1269,0.4745,117,78,34,44,83,0.4359,0.2906,0.3487,0.4,0.2814,0.3304
detectree2,tcd_tile_1161,Northern Zanzibar-Inhambane coastal forest mosaic,African tropical forest,,3631,0.4745,155,120,53,67,102,0.4417,0.3419,0.3855,0.4049,0.4708,0.4353
detectree2,tcd_tile_1162,Southeastern mixed forests,N. American forest,,4606,0.4745,66,76,22,54,44,0.2895,0.3333,0.3099,0.6354,0.3259,0.4308
detectree2,tcd_tile_1163,Balkan mixed forests,European forest,,212,0.4745,47,86,16,70,31,0.186,0.3404,0.2406,0.6469,0.3204,0.4285
detectree2,tcd_tile_1164,Northern Zanzibar-Inhambane coastal forest mosaic,African tropical forest,,635,0.4745,35,19,6,13,29,0.3158,0.1714,0.2222,0.6949,0.3936,0.5026
detectree2,tcd_tile_1165,Pontic steppe,Other,,38,0.4745,95,73,18,55,77,0.2466,0.1895,0.2143,0.3683,0.5747,0.4489
detectree2,tcd_tile_1166,Northern Zanzibar-Inhambane coastal forest mosaic,African tropical forest,,1179,0.4745,243,163,101,62,142,0.6196,0.4156,0.4975,0.5695,0.6263,0.5965
detectree2,tcd_tile_1167,English Lowlands beech forests,European forest,,3464,0.4745,1,57,1,56,0,0.0175,1.0,0.0345,0.3782,0.4368,0.4053
detectree2,tcd_tile_1168,Northern Anatolian conifer and deciduous forests,Other,,1464,0.4745,69,50,5,45,64,0.1,0.0725,0.084,0.246,0.2683,0.2567
detectree2,tcd_tile_1169,Eastern forest-boreal transition,Other,,2533,0.4745,65,26,2,24,63,0.0769,0.0308,0.044,0.3255,0.1993,0.2472
detectree2,tcd_tile_117,Northern Zanzibar-Inhambane coastal forest mosaic,African tropical forest,,1728,0.4745,193,89,36,53,157,0.4045,0.1865,0.2553,0.2027,0.5055,0.2894
detectree2,tcd_tile_1170,Tongan tropical moist forests,SE Asian & Pacific rainforest,,4806,0.4745,90,61,7,54,83,0.1148,0.0778,0.0927,0.4963,0.4374,0.465
detectree2,tcd_tile_1171,Hispaniolan moist forests,SE Asian & Pacific rainforest,,5034,0.4745,94,76,4,72,90,0.0526,0.0426,0.0471,0.0288,0.4351,0.054
detectree2,tcd_tile_1172,Petén-Veracruz moist forests,Latin American forest,,1780,0.4745,97,91,19,72,78,0.2088,0.1959,0.2021,0.6754,0.3283,0.4418
detectree2,tcd_tile_1173,Central European mixed forests,European forest,,1711,0.4745,1,4,1,3,0,0.25,1.0,0.4,0.0359,0.9195,0.0691
detectree2,tcd_tile_1174,Taiheiyo evergreen forests,Other,,2196,0.4745,145,97,5,92,140,0.0515,0.0345,0.0413,0.4723,0.3186,0.3805
detectree2,tcd_tile_1175,Luzon rain forests,SE Asian & Pacific rainforest,,697,0.4745,4,83,4,79,0,0.0482,1.0,0.092,0.8364,0.3438,0.4873
detectree2,tcd_tile_1176,Northern Zanzibar-Inhambane coastal forest mosaic,African tropical forest,,2368,0.4745,67,92,17,75,50,0.1848,0.2537,0.2138,0.0887,0.6322,0.1556
detectree2,tcd_tile_1177,Celtic broadleaf forests,European forest,,1596,0.4745,3,43,0,43,3,0.0,0.0,0.0,0.0,0.001,0.0
detectree2,tcd_tile_1178,Central Indochina dry forests,Other,,1637,0.4745,1,101,1,100,0,0.0099,1.0,0.0196,0.9999,0.3234,0.4887
detectree2,tcd_tile_1179,Bahia coastal forests,Latin American forest,,922,0.4745,5,32,1,31,4,0.0312,0.2,0.0541,0.3376,0.2426,0.2823
detectree2,tcd_tile_118,Northern Zanzibar-Inhambane coastal forest mosaic,African tropical forest,,1145,0.4745,93,128,41,87,52,0.3203,0.4409,0.371,0.2959,0.5982,0.396
detectree2,tcd_tile_1180,Madeira-Tapajós moist forests,Latin American forest,,3821,0.4745,24,126,8,118,16,0.0635,0.3333,0.1067,0.6765,0.2998,0.4155
detectree2,tcd_tile_1181,Maputaland coastal forest mosaic,African tropical forest,,2575,0.4745,3,48,2,46,1,0.0417,0.6667,0.0784,0.0481,0.968,0.0916
detectree2,tcd_tile_1182,Northeastern coastal forests,N. American forest,,2489,0.4745,2,5,1,4,1,0.2,0.5,0.2857,0.0269,0.3779,0.0503
detectree2,tcd_tile_1183,Central American pine-oak forests,Other,,1796,0.4745,222,50,15,35,207,0.3,0.0676,0.1103,0.1754,0.4004,0.2439
detectree2,tcd_tile_1184,Bahamian pine mosaic,Other,,4289,0.4745,2,10,1,9,1,0.1,0.5,0.1667,0.9927,0.073,0.136
detectree2,tcd_tile_1185,East European forest steppe,European forest,,591,0.4745,73,76,20,56,53,0.2632,0.274,0.2685,0.2266,0.5422,0.3196
detectree2,tcd_tile_1186,Western European broadleaf forests,European forest,,1870,0.4745,34,24,8,16,26,0.3333,0.2353,0.2759,0.1699,0.3765,0.2341
detectree2,tcd_tile_1187,Northeastern coastal forests,N. American forest,,1918,0.4745,75,97,32,65,43,0.3299,0.4267,0.3721,0.6815,0.7027,0.6919
detectree2,tcd_tile_1188,Bahia coastal forests,Latin American forest,,4221,0.4745,171,163,49,114,122,0.3006,0.2865,0.2934,0.3297,0.3785,0.3524
detectree2,tcd_tile_1189,Eastern forest-boreal transition,Other,,3879,0.4745,4,125,4,121,0,0.032,1.0,0.062,0.5948,0.5094,0.5488
detectree2,tcd_tile_1190,Northern Zanzibar-Inhambane coastal forest mosaic,African tropical forest,,1485,0.4745,137,73,13,60,124,0.1781,0.0949,0.1238,0.2172,0.5129,0.3052
detectree2,tcd_tile_1191,Eastern forest-boreal transition,Other,,2007,0.4745,5,101,1,100,4,0.0099,0.2,0.0189,0.7774,0.3009,0.4339
detectree2,tcd_tile_1192,Northern Zanzibar-Inhambane coastal forest mosaic,African tropical forest,,2152,0.4745,97,110,15,95,82,0.1364,0.1546,0.1449,0.2637,0.3826,0.3122
detectree2,tcd_tile_1193,Northern Zanzibar-Inhambane coastal forest mosaic,African tropical forest,,1272,0.4745,124,156,42,114,82,0.2692,0.3387,0.3,0.7331,0.4082,0.5244
detectree2,tcd_tile_1194,Sierra Nevada forests,N. American forest,,145,0.4745,128,67,44,23,84,0.6567,0.3438,0.4513,0.4485,0.4379,0.4432
detectree2,tcd_tile_1195,Northern Zanzibar-Inhambane coastal forest mosaic,African tropical forest,,4745,0.4745,307,184,128,56,179,0.6957,0.4169,0.5214,0.4938,0.6437,0.5589
detectree2,tcd_tile_1196,Eastern Java-Bali rain forests,SE Asian & Pacific rainforest,,4992,0.4745,0,25,0,25,0,0.0,0.0,0.0,0.0,0.0,0.0
detectree2,tcd_tile_1197,Northern Zanzibar-Inhambane coastal forest mosaic,African tropical forest,,2696,0.4745,10,75,4,71,6,0.0533,0.4,0.0941,0.292,0.3095,0.3005
detectree2,tcd_tile_1198,Hispaniolan moist forests,SE Asian & Pacific rainforest,,4312,0.4745,0,79,0,79,0,0.0,0.0,0.0,0.0,0.0,0.0
detectree2,tcd_tile_1199,Sarmatic mixed forests,European forest,,2466,0.4745,16,181,5,176,11,0.0276,0.3125,0.0508,0.8628,0.5047,0.6369
detectree2,tcd_tile_12,Sechura desert,Arid / dryland,,152,0.4745,52,60,18,42,34,0.3,0.3462,0.3214,0.5567,0.4395,0.4912
detectree2,tcd_tile_120,Caucasus mixed forests,European forest,,33,0.4745,81,184,46,138,35,0.25,0.5679,0.3472,0.7932,0.3776,0.5116
detectree2,tcd_tile_1200,Northern Congolian forest-savanna mosaic,African tropical forest,,787,0.4745,70,62,11,51,59,0.1774,0.1571,0.1667,0.0399,0.426,0.073
detectree2,tcd_tile_1201,Celtic broadleaf forests,European forest,,1508,0.4745,7,6,1,5,6,0.1667,0.1429,0.1538,0.5264,0.433,0.4751
detectree2,tcd_tile_1202,Madeira-Tapajós moist forests,Latin American forest,,1328,0.4745,1,208,1,207,0,0.0048,1.0,0.0096,0.9999,0.4217,0.5932
detectree2,tcd_tile_1203,Mesopotamian shrub desert,Other,,243,0.4745,402,159,105,54,297,0.6604,0.2612,0.3743,0.7084,0.3386,0.4582
detectree2,tcd_tile_1204,California coastal sage and chaparral,Other,,321,0.4745,125,66,33,33,92,0.5,0.264,0.3455,0.2061,0.5675,0.3024
detectree2,tcd_tile_1205,,Other,,2582,0.4745,11,78,5,73,6,0.0641,0.4545,0.1124,0.4627,0.3454,0.3955
detectree2,tcd_tile_1206,Northern Anatolian conifer and deciduous forests,Other,,2717,0.4745,269,63,24,39,245,0.381,0.0892,0.1446,0.2344,0.3439,0.2788
detectree2,tcd_tile_1207,Sierra Nevada forests,N. American forest,,4863,0.4745,100,104,33,71,67,0.3173,0.33,0.3235,0.1227,0.5744,0.2022
detectree2,tcd_tile_1208,Caucasus mixed forests,European forest,,4153,0.4745,1,197,1,196,0,0.0051,1.0,0.0101,1.0,0.4092,0.5808
detectree2,tcd_tile_1209,Madeira-Tapajós moist forests,Latin American forest,,3920,0.4745,13,92,1,91,12,0.0109,0.0769,0.019,0.5783,0.3894,0.4654
detectree2,tcd_tile_121,Northern Zanzibar-Inhambane coastal forest mosaic,African tropical forest,,3674,0.4745,131,124,40,84,91,0.3226,0.3053,0.3137,0.4078,0.5839,0.4802
detectree2,tcd_tile_1210,Northern Zanzibar-Inhambane coastal forest mosaic,African tropical forest,,247,0.4745,206,45,29,16,177,0.6444,0.1408,0.2311,0.4739,0.4009,0.4344
detectree2,tcd_tile_1211,Changjiang Plain evergreen forests,Other,,1483,0.4745,58,42,19,23,39,0.4524,0.3276,0.38,0.3521,0.3817,0.3663
detectree2,tcd_tile_1212,Mato Grosso seasonal forests,Latin American forest,,1585,0.4745,50,30,3,27,47,0.1,0.06,0.075,0.1235,0.2381,0.1626
detectree2,tcd_tile_1213,Northern Zanzibar-Inhambane coastal forest mosaic,African tropical forest,,4042,0.4745,253,121,44,77,209,0.3636,0.1739,0.2353,0.5254,0.3803,0.4412
detectree2,tcd_tile_1214,,Other,,3215,0.4745,115,97,30,67,85,0.3093,0.2609,0.283,0.481,0.5246,0.5019
detectree2,tcd_tile_1215,Northern Zanzibar-Inhambane coastal forest mosaic,African tropical forest,,1138,0.4745,195,95,35,60,160,0.3684,0.1795,0.2414,0.5106,0.3917,0.4433
detectree2,tcd_tile_1216,Southeastern mixed forests,N. American forest,,2827,0.4745,13,20,2,18,11,0.1,0.1538,0.1212,0.752,0.235,0.3581
detectree2,tcd_tile_1217,Baltic mixed forests,European forest,,3950,0.4745,110,64,12,52,98,0.1875,0.1091,0.1379,0.0929,0.3936,0.1504
detectree2,tcd_tile_1218,,Other,,277,0.4745,67,46,7,39,60,0.1522,0.1045,0.1239,0.1914,0.5345,0.2819
detectree2,tcd_tile_1219,Yucatán moist forests,Other,,205,0.4745,133,71,31,40,102,0.4366,0.2331,0.3039,0.5219,0.4107,0.4597
detectree2,tcd_tile_122,Southern Zanzibar-Inhambane coastal forest mosaic,African tropical forest,,5008,0.4745,186,103,37,66,149,0.3592,0.1989,0.2561,0.2284,0.6544,0.3386
detectree2,tcd_tile_1220,Northern Zanzibar-Inhambane coastal forest mosaic,African tropical forest,,1721,0.4745,188,78,26,52,162,0.3333,0.1383,0.1955,0.1581,0.5337,0.244
detectree2,tcd_tile_1221,Northern Zanzibar-Inhambane coastal forest mosaic,African tropical forest,,452,0.4745,58,52,14,38,44,0.2692,0.2414,0.2545,0.1599,0.6435,0.2562
detectree2,tcd_tile_1222,Araucaria moist forests,Other,,858,0.4745,233,163,75,88,158,0.4601,0.3219,0.3788,0.4017,0.623,0.4885
detectree2,tcd_tile_1223,Upper Midwest forest-savanna transition,N. American forest,,1565,0.4745,47,72,30,42,17,0.4167,0.6383,0.5042,0.3943,0.5691,0.4658
detectree2,tcd_tile_1224,Southern Zanzibar-Inhambane coastal forest mosaic,African tropical forest,,3001,0.4745,19,14,3,11,16,0.2143,0.1579,0.1818,0.0353,0.4692,0.0656
detectree2,tcd_tile_1225,Balkan mixed forests,European forest,,1060,0.4745,51,35,11,24,40,0.3143,0.2157,0.2558,0.1825,0.2562,0.2131
detectree2,tcd_tile_1226,Eastern Java-Bali rain forests,SE Asian & Pacific rainforest,,4301,0.4745,31,30,5,25,26,0.1667,0.1613,0.1639,0.4309,0.1932,0.2668
detectree2,tcd_tile_1227,Luzon rain forests,SE Asian & Pacific rainforest,,4572,0.4745,127,105,49,56,78,0.4667,0.3858,0.4224,0.5321,0.5853,0.5575
detectree2,tcd_tile_1228,Crimean Submediterranean forest complex,Other,,3725,0.4745,96,84,41,43,55,0.4881,0.4271,0.4556,0.5435,0.4773,0.5083
detectree2,tcd_tile_1229,Southern Zanzibar-Inhambane coastal forest mosaic,African tropical forest,,3608,0.4745,45,30,8,22,37,0.2667,0.1778,0.2133,0.0876,0.4129,0.1445
detectree2,tcd_tile_1230,Upper Midwest forest-savanna transition,N. American forest,,3860,0.4745,0,14,0,14,0,0.0,0.0,0.0,0.0,0.0,0.0
detectree2,tcd_tile_1231,California interior chaparral and woodlands,Other,,263,0.4745,120,17,14,3,106,0.8235,0.1167,0.2044,0.7022,0.4318,0.5347
detectree2,tcd_tile_1232,Northern Zanzibar-Inhambane coastal forest mosaic,African tropical forest,,3185,0.4745,331,161,101,60,230,0.6273,0.3051,0.4106,0.5269,0.5655,0.5455
detectree2,tcd_tile_1233,Northern Zanzibar-Inhambane coastal forest mosaic,African tropical forest,,3588,0.4745,223,124,38,86,185,0.3065,0.1704,0.219,0.2477,0.4706,0.3246
detectree2,tcd_tile_1234,Madeira-Tapajós moist forests,Latin American forest,,261,0.4745,1,191,1,190,0,0.0052,1.0,0.0104,1.0,0.4683,0.6378
detectree2,tcd_tile_1235,East African montane forests,African tropical forest,,3907,0.4745,79,28,10,18,69,0.3571,0.1266,0.1869,0.5196,0.3089,0.3875
detectree2,tcd_tile_1236,Sarmatic mixed forests,European forest,,838,0.4745,1,5,1,4,0,0.2,1.0,0.3333,0.9995,0.032,0.0619
detectree2,tcd_tile_1237,Nihonkai montane deciduous forests,Other,,4822,0.4745,44,165,14,151,30,0.0848,0.3182,0.134,0.7743,0.5635,0.6523
detectree2,tcd_tile_1238,Northern Zanzibar-Inhambane coastal forest mosaic,African tropical forest,,1831,0.4745,209,95,40,55,169,0.4211,0.1914,0.2632,0.1759,0.4389,0.2512
detectree2,tcd_tile_1239,North Central Rockies forests,N. American forest,,3880,0.4745,9,92,4,88,5,0.0435,0.4444,0.0792,0.8656,0.2243,0.3563
detectree2,tcd_tile_124,Southern Zanzibar-Inhambane coastal forest mosaic,African tropical forest,,4433,0.4745,141,116,29,87,112,0.25,0.2057,0.2257,0.2973,0.3667,0.3284
detectree2,tcd_tile_1240,Vanuatu rain forests,Other,,2611,0.4745,52,30,5,25,47,0.1667,0.0962,0.122,0.2405,0.1838,0.2084
detectree2,tcd_tile_1241,Central European mixed forests,European forest,,1385,0.4745,63,72,16,56,47,0.2222,0.254,0.237,0.4749,0.3169,0.3801
detectree2,tcd_tile_1242,Central Zambezian Miombo woodlands,Other,,349,0.4745,74,26,4,22,70,0.1538,0.0541,0.08,0.1626,0.4235,0.2349
detectree2,tcd_tile_1243,Scandinavian coastal conifer forests,Other,,2794,0.4745,0,14,0,14,0,0.0,0.0,0.0,0.0,0.0,0.0
detectree2,tcd_tile_1244,Hispaniolan moist forests,SE Asian & Pacific rainforest,,3603,0.4745,59,66,3,63,56,0.0455,0.0508,0.048,0.0254,0.3303,0.0472
detectree2,tcd_tile_1245,Northeastern coastal forests,N. American forest,,3326,0.4745,2,29,1,28,1,0.0345,0.5,0.0645,0.94,0.2268,0.3654
detectree2,tcd_tile_1246,Southern Zanzibar-Inhambane coastal forest mosaic,African tropical forest,,3412,0.4745,46,105,17,88,29,0.1619,0.3696,0.2252,0.3124,0.3292,0.3206
detectree2,tcd_tile_1247,Luzon rain forests,SE Asian & Pacific rainforest,,2874,0.4745,19,25,4,21,15,0.16,0.2105,0.1818,0.0518,0.3157,0.0889
detectree2,tcd_tile_1248,Lesser Sundas deciduous forests,SE Asian & Pacific rainforest,,2849,0.4745,34,141,7,134,27,0.0496,0.2059,0.08,0.8315,0.3736,0.5156
detectree2,tcd_tile_1249,,Other,,3594,0.4745,0,36,0,36,0,0.0,0.0,0.0,0.0,0.0,0.0
detectree2,tcd_tile_1250,Northern Zanzibar-Inhambane coastal forest mosaic,African tropical forest,,815,0.4745,116,103,7,96,109,0.068,0.0603,0.0639,0.6021,0.2595,0.3627
detectree2,tcd_tile_1251,Northern Zanzibar-Inhambane coastal forest mosaic,African tropical forest,,1347,0.4745,1,3,0,3,1,0.0,0.0,0.0,0.0,0.0,0.0
detectree2,tcd_tile_1252,Upper Gangetic Plains moist deciduous forests,Other,,4061,0.4745,32,63,12,51,20,0.1905,0.375,0.2526,0.6821,0.4402,0.535
detectree2,tcd_tile_1253,Central European mixed forests,European forest,,2174,0.4745,38,22,11,11,27,0.5,0.2895,0.3667,0.3253,0.3856,0.3529
detectree2,tcd_tile_1254,,Other,,5011,0.4745,3,36,1,35,2,0.0278,0.3333,0.0513,0.0236,0.4838,0.045
detectree2,tcd_tile_1255,,Other,,1562,0.4745,6,74,5,69,1,0.0676,0.8333,0.125,0.6494,0.2842,0.3954
detectree2,tcd_tile_1256,East European forest steppe,European forest,,1792,0.4745,24,78,10,68,14,0.1282,0.4167,0.1961,0.3931,0.4514,0.4202
detectree2,tcd_tile_1257,Southern Zanzibar-Inhambane coastal forest mosaic,African tropical forest,,4995,0.4745,285,96,32,64,253,0.3333,0.1123,0.168,0.234,0.4662,0.3116
detectree2,tcd_tile_1258,East European forest steppe,European forest,,3577,0.4745,28,41,8,33,20,0.1951,0.2857,0.2319,0.4732,0.3334,0.3912
detectree2,tcd_tile_1259,Central European mixed forests,European forest,,4971,0.4745,0,19,0,19,0,0.0,0.0,0.0,0.0,0.0,0.0
detectree2,tcd_tile_126,Central European mixed forests,European forest,,4195,0.4745,0,14,0,14,0,0.0,0.0,0.0,0.0,0.0,0.0
detectree2,tcd_tile_1260,Northern Zanzibar-Inhambane coastal forest mosaic,African tropical forest,,3975,0.4745,18,84,16,68,2,0.1905,0.8889,0.3137,0.1286,0.9053,0.2252
detectree2,tcd_tile_1261,Western European broadleaf forests,European forest,,1304,0.4745,50,16,4,12,46,0.25,0.08,0.1212,0.2813,0.2261,0.2507
detectree2,tcd_tile_1262,Northern Zanzibar-Inhambane coastal forest mosaic,African tropical forest,,4180,0.4745,184,107,21,86,163,0.1963,0.1141,0.1443,0.7486,0.3852,0.5086
detectree2,tcd_tile_1263,Western European broadleaf forests,European forest,,731,0.4745,11,29,6,23,5,0.2069,0.5455,0.3,0.1479,0.3183,0.2019
detectree2,tcd_tile_1264,Changjiang Plain evergreen forests,Other,,1650,0.4745,77,34,4,30,73,0.1176,0.0519,0.0721,0.017,0.151,0.0305
detectree2,tcd_tile_1265,Granitic Seychelles forests,Other,,2202,0.4745,0,41,0,41,0,0.0,0.0,0.0,0.0,0.0,0.0
detectree2,tcd_tile_1266,,Other,,3504,0.4745,0,43,0,43,0,0.0,0.0,0.0,0.0,0.0,0.0
detectree2,tcd_tile_1267,East European forest steppe,European forest,,1252,0.4745,0,0,0,0,0,0.0,0.0,0.0,0.0,0.0,0.0
detectree2,tcd_tile_1268,Central Indochina dry forests,Other,,4322,0.4745,102,152,60,92,42,0.3947,0.5882,0.4724,0.4705,0.5113,0.49
detectree2,tcd_tile_1269,Luzon rain forests,SE Asian & Pacific rainforest,,4594,0.4745,211,73,23,50,188,0.3151,0.109,0.162,0.5689,0.2181,0.3153
detectree2,tcd_tile_1270,Mato Grosso seasonal forests,Latin American forest,,2680,0.4745,281,104,29,75,252,0.2788,0.1032,0.1506,0.1895,0.5727,0.2847
detectree2,tcd_tile_1271,Petén-Veracruz moist forests,Latin American forest,,4098,0.4745,14,11,3,8,11,0.2727,0.2143,0.24,0.0962,0.3856,0.154
detectree2,tcd_tile_1272,Maputaland coastal forest mosaic,African tropical forest,,3470,0.4745,101,28,10,18,91,0.3571,0.099,0.155,0.433,0.3404,0.3812
detectree2,tcd_tile_1273,Balkan mixed forests,European forest,,819,0.4745,85,79,19,60,66,0.2405,0.2235,0.2317,0.1076,0.3681,0.1665
detectree2,tcd_tile_1274,Celtic broadleaf forests,European forest,,3621,0.4745,15,43,13,30,2,0.3023,0.8667,0.4483,0.6722,0.3124,0.4266
detectree2,tcd_tile_1275,Northern Zanzibar-Inhambane coastal forest mosaic,African tropical forest,,941,0.4745,89,43,32,11,57,0.7442,0.3596,0.4848,0.4236,0.3599,0.3891
detectree2,tcd_tile_1276,Greater Negros-Panay rain forests,SE Asian & Pacific rainforest,,1472,0.4745,100,54,14,40,86,0.2593,0.14,0.1818,0.1733,0.3578,0.2335
detectree2,tcd_tile_1277,Central European mixed forests,European forest,,2992,0.4745,24,36,9,27,15,0.25,0.375,0.3,0.1635,0.408,0.2334
detectree2,tcd_tile_1278,Western Java montane rain forests,Other,,3094,0.4745,22,57,7,50,15,0.1228,0.3182,0.1772,0.6907,0.5465,0.6102
detectree2,tcd_tile_1279,Northern Zanzibar-Inhambane coastal forest mosaic,African tropical forest,,2134,0.4745,7,49,5,44,2,0.102,0.7143,0.1786,0.9849,0.1117,0.2007
detectree2,tcd_tile_128,Northern Zanzibar-Inhambane coastal forest mosaic,African tropical forest,,2671,0.4745,140,90,20,70,120,0.2222,0.1429,0.1739,0.2305,0.3794,0.2867
detectree2,tcd_tile_1280,Central African mangroves,African tropical forest,,3960,0.4745,2,112,0,112,2,0.0,0.0,0.0,0.0,0.0,0.0
detectree2,tcd_tile_1281,Sarmatic mixed forests,European forest,,3657,0.4745,152,141,41,100,111,0.2908,0.2697,0.2799,0.2024,0.432,0.2757
detectree2,tcd_tile_1282,Southern Zanzibar-Inhambane coastal forest mosaic,African tropical forest,,4197,0.4745,0,29,0,29,0,0.0,0.0,0.0,0.0,0.0,0.0
detectree2,tcd_tile_1283,Southern Great Lakes forests,N. American forest,,307,0.4745,61,76,21,55,40,0.2763,0.3443,0.3066,0.3336,0.6975,0.4513
detectree2,tcd_tile_1284,Western Java rain forests,Other,,153,0.4745,206,86,34,52,172,0.3953,0.165,0.2329,0.2164,0.4011,0.2811
detectree2,tcd_tile_1285,Central European mixed forests,European forest,,4379,0.4745,36,11,4,7,32,0.3636,0.1111,0.1702,0.1089,0.2307,0.148
detectree2,tcd_tile_1286,Central European mixed forests,European forest,,1431,0.4745,96,121,55,66,41,0.4545,0.5729,0.5069,0.6667,0.6906,0.6784
detectree2,tcd_tile_1287,Timor and Wetar deciduous forests,SE Asian & Pacific rainforest,,1429,0.4745,108,15,0,15,108,0.0,0.0,0.0,0.0138,0.2594,0.0262
detectree2,tcd_tile_1288,Himalayan subtropical broadleaf forests,Other,,3789,0.4745,49,47,12,35,37,0.2553,0.2449,0.25,0.3919,0.2693,0.3192
detectree2,tcd_tile_1289,,Other,,1999,0.4745,1,134,1,133,0,0.0075,1.0,0.0148,0.971,0.3131,0.4735
detectree2,tcd_tile_129,Palawan rain forests,SE Asian & Pacific rainforest,,2967,0.4745,82,147,22,125,60,0.1497,0.2683,0.1921,0.6281,0.4023,0.4905
detectree2,tcd_tile_1290,Northern Zanzibar-Inhambane coastal forest mosaic,African tropical forest,,2608,0.4745,50,118,21,97,29,0.178,0.42,0.25,0.348,0.3843,0.3652
detectree2,tcd_tile_1291,Northern Zanzibar-Inhambane coastal forest mosaic,African tropical forest,,609,0.4745,1,90,1,89,0,0.0111,1.0,0.022,0.9927,0.1906,0.3197
detectree2,tcd_tile_1292,Western Siberian hemiboreal forests,Other,,3208,0.4745,2,18,1,17,1,0.0556,0.5,0.1,0.234,0.1059,0.1458
detectree2,tcd_tile_1293,Madeira-Tapajós moist forests,Latin American forest,,3557,0.4745,2,136,2,134,0,0.0147,1.0,0.029,0.9891,0.3776,0.5465
detectree2,tcd_tile_1294,Tongan tropical moist forests,SE Asian & Pacific rainforest,,4327,0.4745,70,58,6,52,64,0.1034,0.0857,0.0938,0.7101,0.3102,0.4318
detectree2,tcd_tile_1295,Taiheiyo evergreen forests,Other,,417,0.4745,184,94,40,54,144,0.4255,0.2174,0.2878,0.2875,0.6292,0.3947
detectree2,tcd_tile_1296,Northern Acacia-Commiphora bushlands and thickets,Other,,864,0.4745,7,1,0,1,7,0.0,0.0,0.0,0.0,0.0,0.0
detectree2,tcd_tile_1297,Upper Midwest forest-savanna transition,N. American forest,,1942,0.4745,58,10,1,9,57,0.1,0.0172,0.0294,0.0772,0.192,0.1101
detectree2,tcd_tile_1298,Sierra Nevada forests,N. American forest,,1313,0.4745,161,72,39,33,122,0.5417,0.2422,0.3348,0.6008,0.3233,0.4204
detectree2,tcd_tile_1299,Hispaniolan moist forests,SE Asian & Pacific rainforest,,1400,0.4745,52,69,6,63,46,0.087,0.1154,0.0992,0.0269,0.1761,0.0467
detectree2,tcd_tile_13,Chilean matorral,Arid / dryland,,746,0.4745,12,6,2,4,10,0.3333,0.1667,0.2222,0.0362,0.2978,0.0646
detectree2,tcd_tile_1300,,Other,,1824,0.4745,175,132,46,86,129,0.3485,0.2629,0.2997,0.2698,0.4863,0.347
detectree2,tcd_tile_1301,Nihonkai montane deciduous forests,Other,,4828,0.4745,20,81,7,74,13,0.0864,0.35,0.1386,0.6009,0.2792,0.3812
detectree2,tcd_tile_1302,Maputaland coastal forest mosaic,African tropical forest,,801,0.4745,33,23,6,17,27,0.2609,0.1818,0.2143,0.0454,0.1438,0.069
detectree2,tcd_tile_1303,Upper Midwest forest-savanna transition,N. American forest,,3499,0.4745,25,10,1,9,24,0.1,0.04,0.0571,0.0868,0.7044,0.1546
detectree2,tcd_tile_1304,Baltic mixed forests,European forest,,2914,0.4745,16,25,5,20,11,0.2,0.3125,0.2439,0.8089,0.4906,0.6108
detectree2,tcd_tile_1305,Balkan mixed forests,European forest,,1213,0.4745,26,22,4,18,22,0.1818,0.1538,0.1667,0.5129,0.2044,0.2923
detectree2,tcd_tile_1306,Peruvian Yungas,Latin American forest,,2640,0.4745,29,28,2,26,27,0.0714,0.069,0.0702,0.0479,0.3204,0.0834
detectree2,tcd_tile_1307,Scandinavian coastal conifer forests,Other,,2835,0.4745,13,122,2,120,11,0.0164,0.1538,0.0296,0.7679,0.3436,0.4748
detectree2,tcd_tile_1308,Hokkaido deciduous forests,Other,,3178,0.4745,5,18,3,15,2,0.1667,0.6,0.2609,0.2292,0.3803,0.286
detectree2,tcd_tile_1309,Pannonian mixed forests,European forest,,1974,0.4745,15,77,5,72,10,0.0649,0.3333,0.1087,0.3886,0.305,0.3418
detectree2,tcd_tile_1310,Madeira-Tapajós moist forests,Latin American forest,,53,0.4745,1,195,1,194,0,0.0051,1.0,0.0102,1.0,0.4952,0.6624
detectree2,tcd_tile_1311,Baltic mixed forests,European forest,,4561,0.4745,69,94,12,82,57,0.1277,0.1739,0.1472,0.7438,0.3054,0.433
detectree2,tcd_tile_1312,Petén-Veracruz moist forests,Latin American forest,,2836,0.4745,68,103,24,79,44,0.233,0.3529,0.2807,0.3853,0.3957,0.3904
detectree2,tcd_tile_1313,Northeastern coastal forests,N. American forest,,471,0.4745,50,111,20,91,30,0.1802,0.4,0.2484,0.5838,0.6433,0.6121
detectree2,tcd_tile_1314,Atlantic mixed forests,European forest,,1069,0.4745,43,56,24,32,19,0.4286,0.5581,0.4848,0.34,0.8033,0.4778
detectree2,tcd_tile_1315,Eastern Mediterranean conifer-sclerophyllous-broadleaf forests,Other,,1171,0.4745,319,92,62,30,257,0.6739,0.1944,0.3017,0.5282,0.2527,0.3418
detectree2,tcd_tile_1316,Himalayan subtropical broadleaf forests,Other,,4393,0.4745,94,96,10,86,84,0.1042,0.1064,0.1053,0.141,0.3312,0.1978
detectree2,tcd_tile_1317,Hispaniolan moist forests,SE Asian & Pacific rainforest,,3034,0.4745,36,5,2,3,34,0.4,0.0556,0.0976,0.0706,0.108,0.0854
detectree2,tcd_tile_1318,Eastern Great Lakes lowland forests,N. American forest,,1448,0.4745,9,5,1,4,8,0.2,0.1111,0.1429,0.6852,0.0613,0.1126
detectree2,tcd_tile_1319,Central Andean puna,Other,,255,0.4745,15,9,1,8,14,0.1111,0.0667,0.0833,0.0762,0.5235,0.1331
detectree2,tcd_tile_1320,Western Java rain forests,Other,,32,0.4745,69,76,11,65,58,0.1447,0.1594,0.1517,0.0614,0.544,0.1104
detectree2,tcd_tile_1321,,Other,,1723,0.4745,0,8,0,8,0,0.0,0.0,0.0,0.0,0.0,0.0
detectree2,tcd_tile_1322,Atlantic dry forests,Other,,150,0.4745,325,132,49,83,276,0.3712,0.1508,0.2144,0.188,0.5191,0.276
detectree2,tcd_tile_1323,Sierra Nevada forests,N. American forest,,1535,0.4745,73,39,20,19,53,0.5128,0.274,0.3571,0.6901,0.2904,0.4088
detectree2,tcd_tile_1324,Taiheiyo evergreen forests,Other,,4307,0.4745,20,62,7,55,13,0.1129,0.35,0.1707,0.8558,0.1767,0.293
detectree2,tcd_tile_1325,Central European mixed forests,European forest,,3535,0.4745,0,13,0,13,0,0.0,0.0,0.0,0.0,0.0,0.0
detectree2,tcd_tile_1326,Central Andean puna,Other,,489,0.4745,32,17,6,11,26,0.3529,0.1875,0.2449,0.2047,0.3144,0.2479
detectree2,tcd_tile_1327,Celtic broadleaf forests,European forest,,5064,0.4745,12,20,0,20,12,0.0,0.0,0.0,0.0,0.0,0.0
detectree2,tcd_tile_1328,Central European mixed forests,European forest,,4866,0.4745,0,44,0,44,0,0.0,0.0,0.0,0.0,0.0,0.0
detectree2,tcd_tile_1329,,Other,,660,0.4745,159,155,31,124,128,0.2,0.195,0.1975,0.8056,0.4219,0.5537
detectree2,tcd_tile_133,East European forest steppe,European forest,,1466,0.4745,23,64,8,56,15,0.125,0.3478,0.1839,0.2301,0.3755,0.2853
detectree2,tcd_tile_1330,Balkan mixed forests,European forest,,567,0.4745,73,41,12,29,61,0.2927,0.1644,0.2105,0.1634,0.1349,0.1478
detectree2,tcd_tile_1331,Northern Zanzibar-Inhambane coastal forest mosaic,African tropical forest,,61,0.4745,272,93,33,60,239,0.3548,0.1213,0.1808,0.1977,0.6164,0.2994
detectree2,tcd_tile_1332,Changjiang Plain evergreen forests,Other,,1601,0.4745,177,43,32,11,145,0.7442,0.1808,0.2909,0.242,0.2783,0.2589
detectree2,tcd_tile_1333,California coastal sage and chaparral,Other,,1370,0.4745,0,20,0,20,0,0.0,0.0,0.0,0.0,0.0,0.0
detectree2,tcd_tile_1334,Sulawesi lowland rain forests,SE Asian & Pacific rainforest,,4856,0.4745,129,72,31,41,98,0.4306,0.2403,0.3085,0.2134,0.4901,0.2973
detectree2,tcd_tile_1335,Willamette Valley forests,N. American forest,,2613,0.4745,17,23,7,16,10,0.3043,0.4118,0.35,0.6129,0.4399,0.5122
detectree2,tcd_tile_1336,Petén-Veracruz moist forests,Latin American forest,,2539,0.4745,123,77,27,50,96,0.3506,0.2195,0.27,0.232,0.3587,0.2818
detectree2,tcd_tile_1337,Petén-Veracruz moist forests,Latin American forest,,2353,0.4745,45,64,14,50,31,0.2188,0.3111,0.2569,0.6413,0.2865,0.396
detectree2,tcd_tile_1338,Serra do Mar coastal forests,Latin American forest,,4955,0.4745,0,61,0,61,0,0.0,0.0,0.0,0.0,0.0,0.0
detectree2,tcd_tile_1339,New England-Acadian forests,N. American forest,,3087,0.4745,7,61,4,57,3,0.0656,0.5714,0.1176,0.8203,0.38,0.5194
detectree2,tcd_tile_1340,Tasmanian temperate forests,Other,,1426,0.4745,24,116,11,105,13,0.0948,0.4583,0.1571,0.9265,0.3966,0.5554
detectree2,tcd_tile_1341,Willamette Valley forests,N. American forest,,4117,0.4745,377,18,1,17,376,0.0556,0.0027,0.0051,0.0323,0.3254,0.0587
detectree2,tcd_tile_1342,Irrawaddy moist deciduous forests,Other,,1187,0.4745,28,57,11,46,17,0.193,0.3929,0.2588,0.3814,0.5658,0.4556
detectree2,tcd_tile_1343,Luzon rain forests,SE Asian & Pacific rainforest,,4950,0.4745,97,65,29,36,68,0.4462,0.299,0.358,0.4024,0.5802,0.4752
detectree2,tcd_tile_1344,Southeastern mixed forests,N. American forest,,4441,0.4745,0,6,0,6,0,0.0,0.0,0.0,0.0,0.0,0.0
detectree2,tcd_tile_1345,Sulawesi lowland rain forests,SE Asian & Pacific rainforest,,1746,0.4745,49,48,7,41,42,0.1458,0.1429,0.1443,0.5003,0.1772,0.2617
detectree2,tcd_tile_1346,Hispaniolan moist forests,SE Asian & Pacific rainforest,,4614,0.4745,171,49,4,45,167,0.0816,0.0234,0.0364,0.0327,0.2384,0.0575
detectree2,tcd_tile_1347,Vanuatu rain forests,Other,,2462,0.4745,27,31,9,22,18,0.2903,0.3333,0.3103,0.4658,0.2287,0.3068
detectree2,tcd_tile_1348,New England-Acadian forests,N. American forest,,3132,0.4745,2,117,2,115,0,0.0171,1.0,0.0336,0.9965,0.5052,0.6705
detectree2,tcd_tile_1349,Mato Grosso seasonal forests,Latin American forest,,2099,0.4745,165,100,18,82,147,0.18,0.1091,0.1358,0.2217,0.437,0.2942
detectree2,tcd_tile_135,Northern Zanzibar-Inhambane coastal forest mosaic,African tropical forest,,1315,0.4745,58,103,42,61,16,0.4078,0.7241,0.5217,0.2307,0.8495,0.3628
detectree2,tcd_tile_1350,East European forest steppe,European forest,,860,0.4745,22,106,9,97,13,0.0849,0.4091,0.1406,0.716,0.392,0.5066
detectree2,tcd_tile_1351,Taiheiyo evergreen forests,Other,,4142,0.4745,9,212,4,208,5,0.0189,0.4444,0.0362,0.9017,0.4452,0.5961
detectree2,tcd_tile_1352,,Other,,970,0.4745,127,59,34,25,93,0.5763,0.2677,0.3656,0.7835,0.2906,0.424
detectree2,tcd_tile_1353,Willamette Valley forests,N. American forest,,3404,0.4745,15,16,2,14,13,0.125,0.1333,0.129,0.1556,0.4513,0.2314
detectree2,tcd_tile_1354,Peruvian Yungas,Latin American forest,,3379,0.4745,62,60,10,50,52,0.1667,0.1613,0.1639,0.3879,0.2445,0.3
detectree2,tcd_tile_1355,Changjiang Plain evergreen forests,Other,,4030,0.4745,120,39,13,26,107,0.3333,0.1083,0.1635,0.328,0.1223,0.1782
detectree2,tcd_tile_1356,Northern Zanzibar-Inhambane coastal forest mosaic,African tropical forest,,4135,0.4745,155,88,19,69,136,0.2159,0.1226,0.1564,0.119,0.5363,0.1948
detectree2,tcd_tile_1357,Southeast Australia temperate forests,Other,,516,0.4745,103,59,23,36,80,0.3898,0.2233,0.284,0.4923,0.6398,0.5564
detectree2,tcd_tile_1358,Central Andean puna,Other,,1243,0.4745,28,20,8,12,20,0.4,0.2857,0.3333,0.1106,0.5974,0.1866
detectree2,tcd_tile_1359,Luzon rain forests,SE Asian & Pacific rainforest,,441,0.4745,38,60,10,50,28,0.1667,0.2632,0.2041,0.5892,0.3949,0.4728
detectree2,tcd_tile_136,Central European mixed forests,European forest,,1131,0.4745,46,70,28,42,18,0.4,0.6087,0.4828,0.4914,0.5885,0.5356
detectree2,tcd_tile_1360,Eastern Guinean forests,African tropical forest,,2996,0.4745,0,16,0,16,0,0.0,0.0,0.0,0.0,0.0,0.0
detectree2,tcd_tile_1361,Northern Zanzibar-Inhambane coastal forest mosaic,African tropical forest,,341,0.4745,180,84,49,35,131,0.5833,0.2722,0.3712,0.6576,0.4092,0.5045
detectree2,tcd_tile_1362,East European forest steppe,European forest,,3526,0.4745,15,5,1,4,14,0.2,0.0667,0.1,0.038,0.0609,0.0468
detectree2,tcd_tile_1363,Cerrado,Latin American forest,,134,0.4745,0,7,0,7,0,0.0,0.0,0.0,0.0,0.0,0.0
detectree2,tcd_tile_1364,Greater Negros-Panay rain forests,SE Asian & Pacific rainforest,,791,0.4745,55,75,16,59,39,0.2133,0.2909,0.2462,0.1426,0.4078,0.2113
detectree2,tcd_tile_1365,East European forest steppe,European forest,,297,0.4745,99,108,35,73,64,0.3241,0.3535,0.3382,0.2987,0.5489,0.3869
detectree2,tcd_tile_1366,Iquitos varzeá,Other,,2936,0.4745,22,54,4,50,18,0.0741,0.1818,0.1053,0.3916,0.2418,0.2989
detectree2,tcd_tile_1367,Northern Zanzibar-Inhambane coastal forest mosaic,African tropical forest,,1219,0.4745,137,51,25,26,112,0.4902,0.1825,0.266,0.4107,0.2956,0.3438
detectree2,tcd_tile_1368,Central U.S. hardwood forests,N. American forest,,2897,0.4745,32,26,7,19,25,0.2692,0.2188,0.2414,0.1294,0.248,0.17
detectree2,tcd_tile_1369,Ucayali moist forests,Latin American forest,,3481,0.4745,2,63,2,61,0,0.0317,1.0,0.0615,0.777,0.2304,0.3554
detectree2,tcd_tile_137,Northern Zanzibar-Inhambane coastal forest mosaic,African tropical forest,,2487,0.4745,143,145,39,106,104,0.269,0.2727,0.2708,0.1264,0.5778,0.2074
detectree2,tcd_tile_1370,Pannonian mixed forests,European forest,,1914,0.4745,96,115,5,110,91,0.0435,0.0521,0.0474,0.4393,0.335,0.3801
detectree2,tcd_tile_1371,Chiquitano dry forests,Other,,1341,0.4745,21,8,6,2,15,0.75,0.2857,0.4138,0.5374,0.3375,0.4146
detectree2,tcd_tile_1372,Greater Negros-Panay rain forests,SE Asian & Pacific rainforest,,1258,0.4745,11,23,6,17,5,0.2609,0.5455,0.3529,0.0673,0.8493,0.1248
detectree2,tcd_tile_1373,Hokkaido deciduous forests,Other,,3257,0.4745,8,62,5,57,3,0.0806,0.625,0.1429,0.5639,0.3508,0.4325
detectree2,tcd_tile_1374,Balsas dry forests,Other,,3366,0.4745,363,51,15,36,348,0.2941,0.0413,0.0725,0.108,0.4003,0.1701
detectree2,tcd_tile_1375,Araucaria moist forests,Other,,1471,0.4745,46,46,10,36,36,0.2174,0.2174,0.2174,0.7513,0.3273,0.4559
detectree2,tcd_tile_1376,Taiwan subtropical evergreen forests,SE Asian & Pacific rainforest,,4119,0.4745,48,92,4,88,44,0.0435,0.0833,0.0571,0.8597,0.4251,0.5689
detectree2,tcd_tile_1377,Halmahera rain forests,Other,,658,0.4745,33,27,6,21,27,0.2222,0.1818,0.2,0.3624,0.2292,0.2808
detectree2,tcd_tile_1378,Petén-Veracruz moist forests,Latin American forest,,2497,0.4745,50,115,20,95,30,0.1739,0.4,0.2424,0.6705,0.3346,0.4464
detectree2,tcd_tile_1379,Mindanao-Eastern Visayas rain forests,SE Asian & Pacific rainforest,,4167,0.4745,5,97,2,95,3,0.0206,0.4,0.0392,0.9707,0.279,0.4334
detectree2,tcd_tile_1380,Northern Zanzibar-Inhambane coastal forest mosaic,African tropical forest,,1239,0.4745,154,75,19,56,135,0.2533,0.1234,0.1659,0.1553,0.6348,0.2496
detectree2,tcd_tile_1381,Southern Zanzibar-Inhambane coastal forest mosaic,African tropical forest,,1668,0.4745,67,79,29,50,38,0.3671,0.4328,0.3973,0.435,0.3821,0.4069
detectree2,tcd_tile_1382,,Other,,861,0.4745,51,39,8,31,43,0.2051,0.1569,0.1778,0.1761,0.2204,0.1957
detectree2,tcd_tile_1383,Veracruz moist forests,Other,,3360,0.4745,61,70,22,48,39,0.3143,0.3607,0.3359,0.5266,0.3968,0.4526
detectree2,tcd_tile_1384,Balkan mixed forests,European forest,,1718,0.4745,152,101,41,60,111,0.4059,0.2697,0.3241,0.2024,0.5849,0.3007
detectree2,tcd_tile_1385,Tongan tropical moist forests,SE Asian & Pacific rainforest,,103,0.4745,8,36,2,34,6,0.0556,0.25,0.0909,0.0101,0.1675,0.019
detectree2,tcd_tile_1386,Alps conifer and mixed forests,European forest,,4432,0.4745,0,4,0,4,0,0.0,0.0,0.0,0.0,0.0,0.0
detectree2,tcd_tile_1387,Himalayan subtropical broadleaf forests,Other,,3031,0.4745,73,132,22,110,51,0.1667,0.3014,0.2146,0.5749,0.3387,0.4262
detectree2,tcd_tile_1388,Luzon rain forests,SE Asian & Pacific rainforest,,105,0.4745,68,39,8,31,60,0.2051,0.1176,0.1495,0.1804,0.2834,0.2204
detectree2,tcd_tile_1389,Serra do Mar coastal forests,Latin American forest,,4909,0.4745,77,35,3,32,74,0.0857,0.039,0.0536,0.1506,0.2219,0.1794
detectree2,tcd_tile_1390,East European forest steppe,European forest,,3235,0.4745,12,36,7,29,5,0.1944,0.5833,0.2917,0.6722,0.2386,0.3522
detectree2,tcd_tile_1391,Central European mixed forests,European forest,,2411,0.4745,23,37,8,29,15,0.2162,0.3478,0.2667,0.4225,0.442,0.432
detectree2,tcd_tile_1392,Northern Zanzibar-Inhambane coastal forest mosaic,African tropical forest,,4688,0.4745,134,161,38,123,96,0.236,0.2836,0.2576,0.8179,0.3435,0.4838
detectree2,tcd_tile_1393,Northern Zanzibar-Inhambane coastal forest mosaic,African tropical forest,,3449,0.4745,112,89,33,56,79,0.3708,0.2946,0.3284,0.5058,0.6835,0.5814
detectree2,tcd_tile_1394,Sarmatic mixed forests,European forest,,1874,0.4745,14,19,8,11,6,0.4211,0.5714,0.4848,0.4219,0.3361,0.3742
detectree2,tcd_tile_1395,Northern Zanzibar-Inhambane coastal forest mosaic,African tropical forest,,3896,0.4745,85,52,11,41,74,0.2115,0.1294,0.1606,0.5226,0.4894,0.5054
detectree2,tcd_tile_1396,Southeastern mixed forests,N. American forest,,4854,0.4745,94,15,0,15,94,0.0,0.0,0.0,0.0982,0.1194,0.1077
detectree2,tcd_tile_1397,Taiwan subtropical evergreen forests,SE Asian & Pacific rainforest,,3655,0.4745,176,36,6,30,170,0.1667,0.0341,0.0566,0.1775,0.3892,0.2438
detectree2,tcd_tile_1398,Mindanao-Eastern Visayas rain forests,SE Asian & Pacific rainforest,,2450,0.4745,0,9,0,9,0,0.0,0.0,0.0,0.0,0.0,0.0
detectree2,tcd_tile_1399,Eastern Java-Bali rain forests,SE Asian & Pacific rainforest,,4587,0.4745,24,74,4,70,20,0.0541,0.1667,0.0816,0.3179,0.2427,0.2753
detectree2,tcd_tile_14,West Sudanian savanna,Arid / dryland,,116,0.4745,42,55,24,31,18,0.4364,0.5714,0.4948,0.4925,0.7684,0.6003
detectree2,tcd_tile_140,Central European mixed forests,European forest,,2561,0.4745,39,86,11,75,28,0.1279,0.2821,0.176,0.2299,0.4762,0.3101
detectree2,tcd_tile_1400,Northern Zanzibar-Inhambane coastal forest mosaic,African tropical forest,,4045,0.4745,65,126,14,112,51,0.1111,0.2154,0.1466,0.8734,0.3396,0.4891
detectree2,tcd_tile_1401,East European forest steppe,European forest,,2572,0.4745,139,66,45,21,94,0.6818,0.3237,0.439,0.6505,0.4903,0.5591
detectree2,tcd_tile_1402,Mindanao-Eastern Visayas rain forests,SE Asian & Pacific rainforest,,3529,0.4745,224,96,12,84,212,0.125,0.0536,0.075,0.2064,0.3228,0.2518
detectree2,tcd_tile_1403,Maputaland coastal forest mosaic,African tropical forest,,2063,0.4745,51,27,3,24,48,0.1111,0.0588,0.0769,0.021,0.1301,0.0362
detectree2,tcd_tile_1404,Himalayan subtropical broadleaf forests,Other,,3107,0.4745,13,77,3,74,10,0.039,0.2308,0.0667,0.8452,0.2732,0.4129
detectree2,tcd_tile_1405,Upper Midwest forest-savanna transition,N. American forest,,3256,0.4745,22,16,2,14,20,0.125,0.0909,0.1053,0.205,0.1305,0.1595
detectree2,tcd_tile_1406,Madeira-Tapajós moist forests,Latin American forest,,1273,0.4745,1,79,1,78,0,0.0127,1.0,0.025,1.0,0.3748,0.5453
detectree2,tcd_tile_1407,Po Basin mixed forests,Other,,2228,0.4745,36,77,13,64,23,0.1688,0.3611,0.2301,0.2369,0.44,0.308
detectree2,tcd_tile_1408,Sarmatic mixed forests,European forest,,2792,0.4745,18,50,5,45,13,0.1,0.2778,0.1471,0.757,0.3967,0.5206
detectree2,tcd_tile_1409,Taiwan subtropical evergreen forests,SE Asian & Pacific rainforest,,4156,0.4745,68,9,4,5,64,0.4444,0.0588,0.1039,0.0751,0.2036,0.1097
detectree2,tcd_tile_141,Southern Zanzibar-Inhambane coastal forest mosaic,African tropical forest,,4425,0.4745,315,97,32,65,283,0.3299,0.1016,0.1553,0.1583,0.3384,0.2157
detectree2,tcd_tile_1410,"Sao Tome, Principe and Annobon moist lowland forests",Other,,3446,0.4745,16,78,4,74,12,0.0513,0.25,0.0851,0.8077,0.4087,0.5428
detectree2,tcd_tile_1411,Petén-Veracruz moist forests,Latin American forest,,2237,0.4745,95,40,19,21,76,0.475,0.2,0.2815,0.3275,0.2311,0.271
detectree2,tcd_tile_1412,Pannonian mixed forests,European forest,,4577,0.4745,149,121,51,70,98,0.4215,0.3423,0.3778,0.311,0.5618,0.4004
detectree2,tcd_tile_1413,Pontic steppe,Other,,1356,0.4745,42,50,13,37,29,0.26,0.3095,0.2826,0.4104,0.3855,0.3976
detectree2,tcd_tile_1414,Nihonkai montane deciduous forests,Other,,4290,0.4745,1,15,1,14,0,0.0667,1.0,0.125,1.0,0.0727,0.1356
detectree2,tcd_tile_1415,Po Basin mixed forests,Other,,2567,0.4745,40,43,10,33,30,0.2326,0.25,0.241,0.2535,0.2377,0.2454
detectree2,tcd_tile_1416,Upper Gangetic Plains moist deciduous forests,Other,,1683,0.4745,58,102,21,81,37,0.2059,0.3621,0.2625,0.6219,0.6328,0.6273
detectree2,tcd_tile_1417,Cerrado,Latin American forest,,1287,0.4745,78,44,7,37,71,0.1591,0.0897,0.1148,0.0737,0.2843,0.1171
detectree2,tcd_tile_1418,Northern Zanzibar-Inhambane coastal forest mosaic,African tropical forest,,3904,0.4745,1,92,1,91,0,0.0109,1.0,0.0215,0.8568,0.283,0.4255
detectree2,tcd_tile_1419,,Other,,2880,0.4745,51,73,31,42,20,0.4247,0.6078,0.5,0.4186,0.5104,0.46
detectree2,tcd_tile_1420,Madeira-Tapajós moist forests,Latin American forest,,2255,0.4745,1,187,1,186,0,0.0053,1.0,0.0106,1.0,0.4015,0.5729
detectree2,tcd_tile_1421,Central European mixed forests,European forest,,2308,0.4745,53,28,9,19,44,0.3214,0.1698,0.2222,0.1775,0.2509,0.2079
detectree2,tcd_tile_1422,"Sao Tome, Principe and Annobon moist lowland forests",Other,,1670,0.4745,59,70,32,38,27,0.4571,0.5424,0.4961,0.4568,0.5806,0.5113
detectree2,tcd_tile_1423,North Central Rockies forests,N. American forest,,4089,0.4745,45,36,5,31,40,0.1389,0.1111,0.1235,0.4646,0.1518,0.2289
detectree2,tcd_tile_1424,Sarmatic mixed forests,European forest,,2523,0.4745,7,8,1,7,6,0.125,0.1429,0.1333,0.0477,0.2395,0.0795
detectree2,tcd_tile_1425,East European forest steppe,European forest,,3378,0.4745,23,63,12,51,11,0.1905,0.5217,0.2791,0.2828,0.4839,0.357
detectree2,tcd_tile_1426,Alps conifer and mixed forests,European forest,,4704,0.4745,3,6,0,6,3,0.0,0.0,0.0,0.0105,0.0317,0.0157
detectree2,tcd_tile_1427,Atlantic mixed forests,European forest,,3811,0.4745,2,29,1,28,1,0.0345,0.5,0.0645,0.0358,0.0942,0.0519
detectree2,tcd_tile_1428,Sulawesi lowland rain forests,SE Asian & Pacific rainforest,,2928,0.4745,70,33,7,26,63,0.2121,0.1,0.1359,0.8564,0.1843,0.3033
detectree2,tcd_tile_1429,Luzon rain forests,SE Asian & Pacific rainforest,,2102,0.4745,47,107,4,103,43,0.0374,0.0851,0.0519,0.9652,0.3138,0.4736
detectree2,tcd_tile_143,Northeastern coastal forests,N. American forest,,2507,0.4745,75,70,19,51,56,0.2714,0.2533,0.2621,0.313,0.7368,0.4394
detectree2,tcd_tile_1430,Celtic broadleaf forests,European forest,,2685,0.4745,74,85,10,75,64,0.1176,0.1351,0.1258,0.3652,0.5296,0.4323
detectree2,tcd_tile_1431,Sarmatic mixed forests,European forest,,2871,0.4745,21,187,9,178,12,0.0481,0.4286,0.0865,0.9016,0.5519,0.6847
detectree2,tcd_tile_1432,Sarmatic mixed forests,European forest,,2603,0.4745,0,25,0,25,0,0.0,0.0,0.0,0.0,0.0,0.0
detectree2,tcd_tile_1433,Southern Korea evergreen forests,Other,,3236,0.4745,117,39,21,18,96,0.5385,0.1795,0.2692,0.7175,0.3094,0.4323
detectree2,tcd_tile_1434,Uatuma-Trombetas moist forests,Latin American forest,,2160,0.4745,82,42,17,25,65,0.4048,0.2073,0.2742,0.3897,0.5615,0.4601
detectree2,tcd_tile_1435,Southeastern mixed forests,N. American forest,,3255,0.4745,3,7,1,6,2,0.1429,0.3333,0.2,0.7167,0.0235,0.0454
detectree2,tcd_tile_1436,Madeira-Tapajós moist forests,Latin American forest,,4860,0.4745,1,130,1,129,0,0.0077,1.0,0.0153,1.0,0.3545,0.5234
detectree2,tcd_tile_1437,,Other,,3076,0.4745,0,27,0,27,0,0.0,0.0,0.0,0.0,0.0,0.0
detectree2,tcd_tile_1438,Scandinavian and Russian taiga,Other,,199,0.4745,3,30,2,28,1,0.0667,0.6667,0.1212,0.1072,0.8275,0.1899
detectree2,tcd_tile_1439,Himalayan subtropical broadleaf forests,Other,,3900,0.4745,141,85,23,62,118,0.2706,0.1631,0.2035,0.2149,0.4116,0.2823
detectree2,tcd_tile_144,Greater Negros-Panay rain forests,SE Asian & Pacific rainforest,,3015,0.4745,43,92,6,86,37,0.0652,0.1395,0.0889,0.4716,0.3326,0.3901
detectree2,tcd_tile_1440,Sumatran lowland rain forests,SE Asian & Pacific rainforest,,3498,0.4745,199,172,63,109,136,0.3663,0.3166,0.3396,0.2164,0.4699,0.2963
detectree2,tcd_tile_1441,Changjiang Plain evergreen forests,Other,,2076,0.4745,16,28,4,24,12,0.1429,0.25,0.1818,0.1327,0.2907,0.1822
detectree2,tcd_tile_1442,Magdalena Valley montane forests,Other,,3483,0.4745,100,89,37,52,63,0.4157,0.37,0.3915,0.4496,0.6378,0.5274
detectree2,tcd_tile_1443,Northwestern Andean montane forests,Latin American forest,,3461,0.4745,98,40,11,29,87,0.275,0.1122,0.1594,0.1731,0.3299,0.2271
detectree2,tcd_tile_1444,Mizoram-Manipur-Kachin rain forests,SE Asian & Pacific rainforest,,3799,0.4745,32,21,3,18,29,0.1429,0.0938,0.1132,0.5111,0.3116,0.3872
detectree2,tcd_tile_1445,Palawan rain forests,SE Asian & Pacific rainforest,,3552,0.4745,117,126,28,98,89,0.2222,0.2393,0.2305,0.6768,0.5086,0.5808
detectree2,tcd_tile_1446,Changjiang Plain evergreen forests,Other,,3467,0.4745,69,34,7,27,62,0.2059,0.1014,0.1359,0.0722,0.2483,0.1119
detectree2,tcd_tile_1447,Upper Midwest forest-savanna transition,N. American forest,,3582,0.4745,50,92,27,65,23,0.2935,0.54,0.3803,0.5477,0.6482,0.5937
detectree2,tcd_tile_1448,Baltic mixed forests,European forest,,2932,0.4745,45,37,7,30,38,0.1892,0.1556,0.1707,0.1446,0.2972,0.1945
detectree2,tcd_tile_1449,Northern Zanzibar-Inhambane coastal forest mosaic,African tropical forest,,4816,0.4745,24,72,4,68,20,0.0556,0.1667,0.0833,0.0137,0.4402,0.0266
detectree2,tcd_tile_145,Luzon rain forests,SE Asian & Pacific rainforest,,3862,0.4745,5,42,1,41,4,0.0238,0.2,0.0426,0.9635,0.2944,0.451
detectree2,tcd_tile_1450,Veracruz moist forests,Other,,488,0.4745,403,180,170,10,233,0.9444,0.4218,0.5832,0.8896,0.5447,0.6757
detectree2,tcd_tile_1451,Eastern Java-Bali rain forests,SE Asian & Pacific rainforest,,4877,0.4745,54,32,3,29,51,0.0938,0.0556,0.0698,0.1694,0.2367,0.1975
detectree2,tcd_tile_1452,Central European mixed forests,European forest,,4238,0.4745,0,40,0,40,0,0.0,0.0,0.0,0.0,0.0,0.0
detectree2,tcd_tile_1453,Hispaniolan moist forests,SE Asian & Pacific rainforest,,1784,0.4745,118,59,3,56,115,0.0508,0.0254,0.0339,0.037,0.2176,0.0632
detectree2,tcd_tile_1454,Sarmatic mixed forests,European forest,,1642,0.4745,2,9,1,8,1,0.1111,0.5,0.1818,0.0485,0.1091,0.0671
detectree2,tcd_tile_1455,Southern Zanzibar-Inhambane coastal forest mosaic,African tropical forest,,2976,0.4745,5,29,0,29,5,0.0,0.0,0.0,0.0005,0.0655,0.0009
detectree2,tcd_tile_1456,Timor and Wetar deciduous forests,SE Asian & Pacific rainforest,,646,0.4745,174,89,30,59,144,0.3371,0.1724,0.2281,0.2249,0.4412,0.2979
detectree2,tcd_tile_1457,Northern Zanzibar-Inhambane coastal forest mosaic,African tropical forest,,4823,0.4745,328,94,22,72,306,0.234,0.0671,0.1043,0.2774,0.2135,0.2413
detectree2,tcd_tile_1458,Middle Atlantic coastal forests,Other,,2727,0.4745,10,59,5,54,5,0.0847,0.5,0.1449,0.6729,0.2502,0.3647
detectree2,tcd_tile_1459,Sierra Nevada forests,N. American forest,,1572,0.4745,3,15,2,13,1,0.1333,0.6667,0.2222,0.144,0.2959,0.1937
detectree2,tcd_tile_146,Madeira-Tapajós moist forests,Latin American forest,,4691,0.4745,1,88,1,87,0,0.0114,1.0,0.0225,1.0,0.2209,0.3618
detectree2,tcd_tile_1460,East European forest steppe,European forest,,2948,0.4745,36,114,24,90,12,0.2105,0.6667,0.32,0.6193,0.409,0.4926
detectree2,tcd_tile_1461,Mindanao-Eastern Visayas rain forests,SE Asian & Pacific rainforest,,3242,0.4745,212,70,16,54,196,0.2286,0.0755,0.1135,0.3929,0.2649,0.3164
detectree2,tcd_tile_1462,Appalachian-Blue Ridge forests,N. American forest,,1479,0.4745,11,34,6,28,5,0.1765,0.5455,0.2667,0.1259,0.2899,0.1756
detectree2,tcd_tile_1463,Cerrado,Latin American forest,,684,0.4745,0,5,0,5,0,0.0,0.0,0.0,0.0,0.0,0.0
detectree2,tcd_tile_1464,Granitic Seychelles forests,Other,,2655,0.4745,197,167,42,125,155,0.2515,0.2132,0.2308,0.5167,0.443,0.477
detectree2,tcd_tile_1465,North Central Rockies forests,N. American forest,,1496,0.4745,10,58,5,53,5,0.0862,0.5,0.1471,0.5128,0.2557,0.3412
detectree2,tcd_tile_1466,Pontic steppe,Other,,550,0.4745,46,56,20,36,26,0.3571,0.4348,0.3922,0.274,0.4101,0.3285
detectree2,tcd_tile_1467,Northern Zanzibar-Inhambane coastal forest mosaic,African tropical forest,,1022,0.4745,179,140,46,94,133,0.3286,0.257,0.2884,0.3063,0.3872,0.342
detectree2,tcd_tile_1468,Central European mixed forests,European forest,,2402,0.4745,98,122,38,84,60,0.3115,0.3878,0.3455,0.4662,0.6451,0.5413
detectree2,tcd_tile_1469,Mindanao-Eastern Visayas rain forests,SE Asian & Pacific rainforest,,3269,0.4745,69,88,5,83,64,0.0568,0.0725,0.0637,0.124,0.4505,0.1945
detectree2,tcd_tile_147,Southern Great Lakes forests,N. American forest,,413,0.4745,47,62,18,44,29,0.2903,0.383,0.3303,0.447,0.7492,0.5599
detectree2,tcd_tile_1470,Mindanao-Eastern Visayas rain forests,SE Asian & Pacific rainforest,,683,0.4745,67,80,12,68,55,0.15,0.1791,0.1633,0.4032,0.4935,0.4438
detectree2,tcd_tile_1471,Mato Grosso seasonal forests,Latin American forest,,2785,0.4745,24,37,9,28,15,0.2432,0.375,0.2951,0.0989,0.4976,0.165
detectree2,tcd_tile_1472,Himalayan subtropical broadleaf forests,Other,,4762,0.4745,34,36,10,26,24,0.2778,0.2941,0.2857,0.0875,0.5487,0.1509
detectree2,tcd_tile_1473,Baltic mixed forests,European forest,,4725,0.4745,25,161,8,153,17,0.0497,0.32,0.086,0.9527,0.5835,0.7238
detectree2,tcd_tile_1474,Northern Zanzibar-Inhambane coastal forest mosaic,African tropical forest,,3423,0.4745,7,45,5,40,2,0.1111,0.7143,0.1923,0.017,0.9396,0.0333
detectree2,tcd_tile_1475,Changjiang Plain evergreen forests,Other,,1858,0.4745,68,22,10,12,58,0.4545,0.1471,0.2222,0.1554,0.2087,0.1781
detectree2,tcd_tile_1476,Western European broadleaf forests,European forest,,4980,0.4745,40,75,21,54,19,0.28,0.525,0.3652,0.916,0.5055,0.6514
detectree2,tcd_tile_1477,Mindanao-Eastern Visayas rain forests,SE Asian & Pacific rainforest,,5009,0.4745,57,28,2,26,55,0.0714,0.0351,0.0471,0.1119,0.462,0.1801
detectree2,tcd_tile_1478,Celtic broadleaf forests,European forest,,3373,0.4745,40,62,14,48,26,0.2258,0.35,0.2745,0.1452,0.6569,0.2378
detectree2,tcd_tile_1479,Central European mixed forests,European forest,,1064,0.4745,94,103,36,67,58,0.3495,0.383,0.3655,0.6693,0.5711,0.6163
detectree2,tcd_tile_148,Timor and Wetar deciduous forests,SE Asian & Pacific rainforest,,837,0.4745,183,68,39,29,144,0.5735,0.2131,0.3108,0.4622,0.4361,0.4488
detectree2,tcd_tile_1480,Central European mixed forests,European forest,,3921,0.4745,26,11,4,7,22,0.3636,0.1538,0.2162,0.8793,0.2279,0.362
detectree2,tcd_tile_1481,Tongan tropical moist forests,SE Asian & Pacific rainforest,,4199,0.4745,85,57,5,52,80,0.0877,0.0588,0.0704,0.3742,0.2336,0.2876
detectree2,tcd_tile_1482,Central U.S. hardwood forests,N. American forest,,919,0.4745,74,28,11,17,63,0.3929,0.1486,0.2157,0.4142,0.2917,0.3423
detectree2,tcd_tile_1483,Southeastern mixed forests,N. American forest,,4390,0.4745,51,50,4,46,47,0.08,0.0784,0.0792,0.5952,0.3188,0.4152
detectree2,tcd_tile_1484,Northern Zanzibar-Inhambane coastal forest mosaic,African tropical forest,,2451,0.4745,169,84,20,64,149,0.2381,0.1183,0.1581,0.3923,0.5538,0.4592
detectree2,tcd_tile_1485,Bolivian montane dry forests,Latin American forest,,3478,0.4745,14,72,7,65,7,0.0972,0.5,0.1628,0.2115,0.2518,0.2299
detectree2,tcd_tile_1486,Hispaniolan moist forests,SE Asian & Pacific rainforest,,2596,0.4745,52,47,4,43,48,0.0851,0.0769,0.0808,0.0177,0.1248,0.031
detectree2,tcd_tile_1487,Alps conifer and mixed forests,European forest,,4868,0.4745,5,14,3,11,2,0.2143,0.6,0.3158,0.1912,0.2309,0.2092
detectree2,tcd_tile_1488,Himalayan subtropical broadleaf forests,Other,,4190,0.4745,138,107,38,69,100,0.3551,0.2754,0.3102,0.5478,0.2154,0.3093
detectree2,tcd_tile_1489,Northern Congolian forest-savanna mosaic,African tropical forest,,1373,0.4745,98,161,53,108,45,0.3292,0.5408,0.4093,0.2594,0.7251,0.3821
detectree2,tcd_tile_149,East European forest steppe,European forest,,1822,0.4745,37,77,25,52,12,0.3247,0.6757,0.4386,0.4529,0.4721,0.4623
detectree2,tcd_tile_1490,Western European broadleaf forests,European forest,,1755,0.4745,9,26,2,24,7,0.0769,0.2222,0.1143,0.0664,0.2567,0.1055
detectree2,tcd_tile_1491,Western European broadleaf forests,European forest,,4849,0.4745,1,41,1,40,0,0.0244,1.0,0.0476,0.9416,0.2111,0.3449
detectree2,tcd_tile_1492,Pannonian mixed forests,European forest,,3162,0.4745,7,41,2,39,5,0.0488,0.2857,0.0833,0.7288,0.3054,0.4304
detectree2,tcd_tile_1493,Central European mixed forests,European forest,,3667,0.4745,1,7,0,7,1,0.0,0.0,0.0,0.0002,0.0933,0.0005
detectree2,tcd_tile_1494,Taiheiyo evergreen forests,Other,,1459,0.4745,38,58,10,48,28,0.1724,0.2632,0.2083,0.5008,0.2851,0.3633
detectree2,tcd_tile_1495,Trans-Mexican Volcanic Belt pine-oak forests,Other,,2345,0.4745,136,60,18,42,118,0.3,0.1324,0.1837,0.4727,0.3226,0.3835
detectree2,tcd_tile_1496,Eastern Java-Bali rain forests,SE Asian & Pacific rainforest,,5021,0.4745,0,32,0,32,0,0.0,0.0,0.0,0.0,0.0,0.0
detectree2,tcd_tile_1497,,Other,,42,0.4745,214,45,13,32,201,0.2889,0.0607,0.1004,0.4251,0.1798,0.2527
detectree2,tcd_tile_1498,,Other,,4057,0.4745,65,33,2,31,63,0.0606,0.0308,0.0408,0.7506,0.4377,0.553
detectree2,tcd_tile_1499,Middle Atlantic coastal forests,Other,,3126,0.4745,52,52,13,39,39,0.25,0.25,0.25,0.547,0.3423,0.4211
detectree2,tcd_tile_15,West Sudanian savanna,Arid / dryland,,287,0.4745,7,2,1,1,6,0.5,0.1429,0.2222,0.8157,0.3988,0.5357
detectree2,tcd_tile_150,Atlantic mixed forests,European forest,,4723,0.4745,22,72,8,64,14,0.1111,0.3636,0.1702,0.6759,0.293,0.4087
detectree2,tcd_tile_1500,English Lowlands beech forests,European forest,,1511,0.4745,12,20,4,16,8,0.2,0.3333,0.25,0.1921,0.6889,0.3004
detectree2,tcd_tile_1501,Ucayali moist forests,Latin American forest,,3883,0.4745,111,131,11,120,100,0.084,0.0991,0.0909,0.7161,0.4067,0.5187
detectree2,tcd_tile_1502,Granitic Seychelles forests,Other,,2793,0.4745,0,10,0,10,0,0.0,0.0,0.0,0.0,0.0,0.0
detectree2,tcd_tile_1503,Caucasus mixed forests,European forest,,3173,0.4745,72,122,34,88,38,0.2787,0.4722,0.3505,0.7231,0.413,0.5257
detectree2,tcd_tile_1504,Iberian sclerophyllous and semi-deciduous forests,Other,,824,0.4745,876,104,72,32,804,0.6923,0.0822,0.1469,0.2615,0.1513,0.1917
detectree2,tcd_tile_1505,Cardamom Mountains rain forests,Other,,3551,0.4745,121,88,13,75,108,0.1477,0.1074,0.1244,0.691,0.3375,0.4535
detectree2,tcd_tile_1506,Crimean Submediterranean forest complex,Other,,3979,0.4745,106,112,49,63,57,0.4375,0.4623,0.4495,0.8284,0.3118,0.4531
detectree2,tcd_tile_1507,Cerrado,Latin American forest,,132,0.4745,0,7,0,7,0,0.0,0.0,0.0,0.0,0.0,0.0
detectree2,tcd_tile_1508,Northern Zanzibar-Inhambane coastal forest mosaic,African tropical forest,,4596,0.4745,196,160,73,87,123,0.4562,0.3724,0.4101,0.21,0.5396,0.3023
detectree2,tcd_tile_1509,Northeastern Spain and Southern France Mediterranean forests,Other,,1283,0.4745,79,76,35,41,44,0.4605,0.443,0.4516,0.341,0.5416,0.4185
detectree2,tcd_tile_1510,Celtic broadleaf forests,European forest,,4274,0.4745,20,21,1,20,19,0.0476,0.05,0.0488,0.0534,0.6499,0.0988
detectree2,tcd_tile_1511,Atlantic mixed forests,European forest,,4545,0.4745,13,66,5,61,8,0.0758,0.3846,0.1266,0.1902,0.4769,0.2719
detectree2,tcd_tile_1512,Sumatran lowland rain forests,SE Asian & Pacific rainforest,,419,0.4745,246,36,12,24,234,0.3333,0.0488,0.0851,0.1857,0.127,0.1508
detectree2,tcd_tile_1513,Upper Midwest forest-savanna transition,N. American forest,,4478,0.4745,68,51,19,32,49,0.3725,0.2794,0.3193,0.4535,0.3556,0.3986
detectree2,tcd_tile_1514,Atlantic mixed forests,European forest,,418,0.4745,47,66,28,38,19,0.4242,0.5957,0.4956,0.5027,0.6664,0.5731
detectree2,tcd_tile_1515,Timor and Wetar deciduous forests,SE Asian & Pacific rainforest,,667,0.4745,11,34,2,32,9,0.0588,0.1818,0.0889,0.1044,0.2837,0.1526
detectree2,tcd_tile_1516,Timor and Wetar deciduous forests,SE Asian & Pacific rainforest,,4460,0.4745,174,96,58,38,116,0.6042,0.3333,0.4296,0.5007,0.4494,0.4737
detectree2,tcd_tile_1517,Bolivian montane dry forests,Latin American forest,,3794,0.4745,17,36,6,30,11,0.1667,0.3529,0.2264,0.8093,0.3368,0.4756
detectree2,tcd_tile_1518,Palawan rain forests,SE Asian & Pacific rainforest,,1433,0.4745,5,23,2,21,3,0.087,0.4,0.1429,0.0813,0.6594,0.1447
detectree2,tcd_tile_1519,Jalisco dry forests,Other,,3382,0.4745,29,28,9,19,20,0.3214,0.3103,0.3158,0.1034,0.4017,0.1644
detectree2,tcd_tile_152,Northern Zanzibar-Inhambane coastal forest mosaic,African tropical forest,,1947,0.4745,217,88,30,58,187,0.3409,0.1382,0.1967,0.2247,0.3653,0.2782
detectree2,tcd_tile_1520,East European forest steppe,European forest,,4905,0.4745,39,29,7,22,32,0.2414,0.1795,0.2059,0.0616,0.2972,0.1021
detectree2,tcd_tile_1521,Sarmatic mixed forests,European forest,,2380,0.4745,49,84,22,62,27,0.2619,0.449,0.3308,0.6288,0.5558,0.59
detectree2,tcd_tile_1522,Sri Lanka dry-zone dry evergreen forests,Other,,2040,0.4745,159,64,20,44,139,0.3125,0.1258,0.1794,0.3194,0.2371,0.2722
detectree2,tcd_tile_1523,Northern Zanzibar-Inhambane coastal forest mosaic,African tropical forest,,1663,0.4745,176,106,36,70,140,0.3396,0.2045,0.2553,0.5155,0.5184,0.5169
detectree2,tcd_tile_1524,Northern California coastal forests,N. American forest,,3893,0.4745,7,7,2,5,5,0.2857,0.2857,0.2857,0.2846,0.327,0.3044
detectree2,tcd_tile_1525,Mindanao-Eastern Visayas rain forests,SE Asian & Pacific rainforest,,3342,0.4745,20,105,6,99,14,0.0571,0.3,0.096,0.522,0.2763,0.3613
detectree2,tcd_tile_1526,Madeira-Tapajós moist forests,Latin American forest,,2798,0.4745,11,92,3,89,8,0.0326,0.2727,0.0583,0.6622,0.2862,0.3997
detectree2,tcd_tile_1527,Ucayali moist forests,Latin American forest,,3085,0.4745,2,72,2,70,0,0.0278,1.0,0.0541,0.8014,0.2978,0.4343
detectree2,tcd_tile_1528,Luzon rain forests,SE Asian & Pacific rainforest,,3157,0.4745,104,123,28,95,76,0.2276,0.2692,0.2467,0.2056,0.6227,0.3091
detectree2,tcd_tile_1529,Sulawesi lowland rain forests,SE Asian & Pacific rainforest,,2318,0.4745,26,28,3,25,23,0.1071,0.1154,0.1111,0.4948,0.3045,0.377
detectree2,tcd_tile_153,Northern Zanzibar-Inhambane coastal forest mosaic,African tropical forest,,3099,0.4745,342,148,96,52,246,0.6486,0.2807,0.3918,0.5502,0.4603,0.5013
detectree2,tcd_tile_1530,East European forest steppe,European forest,,167,0.4745,16,136,1,135,15,0.0074,0.0625,0.0132,0.9046,0.3183,0.471
detectree2,tcd_tile_1531,Sulawesi lowland rain forests,SE Asian & Pacific rainforest,,4309,0.4745,336,86,40,46,296,0.4651,0.119,0.1896,0.3765,0.5771,0.4557
detectree2,tcd_tile_1532,Balkan mixed forests,European forest,,3891,0.4745,1,26,1,25,0,0.0385,1.0,0.0741,0.8714,0.1475,0.2523
detectree2,tcd_tile_1533,Western Java rain forests,Other,,389,0.4745,64,137,16,121,48,0.1168,0.25,0.1592,0.1976,0.8821,0.3229
detectree2,tcd_tile_1534,Northern Zanzibar-Inhambane coastal forest mosaic,African tropical forest,,112,0.4745,112,152,60,92,52,0.3947,0.5357,0.4545,0.7344,0.7476,0.7409
detectree2,tcd_tile_1535,Central European mixed forests,European forest,,1178,0.4745,70,68,17,51,53,0.25,0.2429,0.2464,0.4754,0.5434,0.5071
detectree2,tcd_tile_1536,East European forest steppe,European forest,,2535,0.4745,30,36,14,22,16,0.3889,0.4667,0.4242,0.3942,0.4036,0.3989
detectree2,tcd_tile_1537,Sierra Nevada forests,N. American forest,,133,0.4745,102,55,40,15,62,0.7273,0.3922,0.5096,0.5694,0.5046,0.5351
detectree2,tcd_tile_1538,,Other,,2069,0.4745,0,3,0,3,0,0.0,0.0,0.0,0.0,0.0,0.0
detectree2,tcd_tile_1539,Southeastern mixed forests,N. American forest,,2226,0.4745,6,22,1,21,5,0.0455,0.1667,0.0714,0.3812,0.2069,0.2682
detectree2,tcd_tile_1540,Sarmatic mixed forests,European forest,,831,0.4745,212,91,29,62,183,0.3187,0.1368,0.1914,0.1781,0.4325,0.2523
detectree2,tcd_tile_1541,Balkan mixed forests,European forest,,1614,0.4745,64,97,25,72,39,0.2577,0.3906,0.3106,0.3069,0.5223,0.3866
detectree2,tcd_tile_1542,Fiji tropical dry forests,Other,,2043,0.4745,61,65,10,55,51,0.1538,0.1639,0.1587,0.3581,0.2462,0.2918
detectree2,tcd_tile_1543,Vanuatu rain forests,Other,,3184,0.4745,10,51,5,46,5,0.098,0.5,0.1639,0.4856,0.2582,0.3371
detectree2,tcd_tile_1544,Sierra Nevada forests,N. American forest,,2211,0.4745,243,102,35,67,208,0.3431,0.144,0.2029,0.4145,0.2494,0.3114
detectree2,tcd_tile_1545,Madeira-Tapajós moist forests,Latin American forest,,3999,0.4745,2,95,1,94,1,0.0105,0.5,0.0206,0.8316,0.2818,0.4209
detectree2,tcd_tile_1546,Northern Zanzibar-Inhambane coastal forest mosaic,African tropical forest,,1123,0.4745,140,124,43,81,97,0.3468,0.3071,0.3258,0.3552,0.5029,0.4163
detectree2,tcd_tile_1547,Trans-Mexican Volcanic Belt pine-oak forests,Other,,3156,0.4745,160,75,27,48,133,0.36,0.1688,0.2298,0.2095,0.318,0.2526
detectree2,tcd_tile_1548,Appalachian mixed mesophytic forests,Other,,2367,0.4745,8,51,2,49,6,0.0392,0.25,0.0678,0.5197,0.5611,0.5396
detectree2,tcd_tile_1549,Northern Zanzibar-Inhambane coastal forest mosaic,African tropical forest,,3887,0.4745,145,142,62,80,83,0.4366,0.4276,0.4321,0.5142,0.5794,0.5449
detectree2,tcd_tile_155,Western European broadleaf forests,European forest,,0,0.4745,48,12,8,4,40,0.6667,0.1667,0.2667,0.5619,0.5629,0.5624
detectree2,tcd_tile_1550,Nigerian lowland forests,African tropical forest,,4586,0.4745,0,182,0,182,0,0.0,0.0,0.0,0.0,0.0,0.0
detectree2,tcd_tile_1551,Mindanao-Eastern Visayas rain forests,SE Asian & Pacific rainforest,,3530,0.4745,101,71,14,57,87,0.1972,0.1386,0.1628,0.783,0.315,0.4492
detectree2,tcd_tile_1552,Northern Zanzibar-Inhambane coastal forest mosaic,African tropical forest,,4093,0.4745,94,98,33,65,61,0.3367,0.3511,0.3438,0.2494,0.6536,0.361
detectree2,tcd_tile_1553,Balsas dry forests,Other,,3490,0.4745,527,68,19,49,508,0.2794,0.0361,0.0639,0.2616,0.4229,0.3232
detectree2,tcd_tile_1554,Southern Great Lakes forests,N. American forest,,2176,0.4745,4,70,4,66,0,0.0571,1.0,0.1081,0.1531,0.7392,0.2536
detectree2,tcd_tile_1555,Southern Zanzibar-Inhambane coastal forest mosaic,African tropical forest,,1673,0.4745,83,36,17,19,66,0.4722,0.2048,0.2857,0.5725,0.4256,0.4882
detectree2,tcd_tile_1556,East European forest steppe,European forest,,879,0.4745,8,19,3,16,5,0.1579,0.375,0.2222,0.2063,0.2705,0.234
detectree2,tcd_tile_1557,Central European mixed forests,European forest,,4693,0.4745,77,12,3,9,74,0.25,0.039,0.0674,0.2765,0.0814,0.1258
detectree2,tcd_tile_1558,Southeastern mixed forests,N. American forest,,4521,0.4745,2,57,1,56,1,0.0175,0.5,0.0339,0.5227,0.4227,0.4674
detectree2,tcd_tile_1559,,Other,,1744,0.4745,2,56,2,54,0,0.0357,1.0,0.069,0.3322,0.2377,0.2771
detectree2,tcd_tile_156,Mindanao-Eastern Visayas rain forests,SE Asian & Pacific rainforest,,1505,0.4745,56,86,14,72,42,0.1628,0.25,0.1972,0.2283,0.432,0.2988
detectree2,tcd_tile_1560,Bolivian montane dry forests,Latin American forest,,4676,0.4745,0,1,0,1,0,0.0,0.0,0.0,0.0,0.0,0.0
detectree2,tcd_tile_1561,Pannonian mixed forests,European forest,,3918,0.4745,2,136,2,134,0,0.0147,1.0,0.029,0.9995,0.5159,0.6805
detectree2,tcd_tile_1562,Tongan tropical moist forests,SE Asian & Pacific rainforest,,4206,0.4745,114,59,8,51,106,0.1356,0.0702,0.0925,0.3129,0.2588,0.2833
detectree2,tcd_tile_1563,Eastern forest-boreal transition,Other,,1635,0.4745,2,151,2,149,0,0.0132,1.0,0.0261,0.9607,0.3418,0.5042
detectree2,tcd_tile_1564,Eastern Java-Bali rain forests,SE Asian & Pacific rainforest,,5027,0.4745,73,67,7,60,66,0.1045,0.0959,0.1,0.0609,0.1913,0.0924
detectree2,tcd_tile_1565,Mindanao-Eastern Visayas rain forests,SE Asian & Pacific rainforest,,1524,0.4745,92,75,7,68,85,0.0933,0.0761,0.0838,0.0606,0.2967,0.1007
detectree2,tcd_tile_1566,Hispaniolan moist forests,SE Asian & Pacific rainforest,,4495,0.4745,8,28,4,24,4,0.1429,0.5,0.2222,0.0365,0.6362,0.069
detectree2,tcd_tile_1567,Central Andean dry puna,Other,,363,0.4745,0,14,0,14,0,0.0,0.0,0.0,0.0,0.0,0.0
detectree2,tcd_tile_1568,Northern Zanzibar-Inhambane coastal forest mosaic,African tropical forest,,2259,0.4745,169,126,57,69,112,0.4524,0.3373,0.3864,0.4178,0.543,0.4723
detectree2,tcd_tile_1569,English Lowlands beech forests,European forest,,2708,0.4745,3,68,2,66,1,0.0294,0.6667,0.0563,0.3577,0.3771,0.3671
detectree2,tcd_tile_157,Northern Zanzibar-Inhambane coastal forest mosaic,African tropical forest,,1645,0.4745,111,133,23,110,88,0.1729,0.2072,0.1885,0.5055,0.4503,0.4763
detectree2,tcd_tile_1570,Southeastern mixed forests,N. American forest,,4365,0.4745,46,13,2,11,44,0.1538,0.0435,0.0678,0.2558,0.2946,0.2738
detectree2,tcd_tile_1571,North Island temperate forests,Other,,1134,0.4745,7,30,4,26,3,0.1333,0.5714,0.2162,0.4162,0.1727,0.2441
detectree2,tcd_tile_1572,Western European broadleaf forests,European forest,,138,0.4745,4,0,0,0,4,0.0,0.0,0.0,0.0,0.0,0.0
detectree2,tcd_tile_1573,Central Indochina dry forests,Other,,4775,0.4745,139,154,61,93,78,0.3961,0.4388,0.4164,0.6891,0.4185,0.5208
detectree2,tcd_tile_1574,Changjiang Plain evergreen forests,Other,,3117,0.4745,14,19,2,17,12,0.1053,0.1429,0.1212,0.0131,0.2175,0.0247
detectree2,tcd_tile_1575,New England-Acadian forests,N. American forest,,3024,0.4745,9,13,2,11,7,0.1538,0.2222,0.1818,0.9862,0.2966,0.4561
detectree2,tcd_tile_1576,Taiheiyo evergreen forests,Other,,72,0.4745,18,41,9,32,9,0.2195,0.5,0.3051,0.2594,0.2507,0.255
detectree2,tcd_tile_1577,Central Indochina dry forests,Other,,4732,0.4745,83,59,20,39,63,0.339,0.241,0.2817,0.2306,0.2825,0.254
detectree2,tcd_tile_1578,Hispaniolan dry forests,Other,,4767,0.4745,85,66,28,38,57,0.4242,0.3294,0.3709,0.2422,0.6539,0.3534
detectree2,tcd_tile_1579,Madeira-Tapajós moist forests,Latin American forest,,4170,0.4745,15,164,3,161,12,0.0183,0.2,0.0335,0.971,0.4353,0.6011
detectree2,tcd_tile_158,Sierra Nevada forests,N. American forest,,1484,0.4745,96,86,24,62,72,0.2791,0.25,0.2637,0.2379,0.2877,0.2604
detectree2,tcd_tile_1580,Bahamian pine mosaic,Other,,4972,0.4745,1,6,0,6,1,0.0,0.0,0.0,0.0,0.0,0.0
detectree2,tcd_tile_1581,Central European mixed forests,European forest,,3289,0.4745,122,79,30,49,92,0.3797,0.2459,0.2985,0.636,0.3918,0.4849
detectree2,tcd_tile_1582,English Lowlands beech forests,European forest,,3338,0.4745,11,27,0,27,11,0.0,0.0,0.0,0.0,0.0,0.0
detectree2,tcd_tile_1583,Western European broadleaf forests,European forest,,1384,0.4745,28,44,13,31,15,0.2955,0.4643,0.3611,0.4207,0.5952,0.4929
detectree2,tcd_tile_1584,Taiheiyo evergreen forests,Other,,2495,0.4745,122,112,23,89,99,0.2054,0.1885,0.1966,0.5177,0.3563,0.4221
detectree2,tcd_tile_1585,California interior chaparral and woodlands,Other,,937,0.4745,10,17,4,13,6,0.2353,0.4,0.2963,0.3147,0.591,0.4107
detectree2,tcd_tile_1586,Lesser Sundas deciduous forests,SE Asian & Pacific rainforest,,1557,0.4745,147,82,22,60,125,0.2683,0.1497,0.1921,0.1584,0.3995,0.2269
detectree2,tcd_tile_1587,Hispaniolan moist forests,SE Asian & Pacific rainforest,,3313,0.4745,53,76,10,66,43,0.1316,0.1887,0.155,0.0485,0.4659,0.0879
detectree2,tcd_tile_1588,Madeira-Tapajós moist forests,Latin American forest,,2233,0.4745,286,122,6,116,280,0.0492,0.021,0.0294,0.81,0.314,0.4526
detectree2,tcd_tile_1589,English Lowlands beech forests,European forest,,781,0.4745,12,39,9,30,3,0.2308,0.75,0.3529,0.5129,0.5876,0.5477
detectree2,tcd_tile_1590,Baltic mixed forests,European forest,,1923,0.4745,1,9,1,8,0,0.1111,1.0,0.2,0.5021,0.1168,0.1896
detectree2,tcd_tile_1591,Western European broadleaf forests,European forest,,5015,0.4745,10,72,7,65,3,0.0972,0.7,0.1707,0.5579,0.5834,0.5704
detectree2,tcd_tile_1592,Palawan rain forests,SE Asian & Pacific rainforest,,4232,0.4745,43,129,11,118,32,0.0853,0.2558,0.1279,0.8913,0.3488,0.5014
detectree2,tcd_tile_1593,Eastern Cordillera real montane forests,Other,,2138,0.4745,9,102,5,97,4,0.049,0.5556,0.0901,0.62,0.3736,0.4663
detectree2,tcd_tile_1594,Scandinavian Montane Birch forest and grasslands,Other,,981,0.4745,205,28,5,23,200,0.1786,0.0244,0.0429,0.4609,0.3861,0.4202
detectree2,tcd_tile_1595,Western Java rain forests,Other,,4500,0.4745,297,190,79,111,218,0.4158,0.266,0.3244,0.4592,0.5294,0.4918
detectree2,tcd_tile_1596,Veracruz moist forests,Other,,2327,0.4745,83,103,18,85,65,0.1748,0.2169,0.1935,0.3568,0.4306,0.3903
detectree2,tcd_tile_1597,Caucasus mixed forests,European forest,,272,0.4745,111,179,63,116,48,0.352,0.5676,0.4345,0.5265,0.6032,0.5622
detectree2,tcd_tile_1598,Balkan mixed forests,European forest,,650,0.4745,1,24,0,24,1,0.0,0.0,0.0,0.0,0.0,0.0
detectree2,tcd_tile_1599,Mindanao-Eastern Visayas rain forests,SE Asian & Pacific rainforest,,2387,0.4745,41,36,3,33,38,0.0833,0.0732,0.0779,0.1017,0.4267,0.1643
detectree2,tcd_tile_16,West Sudanian savanna,Arid / dryland,,1126,0.4745,172,115,62,53,110,0.5391,0.3605,0.4321,0.4428,0.6506,0.5269
detectree2,tcd_tile_1600,Rodope montane mixed forests,European forest,,4954,0.4745,182,112,21,91,161,0.1875,0.1154,0.1429,0.4527,0.4094,0.4299
detectree2,tcd_tile_1601,Sulawesi lowland rain forests,SE Asian & Pacific rainforest,,4449,0.4745,69,112,8,104,61,0.0714,0.1159,0.0884,0.7862,0.3716,0.5047
detectree2,tcd_tile_1602,,Other,,1010,0.4745,20,33,2,31,18,0.0606,0.1,0.0755,0.0963,0.4138,0.1562
detectree2,tcd_tile_1603,Pannonian mixed forests,European forest,,1510,0.4745,42,83,4,79,38,0.0482,0.0952,0.064,0.7037,0.4026,0.5122
detectree2,tcd_tile_1604,Mindanao-Eastern Visayas rain forests,SE Asian & Pacific rainforest,,4160,0.4745,8,83,3,80,5,0.0361,0.375,0.0659,0.4406,0.2554,0.3233
detectree2,tcd_tile_1605,Hokkaido deciduous forests,Other,,3836,0.4745,2,87,2,85,0,0.023,1.0,0.0449,0.7377,0.2654,0.3904
detectree2,tcd_tile_1606,Madeira-Tapajós moist forests,Latin American forest,,1450,0.4745,2,144,2,142,0,0.0139,1.0,0.0274,0.9844,0.3109,0.4726
detectree2,tcd_tile_1607,Northern Zanzibar-Inhambane coastal forest mosaic,African tropical forest,,1712,0.4745,70,27,15,12,55,0.5556,0.2143,0.3093,0.3151,0.5286,0.3948
detectree2,tcd_tile_1608,Eastern Great Lakes lowland forests,N. American forest,,1480,0.4745,11,16,3,13,8,0.1875,0.2727,0.2222,0.0321,0.8912,0.062
detectree2,tcd_tile_1609,Nigerian lowland forests,African tropical forest,,4742,0.4745,24,158,6,152,18,0.038,0.25,0.0659,0.0345,0.4156,0.0637
detectree2,tcd_tile_161,Northern Zanzibar-Inhambane coastal forest mosaic,African tropical forest,,4025,0.4745,75,61,19,42,56,0.3115,0.2533,0.2794,0.0731,0.5363,0.1287
detectree2,tcd_tile_1610,Southeastern mixed forests,N. American forest,,1495,0.4745,4,50,4,46,0,0.08,1.0,0.1481,0.3957,0.2108,0.2751
detectree2,tcd_tile_1611,Eastern Australian temperate forests,Other,,4066,0.4745,152,37,9,28,143,0.2432,0.0592,0.0952,0.2917,0.36,0.3223
detectree2,tcd_tile_1612,Lesser Sundas deciduous forests,SE Asian & Pacific rainforest,,1407,0.4745,68,89,17,72,51,0.191,0.25,0.2166,0.5943,0.2863,0.3864
detectree2,tcd_tile_1613,Eastern Guinean forests,African tropical forest,,2722,0.4745,64,51,14,37,50,0.2745,0.2188,0.2435,0.3179,0.528,0.3969
detectree2,tcd_tile_1614,Nihonkai montane deciduous forests,Other,,4942,0.4745,5,180,4,176,1,0.0222,0.8,0.0432,0.9418,0.4319,0.5923
detectree2,tcd_tile_1615,Southern Pacific dry forests,Other,,1462,0.4745,60,118,13,105,47,0.1102,0.2167,0.1461,0.5965,0.3382,0.4317
detectree2,tcd_tile_1616,Hispaniolan moist forests,SE Asian & Pacific rainforest,,4295,0.4745,126,79,21,58,105,0.2658,0.1667,0.2049,0.0716,0.2864,0.1146
detectree2,tcd_tile_1617,Sarmatic mixed forests,European forest,,2692,0.4745,29,97,9,88,20,0.0928,0.3103,0.1429,0.3901,0.3079,0.3442
detectree2,tcd_tile_1618,Alps conifer and mixed forests,European forest,,4439,0.4745,1,14,1,13,0,0.0714,1.0,0.1333,0.36,0.1109,0.1696
detectree2,tcd_tile_1619,Western Java rain forests,Other,,342,0.4745,86,44,24,20,62,0.5455,0.2791,0.3692,0.2771,0.332,0.3021
detectree2,tcd_tile_162,Eastern Java-Bali rain forests,SE Asian & Pacific rainforest,,4910,0.4745,152,113,25,88,127,0.2212,0.1645,0.1887,0.4015,0.3604,0.3798
detectree2,tcd_tile_1620,Vanuatu rain forests,Other,,2363,0.4745,23,32,2,30,21,0.0625,0.087,0.0727,0.0186,0.1583,0.0333
detectree2,tcd_tile_1621,Sarmatic mixed forests,European forest,,3750,0.4745,40,65,16,49,24,0.2462,0.4,0.3048,0.4038,0.5537,0.467
detectree2,tcd_tile_1622,Po Basin mixed forests,Other,,4887,0.4745,5,8,0,8,5,0.0,0.0,0.0,0.0044,0.1906,0.0086
detectree2,tcd_tile_1623,Eastern Guinean forests,African tropical forest,,1615,0.4745,40,71,6,65,34,0.0845,0.15,0.1081,0.6511,0.3265,0.4349
detectree2,tcd_tile_1624,"Sao Tome, Principe and Annobon moist lowland forests",Other,,1475,0.4745,139,94,35,59,104,0.3723,0.2518,0.3004,0.4972,0.5349,0.5154
detectree2,tcd_tile_1625,Sarmatic mixed forests,European forest,,1303,0.4745,116,88,19,69,97,0.2159,0.1638,0.1863,0.3321,0.4566,0.3845
detectree2,tcd_tile_1626,Vanuatu rain forests,Other,,2285,0.4745,57,106,12,94,45,0.1132,0.2105,0.1472,0.8202,0.4152,0.5513
detectree2,tcd_tile_1627,Sierra Nevada forests,N. American forest,,3640,0.4745,74,52,7,45,67,0.1346,0.0946,0.1111,0.0521,0.3818,0.0917
detectree2,tcd_tile_1628,Cerrado,Latin American forest,,256,0.4745,2,11,0,11,2,0.0,0.0,0.0,0.0039,0.2033,0.0077
detectree2,tcd_tile_1629,Southern Great Lakes forests,N. American forest,,961,0.4745,16,17,3,14,13,0.1765,0.1875,0.1818,0.1172,0.5817,0.1951
detectree2,tcd_tile_1630,Eastern Java-Bali rain forests,SE Asian & Pacific rainforest,,4891,0.4745,21,55,2,53,19,0.0364,0.0952,0.0526,0.6475,0.1865,0.2896
detectree2,tcd_tile_1631,Sulawesi lowland rain forests,SE Asian & Pacific rainforest,,4107,0.4745,65,23,8,15,57,0.3478,0.1231,0.1818,0.2876,0.6192,0.3927
detectree2,tcd_tile_1632,Northern Zanzibar-Inhambane coastal forest mosaic,African tropical forest,,178,0.4745,103,160,8,152,95,0.05,0.0777,0.0608,0.7709,0.3614,0.4921
detectree2,tcd_tile_1633,Hokkaido deciduous forests,Other,,3556,0.4745,1,7,0,7,1,0.0,0.0,0.0,0.0079,0.9393,0.0157
detectree2,tcd_tile_1634,Central European mixed forests,European forest,,1289,0.4745,30,63,13,50,17,0.2063,0.4333,0.2796,0.6291,0.4852,0.5478
detectree2,tcd_tile_1635,Celtic broadleaf forests,European forest,,2278,0.4745,32,41,15,26,17,0.3659,0.4688,0.411,0.2028,0.6634,0.3107
detectree2,tcd_tile_1636,Bolivian montane dry forests,Latin American forest,,4422,0.4745,0,1,0,1,0,0.0,0.0,0.0,0.0,0.0,0.0
detectree2,tcd_tile_1637,South Central Rockies forests,Other,,4757,0.4745,74,39,23,16,51,0.5897,0.3108,0.4071,0.3247,0.4547,0.3789
detectree2,tcd_tile_1638,Magdalena Valley montane forests,Other,,2016,0.4745,72,121,40,81,32,0.3306,0.5556,0.4145,0.2998,0.6758,0.4153
detectree2,tcd_tile_1639,Central European mixed forests,European forest,,3402,0.4745,36,16,5,11,31,0.3125,0.1389,0.1923,0.1366,0.2195,0.1684
detectree2,tcd_tile_164,Hispaniolan moist forests,SE Asian & Pacific rainforest,,976,0.4745,14,30,0,30,14,0.0,0.0,0.0,0.0122,0.5322,0.0239
detectree2,tcd_tile_1640,Changjiang Plain evergreen forests,Other,,4516,0.4745,123,54,24,30,99,0.4444,0.1951,0.2712,0.6608,0.2844,0.3976
detectree2,tcd_tile_1641,Mindanao-Eastern Visayas rain forests,SE Asian & Pacific rainforest,,3254,0.4745,32,97,9,88,23,0.0928,0.2812,0.1395,0.8237,0.2559,0.3905
detectree2,tcd_tile_1642,Central European mixed forests,European forest,,2220,0.4745,61,79,16,63,45,0.2025,0.2623,0.2286,0.1011,0.6354,0.1744
detectree2,tcd_tile_1643,Sierra Nevada forests,N. American forest,,2346,0.4745,30,61,8,53,22,0.1311,0.2667,0.1758,0.4899,0.3342,0.3973
detectree2,tcd_tile_1644,Luzon rain forests,SE Asian & Pacific rainforest,,531,0.4745,2,91,2,89,0,0.022,1.0,0.043,0.8756,0.3377,0.4874
detectree2,tcd_tile_1645,Southern Zanzibar-Inhambane coastal forest mosaic,African tropical forest,,4181,0.4745,243,94,40,54,203,0.4255,0.1646,0.2374,0.2683,0.5434,0.3593
detectree2,tcd_tile_1646,Northern Zanzibar-Inhambane coastal forest mosaic,African tropical forest,,4372,0.4745,179,116,40,76,139,0.3448,0.2235,0.2712,0.6436,0.3948,0.4894
detectree2,tcd_tile_1647,Petén-Veracruz moist forests,Latin American forest,,3316,0.4745,61,48,13,35,48,0.2708,0.2131,0.2385,0.4177,0.4488,0.4327
detectree2,tcd_tile_1648,Changjiang Plain evergreen forests,Other,,3712,0.4745,23,14,0,14,23,0.0,0.0,0.0,0.0,0.0,0.0
detectree2,tcd_tile_1649,Granitic Seychelles forests,Other,,983,0.4745,15,99,3,96,12,0.0303,0.2,0.0526,0.8702,0.322,0.47
detectree2,tcd_tile_165,Central European mixed forests,European forest,,2803,0.4745,52,82,22,60,30,0.2683,0.4231,0.3284,0.2939,0.6822,0.4108
detectree2,tcd_tile_1650,Sarmatic mixed forests,European forest,,216,0.4745,3,9,0,9,3,0.0,0.0,0.0,0.0,0.0,0.0
detectree2,tcd_tile_1651,Western Guinean lowland forests,African tropical forest,,3219,0.4745,77,135,17,118,60,0.1259,0.2208,0.1604,0.0633,0.3663,0.1079
detectree2,tcd_tile_1652,Tigris-Euphrates alluvial salt marsh,Other,,634,0.4745,10,53,4,49,6,0.0755,0.4,0.127,0.0272,0.3136,0.0501
detectree2,tcd_tile_1653,Northern Zanzibar-Inhambane coastal forest mosaic,African tropical forest,,3334,0.4745,80,68,23,45,57,0.3382,0.2875,0.3108,0.1886,0.7925,0.3047
detectree2,tcd_tile_1654,Northeastern coastal forests,N. American forest,,4166,0.4745,11,7,1,6,10,0.1429,0.0909,0.1111,0.0988,0.2115,0.1347
detectree2,tcd_tile_1655,Atlantic mixed forests,European forest,,4272,0.4745,11,107,4,103,7,0.0374,0.3636,0.0678,0.5074,0.3568,0.419
detectree2,tcd_tile_1656,Greater Negros-Panay rain forests,SE Asian & Pacific rainforest,,2085,0.4745,52,64,6,58,46,0.0938,0.1154,0.1034,0.4818,0.2956,0.3664
detectree2,tcd_tile_1657,Caucasus mixed forests,European forest,,2947,0.4745,10,15,3,12,7,0.2,0.3,0.24,0.8597,0.1613,0.2717
detectree2,tcd_tile_1658,Valdivian temperate forests,Other,,1487,0.4745,242,15,2,13,240,0.1333,0.0083,0.0156,0.1272,0.2027,0.1563
detectree2,tcd_tile_1659,Caucasus mixed forests,European forest,,3081,0.4745,2,6,2,4,0,0.3333,1.0,0.5,0.9336,0.0236,0.0461
detectree2,tcd_tile_1660,Southeastern mixed forests,N. American forest,,4157,0.4745,92,19,7,12,85,0.3684,0.0761,0.1261,0.4524,0.1999,0.2773
detectree2,tcd_tile_1661,Southeastern mixed forests,N. American forest,,4755,0.4745,14,8,3,5,11,0.375,0.2143,0.2727,0.1152,0.6309,0.1948
detectree2,tcd_tile_1662,Eastern Guinean forests,African tropical forest,,1515,0.4745,3,22,2,20,1,0.0909,0.6667,0.16,0.0787,0.8088,0.1434
detectree2,tcd_tile_1663,Southern Great Lakes forests,N. American forest,,4016,0.4745,46,73,12,61,34,0.1644,0.2609,0.2017,0.4591,0.3349,0.3873
detectree2,tcd_tile_1664,Bahia coastal forests,Latin American forest,,1671,0.4745,5,181,3,178,2,0.0166,0.6,0.0323,0.998,0.3829,0.5535
detectree2,tcd_tile_1665,Atlantic dry forests,Other,,415,0.4745,349,179,99,80,250,0.5531,0.2837,0.375,0.3463,0.6906,0.4613
detectree2,tcd_tile_1666,Western Java rain forests,Other,,1189,0.4745,313,93,31,62,282,0.3333,0.099,0.1527,0.2526,0.3492,0.2931
detectree2,tcd_tile_1667,Balkan mixed forests,European forest,,475,0.4745,120,153,44,109,76,0.2876,0.3667,0.3223,0.1941,0.4878,0.2777
detectree2,tcd_tile_1668,Sulawesi lowland rain forests,SE Asian & Pacific rainforest,,4497,0.4745,247,146,70,76,177,0.4795,0.2834,0.3562,0.4247,0.5868,0.4927
detectree2,tcd_tile_1669,Northeastern coastal forests,N. American forest,,3783,0.4745,3,36,2,34,1,0.0556,0.6667,0.1026,0.9592,0.144,0.2504
detectree2,tcd_tile_167,Celtic broadleaf forests,European forest,,2190,0.4745,4,49,4,45,0,0.0816,1.0,0.1509,0.7164,0.6018,0.6541
detectree2,tcd_tile_1670,Northern Anatolian conifer and deciduous forests,Other,,1700,0.4745,40,25,5,20,35,0.2,0.125,0.1538,0.2789,0.3446,0.3083
detectree2,tcd_tile_1671,Scandinavian coastal conifer forests,Other,,3905,0.4745,27,37,12,25,15,0.3243,0.4444,0.375,0.3691,0.3542,0.3615
detectree2,tcd_tile_1672,New England-Acadian forests,N. American forest,,4163,0.4745,8,54,4,50,4,0.0741,0.5,0.129,0.3883,0.2607,0.3119
detectree2,tcd_tile_1673,English Lowlands beech forests,European forest,,291,0.4745,7,17,0,17,7,0.0,0.0,0.0,0.0,0.0023,0.0001
detectree2,tcd_tile_1674,Maputaland coastal forest mosaic,African tropical forest,,757,0.4745,0,20,0,20,0,0.0,0.0,0.0,0.0,0.0,0.0
detectree2,tcd_tile_1675,Northern Zanzibar-Inhambane coastal forest mosaic,African tropical forest,,692,0.4745,21,47,10,37,11,0.2128,0.4762,0.2941,0.0464,0.5763,0.0858
detectree2,tcd_tile_1676,Central European mixed forests,European forest,,4317,0.4745,0,63,0,63,0,0.0,0.0,0.0,0.0,0.0,0.0
detectree2,tcd_tile_1677,Bahamian pine mosaic,Other,,5061,0.4745,2,3,1,2,1,0.3333,0.5,0.4,0.4717,0.0114,0.0223
detectree2,tcd_tile_1678,Appalachian mixed mesophytic forests,Other,,1785,0.4745,23,77,3,74,20,0.039,0.1304,0.06,0.2876,0.4686,0.3564
detectree2,tcd_tile_1679,Carpathian montane forests,Other,,4682,0.4745,5,11,1,10,4,0.0909,0.2,0.125,0.0369,0.1201,0.0564
detectree2,tcd_tile_168,Caucasus mixed forests,European forest,,1271,0.4745,60,148,44,104,16,0.2973,0.7333,0.4231,0.5756,0.5025,0.5366
detectree2,tcd_tile_1680,Sarmatic mixed forests,European forest,,2361,0.4745,12,39,4,35,8,0.1026,0.3333,0.1569,0.8131,0.3196,0.4589
detectree2,tcd_tile_1681,East European forest steppe,European forest,,3337,0.4745,27,29,3,26,24,0.1034,0.1111,0.1071,0.0501,0.3345,0.0871
detectree2,tcd_tile_1682,Southern Zanzibar-Inhambane coastal forest mosaic,African tropical forest,,4960,0.4745,209,127,54,73,155,0.4252,0.2584,0.3214,0.3192,0.5253,0.3971
detectree2,tcd_tile_1683,Pontic steppe,Other,,156,0.4745,58,80,10,70,48,0.125,0.1724,0.1449,0.8563,0.3179,0.4636
detectree2,tcd_tile_1684,Caucasus mixed forests,European forest,,631,0.4745,81,148,53,95,28,0.3581,0.6543,0.4629,0.6673,0.5213,0.5854
detectree2,tcd_tile_1685,Tongan tropical moist forests,SE Asian & Pacific rainforest,,4175,0.4745,46,35,2,33,44,0.0571,0.0435,0.0494,0.0517,0.1911,0.0814
detectree2,tcd_tile_1686,Irrawaddy moist deciduous forests,Other,,955,0.4745,51,44,22,22,29,0.5,0.4314,0.4632,0.358,0.3583,0.3581
detectree2,tcd_tile_1687,Northern Zanzibar-Inhambane coastal forest mosaic,African tropical forest,,1245,0.4745,137,20,5,15,132,0.25,0.0365,0.0637,0.0256,0.1091,0.0415
detectree2,tcd_tile_1688,Northern Zanzibar-Inhambane coastal forest mosaic,African tropical forest,,3983,0.4745,40,114,24,90,16,0.2105,0.6,0.3117,0.1792,0.4425,0.2551
detectree2,tcd_tile_1689,Pannonian mixed forests,European forest,,3090,0.4745,61,78,18,60,43,0.2308,0.2951,0.259,0.6636,0.4575,0.5416
detectree2,tcd_tile_1690,Sarmatic mixed forests,European forest,,1692,0.4745,48,52,24,28,24,0.4615,0.5,0.48,0.7629,0.5601,0.646
detectree2,tcd_tile_1691,Bahia interior forests,Other,,195,0.4745,124,81,33,48,91,0.4074,0.2661,0.322,0.3194,0.4642,0.3784
detectree2,tcd_tile_1692,Changjiang Plain evergreen forests,Other,,2738,0.4745,8,13,3,10,5,0.2308,0.375,0.2857,0.2446,0.2292,0.2366
detectree2,tcd_tile_1693,Taiheiyo evergreen forests,Other,,4171,0.4745,63,43,9,34,54,0.2093,0.1429,0.1698,0.0519,0.1944,0.0819
detectree2,tcd_tile_1694,Northern Zanzibar-Inhambane coastal forest mosaic,African tropical forest,,366,0.4745,31,57,8,49,23,0.1404,0.2581,0.1818,0.3224,0.2713,0.2947
detectree2,tcd_tile_1695,Western Java rain forests,Other,,793,0.4745,394,157,65,92,329,0.414,0.165,0.2359,0.2971,0.5382,0.3829
detectree2,tcd_tile_1696,Tongan tropical moist forests,SE Asian & Pacific rainforest,,4297,0.4745,122,68,9,59,113,0.1324,0.0738,0.0947,0.5962,0.3154,0.4126
detectree2,tcd_tile_1697,Richmond temperate forests,Other,,2236,0.4745,8,3,1,2,7,0.3333,0.125,0.1818,0.0063,0.0591,0.0114
detectree2,tcd_tile_1698,English Lowlands beech forests,European forest,,2231,0.4745,22,64,15,49,7,0.2344,0.6818,0.3488,0.4205,0.602,0.4952
detectree2,tcd_tile_1699,Northern Zanzibar-Inhambane coastal forest mosaic,African tropical forest,,2505,0.4745,132,86,14,72,118,0.1628,0.1061,0.1284,0.7023,0.4291,0.5327
detectree2,tcd_tile_17,Chilean matorral,Arid / dryland,,618,0.4745,159,102,51,51,108,0.5,0.3208,0.3908,0.3295,0.6351,0.4339
detectree2,tcd_tile_170,Sarmatic mixed forests,European forest,,57,0.4745,15,75,10,65,5,0.1333,0.6667,0.2222,0.4666,0.4731,0.4699
detectree2,tcd_tile_1700,Western European broadleaf forests,European forest,,797,0.4745,7,4,2,2,5,0.5,0.2857,0.3636,0.233,0.0616,0.0974
detectree2,tcd_tile_1701,Vanuatu rain forests,Other,,2104,0.4745,23,22,4,18,19,0.1818,0.1739,0.1778,0.1606,0.4152,0.2316
detectree2,tcd_tile_1702,Western Siberian hemiboreal forests,Other,,1730,0.4745,21,53,7,46,14,0.1321,0.3333,0.1892,0.1847,0.6726,0.2898
detectree2,tcd_tile_1703,Atlantic mixed forests,European forest,,427,0.4745,61,73,10,63,51,0.137,0.1639,0.1493,0.5581,0.1855,0.2785
detectree2,tcd_tile_1704,Granitic Seychelles forests,Other,,917,0.4745,125,190,39,151,86,0.2053,0.312,0.2476,0.8768,0.5617,0.6848
detectree2,tcd_tile_1705,Hispaniolan moist forests,SE Asian & Pacific rainforest,,2303,0.4745,51,57,13,44,38,0.2281,0.2549,0.2407,0.1146,0.2928,0.1647
detectree2,tcd_tile_1706,Northern Zanzibar-Inhambane coastal forest mosaic,African tropical forest,,361,0.4745,101,148,27,121,74,0.1824,0.2673,0.2169,0.5962,0.2782,0.3794
detectree2,tcd_tile_1707,Upper Gangetic Plains moist deciduous forests,Other,,3411,0.4745,99,93,51,42,48,0.5484,0.5152,0.5312,0.4467,0.575,0.5028
detectree2,tcd_tile_1708,Vanuatu rain forests,Other,,2300,0.4745,114,61,14,47,100,0.2295,0.1228,0.16,0.2644,0.1763,0.2116
detectree2,tcd_tile_1709,Central European mixed forests,European forest,,3150,0.4745,67,112,27,85,40,0.2411,0.403,0.3017,0.2684,0.6209,0.3748
detectree2,tcd_tile_171,Sierra Nevada forests,N. American forest,,3071,0.4745,139,64,22,42,117,0.3438,0.1583,0.2167,0.4743,0.1776,0.2584
detectree2,tcd_tile_1710,Sarmatic mixed forests,European forest,,5066,0.4745,21,24,3,21,18,0.125,0.1429,0.1333,0.2167,0.2267,0.2216
detectree2,tcd_tile_1711,Madeira-Tapajós moist forests,Latin American forest,,1259,0.4745,1,97,1,96,0,0.0103,1.0,0.0204,1.0,0.3352,0.5021
detectree2,tcd_tile_1712,Serra do Mar coastal forests,Latin American forest,,4923,0.4745,328,71,7,64,321,0.0986,0.0213,0.0351,0.2262,0.2899,0.2541
detectree2,tcd_tile_1713,Eastern Java-Bali rain forests,SE Asian & Pacific rainforest,,5063,0.4745,51,28,7,21,44,0.25,0.1373,0.1772,0.3723,0.279,0.319
detectree2,tcd_tile_1714,Appenine deciduous montane forests,Other,,364,0.4745,126,28,9,19,117,0.3214,0.0714,0.1169,0.1365,0.3109,0.1897
detectree2,tcd_tile_1715,Middle Atlantic coastal forests,Other,,2568,0.4745,34,120,10,110,24,0.0833,0.2941,0.1299,0.6175,0.4087,0.4918
detectree2,tcd_tile_1716,Baltic mixed forests,European forest,,3401,0.4745,4,10,1,9,3,0.1,0.25,0.1429,0.147,0.9101,0.2531
detectree2,tcd_tile_1717,Western Java montane rain forests,Other,,3969,0.4745,109,69,16,53,93,0.2319,0.1468,0.1798,0.4846,0.3037,0.3734
detectree2,tcd_tile_1718,Pannonian mixed forests,European forest,,2881,0.4745,25,117,14,103,11,0.1197,0.56,0.1972,0.5929,0.5212,0.5548
detectree2,tcd_tile_1719,Snake-Columbia shrub steppe,Other,,780,0.4745,23,47,7,40,16,0.1489,0.3043,0.2,0.2142,0.5785,0.3127
detectree2,tcd_tile_172,Eastern Great Lakes lowland forests,N. American forest,,4647,0.4745,94,50,19,31,75,0.38,0.2021,0.2639,0.6239,0.5326,0.5747
detectree2,tcd_tile_1720,Sarmatic mixed forests,European forest,,4445,0.4745,6,112,5,107,1,0.0446,0.8333,0.0847,0.6318,0.5303,0.5767
detectree2,tcd_tile_1721,Central American pine-oak forests,Other,,2114,0.4745,141,65,24,41,117,0.3692,0.1702,0.233,0.2569,0.484,0.3356
detectree2,tcd_tile_1722,Madeira-Tapajós moist forests,Latin American forest,,4350,0.4745,1,116,1,115,0,0.0086,1.0,0.0171,0.9997,0.2921,0.4521
detectree2,tcd_tile_1723,Northern Anatolian conifer and deciduous forests,Other,,3523,0.4745,125,62,22,40,103,0.3548,0.176,0.2353,0.2302,0.4662,0.3082
detectree2,tcd_tile_1724,Caucasus mixed forests,European forest,,2153,0.4745,12,66,3,63,9,0.0455,0.25,0.0769,0.911,0.4788,0.6277
detectree2,tcd_tile_1725,Greater Negros-Panay rain forests,SE Asian & Pacific rainforest,,3635,0.4745,113,51,11,40,102,0.2157,0.0973,0.1341,0.1776,0.6669,0.2804
detectree2,tcd_tile_1726,,Other,,4148,0.4745,28,17,0,17,28,0.0,0.0,0.0,0.0055,0.0733,0.0102
detectree2,tcd_tile_1727,Central European mixed forests,European forest,,2438,0.4745,48,11,0,11,48,0.0,0.0,0.0,0.0019,0.0629,0.0036
detectree2,tcd_tile_1728,Southern Pacific dry forests,Other,,3912,0.4745,11,59,8,51,3,0.1356,0.7273,0.2286,0.6329,0.3148,0.4205
detectree2,tcd_tile_1729,Caucasus mixed forests,European forest,,449,0.4745,52,80,39,41,13,0.4875,0.75,0.5909,0.8705,0.4717,0.6119
detectree2,tcd_tile_173,Luzon rain forests,SE Asian & Pacific rainforest,,2541,0.4745,16,17,4,13,12,0.2353,0.25,0.2424,0.3886,0.3812,0.3848
detectree2,tcd_tile_1730,Mizoram-Manipur-Kachin rain forests,SE Asian & Pacific rainforest,,2117,0.4745,95,25,5,20,90,0.2,0.0526,0.0833,0.2165,0.2636,0.2377
detectree2,tcd_tile_1731,Po Basin mixed forests,Other,,1665,0.4745,63,31,8,23,55,0.2581,0.127,0.1702,0.1695,0.3461,0.2275
detectree2,tcd_tile_1732,Hispaniolan moist forests,SE Asian & Pacific rainforest,,2902,0.4745,61,72,3,69,58,0.0417,0.0492,0.0451,0.031,0.3216,0.0566
detectree2,tcd_tile_1733,Iquitos varzeá,Other,,1701,0.4745,11,77,5,72,6,0.0649,0.4545,0.1136,0.3442,0.408,0.3734
detectree2,tcd_tile_1734,Central European mixed forests,European forest,,4087,0.4745,27,69,10,59,17,0.1449,0.3704,0.2083,0.7365,0.3507,0.4751
detectree2,tcd_tile_1735,Mindanao-Eastern Visayas rain forests,SE Asian & Pacific rainforest,,1185,0.4745,76,71,9,62,67,0.1268,0.1184,0.1224,0.3391,0.3958,0.3653
detectree2,tcd_tile_1736,North Central Rockies forests,N. American forest,,4303,0.4745,40,26,2,24,38,0.0769,0.05,0.0606,0.4454,0.1864,0.2628
detectree2,tcd_tile_1737,Northern Zanzibar-Inhambane coastal forest mosaic,African tropical forest,,4511,0.4745,243,150,77,73,166,0.5133,0.3169,0.3919,0.5702,0.5135,0.5404
detectree2,tcd_tile_1738,Eastern Cordillera real montane forests,Other,,1477,0.4745,1,84,1,83,0,0.0119,1.0,0.0235,0.9499,0.3343,0.4946
detectree2,tcd_tile_1739,Southern Zanzibar-Inhambane coastal forest mosaic,African tropical forest,,4654,0.4745,183,46,14,32,169,0.3043,0.0765,0.1223,0.2862,0.3587,0.3184
detectree2,tcd_tile_1740,Petén-Veracruz moist forests,Latin American forest,,3021,0.4745,128,60,20,40,108,0.3333,0.1562,0.2128,0.372,0.3323,0.351
detectree2,tcd_tile_1741,Southern Zanzibar-Inhambane coastal forest mosaic,African tropical forest,,4100,0.4745,106,94,36,58,70,0.383,0.3396,0.36,0.3612,0.4367,0.3954
detectree2,tcd_tile_1742,Southern Great Lakes forests,N. American forest,,1688,0.4745,2,30,1,29,1,0.0333,0.5,0.0625,0.0045,0.0249,0.0076
detectree2,tcd_tile_1743,Changjiang Plain evergreen forests,Other,,3673,0.4745,40,42,11,31,29,0.2619,0.275,0.2683,0.2255,0.3258,0.2665
detectree2,tcd_tile_1744,Willamette Valley forests,N. American forest,,2115,0.4745,11,14,2,12,9,0.1429,0.1818,0.16,0.0132,0.7483,0.0259
detectree2,tcd_tile_1745,Upper Gangetic Plains moist deciduous forests,Other,,3356,0.4745,15,97,9,88,6,0.0928,0.6,0.1607,0.7252,0.7206,0.7229
detectree2,tcd_tile_1746,California coastal sage and chaparral,Other,,163,0.4745,96,51,28,23,68,0.549,0.2917,0.381,0.5647,0.6144,0.5885
detectree2,tcd_tile_1747,English Lowlands beech forests,European forest,,1155,0.4745,42,39,18,21,24,0.4615,0.4286,0.4444,0.2236,0.6869,0.3374
detectree2,tcd_tile_1748,Greater Negros-Panay rain forests,SE Asian & Pacific rainforest,,3048,0.4745,86,89,19,70,67,0.2135,0.2209,0.2171,0.2318,0.4977,0.3163
detectree2,tcd_tile_1749,Northeastern Spain and Southern France Mediterranean forests,Other,,311,0.4745,38,42,16,26,22,0.381,0.4211,0.4,0.2361,0.1809,0.2048
detectree2,tcd_tile_175,Sumatran lowland rain forests,SE Asian & Pacific rainforest,,2472,0.4745,412,47,9,38,403,0.1915,0.0218,0.0392,0.2126,0.189,0.2001
detectree2,tcd_tile_1750,Northern Zanzibar-Inhambane coastal forest mosaic,African tropical forest,,2465,0.4745,60,116,15,101,45,0.1293,0.25,0.1705,0.8135,0.3329,0.4724
detectree2,tcd_tile_1751,Magdalena Valley montane forests,Other,,3826,0.4745,57,46,22,24,35,0.4783,0.386,0.4272,0.4704,0.6857,0.558
detectree2,tcd_tile_1752,Southeastern mixed forests,N. American forest,,4851,0.4745,81,58,30,28,51,0.5172,0.3704,0.4317,0.5762,0.3613,0.4441
detectree2,tcd_tile_1753,Scandinavian coastal conifer forests,Other,,2011,0.4745,37,56,8,48,29,0.1429,0.2162,0.172,0.1337,0.459,0.207
detectree2,tcd_tile_1754,Eastern Cordillera real montane forests,Other,,3926,0.4745,46,38,7,31,39,0.1842,0.1522,0.1667,0.6624,0.411,0.5073
detectree2,tcd_tile_1755,Hispaniolan dry forests,Other,,4407,0.4745,195,71,34,37,161,0.4789,0.1744,0.2556,0.3668,0.4164,0.39
detectree2,tcd_tile_1756,Hispaniolan moist forests,SE Asian & Pacific rainforest,,4628,0.4745,173,59,12,47,161,0.2034,0.0694,0.1034,0.0827,0.1661,0.1104
detectree2,tcd_tile_1757,Celtic broadleaf forests,European forest,,4844,0.4745,5,26,0,26,5,0.0,0.0,0.0,0.0075,0.3812,0.0146
detectree2,tcd_tile_1758,Sarmatic mixed forests,European forest,,3927,0.4745,25,65,10,55,15,0.1538,0.4,0.2222,0.4668,0.4111,0.4372
detectree2,tcd_tile_1759,Western Siberian hemiboreal forests,Other,,2642,0.4745,20,96,12,84,8,0.125,0.6,0.2069,0.7221,0.404,0.5181
detectree2,tcd_tile_1760,Central European mixed forests,European forest,,2096,0.4745,94,117,36,81,58,0.3077,0.383,0.3412,0.3012,0.5183,0.381
detectree2,tcd_tile_1761,Northern Zanzibar-Inhambane coastal forest mosaic,African tropical forest,,2132,0.4745,164,88,23,65,141,0.2614,0.1402,0.1825,0.1777,0.4774,0.2589
detectree2,tcd_tile_1762,Northern Zanzibar-Inhambane coastal forest mosaic,African tropical forest,,3444,0.4745,123,146,45,101,78,0.3082,0.3659,0.3346,0.4781,0.3726,0.4188
detectree2,tcd_tile_1763,Sulawesi lowland rain forests,SE Asian & Pacific rainforest,,2060,0.4745,4,63,2,61,2,0.0317,0.5,0.0597,0.9709,0.2144,0.3513
detectree2,tcd_tile_1764,Northern Zanzibar-Inhambane coastal forest mosaic,African tropical forest,,3699,0.4745,11,92,8,84,3,0.087,0.7273,0.1553,0.7948,0.3899,0.5232
detectree2,tcd_tile_1765,Northern Zanzibar-Inhambane coastal forest mosaic,African tropical forest,,3383,0.4745,1,116,1,115,0,0.0086,1.0,0.0171,1.0,0.3526,0.5213
detectree2,tcd_tile_1766,Bahamian pine mosaic,Other,,4413,0.4745,19,15,4,11,15,0.2667,0.2105,0.2353,0.5386,0.1302,0.2098
detectree2,tcd_tile_1767,New England-Acadian forests,N. American forest,,2453,0.4745,16,116,11,105,5,0.0948,0.6875,0.1667,0.8122,0.6063,0.6943
detectree2,tcd_tile_1768,Sarmatic mixed forests,European forest,,4490,0.4745,13,72,12,60,1,0.1667,0.9231,0.2824,0.809,0.472,0.5962
detectree2,tcd_tile_1769,Upper Midwest forest-savanna transition,N. American forest,,1957,0.4745,8,112,3,109,5,0.0268,0.375,0.05,0.5273,0.3443,0.4166
detectree2,tcd_tile_1770,Madeira-Tapajós moist forests,Latin American forest,,1661,0.4745,85,103,5,98,80,0.0485,0.0588,0.0532,0.5846,0.3077,0.4032
detectree2,tcd_tile_1771,Middle Atlantic coastal forests,Other,,2736,0.4745,53,46,7,39,46,0.1522,0.1321,0.1414,0.2301,0.2563,0.2425
detectree2,tcd_tile_1772,Middle Atlantic coastal forests,Other,,1425,0.4745,229,107,24,83,205,0.2243,0.1048,0.1429,0.2448,0.5894,0.3459
detectree2,tcd_tile_1773,Southern Great Lakes forests,N. American forest,,5056,0.4745,11,9,4,5,7,0.4444,0.3636,0.4,0.3074,0.2837,0.2951
detectree2,tcd_tile_1774,Northern Zanzibar-Inhambane coastal forest mosaic,African tropical forest,,2844,0.4745,109,78,26,52,83,0.3333,0.2385,0.2781,0.2791,0.4848,0.3543
detectree2,tcd_tile_1775,Northern Zanzibar-Inhambane coastal forest mosaic,African tropical forest,,602,0.4745,242,172,68,104,174,0.3953,0.281,0.3285,0.5852,0.5285,0.5554
detectree2,tcd_tile_1776,Sarmatic mixed forests,European forest,,2937,0.4745,1,69,1,68,0,0.0145,1.0,0.0286,0.9723,0.3557,0.5209
detectree2,tcd_tile_1777,Northern Zanzibar-Inhambane coastal forest mosaic,African tropical forest,,127,0.4745,90,59,7,52,83,0.1186,0.0778,0.094,0.0924,0.4474,0.1532
detectree2,tcd_tile_1778,Northern Acacia-Commiphora bushlands and thickets,Other,,595,0.4745,64,1,1,0,63,1.0,0.0156,0.0308,0.9217,0.0349,0.0673
detectree2,tcd_tile_1779,Northeastern coastal forests,N. American forest,,1583,0.4745,161,6,3,3,158,0.5,0.0186,0.0359,0.767,0.2018,0.3196
detectree2,tcd_tile_1780,Hawaii tropical moist forests,Other,,3962,0.4745,2,83,2,81,0,0.0241,1.0,0.0471,0.8956,0.539,0.673
detectree2,tcd_tile_1781,Crimean Submediterranean forest complex,Other,,1394,0.4745,105,114,53,61,52,0.4649,0.5048,0.484,0.5592,0.3092,0.3982
detectree2,tcd_tile_1782,Timor and Wetar deciduous forests,SE Asian & Pacific rainforest,,1299,0.4745,163,78,28,50,135,0.359,0.1718,0.2324,0.2136,0.3236,0.2573
detectree2,tcd_tile_1783,Northern Zanzibar-Inhambane coastal forest mosaic,African tropical forest,,927,0.4745,24,11,5,6,19,0.4545,0.2083,0.2857,0.2095,0.6388,0.3156
detectree2,tcd_tile_1784,Appalachian-Blue Ridge forests,N. American forest,,3554,0.4745,87,36,3,33,84,0.0833,0.0345,0.0488,0.1562,0.193,0.1727
detectree2,tcd_tile_1785,Iberian sclerophyllous and semi-deciduous forests,Other,,829,0.4745,193,80,40,40,153,0.5,0.2073,0.293,0.3441,0.357,0.3504
detectree2,tcd_tile_1786,Southern Zanzibar-Inhambane coastal forest mosaic,African tropical forest,,4671,0.4745,146,30,15,15,131,0.5,0.1027,0.1705,0.2094,0.1035,0.1385
detectree2,tcd_tile_1787,East African montane forests,African tropical forest,,2556,0.4745,72,51,5,46,67,0.098,0.0694,0.0813,0.7432,0.4812,0.5841
detectree2,tcd_tile_1788,Celtic broadleaf forests,European forest,,3730,0.4745,20,41,7,34,13,0.1707,0.35,0.2295,0.0986,0.3166,0.1504
detectree2,tcd_tile_1789,Southern Great Lakes forests,N. American forest,,4575,0.4745,15,20,4,16,11,0.2,0.2667,0.2286,0.2059,0.1449,0.1701
detectree2,tcd_tile_179,Southern Zanzibar-Inhambane coastal forest mosaic,African tropical forest,,2982,0.4745,113,62,8,54,105,0.129,0.0708,0.0914,0.5895,0.1967,0.295
detectree2,tcd_tile_1790,Taiheiyo evergreen forests,Other,,2768,0.4745,225,104,23,81,202,0.2212,0.1022,0.1398,0.2509,0.4723,0.3278
detectree2,tcd_tile_1791,Madeira-Tapajós moist forests,Latin American forest,,171,0.4745,1,153,1,152,0,0.0065,1.0,0.013,1.0,0.4402,0.6113
detectree2,tcd_tile_1792,Madeira-Tapajós moist forests,Latin American forest,,2151,0.4745,3,109,2,107,1,0.0183,0.6667,0.0357,1.0,0.3037,0.4659
detectree2,tcd_tile_1793,Central Indochina dry forests,Other,,4374,0.4745,111,130,26,104,85,0.2,0.2342,0.2158,0.5273,0.3805,0.442
detectree2,tcd_tile_1794,Western European broadleaf forests,European forest,,1474,0.4745,1,9,1,8,0,0.1111,1.0,0.2,0.0191,0.2129,0.0351
detectree2,tcd_tile_1795,Sarmatic mixed forests,European forest,,3005,0.4745,33,18,5,13,28,0.2778,0.1515,0.1961,0.4824,0.3968,0.4354
detectree2,tcd_tile_1796,Northern California coastal forests,N. American forest,,2432,0.4745,1,81,1,80,0,0.0123,1.0,0.0244,0.7339,0.404,0.5211
detectree2,tcd_tile_1797,Southern Great Lakes forests,N. American forest,,1497,0.4745,61,47,11,36,50,0.234,0.1803,0.2037,0.4558,0.6408,0.5327
detectree2,tcd_tile_1798,Vanuatu rain forests,Other,,2987,0.4745,0,5,0,5,0,0.0,0.0,0.0,0.0,0.0,0.0
detectree2,tcd_tile_1799,Magdalena Valley montane forests,Other,,939,0.4745,61,84,17,67,44,0.2024,0.2787,0.2345,0.0759,0.5229,0.1325
detectree2,tcd_tile_18,Chilean matorral,Arid / dryland,,1016,0.4745,0,3,0,3,0,0.0,0.0,0.0,0.0,0.0,0.0
detectree2,tcd_tile_180,Maputaland coastal forest mosaic,African tropical forest,,504,0.4745,17,43,2,41,15,0.0465,0.1176,0.0667,0.0169,0.4659,0.0326
detectree2,tcd_tile_1800,Bahia coastal forests,Latin American forest,,4556,0.4745,135,176,43,133,92,0.2443,0.3185,0.2765,0.2868,0.4309,0.3444
detectree2,tcd_tile_1801,Central U.S. hardwood forests,N. American forest,,3049,0.4745,116,48,15,33,101,0.3125,0.1293,0.1829,0.5758,0.427,0.4903
detectree2,tcd_tile_1802,Appalachian-Blue Ridge forests,N. American forest,,4387,0.4745,14,8,2,6,12,0.25,0.1429,0.1818,0.0489,0.0769,0.0598
detectree2,tcd_tile_1803,Central U.S. hardwood forests,N. American forest,,4017,0.4745,78,88,27,61,51,0.3068,0.3462,0.3253,0.489,0.5391,0.5128
detectree2,tcd_tile_1804,South Central Rockies forests,Other,,4275,0.4745,88,47,24,23,64,0.5106,0.2727,0.3556,0.5252,0.3252,0.4017
detectree2,tcd_tile_1805,Nihonkai montane deciduous forests,Other,,4527,0.4745,1,39,1,38,0,0.0256,1.0,0.05,0.9834,0.1795,0.3036
detectree2,tcd_tile_1806,Northern Zanzibar-Inhambane coastal forest mosaic,African tropical forest,,935,0.4745,225,61,25,36,200,0.4098,0.1111,0.1748,0.3131,0.4898,0.382
detectree2,tcd_tile_1807,Trans-Mexican Volcanic Belt pine-oak forests,Other,,1423,0.4745,149,23,12,11,137,0.5217,0.0805,0.1395,0.1152,0.2126,0.1495
detectree2,tcd_tile_1808,Scandinavian coastal conifer forests,Other,,3472,0.4745,66,67,10,57,56,0.1493,0.1515,0.1504,0.1677,0.3014,0.2155
detectree2,tcd_tile_1809,Sarmatic mixed forests,European forest,,4773,0.4745,29,16,1,15,28,0.0625,0.0345,0.0444,0.0269,0.127,0.0445
detectree2,tcd_tile_181,Timor and Wetar deciduous forests,SE Asian & Pacific rainforest,,215,0.4745,7,4,0,4,7,0.0,0.0,0.0,0.0,0.0,0.0
detectree2,tcd_tile_1810,Caucasus mixed forests,European forest,,2027,0.4745,5,33,3,30,2,0.0909,0.6,0.1579,0.9304,0.1499,0.2582
detectree2,tcd_tile_1811,Western European broadleaf forests,European forest,,3568,0.4745,8,50,5,45,3,0.1,0.625,0.1724,0.8493,0.3537,0.4994
detectree2,tcd_tile_1812,,Other,,3100,0.4745,0,26,0,26,0,0.0,0.0,0.0,0.0,0.0,0.0
detectree2,tcd_tile_1813,Central European mixed forests,European forest,,3829,0.4745,9,12,2,10,7,0.1667,0.2222,0.1905,0.1065,0.2655,0.152
detectree2,tcd_tile_1814,Uatuma-Trombetas moist forests,Latin American forest,,3004,0.4745,163,67,15,52,148,0.2239,0.092,0.1304,0.323,0.326,0.3244
detectree2,tcd_tile_1815,,Other,,521,0.4745,80,20,7,13,73,0.35,0.0875,0.14,0.0539,0.2857,0.0907
detectree2,tcd_tile_1816,Iberian sclerophyllous and semi-deciduous forests,Other,,1034,0.4745,403,50,32,18,371,0.64,0.0794,0.1413,0.1799,0.2694,0.2158
detectree2,tcd_tile_1817,Northern Zanzibar-Inhambane coastal forest mosaic,African tropical forest,,4598,0.4745,149,77,21,56,128,0.2727,0.1409,0.1858,0.1877,0.6263,0.2888
detectree2,tcd_tile_1818,Northern Zanzibar-Inhambane coastal forest mosaic,African tropical forest,,3746,0.4745,24,152,10,142,14,0.0658,0.4167,0.1136,0.6352,0.4908,0.5537
detectree2,tcd_tile_1819,Peruvian Yungas,Latin American forest,,3218,0.4745,30,57,11,46,19,0.193,0.3667,0.2529,0.6423,0.397,0.4907
detectree2,tcd_tile_1820,Southern Zanzibar-Inhambane coastal forest mosaic,African tropical forest,,4627,0.4745,102,83,30,53,72,0.3614,0.2941,0.3243,0.1497,0.6568,0.2438
detectree2,tcd_tile_1821,Hispaniolan moist forests,SE Asian & Pacific rainforest,,4961,0.4745,0,48,0,48,0,0.0,0.0,0.0,0.0,0.0,0.0
detectree2,tcd_tile_1822,Mindanao-Eastern Visayas rain forests,SE Asian & Pacific rainforest,,3702,0.4745,5,47,0,47,5,0.0,0.0,0.0,0.0,0.0,0.0
detectree2,tcd_tile_1823,East European forest steppe,European forest,,938,0.4745,3,27,3,24,0,0.1111,1.0,0.2,0.4748,0.4225,0.4471
detectree2,tcd_tile_1824,Scandinavian Montane Birch forest and grasslands,Other,,169,0.4745,50,15,5,10,45,0.3333,0.1,0.1538,0.2647,0.155,0.1955
detectree2,tcd_tile_1825,Scandinavian coastal conifer forests,Other,,2238,0.4745,50,162,22,140,28,0.1358,0.44,0.2075,0.4975,0.4367,0.4651
detectree2,tcd_tile_1826,Northern Zanzibar-Inhambane coastal forest mosaic,African tropical forest,,2131,0.4745,100,58,16,42,84,0.2759,0.16,0.2025,0.1014,0.6706,0.1762
detectree2,tcd_tile_1827,Northern Zanzibar-Inhambane coastal forest mosaic,African tropical forest,,2441,0.4745,228,99,50,49,178,0.5051,0.2193,0.3058,0.3031,0.5276,0.385
detectree2,tcd_tile_1828,Southern Zanzibar-Inhambane coastal forest mosaic,African tropical forest,,1667,0.4745,0,14,0,14,0,0.0,0.0,0.0,0.0,0.0,0.0
detectree2,tcd_tile_1829,Atlantic dry forests,Other,,1067,0.4745,198,140,64,76,134,0.4571,0.3232,0.3787,0.3062,0.5379,0.3903
detectree2,tcd_tile_183,Mindanao-Eastern Visayas rain forests,SE Asian & Pacific rainforest,,3070,0.4745,179,85,19,66,160,0.2235,0.1061,0.1439,0.534,0.2431,0.3341
detectree2,tcd_tile_1830,Eastern Guinean forests,African tropical forest,,1930,0.4745,22,63,2,61,20,0.0317,0.0909,0.0471,0.7208,0.3226,0.4457
detectree2,tcd_tile_1831,Southeastern mixed forests,N. American forest,,4658,0.4745,28,83,13,70,15,0.1566,0.4643,0.2342,0.7097,0.43,0.5355
detectree2,tcd_tile_1832,Willamette Valley forests,N. American forest,,2244,0.4745,2,15,1,14,1,0.0667,0.5,0.1176,0.0682,0.9482,0.1272
detectree2,tcd_tile_1833,Northern Zanzibar-Inhambane coastal forest mosaic,African tropical forest,,3819,0.4745,10,192,9,183,1,0.0469,0.9,0.0891,1.0,0.4001,0.5716
detectree2,tcd_tile_1834,Central Indochina dry forests,Other,,4570,0.4745,61,73,18,55,43,0.2466,0.2951,0.2687,0.4914,0.3622,0.417
detectree2,tcd_tile_1835,East European forest steppe,European forest,,2630,0.4745,114,84,22,62,92,0.2619,0.193,0.2222,0.4281,0.5252,0.4717
detectree2,tcd_tile_1836,Western European broadleaf forests,European forest,,4920,0.4745,5,180,5,175,0,0.0278,1.0,0.0541,0.9918,0.3998,0.5699
detectree2,tcd_tile_1837,Northern Zanzibar-Inhambane coastal forest mosaic,African tropical forest,,2609,0.4745,1,100,1,99,0,0.01,1.0,0.0198,0.9997,0.4093,0.5808
detectree2,tcd_tile_1838,Baltic mixed forests,European forest,,59,0.4745,23,22,7,15,16,0.3182,0.3043,0.3111,0.1614,0.3882,0.228
detectree2,tcd_tile_1839,Northern Zanzibar-Inhambane coastal forest mosaic,African tropical forest,,2471,0.4745,222,115,68,47,154,0.5913,0.3063,0.4036,0.6834,0.4263,0.5251
detectree2,tcd_tile_1840,Madeira-Tapajós moist forests,Latin American forest,,1651,0.4745,2,78,1,77,1,0.0128,0.5,0.025,0.9968,0.2764,0.4328
detectree2,tcd_tile_1841,Northern Zanzibar-Inhambane coastal forest mosaic,African tropical forest,,1011,0.4745,32,71,19,52,13,0.2676,0.5938,0.3689,0.7216,0.378,0.4962
detectree2,tcd_tile_1842,Balkan mixed forests,European forest,,4284,0.4745,121,53,16,37,105,0.3019,0.1322,0.1839,0.2068,0.483,0.2896
detectree2,tcd_tile_1843,North Central Rockies forests,N. American forest,,4185,0.4745,8,63,1,62,7,0.0159,0.125,0.0282,0.8551,0.2486,0.3852
detectree2,tcd_tile_1844,Himalayan subtropical broadleaf forests,Other,,1794,0.4745,4,65,1,64,3,0.0154,0.25,0.029,0.9504,0.2267,0.3661
detectree2,tcd_tile_1845,Valdivian temperate forests,Other,,3450,0.4745,26,36,6,30,20,0.1667,0.2308,0.1935,0.4021,0.5373,0.46
detectree2,tcd_tile_1846,Hokkaido deciduous forests,Other,,3772,0.4745,4,23,1,22,3,0.0435,0.25,0.0741,0.143,0.5635,0.2281
detectree2,tcd_tile_1847,Atlantic mixed forests,European forest,,376,0.4745,60,26,9,17,51,0.3462,0.15,0.2093,0.5505,0.2997,0.3881
detectree2,tcd_tile_1848,Southern Great Lakes forests,N. American forest,,4705,0.4745,32,36,7,29,25,0.1944,0.2188,0.2059,0.1001,0.4983,0.1667
detectree2,tcd_tile_1849,Northern Zanzibar-Inhambane coastal forest mosaic,African tropical forest,,149,0.4745,6,2,1,1,5,0.5,0.1667,0.25,0.0825,0.2566,0.1248
detectree2,tcd_tile_1850,Northern Zanzibar-Inhambane coastal forest mosaic,African tropical forest,,946,0.4745,156,220,49,171,107,0.2227,0.3141,0.2606,0.6427,0.4582,0.535
detectree2,tcd_tile_1851,Northern Zanzibar-Inhambane coastal forest mosaic,African tropical forest,,4036,0.4745,1,207,1,206,0,0.0048,1.0,0.0096,1.0,0.3567,0.5258
detectree2,tcd_tile_1852,Central European mixed forests,European forest,,1473,0.4745,1,16,1,15,0,0.0625,1.0,0.1176,0.8576,0.041,0.0783
detectree2,tcd_tile_1853,Sarmatic mixed forests,European forest,,2742,0.4745,82,162,41,121,41,0.2531,0.5,0.3361,0.8277,0.4988,0.6225
detectree2,tcd_tile_1854,Eastern Guinean forests,African tropical forest,,2502,0.4745,2,35,2,33,0,0.0571,1.0,0.1081,0.1054,0.7387,0.1844
detectree2,tcd_tile_1855,Madeira-Tapajós moist forests,Latin American forest,,1357,0.4745,1,146,1,145,0,0.0068,1.0,0.0136,0.9998,0.437,0.6081
detectree2,tcd_tile_1856,Western European broadleaf forests,European forest,,193,0.4745,57,53,14,39,43,0.2642,0.2456,0.2545,0.3415,0.6943,0.4578
detectree2,tcd_tile_1857,Northern Zanzibar-Inhambane coastal forest mosaic,African tropical forest,,931,0.4745,175,119,35,84,140,0.2941,0.2,0.2381,0.2373,0.4326,0.3065
detectree2,tcd_tile_1858,Northern Zanzibar-Inhambane coastal forest mosaic,African tropical forest,,4121,0.4745,162,68,13,55,149,0.1912,0.0802,0.113,0.0708,0.4412,0.1221
detectree2,tcd_tile_1859,Mindanao-Eastern Visayas rain forests,SE Asian & Pacific rainforest,,3651,0.4745,327,136,18,118,309,0.1324,0.055,0.0778,0.685,0.342,0.4562
detectree2,tcd_tile_186,Northern Zanzibar-Inhambane coastal forest mosaic,African tropical forest,,2675,0.4745,26,15,13,2,13,0.8667,0.5,0.6341,0.7122,0.456,0.556
detectree2,tcd_tile_1860,Central African mangroves,African tropical forest,,1230,0.4745,142,42,20,22,122,0.4762,0.1408,0.2174,0.3561,0.4055,0.3792
detectree2,tcd_tile_1861,Timor and Wetar deciduous forests,SE Asian & Pacific rainforest,,4603,0.4745,105,54,5,49,100,0.0926,0.0476,0.0629,0.8756,0.2457,0.3837
detectree2,tcd_tile_1862,Central European mixed forests,European forest,,2129,0.4745,52,55,9,46,43,0.1636,0.1731,0.1682,0.4303,0.2862,0.3438
detectree2,tcd_tile_1863,Southern Great Lakes forests,N. American forest,,4253,0.4745,31,49,9,40,22,0.1837,0.2903,0.225,0.4481,0.1696,0.246
detectree2,tcd_tile_1864,Huang He Plain mixed forests,Other,,2283,0.4745,142,54,21,33,121,0.3889,0.1479,0.2143,0.2904,0.3587,0.3209
detectree2,tcd_tile_1865,Celtic broadleaf forests,European forest,,3531,0.4745,7,81,7,74,0,0.0864,1.0,0.1591,0.6678,0.4063,0.5052
detectree2,tcd_tile_1866,Southern Great Lakes forests,N. American forest,,3971,0.4745,3,12,0,12,3,0.0,0.0,0.0,0.0032,0.0028,0.003
detectree2,tcd_tile_1867,Northern Anatolian conifer and deciduous forests,Other,,3199,0.4745,178,61,14,47,164,0.2295,0.0787,0.1172,0.1166,0.2305,0.1548
detectree2,tcd_tile_1868,,Other,,1246,0.4745,26,8,2,6,24,0.25,0.0769,0.1176,0.0514,0.5296,0.0937
detectree2,tcd_tile_1869,New England-Acadian forests,N. American forest,,1434,0.4745,9,129,6,123,3,0.0465,0.6667,0.087,0.8663,0.5408,0.6659
detectree2,tcd_tile_187,Northern Zanzibar-Inhambane coastal forest mosaic,African tropical forest,,2710,0.4745,180,159,56,103,124,0.3522,0.3111,0.3304,0.3672,0.5328,0.4348
detectree2,tcd_tile_1870,California interior chaparral and woodlands,Other,,544,0.4745,20,13,6,7,14,0.4615,0.3,0.3636,0.0932,0.6617,0.1634
detectree2,tcd_tile_1871,Appalachian mixed mesophytic forests,Other,,2036,0.4745,1,46,0,46,1,0.0,0.0,0.0,0.0,0.0,0.0
detectree2,tcd_tile_1872,Upper Midwest forest-savanna transition,N. American forest,,3104,0.4745,20,25,8,17,12,0.32,0.4,0.3556,0.6976,0.225,0.3403
detectree2,tcd_tile_1873,Northern Zanzibar-Inhambane coastal forest mosaic,African tropical forest,,3045,0.4745,70,55,11,44,59,0.2,0.1571,0.176,0.6974,0.3179,0.4367
detectree2,tcd_tile_1874,,Other,,655,0.4745,89,42,10,32,79,0.2381,0.1124,0.1527,0.6472,0.4874,0.5561
detectree2,tcd_tile_1875,Timor and Wetar deciduous forests,SE Asian & Pacific rainforest,,3599,0.4745,114,99,36,63,78,0.3636,0.3158,0.338,0.358,0.4062,0.3806
detectree2,tcd_tile_1876,Central U.S. hardwood forests,N. American forest,,2474,0.4745,86,56,20,36,66,0.3571,0.2326,0.2817,0.3481,0.5386,0.4229
detectree2,tcd_tile_1877,Northern Zanzibar-Inhambane coastal forest mosaic,African tropical forest,,868,0.4745,252,92,42,50,210,0.4565,0.1667,0.2442,0.2881,0.3293,0.3073
detectree2,tcd_tile_1878,Sarmatic mixed forests,European forest,,1754,0.4745,4,75,3,72,1,0.04,0.75,0.0759,0.7277,0.3962,0.5131
detectree2,tcd_tile_1879,Luzon rain forests,SE Asian & Pacific rainforest,,4492,0.4745,376,76,24,52,352,0.3158,0.0638,0.1062,0.2812,0.3444,0.3096
detectree2,tcd_tile_188,Hispaniolan moist forests,SE Asian & Pacific rainforest,,3569,0.4745,21,24,3,21,18,0.125,0.1429,0.1333,0.061,0.2963,0.1012
detectree2,tcd_tile_1880,Irrawaddy moist deciduous forests,Other,,104,0.4745,32,39,11,28,21,0.2821,0.3438,0.3099,0.1755,0.2924,0.2193
detectree2,tcd_tile_1881,Baltic mixed forests,European forest,,1174,0.4745,1,39,1,38,0,0.0256,1.0,0.05,0.5271,0.4146,0.4641
detectree2,tcd_tile_1882,Central European mixed forests,European forest,,1883,0.4745,32,109,16,93,16,0.1468,0.5,0.227,0.705,0.6266,0.6635
detectree2,tcd_tile_1883,Northern Zanzibar-Inhambane coastal forest mosaic,African tropical forest,,1206,0.4745,6,37,2,35,4,0.0541,0.3333,0.093,0.518,0.1979,0.2864
detectree2,tcd_tile_1884,Sumatran lowland rain forests,SE Asian & Pacific rainforest,,4038,0.4745,295,71,36,35,259,0.507,0.122,0.1967,0.359,0.3904,0.374
detectree2,tcd_tile_1885,Appalachian mixed mesophytic forests,Other,,2128,0.4745,61,41,5,36,56,0.122,0.082,0.098,0.0925,0.544,0.1582
detectree2,tcd_tile_1886,Central Andean dry puna,Other,,817,0.4745,1,8,0,8,1,0.0,0.0,0.0,0.0,0.0,0.0
detectree2,tcd_tile_1887,Northern Zanzibar-Inhambane coastal forest mosaic,African tropical forest,,4541,0.4745,15,98,7,91,8,0.0714,0.4667,0.1239,0.8709,0.4178,0.5647
detectree2,tcd_tile_1888,Tasmanian temperate forests,Other,,1693,0.4745,1,77,1,76,0,0.013,1.0,0.0256,0.9938,0.3065,0.4685
detectree2,tcd_tile_1889,Vanuatu rain forests,Other,,2163,0.4745,43,32,4,28,39,0.125,0.093,0.1067,0.18,0.2207,0.1982
detectree2,tcd_tile_189,Cerrado,Latin American forest,,1214,0.4745,1,18,1,17,0,0.0556,1.0,0.1053,0.1177,0.9399,0.2093
detectree2,tcd_tile_1890,East European forest steppe,European forest,,490,0.4745,83,117,35,82,48,0.2991,0.4217,0.35,0.2141,0.589,0.314
detectree2,tcd_tile_1891,Luzon rain forests,SE Asian & Pacific rainforest,,4855,0.4745,223,97,25,72,198,0.2577,0.1121,0.1562,0.1115,0.3601,0.1702
detectree2,tcd_tile_1892,Southern Zanzibar-Inhambane coastal forest mosaic,African tropical forest,,2934,0.4745,64,38,10,28,54,0.2632,0.1562,0.1961,0.0538,0.5615,0.0982
detectree2,tcd_tile_1893,Southeastern mixed forests,N. American forest,,4736,0.4745,6,60,2,58,4,0.0333,0.3333,0.0606,0.676,0.174,0.2767
detectree2,tcd_tile_1894,Caucasus mixed forests,European forest,,4243,0.4745,52,134,33,101,19,0.2463,0.6346,0.3548,0.715,0.6336,0.6719
detectree2,tcd_tile_1895,Southern Zanzibar-Inhambane coastal forest mosaic,African tropical forest,,4698,0.4745,160,100,32,68,128,0.32,0.2,0.2462,0.1949,0.464,0.2745
detectree2,tcd_tile_1896,Baltic mixed forests,European forest,,2564,0.4745,6,4,1,3,5,0.25,0.1667,0.2,0.0658,0.0468,0.0547
detectree2,tcd_tile_1897,Nigerian lowland forests,African tropical forest,,4701,0.4745,0,70,0,70,0,0.0,0.0,0.0,0.0,0.0,0.0
detectree2,tcd_tile_1898,Nihonkai montane deciduous forests,Other,,4534,0.4745,45,121,20,101,25,0.1653,0.4444,0.241,0.6604,0.4302,0.521
detectree2,tcd_tile_1899,Sierra Nevada forests,N. American forest,,3871,0.4745,82,66,19,47,63,0.2879,0.2317,0.2568,0.3486,0.4162,0.3794
detectree2,tcd_tile_19,West Sudanian savanna,Arid / dryland,,699,0.4745,101,82,41,41,60,0.5,0.4059,0.4481,0.4694,0.6178,0.5335
detectree2,tcd_tile_190,Central U.S. hardwood forests,N. American forest,,1538,0.4745,48,78,12,66,36,0.1538,0.25,0.1905,0.4468,0.7257,0.553
detectree2,tcd_tile_1900,Western Java montane rain forests,Other,,1713,0.4745,10,71,8,63,2,0.1127,0.8,0.1975,1.0,0.434,0.6053
detectree2,tcd_tile_1901,Northeastern coastal forests,N. American forest,,1714,0.4745,40,26,6,20,34,0.2308,0.15,0.1818,0.135,0.2138,0.1655
detectree2,tcd_tile_1902,Northern Zanzibar-Inhambane coastal forest mosaic,African tropical forest,,1176,0.4745,227,120,32,88,195,0.2667,0.141,0.1844,0.3178,0.489,0.3852
detectree2,tcd_tile_1903,Himalayan subtropical broadleaf forests,Other,,1609,0.4745,105,53,5,48,100,0.0943,0.0476,0.0633,0.7163,0.3245,0.4467
detectree2,tcd_tile_1904,Western European broadleaf forests,European forest,,4928,0.4745,2,28,1,27,1,0.0357,0.5,0.0667,0.9264,0.1473,0.2542
detectree2,tcd_tile_1905,Lesser Sundas deciduous forests,SE Asian & Pacific rainforest,,2435,0.4745,15,30,4,26,11,0.1333,0.2667,0.1778,0.2547,0.1965,0.2219
detectree2,tcd_tile_1906,Sarmatic mixed forests,European forest,,1966,0.4745,5,178,2,176,3,0.0112,0.4,0.0219,0.9311,0.4717,0.6262
detectree2,tcd_tile_1907,Fiji tropical dry forests,Other,,2243,0.4745,27,101,13,88,14,0.1287,0.4815,0.2031,0.7611,0.3061,0.4366
detectree2,tcd_tile_1908,Central Indochina dry forests,Other,,4429,0.4745,234,146,55,91,179,0.3767,0.235,0.2895,0.2841,0.4017,0.3328
detectree2,tcd_tile_1909,,Other,,491,0.4745,42,75,5,70,37,0.0667,0.119,0.0855,0.0366,0.3822,0.0669
detectree2,tcd_tile_191,Serra do Mar coastal forests,Latin American forest,,4347,0.4745,11,84,3,81,8,0.0357,0.2727,0.0632,0.7054,0.2768,0.3976
detectree2,tcd_tile_1910,Himalayan subtropical broadleaf forests,Other,,91,0.4745,206,37,17,20,189,0.4595,0.0825,0.1399,0.4078,0.4636,0.4339
detectree2,tcd_tile_1911,Balkan mixed forests,European forest,,197,0.4745,89,68,22,46,67,0.3235,0.2472,0.2803,0.3894,0.3954,0.3924
detectree2,tcd_tile_1912,Northern Zanzibar-Inhambane coastal forest mosaic,African tropical forest,,4060,0.4745,253,98,43,55,210,0.4388,0.17,0.245,0.3215,0.3567,0.3382
detectree2,tcd_tile_1913,Northern Zanzibar-Inhambane coastal forest mosaic,African tropical forest,,783,0.4745,199,105,35,70,164,0.3333,0.1759,0.2303,0.5578,0.367,0.4428
detectree2,tcd_tile_1914,East European forest steppe,European forest,,786,0.4745,112,107,27,80,85,0.2523,0.2411,0.2466,0.1263,0.4492,0.1972
detectree2,tcd_tile_1915,Northern Anatolian conifer and deciduous forests,Other,,1539,0.4745,46,23,4,19,42,0.1739,0.087,0.1159,0.1775,0.2029,0.1893
detectree2,tcd_tile_1916,Sierra Nevada forests,N. American forest,,1810,0.4745,138,73,20,53,118,0.274,0.1449,0.1896,0.2679,0.3137,0.289
detectree2,tcd_tile_1917,Northern Congolian forest-savanna mosaic,African tropical forest,,910,0.4745,27,45,3,42,24,0.0667,0.1111,0.0833,0.0155,0.45,0.03
detectree2,tcd_tile_1918,"Sao Tome, Principe and Annobon moist lowland forests",Other,,1447,0.4745,28,76,11,65,17,0.1447,0.3929,0.2115,0.6147,0.409,0.4912
detectree2,tcd_tile_1919,Northern Zanzibar-Inhambane coastal forest mosaic,African tropical forest,,518,0.4745,116,80,26,54,90,0.325,0.2241,0.2653,0.1514,0.5414,0.2366
detectree2,tcd_tile_1920,North Island temperate forests,Other,,2292,0.4745,58,13,3,10,55,0.2308,0.0517,0.0845,0.1116,0.0899,0.0996
detectree2,tcd_tile_1921,Upper Midwest forest-savanna transition,N. American forest,,2898,0.4745,96,57,8,49,88,0.1404,0.0833,0.1046,0.2864,0.4152,0.339
detectree2,tcd_tile_1922,Baltic mixed forests,European forest,,3627,0.4745,38,46,20,26,18,0.4348,0.5263,0.4762,0.4553,0.5391,0.4937
detectree2,tcd_tile_1923,Scandinavian and Russian taiga,Other,,371,0.4745,69,146,53,93,16,0.363,0.7681,0.493,0.7036,0.6486,0.675
detectree2,tcd_tile_1924,Celtic broadleaf forests,European forest,,4894,0.4745,0,18,0,18,0,0.0,0.0,0.0,0.0,0.0,0.0
detectree2,tcd_tile_1925,Nihonkai montane deciduous forests,Other,,4431,0.4745,5,26,3,23,2,0.1154,0.6,0.1935,0.732,0.2404,0.3619
detectree2,tcd_tile_1926,Northern California coastal forests,N. American forest,,2530,0.4745,0,0,0,0,0,0.0,0.0,0.0,0.0,0.0,0.0
detectree2,tcd_tile_1927,Luzon rain forests,SE Asian & Pacific rainforest,,1127,0.4745,21,79,5,74,16,0.0633,0.2381,0.1,0.3289,0.4683,0.3864
detectree2,tcd_tile_1928,Central U.S. hardwood forests,N. American forest,,3981,0.4745,8,60,4,56,4,0.0667,0.5,0.1176,0.7448,0.4014,0.5217
detectree2,tcd_tile_1929,Upper Gangetic Plains moist deciduous forests,Other,,3936,0.4745,66,81,19,62,47,0.2346,0.2879,0.2585,0.5669,0.5163,0.5404
detectree2,tcd_tile_1930,Northern California coastal forests,N. American forest,,2892,0.4745,1,6,1,5,0,0.1667,1.0,0.2857,0.9919,0.4267,0.5967
detectree2,tcd_tile_1931,Taiwan subtropical evergreen forests,SE Asian & Pacific rainforest,,1976,0.4745,117,36,17,19,100,0.4722,0.1453,0.2222,0.1109,0.209,0.1449
detectree2,tcd_tile_1932,Central Indochina dry forests,Other,,4609,0.4745,251,145,56,89,195,0.3862,0.2231,0.2828,0.477,0.4079,0.4397
detectree2,tcd_tile_1933,Granitic Seychelles forests,Other,,1529,0.4745,120,129,22,107,98,0.1705,0.1833,0.1767,0.7348,0.2917,0.4176
detectree2,tcd_tile_1934,Southern Great Lakes forests,N. American forest,,1369,0.4745,11,9,4,5,7,0.4444,0.3636,0.4,0.1797,0.3313,0.233
detectree2,tcd_tile_1935,Central Indochina dry forests,Other,,4565,0.4745,213,159,58,101,155,0.3648,0.2723,0.3118,0.5404,0.5947,0.5662
detectree2,tcd_tile_1936,Central European mixed forests,European forest,,3341,0.4745,52,81,22,59,30,0.2716,0.4231,0.3308,0.3356,0.6165,0.4346
detectree2,tcd_tile_1937,Northern Zanzibar-Inhambane coastal forest mosaic,African tropical forest,,492,0.4745,31,62,18,44,13,0.2903,0.5806,0.3871,0.135,0.7789,0.23
detectree2,tcd_tile_1938,Sarmatic mixed forests,European forest,,4886,0.4745,19,95,10,85,9,0.1053,0.5263,0.1754,0.4305,0.5931,0.4989
detectree2,tcd_tile_1939,Alto Paraná Atlantic forests,Other,,3390,0.4745,1,26,1,25,0,0.0385,1.0,0.0741,0.9976,0.2098,0.3467
detectree2,tcd_tile_1940,Taiheiyo evergreen forests,Other,,4000,0.4745,2,47,2,45,0,0.0426,1.0,0.0816,0.9457,0.1968,0.3258
detectree2,tcd_tile_1941,Northern Zanzibar-Inhambane coastal forest mosaic,African tropical forest,,3102,0.4745,49,13,7,6,42,0.5385,0.1429,0.2258,0.3502,0.3244,0.3368
detectree2,tcd_tile_1942,Upper Midwest forest-savanna transition,N. American forest,,3331,0.4745,1,4,1,3,0,0.25,1.0,0.4,0.5825,0.0981,0.168
detectree2,tcd_tile_1943,Willamette Valley forests,N. American forest,,2340,0.4745,14,9,0,9,14,0.0,0.0,0.0,0.0,0.0,0.0
detectree2,tcd_tile_1944,Northern Zanzibar-Inhambane coastal forest mosaic,African tropical forest,,1989,0.4745,223,115,42,73,181,0.3652,0.1883,0.2485,0.5128,0.4655,0.488
detectree2,tcd_tile_1945,Celtic broadleaf forests,European forest,,3992,0.4745,36,38,5,33,31,0.1316,0.1389,0.1351,0.042,0.6721,0.079
detectree2,tcd_tile_1946,Appalachian-Blue Ridge forests,N. American forest,,2146,0.4745,17,17,2,15,15,0.1176,0.1176,0.1176,0.0501,0.1286,0.0722
detectree2,tcd_tile_1947,Northern Zanzibar-Inhambane coastal forest mosaic,African tropical forest,,2398,0.4745,74,139,36,103,38,0.259,0.4865,0.338,0.6468,0.4029,0.4965
detectree2,tcd_tile_1948,Atlantic coastal pine barrens,Other,,2038,0.4745,27,13,1,12,26,0.0769,0.037,0.05,0.2017,0.0866,0.1212
detectree2,tcd_tile_1949,Pannonian mixed forests,European forest,,4911,0.4745,89,71,26,45,63,0.3662,0.2921,0.325,0.3148,0.4654,0.3756
detectree2,tcd_tile_1950,Sierra Nevada forests,N. American forest,,3011,0.4745,67,54,11,43,56,0.2037,0.1642,0.1818,0.3031,0.3408,0.3209
detectree2,tcd_tile_1951,Lesser Sundas deciduous forests,SE Asian & Pacific rainforest,,2059,0.4745,14,18,5,13,9,0.2778,0.3571,0.3125,0.1715,0.8318,0.2843
detectree2,tcd_tile_1952,Caucasus mixed forests,European forest,,1679,0.4745,12,203,9,194,3,0.0443,0.75,0.0837,0.9535,0.5183,0.6716
detectree2,tcd_tile_1953,Sulawesi lowland rain forests,SE Asian & Pacific rainforest,,3762,0.4745,45,39,8,31,37,0.2051,0.1778,0.1905,0.2294,0.3777,0.2855
detectree2,tcd_tile_1954,Northern Zanzibar-Inhambane coastal forest mosaic,African tropical forest,,1354,0.4745,45,71,9,62,36,0.1268,0.2,0.1552,0.3173,0.3705,0.3418
detectree2,tcd_tile_1955,Southern Great Lakes forests,N. American forest,,331,0.4745,41,30,14,16,27,0.4667,0.3415,0.3944,0.5431,0.3656,0.437
detectree2,tcd_tile_1956,Balkan mixed forests,European forest,,2660,0.4745,134,87,34,53,100,0.3908,0.2537,0.3077,0.1835,0.5682,0.2774
detectree2,tcd_tile_1957,Southern Zanzibar-Inhambane coastal forest mosaic,African tropical forest,,2379,0.4745,140,102,21,81,119,0.2059,0.15,0.1736,0.4981,0.3849,0.4343
detectree2,tcd_tile_1958,Humid Pampas,Other,,1216,0.4745,36,53,21,32,15,0.3962,0.5833,0.4719,0.4648,0.429,0.4462
detectree2,tcd_tile_1959,Mato Grosso seasonal forests,Latin American forest,,3043,0.4745,135,146,54,92,81,0.3699,0.4,0.3843,0.3281,0.4478,0.3787
detectree2,tcd_tile_1960,Celtic broadleaf forests,European forest,,1547,0.4745,87,40,15,25,72,0.375,0.1724,0.2362,0.3605,0.4553,0.4024
detectree2,tcd_tile_1961,,Other,,4323,0.4745,33,40,17,23,16,0.425,0.5152,0.4658,0.2841,0.5641,0.3779
detectree2,tcd_tile_1962,Luzon rain forests,SE Asian & Pacific rainforest,,4229,0.4745,212,133,29,104,183,0.218,0.1368,0.1681,0.2939,0.3598,0.3235
detectree2,tcd_tile_1963,New England-Acadian forests,N. American forest,,3888,0.4745,9,132,7,125,2,0.053,0.7778,0.0993,0.9452,0.5011,0.6549
detectree2,tcd_tile_1964,Irrawaddy moist deciduous forests,Other,,734,0.4745,27,47,12,35,15,0.2553,0.4444,0.3243,0.269,0.4325,0.3317
detectree2,tcd_tile_1965,Central forest-grasslands transition,Other,,242,0.4745,37,32,15,17,22,0.4688,0.4054,0.4348,0.6976,0.5765,0.6313
detectree2,tcd_tile_1966,Atlantic mixed forests,European forest,,1330,0.4745,23,100,19,81,4,0.19,0.8261,0.3089,0.9429,0.4678,0.6253
detectree2,tcd_tile_1967,Sarmatic mixed forests,European forest,,3580,0.4745,1,29,1,28,0,0.0345,1.0,0.0667,0.7663,0.3706,0.4996
detectree2,tcd_tile_1968,Northern Zanzibar-Inhambane coastal forest mosaic,African tropical forest,,382,0.4745,386,132,59,73,327,0.447,0.1528,0.2278,0.2657,0.3659,0.3078
detectree2,tcd_tile_1969,Northeastern coastal forests,N. American forest,,3229,0.4745,8,16,2,14,6,0.125,0.25,0.1667,0.5952,0.0672,0.1208
detectree2,tcd_tile_1970,North Island temperate forests,Other,,889,0.4745,11,37,6,31,5,0.1622,0.5455,0.25,0.1268,0.7924,0.2186
detectree2,tcd_tile_1971,Cerrado,Latin American forest,,964,0.4745,23,51,4,47,19,0.0784,0.1739,0.1081,0.6157,0.2694,0.3748
detectree2,tcd_tile_1972,Atlantic coastal pine barrens,Other,,3118,0.4745,215,18,1,17,214,0.0556,0.0047,0.0086,0.5401,0.1358,0.217
detectree2,tcd_tile_1973,,Other,,325,0.4745,29,20,5,15,24,0.25,0.1724,0.2041,0.7979,0.2795,0.4139
detectree2,tcd_tile_1974,Sarmatic mixed forests,European forest,,4907,0.4745,1,139,1,138,0,0.0072,1.0,0.0143,0.916,0.5413,0.6805
detectree2,tcd_tile_1975,Southeastern mixed forests,N. American forest,,4348,0.4745,98,62,30,32,68,0.4839,0.3061,0.375,0.4074,0.2524,0.3117
detectree2,tcd_tile_1976,Northeastern coastal forests,N. American forest,,3240,0.4745,9,13,1,12,8,0.0769,0.1111,0.0909,0.9131,0.1478,0.2544
detectree2,tcd_tile_1977,Lesser Sundas deciduous forests,SE Asian & Pacific rainforest,,1682,0.4745,9,142,7,135,2,0.0493,0.7778,0.0927,0.9784,0.4323,0.5997
detectree2,tcd_tile_1978,Madeira-Tapajós moist forests,Latin American forest,,3500,0.4745,78,156,7,149,71,0.0449,0.0897,0.0598,0.909,0.3921,0.5479
detectree2,tcd_tile_1979,Northwestern Andean montane forests,Latin American forest,,752,0.4745,6,2,1,1,5,0.5,0.1667,0.25,0.0671,0.2678,0.1073
detectree2,tcd_tile_198,New England-Acadian forests,N. American forest,,2455,0.4745,2,73,2,71,0,0.0274,1.0,0.0533,0.8972,0.4967,0.6394
detectree2,tcd_tile_1980,,Other,,3113,0.4745,129,146,50,96,79,0.3425,0.3876,0.3636,0.4527,0.6093,0.5194
detectree2,tcd_tile_1981,Balsas dry forests,Other,,2585,0.4745,104,23,3,20,101,0.1304,0.0288,0.0472,0.0692,0.1267,0.0895
detectree2,tcd_tile_1982,Hispaniolan moist forests,SE Asian & Pacific rainforest,,4829,0.4745,36,40,5,35,31,0.125,0.1389,0.1316,0.0549,0.3725,0.0956
detectree2,tcd_tile_1983,Bahamian pine mosaic,Other,,4198,0.4745,4,10,2,8,2,0.2,0.5,0.2857,0.7476,0.0967,0.1712
detectree2,tcd_tile_1984,East European forest steppe,European forest,,4912,0.4745,38,39,6,33,32,0.1538,0.1579,0.1558,0.2076,0.2076,0.2076
detectree2,tcd_tile_1985,Madeira-Tapajós moist forests,Latin American forest,,322,0.4745,1,227,1,226,0,0.0044,1.0,0.0088,1.0,0.4772,0.6461
detectree2,tcd_tile_1986,Southern Great Lakes forests,N. American forest,,5013,0.4745,5,9,2,7,3,0.2222,0.4,0.2857,0.2743,0.0254,0.0465
detectree2,tcd_tile_1987,Northeastern coastal forests,N. American forest,,3061,0.4745,16,16,4,12,12,0.25,0.25,0.25,0.3294,0.4286,0.3725
detectree2,tcd_tile_1988,Himalayan subtropical pine forests,Other,,5070,0.4745,184,81,18,63,166,0.2222,0.0978,0.1358,0.5276,0.1594,0.2448
detectree2,tcd_tile_1989,Northern Zanzibar-Inhambane coastal forest mosaic,African tropical forest,,3543,0.4745,144,147,46,101,98,0.3129,0.3194,0.3162,0.453,0.4684,0.4606
detectree2,tcd_tile_199,Madeira-Tapajós moist forests,Latin American forest,,805,0.4745,1,135,1,134,0,0.0074,1.0,0.0147,0.9996,0.3595,0.5288
detectree2,tcd_tile_1990,,Other,,4037,0.4745,0,23,0,23,0,0.0,0.0,0.0,0.0,0.0,0.0
detectree2,tcd_tile_1991,Irrawaddy moist deciduous forests,Other,,15,0.4745,118,64,25,39,93,0.3906,0.2119,0.2747,0.6148,0.3999,0.4846
detectree2,tcd_tile_1992,Northeastern coastal forests,N. American forest,,2274,0.4745,1,1,1,0,0,1.0,1.0,1.0,1.0,0.0239,0.0467
detectree2,tcd_tile_1993,Northern Zanzibar-Inhambane coastal forest mosaic,African tropical forest,,3656,0.4745,90,151,36,115,54,0.2384,0.4,0.2988,0.7092,0.4398,0.543
detectree2,tcd_tile_1994,Caucasus mixed forests,European forest,,198,0.4745,15,110,7,103,8,0.0636,0.4667,0.112,0.829,0.3416,0.4838
detectree2,tcd_tile_1995,Central European mixed forests,European forest,,2397,0.4745,57,94,14,80,43,0.1489,0.2456,0.1854,0.4156,0.3761,0.3948
detectree2,tcd_tile_1996,Bahia coastal forests,Latin American forest,,4086,0.4745,40,112,6,106,34,0.0536,0.15,0.0789,0.7654,0.3201,0.4514
detectree2,tcd_tile_1997,Madeira-Tapajós moist forests,Latin American forest,,3576,0.4745,74,91,5,86,69,0.0549,0.0676,0.0606,0.3703,0.2821,0.3202
detectree2,tcd_tile_1998,Luzon rain forests,SE Asian & Pacific rainforest,,3910,0.4745,45,58,22,36,23,0.3793,0.4889,0.4272,0.319,0.5146,0.3938
detectree2,tcd_tile_1999,Changjiang Plain evergreen forests,Other,,4305,0.4745,29,26,8,18,21,0.3077,0.2759,0.2909,0.5747,0.4053,0.4753
detectree2,tcd_tile_2,Central Mexican matorral,Arid / dryland,,882,0.4745,65,90,37,53,28,0.4111,0.5692,0.4774,0.7748,0.5421,0.6379
detectree2,tcd_tile_20,Zambezian and Mopane woodlands,Arid / dryland,,276,0.4745,37,67,15,52,22,0.2239,0.4054,0.2885,0.0763,0.6196,0.1358
detectree2,tcd_tile_200,Northern Zanzibar-Inhambane coastal forest mosaic,African tropical forest,,4424,0.4745,117,134,27,107,90,0.2015,0.2308,0.2151,0.6236,0.3268,0.4288
detectree2,tcd_tile_2000,English Lowlands beech forests,European forest,,3251,0.4745,2,9,1,8,1,0.1111,0.5,0.1818,0.3473,0.3503,0.3488
detectree2,tcd_tile_2001,Northern Zanzibar-Inhambane coastal forest mosaic,African tropical forest,,1122,0.4745,130,57,26,31,104,0.4561,0.2,0.2781,0.2303,0.2919,0.2575
detectree2,tcd_tile_2002,Luzon rain forests,SE Asian & Pacific rainforest,,1704,0.4745,22,91,4,87,18,0.044,0.1818,0.0708,0.9706,0.3326,0.4954
detectree2,tcd_tile_2003,Northern Zanzibar-Inhambane coastal forest mosaic,African tropical forest,,1743,0.4745,106,70,21,49,85,0.3,0.1981,0.2386,0.3557,0.2535,0.296
detectree2,tcd_tile_2004,Hispaniolan moist forests,SE Asian & Pacific rainforest,,2273,0.4745,31,25,3,22,28,0.12,0.0968,0.1071,0.0405,0.1597,0.0646
detectree2,tcd_tile_2005,Sarmatic mixed forests,European forest,,239,0.4745,71,179,32,147,39,0.1788,0.4507,0.256,0.8522,0.4616,0.5988
detectree2,tcd_tile_2006,,Other,,996,0.4745,0,7,0,7,0,0.0,0.0,0.0,0.0,0.0,0.0
detectree2,tcd_tile_2007,Central Andean puna,Other,,810,0.4745,10,10,5,5,5,0.5,0.5,0.5,0.3868,0.431,0.4077
detectree2,tcd_tile_2008,Madeira-Tapajós moist forests,Latin American forest,,94,0.4745,3,206,3,203,0,0.0146,1.0,0.0287,0.9842,0.4832,0.6481
detectree2,tcd_tile_2009,Northern Congolian forest-savanna mosaic,African tropical forest,,210,0.4745,104,101,28,73,76,0.2772,0.2692,0.2732,0.1168,0.5669,0.1936
detectree2,tcd_tile_2010,Northern Zanzibar-Inhambane coastal forest mosaic,African tropical forest,,2014,0.4745,156,93,19,74,137,0.2043,0.1218,0.1526,0.1522,0.3384,0.21
detectree2,tcd_tile_2011,Central European mixed forests,European forest,,4580,0.4745,0,86,0,86,0,0.0,0.0,0.0,0.0,0.0,0.0
detectree2,tcd_tile_2012,Vanuatu rain forests,Other,,3909,0.4745,4,16,3,13,1,0.1875,0.75,0.3,0.9278,0.1096,0.1961
detectree2,tcd_tile_2013,Northeastern coastal forests,N. American forest,,2230,0.4745,80,3,1,2,79,0.3333,0.0125,0.0241,0.4015,0.0877,0.1439
detectree2,tcd_tile_2014,Northeastern coastal forests,N. American forest,,2229,0.4745,0,0,0,0,0,0.0,0.0,0.0,0.0,0.0,0.0
detectree2,tcd_tile_2015,Northern Zanzibar-Inhambane coastal forest mosaic,African tropical forest,,3365,0.4745,315,111,65,46,250,0.5856,0.2063,0.3052,0.3481,0.3945,0.3699
detectree2,tcd_tile_2016,Northern Zanzibar-Inhambane coastal forest mosaic,African tropical forest,,1226,0.4745,200,112,53,59,147,0.4732,0.265,0.3397,0.4047,0.3172,0.3556
detectree2,tcd_tile_2017,Bolivian montane dry forests,Latin American forest,,4223,0.4745,35,5,0,5,35,0.0,0.0,0.0,0.0031,0.0028,0.003
detectree2,tcd_tile_2018,Bolivian montane dry forests,Latin American forest,,4695,0.4745,30,7,2,5,28,0.2857,0.0667,0.1081,0.0277,0.2242,0.0493
detectree2,tcd_tile_2019,Eastern Mediterranean conifer-sclerophyllous-broadleaf forests,Other,,998,0.4745,73,18,7,11,66,0.3889,0.0959,0.1538,0.1054,0.2411,0.1466
detectree2,tcd_tile_202,Northern Zanzibar-Inhambane coastal forest mosaic,African tropical forest,,2808,0.4745,251,164,119,45,132,0.7256,0.4741,0.5735,0.5339,0.5688,0.5508
detectree2,tcd_tile_2020,Lesser Sundas deciduous forests,SE Asian & Pacific rainforest,,1844,0.4745,42,110,1,109,41,0.0091,0.0238,0.0132,0.8356,0.3456,0.489
detectree2,tcd_tile_2021,Southern Annamites montane rain forests,Other,,1228,0.4745,409,56,2,54,407,0.0357,0.0049,0.0086,0.2235,0.3236,0.2644
detectree2,tcd_tile_2022,Atlantic coastal pine barrens,Other,,4024,0.4745,95,11,8,3,87,0.7273,0.0842,0.1509,0.2623,0.0845,0.1278
detectree2,tcd_tile_2023,Northern Zanzibar-Inhambane coastal forest mosaic,African tropical forest,,3778,0.4745,134,146,37,109,97,0.2534,0.2761,0.2643,0.176,0.588,0.2709
detectree2,tcd_tile_2024,Western European broadleaf forests,European forest,,4191,0.4745,2,2,1,1,1,0.5,0.5,0.5,0.0799,0.1114,0.0931
detectree2,tcd_tile_2025,Southeast Australia temperate forests,Other,,2848,0.4745,50,40,13,27,37,0.325,0.26,0.2889,0.799,0.1598,0.2663
detectree2,tcd_tile_2026,Nigerian lowland forests,African tropical forest,,4468,0.4745,8,155,1,154,7,0.0065,0.125,0.0123,0.0016,0.4768,0.0032
detectree2,tcd_tile_2027,Hispaniolan moist forests,SE Asian & Pacific rainforest,,4927,0.4745,14,38,1,37,13,0.0263,0.0714,0.0385,0.0058,0.4157,0.0115
detectree2,tcd_tile_2028,Southern Zanzibar-Inhambane coastal forest mosaic,African tropical forest,,1799,0.4745,144,143,55,88,89,0.3846,0.3819,0.3833,0.3678,0.4037,0.385
detectree2,tcd_tile_2029,Sulawesi lowland rain forests,SE Asian & Pacific rainforest,,3168,0.4745,29,46,3,43,26,0.0652,0.1034,0.08,0.2934,0.2963,0.2948
detectree2,tcd_tile_203,Mindanao-Eastern Visayas rain forests,SE Asian & Pacific rainforest,,2819,0.4745,152,74,23,51,129,0.3108,0.1513,0.2035,0.5462,0.2463,0.3395
detectree2,tcd_tile_2030,Atlantic mixed forests,European forest,,4591,0.4745,22,55,5,50,17,0.0909,0.2273,0.1299,0.1876,0.4768,0.2693
detectree2,tcd_tile_2031,Southern Zanzibar-Inhambane coastal forest mosaic,African tropical forest,,2509,0.4745,125,140,48,92,77,0.3429,0.384,0.3623,0.3268,0.4903,0.3922
detectree2,tcd_tile_2032,Northern Zanzibar-Inhambane coastal forest mosaic,African tropical forest,,2168,0.4745,176,134,45,89,131,0.3358,0.2557,0.2903,0.4269,0.5374,0.4758
detectree2,tcd_tile_2033,Southern Great Lakes forests,N. American forest,,354,0.4745,30,31,11,20,19,0.3548,0.3667,0.3607,0.3439,0.3951,0.3677
detectree2,tcd_tile_2034,Madeira-Tapajós moist forests,Latin American forest,,4496,0.4745,2,81,1,80,1,0.0123,0.5,0.0241,1.0,0.2405,0.3878
detectree2,tcd_tile_2035,Northern Zanzibar-Inhambane coastal forest mosaic,African tropical forest,,3453,0.4745,76,92,22,70,54,0.2391,0.2895,0.2619,0.0833,0.6314,0.1471
detectree2,tcd_tile_2036,East African montane forests,African tropical forest,,2410,0.4745,153,89,10,79,143,0.1124,0.0654,0.0826,0.5502,0.3167,0.402
detectree2,tcd_tile_2037,Southeastern conifer forests,N. American forest,,3062,0.4745,76,51,4,47,72,0.0784,0.0526,0.063,0.043,0.5608,0.0799
detectree2,tcd_tile_2038,Tasmanian temperate forests,Other,,3406,0.4745,3,58,2,56,1,0.0345,0.6667,0.0656,0.8006,0.3164,0.4535
detectree2,tcd_tile_2039,Sarmatic mixed forests,European forest,,1277,0.4745,22,46,12,34,10,0.2609,0.5455,0.3529,0.1439,0.4802,0.2215
detectree2,tcd_tile_2040,Southern Great Lakes forests,N. American forest,,4994,0.4745,18,16,2,14,16,0.125,0.1111,0.1176,0.1198,0.66,0.2028
detectree2,tcd_tile_2041,East European forest steppe,European forest,,4248,0.4745,13,14,2,12,11,0.1429,0.1538,0.1481,0.1146,0.1768,0.139
detectree2,tcd_tile_2042,Northern Congolian forest-savanna mosaic,African tropical forest,,1079,0.4745,45,58,18,40,27,0.3103,0.4,0.3495,0.1105,0.789,0.1938
detectree2,tcd_tile_2043,Changjiang Plain evergreen forests,Other,,1382,0.4745,266,48,18,30,248,0.375,0.0677,0.1146,0.2529,0.1883,0.2159
detectree2,tcd_tile_2044,Eastern Great Lakes lowland forests,N. American forest,,3567,0.4745,20,40,3,37,17,0.075,0.15,0.1,0.5131,0.468,0.4895
detectree2,tcd_tile_2045,Eastern forest-boreal transition,Other,,4064,0.4745,48,65,11,54,37,0.1692,0.2292,0.1947,0.535,0.2024,0.2937
detectree2,tcd_tile_2046,Peruvian Yungas,Latin American forest,,3797,0.4745,125,62,4,58,121,0.0645,0.032,0.0428,0.0771,0.4582,0.132
detectree2,tcd_tile_2047,Baltic mixed forests,European forest,,4554,0.4745,6,98,6,92,0,0.0612,1.0,0.1154,0.6814,0.3959,0.5008
detectree2,tcd_tile_2048,Northern Zanzibar-Inhambane coastal forest mosaic,African tropical forest,,4162,0.4745,89,50,17,33,72,0.34,0.191,0.2446,0.4565,0.541,0.4952
detectree2,tcd_tile_2049,Cerrado,Latin American forest,,1057,0.4745,17,37,3,34,14,0.0811,0.1765,0.1111,0.1087,0.1718,0.1332
detectree2,tcd_tile_2050,Northeastern coastal forests,N. American forest,,893,0.4745,86,142,36,106,50,0.2535,0.4186,0.3158,0.2321,0.6989,0.3485
detectree2,tcd_tile_2051,Lesser Sundas deciduous forests,SE Asian & Pacific rainforest,,3336,0.4745,31,48,4,44,27,0.0833,0.129,0.1013,0.8082,0.3278,0.4664
detectree2,tcd_tile_2052,Northern Zanzibar-Inhambane coastal forest mosaic,African tropical forest,,2883,0.4745,85,104,29,75,56,0.2788,0.3412,0.3069,0.7109,0.4658,0.5628
detectree2,tcd_tile_2053,English Lowlands beech forests,European forest,,3709,0.4745,41,33,2,31,39,0.0606,0.0488,0.0541,0.5019,0.3126,0.3853
detectree2,tcd_tile_2054,East European forest steppe,European forest,,4576,0.4745,13,25,5,20,8,0.2,0.3846,0.2632,0.3177,0.372,0.3427
detectree2,tcd_tile_2055,Sierra Nevada forests,N. American forest,,2179,0.4745,16,124,5,119,11,0.0403,0.3125,0.0714,0.743,0.4538,0.5634
detectree2,tcd_tile_2056,Northern Zanzibar-Inhambane coastal forest mosaic,African tropical forest,,2952,0.4745,200,169,37,132,163,0.2189,0.185,0.2005,0.6972,0.4942,0.5784
detectree2,tcd_tile_2057,Madeira-Tapajós moist forests,Latin American forest,,587,0.4745,1,181,1,180,0,0.0055,1.0,0.011,0.9997,0.4551,0.6254
detectree2,tcd_tile_2058,Southeastern mixed forests,N. American forest,,2592,0.4745,24,15,3,12,21,0.2,0.125,0.1538,0.2957,0.0829,0.1295
detectree2,tcd_tile_2059,Celtic broadleaf forests,European forest,,2147,0.4745,14,16,9,7,5,0.5625,0.6429,0.6,0.4407,0.8904,0.5896
detectree2,tcd_tile_2060,Maputaland coastal forest mosaic,African tropical forest,,292,0.4745,138,63,22,41,116,0.3492,0.1594,0.2189,0.1136,0.3703,0.1738
detectree2,tcd_tile_2061,Northern Zanzibar-Inhambane coastal forest mosaic,African tropical forest,,1832,0.4745,135,159,34,125,101,0.2138,0.2519,0.2313,0.3877,0.5748,0.463
detectree2,tcd_tile_2062,Upper Midwest forest-savanna transition,N. American forest,,1929,0.4745,14,14,4,10,10,0.2857,0.2857,0.2857,0.638,0.3076,0.415
detectree2,tcd_tile_2063,,Other,,461,0.4745,2,8,1,7,1,0.125,0.5,0.2,0.596,0.1202,0.2
detectree2,tcd_tile_2064,Sulawesi lowland rain forests,SE Asian & Pacific rainforest,,4499,0.4745,308,79,33,46,275,0.4177,0.1071,0.1705,0.2294,0.3553,0.2788
detectree2,tcd_tile_2065,Baltic mixed forests,European forest,,3937,0.4745,31,41,7,34,24,0.1707,0.2258,0.1944,0.7671,0.328,0.4595
detectree2,tcd_tile_2066,Alps conifer and mixed forests,European forest,,4824,0.4745,2,10,0,10,2,0.0,0.0,0.0,0.0036,0.0589,0.0067
detectree2,tcd_tile_2067,Northern Zanzibar-Inhambane coastal forest mosaic,African tropical forest,,1908,0.4745,1,137,1,136,0,0.0073,1.0,0.0145,1.0,0.33,0.4962
detectree2,tcd_tile_2068,Northwestern Andean montane forests,Latin American forest,,4126,0.4745,110,68,5,63,105,0.0735,0.0455,0.0562,0.1742,0.3376,0.2298
detectree2,tcd_tile_2069,Greater Negros-Panay rain forests,SE Asian & Pacific rainforest,,766,0.4745,31,48,11,37,20,0.2292,0.3548,0.2785,0.0929,0.1641,0.1187
detectree2,tcd_tile_207,Central U.S. hardwood forests,N. American forest,,1379,0.4745,49,35,13,22,36,0.3714,0.2653,0.3095,0.4752,0.4313,0.4522
detectree2,tcd_tile_2070,Magdalena Valley montane forests,Other,,2771,0.4745,46,30,19,11,27,0.6333,0.413,0.5,0.5072,0.3925,0.4426
detectree2,tcd_tile_2071,Southern Zanzibar-Inhambane coastal forest mosaic,African tropical forest,,616,0.4745,23,30,0,30,23,0.0,0.0,0.0,0.006,0.1114,0.0115
detectree2,tcd_tile_2072,California interior chaparral and woodlands,Other,,335,0.4745,40,86,21,65,19,0.2442,0.525,0.3333,0.6979,0.3658,0.48
detectree2,tcd_tile_2073,Greater Negros-Panay rain forests,SE Asian & Pacific rainforest,,3169,0.4745,300,43,11,32,289,0.2558,0.0367,0.0641,0.1885,0.2411,0.2116
detectree2,tcd_tile_2074,Balkan mixed forests,European forest,,3934,0.4745,124,87,33,54,91,0.3793,0.2661,0.3128,0.4251,0.3832,0.403
detectree2,tcd_tile_2075,Luzon rain forests,SE Asian & Pacific rainforest,,4182,0.4745,170,138,33,105,137,0.2391,0.1941,0.2143,0.5172,0.4691,0.492
detectree2,tcd_tile_2076,Northern Zanzibar-Inhambane coastal forest mosaic,African tropical forest,,594,0.4745,27,69,13,56,14,0.1884,0.4815,0.2708,0.6619,0.4392,0.528
detectree2,tcd_tile_2077,Madeira-Tapajós moist forests,Latin American forest,,1657,0.4745,19,131,1,130,18,0.0076,0.0526,0.0133,0.6954,0.4542,0.5495
detectree2,tcd_tile_2078,Bahia coastal forests,Latin American forest,,1969,0.4745,1,81,1,80,0,0.0123,1.0,0.0244,1.0,0.2652,0.4192
detectree2,tcd_tile_2079,Eastern Great Lakes lowland forests,N. American forest,,2258,0.4745,0,4,0,4,0,0.0,0.0,0.0,0.0,0.0,0.0
detectree2,tcd_tile_208,Northeastern coastal forests,N. American forest,,1813,0.4745,102,68,16,52,86,0.2353,0.1569,0.1882,0.492,0.5277,0.5092
detectree2,tcd_tile_2080,English Lowlands beech forests,European forest,,3348,0.4745,13,20,3,17,10,0.15,0.2308,0.1818,0.0444,0.8212,0.0843
detectree2,tcd_tile_2081,Sierra Nevada forests,N. American forest,,1383,0.4745,223,70,46,24,177,0.6571,0.2063,0.314,0.504,0.3614,0.421
detectree2,tcd_tile_2082,Taiheiyo evergreen forests,Other,,3213,0.4745,11,182,2,180,9,0.011,0.1818,0.0207,0.9899,0.4165,0.5863
detectree2,tcd_tile_2083,Western European broadleaf forests,European forest,,4513,0.4745,5,148,5,143,0,0.0338,1.0,0.0654,0.9632,0.3227,0.4834
detectree2,tcd_tile_2084,Hispaniolan moist forests,SE Asian & Pacific rainforest,,4605,0.4745,25,43,0,43,25,0.0,0.0,0.0,0.008,0.2093,0.0154
detectree2,tcd_tile_2085,Southeastern conifer forests,N. American forest,,2503,0.4745,53,52,10,42,43,0.1923,0.1887,0.1905,0.2964,0.3798,0.333
detectree2,tcd_tile_2086,Northern Zanzibar-Inhambane coastal forest mosaic,African tropical forest,,3394,0.4745,155,158,50,108,105,0.3165,0.3226,0.3195,0.4364,0.5031,0.4674
detectree2,tcd_tile_2087,Ucayali moist forests,Latin American forest,,3707,0.4745,38,91,13,78,25,0.1429,0.3421,0.2016,0.8401,0.3544,0.4985
detectree2,tcd_tile_2088,Eastern Java-Bali rain forests,SE Asian & Pacific rainforest,,4369,0.4745,16,23,1,22,15,0.0435,0.0625,0.0513,0.006,0.8787,0.0118
detectree2,tcd_tile_2089,Northern Zanzibar-Inhambane coastal forest mosaic,African tropical forest,,1608,0.4745,171,120,54,66,117,0.45,0.3158,0.3711,0.4219,0.5817,0.489
detectree2,tcd_tile_209,Hispaniolan moist forests,SE Asian & Pacific rainforest,,1254,0.4745,0,45,0,45,0,0.0,0.0,0.0,0.0,0.0,0.0
detectree2,tcd_tile_2090,Timor and Wetar deciduous forests,SE Asian & Pacific rainforest,,4626,0.4745,176,45,20,25,156,0.4444,0.1136,0.181,0.3919,0.2796,0.3264
detectree2,tcd_tile_2091,East European forest steppe,European forest,,1004,0.4745,60,42,19,23,41,0.4524,0.3167,0.3725,0.5255,0.6064,0.5631
detectree2,tcd_tile_2092,Northern Zanzibar-Inhambane coastal forest mosaic,African tropical forest,,4436,0.4745,6,69,2,67,4,0.029,0.3333,0.0533,0.784,0.3194,0.4538
detectree2,tcd_tile_2093,Hispaniolan moist forests,SE Asian & Pacific rainforest,,3114,0.4745,42,76,7,69,35,0.0921,0.1667,0.1186,0.0179,0.2611,0.0334
detectree2,tcd_tile_2094,Atlantic coastal pine barrens,Other,,2704,0.4745,190,16,4,12,186,0.25,0.0211,0.0388,0.0436,0.0657,0.0524
detectree2,tcd_tile_2095,Luzon rain forests,SE Asian & Pacific rainforest,,628,0.4745,7,81,6,75,1,0.0741,0.8571,0.1364,0.8385,0.3796,0.5226
detectree2,tcd_tile_2096,Sarmatic mixed forests,European forest,,4070,0.4745,1,13,1,12,0,0.0769,1.0,0.1429,0.7106,0.2853,0.4071
detectree2,tcd_tile_2097,Madeira-Tapajós moist forests,Latin American forest,,1305,0.4745,1,170,1,169,0,0.0059,1.0,0.0117,1.0,0.4287,0.6001
detectree2,tcd_tile_2098,Sierra Nevada forests,N. American forest,,3575,0.4745,54,59,13,46,41,0.2203,0.2407,0.2301,0.1095,0.2997,0.1604
detectree2,tcd_tile_2099,Rodope montane mixed forests,European forest,,5019,0.4745,271,66,22,44,249,0.3333,0.0812,0.1306,0.1207,0.2759,0.1679
detectree2,tcd_tile_21,Chilean matorral,Arid / dryland,,357,0.4745,132,78,20,58,112,0.2564,0.1515,0.1905,0.1129,0.3629,0.1722
detectree2,tcd_tile_2100,Celtic broadleaf forests,European forest,,2260,0.4745,27,80,11,69,16,0.1375,0.4074,0.2056,0.4767,0.637,0.5453
detectree2,tcd_tile_2101,Northern Zanzibar-Inhambane coastal forest mosaic,African tropical forest,,4165,0.4745,2,15,0,15,2,0.0,0.0,0.0,0.0019,0.5074,0.0039
detectree2,tcd_tile_2102,Central European mixed forests,European forest,,4279,0.4745,46,3,1,2,45,0.3333,0.0217,0.0408,0.3413,0.0477,0.0838
detectree2,tcd_tile_2103,Western Java montane rain forests,Other,,2023,0.4745,5,57,2,55,3,0.0351,0.4,0.0645,0.8841,0.4542,0.6001
detectree2,tcd_tile_2104,Pannonian mixed forests,European forest,,1717,0.4745,4,60,1,59,3,0.0167,0.25,0.0312,0.9352,0.3548,0.5145
detectree2,tcd_tile_2105,Madeira-Tapajós moist forests,Latin American forest,,437,0.4745,1,86,1,85,0,0.0116,1.0,0.023,0.9992,0.3372,0.5043
detectree2,tcd_tile_2106,Mizoram-Manipur-Kachin rain forests,SE Asian & Pacific rainforest,,4892,0.4745,21,34,7,27,14,0.2059,0.3333,0.2545,0.3957,0.1244,0.1893
detectree2,tcd_tile_2107,Sierra Nevada forests,N. American forest,,3385,0.4745,78,97,13,84,65,0.134,0.1667,0.1486,0.3688,0.3165,0.3407
detectree2,tcd_tile_2108,East European forest steppe,European forest,,744,0.4745,24,70,9,61,15,0.1286,0.375,0.1915,0.7121,0.3835,0.4985
detectree2,tcd_tile_2109,,Other,,3890,0.4745,54,74,12,62,42,0.1622,0.2222,0.1875,0.4312,0.3793,0.4036
detectree2,tcd_tile_2110,Western Guinean lowland forests,African tropical forest,,3611,0.4745,20,29,2,27,18,0.069,0.1,0.0816,0.028,0.4761,0.0529
detectree2,tcd_tile_2111,Southeastern conifer forests,N. American forest,,1263,0.4745,191,85,4,81,187,0.0471,0.0209,0.029,0.0994,0.2961,0.1488
detectree2,tcd_tile_2112,Baltic mixed forests,European forest,,4470,0.4745,2,130,2,128,0,0.0154,1.0,0.0303,0.9936,0.6101,0.756
detectree2,tcd_tile_2113,Northern Acacia-Commiphora bushlands and thickets,Other,,869,0.4745,23,5,3,2,20,0.6,0.1304,0.2143,0.4145,0.1563,0.227
detectree2,tcd_tile_2114,Western European broadleaf forests,European forest,,2620,0.4745,13,21,6,15,7,0.2857,0.4615,0.3529,0.4057,0.3838,0.3944
detectree2,tcd_tile_2115,Southeastern mixed forests,N. American forest,,2918,0.4745,4,52,3,49,1,0.0577,0.75,0.1071,0.6937,0.3324,0.4495
detectree2,tcd_tile_2116,Western Java rain forests,Other,,942,0.4745,139,189,22,167,117,0.1164,0.1583,0.1341,0.0556,0.6335,0.1022
detectree2,tcd_tile_2117,California coastal sage and chaparral,Other,,605,0.4745,68,85,21,64,47,0.2471,0.3088,0.2745,0.1934,0.7191,0.3048
detectree2,tcd_tile_2118,Southeastern conifer forests,N. American forest,,3522,0.4745,9,41,2,39,7,0.0488,0.2222,0.08,0.6113,0.1074,0.1826
detectree2,tcd_tile_2119,Sarmatic mixed forests,European forest,,565,0.4745,61,56,10,46,51,0.1786,0.1639,0.1709,0.5088,0.4013,0.4487
detectree2,tcd_tile_2120,Northern Zanzibar-Inhambane coastal forest mosaic,African tropical forest,,4616,0.4745,364,153,72,81,292,0.4706,0.1978,0.2785,0.5743,0.3949,0.468
detectree2,tcd_tile_2121,Tongan tropical moist forests,SE Asian & Pacific rainforest,,4311,0.4745,149,33,6,27,143,0.1818,0.0403,0.0659,0.2034,0.1691,0.1847
detectree2,tcd_tile_2122,Upper Midwest forest-savanna transition,N. American forest,,3381,0.4745,5,16,4,12,1,0.25,0.8,0.381,0.1206,0.684,0.2051
detectree2,tcd_tile_2123,East European forest steppe,European forest,,2485,0.4745,7,46,3,43,4,0.0652,0.4286,0.1132,0.3966,0.3769,0.3865
detectree2,tcd_tile_2124,Cerrado,Latin American forest,,414,0.4745,13,24,3,21,10,0.125,0.2308,0.1622,0.0768,0.7006,0.1385
detectree2,tcd_tile_2125,Timor and Wetar deciduous forests,SE Asian & Pacific rainforest,,493,0.4745,146,57,27,30,119,0.4737,0.1849,0.266,0.3163,0.5054,0.3891
detectree2,tcd_tile_2126,Celtic broadleaf forests,European forest,,3648,0.4745,39,16,9,7,30,0.5625,0.2308,0.3273,0.2636,0.269,0.2663
detectree2,tcd_tile_2127,Hispaniolan moist forests,SE Asian & Pacific rainforest,,4219,0.4745,61,63,9,54,52,0.1429,0.1475,0.1452,0.0402,0.3652,0.0724
detectree2,tcd_tile_2128,Southern Zanzibar-Inhambane coastal forest mosaic,African tropical forest,,3059,0.4745,32,37,15,22,17,0.4054,0.4688,0.4348,0.1407,0.5551,0.2245
detectree2,tcd_tile_2129,Tongan tropical moist forests,SE Asian & Pacific rainforest,,4353,0.4745,95,33,8,25,87,0.2424,0.0842,0.125,0.5288,0.1235,0.2002
detectree2,tcd_tile_213,Mizoram-Manipur-Kachin rain forests,SE Asian & Pacific rainforest,,4555,0.4745,30,40,7,33,23,0.175,0.2333,0.2,0.4932,0.2497,0.3315
detectree2,tcd_tile_2130,Greater Negros-Panay rain forests,SE Asian & Pacific rainforest,,589,0.4745,0,14,0,14,0,0.0,0.0,0.0,0.0,0.0,0.0
detectree2,tcd_tile_2131,Nigerian lowland forests,African tropical forest,,4448,0.4745,20,92,8,84,12,0.087,0.4,0.1429,0.0803,0.7767,0.1456
detectree2,tcd_tile_2132,Southeastern mixed forests,N. American forest,,4848,0.4745,14,20,4,16,10,0.2,0.2857,0.2353,0.4801,0.3969,0.4345
detectree2,tcd_tile_2133,Northern Zanzibar-Inhambane coastal forest mosaic,African tropical forest,,2601,0.4745,31,73,17,56,14,0.2329,0.5484,0.3269,0.1593,0.7331,0.2617
detectree2,tcd_tile_2134,Willamette Valley forests,N. American forest,,3046,0.4745,3,5,0,5,3,0.0,0.0,0.0,0.0,0.0,0.0
detectree2,tcd_tile_2135,Western European broadleaf forests,European forest,,4542,0.4745,24,145,18,127,6,0.1241,0.75,0.213,0.8455,0.3986,0.5418
detectree2,tcd_tile_2136,Eastern Australian temperate forests,Other,,1971,0.4745,55,9,3,6,52,0.3333,0.0545,0.0938,0.0583,0.1392,0.0822
detectree2,tcd_tile_2137,Northern Zanzibar-Inhambane coastal forest mosaic,African tropical forest,,992,0.4745,1,52,1,51,0,0.0192,1.0,0.0377,1.0,0.1885,0.3172
detectree2,tcd_tile_2138,Richmond temperate forests,Other,,3212,0.4745,41,37,8,29,33,0.2162,0.1951,0.2051,0.5466,0.4299,0.4813
detectree2,tcd_tile_2139,,Other,,4779,0.4745,2,18,1,17,1,0.0556,0.5,0.1,0.0882,0.1547,0.1123
detectree2,tcd_tile_214,Palawan rain forests,SE Asian & Pacific rainforest,,1461,0.4745,116,193,38,155,78,0.1969,0.3276,0.246,0.5398,0.6163,0.5755
detectree2,tcd_tile_2140,Hispaniolan moist forests,SE Asian & Pacific rainforest,,4371,0.4745,30,19,7,12,23,0.3684,0.2333,0.2857,0.3911,0.2841,0.3291
detectree2,tcd_tile_2141,Timor and Wetar deciduous forests,SE Asian & Pacific rainforest,,1983,0.4745,118,109,34,75,84,0.3119,0.2881,0.2996,0.324,0.3791,0.3494
detectree2,tcd_tile_2142,Southern Annamites montane rain forests,Other,,1302,0.4745,571,54,4,50,567,0.0741,0.007,0.0128,0.5059,0.2613,0.3446
detectree2,tcd_tile_2143,Central European mixed forests,European forest,,1886,0.4745,92,45,13,32,79,0.2889,0.1413,0.1898,0.4989,0.2548,0.3373
detectree2,tcd_tile_2144,Northern Zanzibar-Inhambane coastal forest mosaic,African tropical forest,,2823,0.4745,133,96,37,59,96,0.3854,0.2782,0.3231,0.1887,0.5024,0.2743
detectree2,tcd_tile_2145,Balkan mixed forests,European forest,,988,0.4745,83,96,34,62,49,0.3542,0.4096,0.3799,0.4062,0.5775,0.4769
detectree2,tcd_tile_2146,Appalachian mixed mesophytic forests,Other,,2910,0.4745,6,68,5,63,1,0.0735,0.8333,0.1351,0.2912,0.4604,0.3567
detectree2,tcd_tile_2147,Atlantic mixed forests,European forest,,283,0.4745,83,88,47,41,36,0.5341,0.5663,0.5497,0.3978,0.7281,0.5145
detectree2,tcd_tile_2148,Bolivian montane dry forests,Latin American forest,,3597,0.4745,3,26,0,26,3,0.0,0.0,0.0,0.0004,0.2082,0.0008
detectree2,tcd_tile_2149,Eastern Great Lakes lowland forests,N. American forest,,1731,0.4745,0,6,0,6,0,0.0,0.0,0.0,0.0,0.0,0.0
detectree2,tcd_tile_2150,Luzon rain forests,SE Asian & Pacific rainforest,,4085,0.4745,36,34,12,22,24,0.3529,0.3333,0.3429,0.2965,0.5417,0.3832
detectree2,tcd_tile_2151,Hispaniolan moist forests,SE Asian & Pacific rainforest,,2925,0.4745,20,38,3,35,17,0.0789,0.15,0.1034,0.0994,0.8286,0.1775
detectree2,tcd_tile_2152,Hispaniolan moist forests,SE Asian & Pacific rainforest,,4672,0.4745,0,53,0,53,0,0.0,0.0,0.0,0.0,0.0,0.0
detectree2,tcd_tile_2153,Eastern Java-Bali rain forests,SE Asian & Pacific rainforest,,4621,0.4745,166,67,23,44,143,0.3433,0.1386,0.1974,0.421,0.2537,0.3166
detectree2,tcd_tile_2154,Luzon rain forests,SE Asian & Pacific rainforest,,4134,0.4745,6,36,2,34,4,0.0556,0.3333,0.0952,0.9392,0.2639,0.412
detectree2,tcd_tile_2155,Northern Zanzibar-Inhambane coastal forest mosaic,African tropical forest,,2683,0.4745,91,60,8,52,83,0.1333,0.0879,0.106,0.0908,0.2778,0.1369
detectree2,tcd_tile_2156,Northern Zanzibar-Inhambane coastal forest mosaic,African tropical forest,,4564,0.4745,174,117,47,70,127,0.4017,0.2701,0.323,0.4228,0.416,0.4194
detectree2,tcd_tile_2157,Sierra Nevada forests,N. American forest,,1153,0.4745,216,108,78,30,138,0.7222,0.3611,0.4815,0.6513,0.4779,0.5513
detectree2,tcd_tile_2158,Madeira-Tapajós moist forests,Latin American forest,,2033,0.4745,1,134,1,133,0,0.0075,1.0,0.0148,1.0,0.3041,0.4664
detectree2,tcd_tile_2159,Northeastern coastal forests,N. American forest,,3914,0.4745,11,22,6,16,5,0.2727,0.5455,0.3636,0.4726,0.5667,0.5154
detectree2,tcd_tile_216,Eastern Java-Bali rain forests,SE Asian & Pacific rainforest,,4351,0.4745,19,36,7,29,12,0.1944,0.3684,0.2545,0.2038,0.1368,0.1637
detectree2,tcd_tile_2160,Southern Zanzibar-Inhambane coastal forest mosaic,African tropical forest,,4919,0.4745,162,110,36,74,126,0.3273,0.2222,0.2647,0.376,0.5041,0.4307
detectree2,tcd_tile_2161,East European forest steppe,European forest,,735,0.4745,1,10,1,9,0,0.1,1.0,0.1818,0.5414,0.4011,0.4608
detectree2,tcd_tile_2162,Northern Zanzibar-Inhambane coastal forest mosaic,African tropical forest,,1915,0.4745,121,95,33,62,88,0.3474,0.2727,0.3056,0.3672,0.7633,0.4958
detectree2,tcd_tile_2163,Northern Zanzibar-Inhambane coastal forest mosaic,African tropical forest,,3063,0.4745,172,114,44,70,128,0.386,0.2558,0.3077,0.26,0.4287,0.3237
detectree2,tcd_tile_2164,Timor and Wetar deciduous forests,SE Asian & Pacific rainforest,,264,0.4745,121,66,42,24,79,0.6364,0.3471,0.4492,0.3508,0.4168,0.381
detectree2,tcd_tile_2165,Tongan tropical moist forests,SE Asian & Pacific rainforest,,4450,0.4745,133,80,10,70,123,0.125,0.0752,0.0939,0.1439,0.3177,0.1981
detectree2,tcd_tile_2166,Mindanao-Eastern Visayas rain forests,SE Asian & Pacific rainforest,,2789,0.4745,100,111,13,98,87,0.1171,0.13,0.1232,0.7005,0.3908,0.5017
detectree2,tcd_tile_2167,Greater Negros-Panay rain forests,SE Asian & Pacific rainforest,,2662,0.4745,124,21,3,18,121,0.1429,0.0242,0.0414,0.0701,0.3686,0.1178
detectree2,tcd_tile_2168,Sarmatic mixed forests,European forest,,1518,0.4745,1,157,1,156,0,0.0064,1.0,0.0127,0.9999,0.4042,0.5757
detectree2,tcd_tile_2169,Sarmatic mixed forests,European forest,,4657,0.4745,2,146,2,144,0,0.0137,1.0,0.027,0.7928,0.4422,0.5678
detectree2,tcd_tile_2170,Central European mixed forests,European forest,,4634,0.4745,44,28,9,19,35,0.3214,0.2045,0.25,0.3209,0.5538,0.4063
detectree2,tcd_tile_2171,Sundaland heath forests,Other,,2594,0.4745,88,98,12,86,76,0.1224,0.1364,0.129,0.6668,0.3542,0.4627
detectree2,tcd_tile_2172,Hawaii tropical dry forests,Other,,1762,0.4745,12,9,1,8,11,0.1111,0.0833,0.0952,0.8609,0.0924,0.1668
detectree2,tcd_tile_2173,Northern Zanzibar-Inhambane coastal forest mosaic,African tropical forest,,909,0.4745,24,48,9,39,15,0.1875,0.375,0.25,0.173,0.7656,0.2823
detectree2,tcd_tile_2174,East European forest steppe,European forest,,404,0.4745,72,78,33,45,39,0.4231,0.4583,0.44,0.5768,0.6941,0.63
detectree2,tcd_tile_2175,Central European mixed forests,European forest,,2414,0.4745,62,51,20,31,42,0.3922,0.3226,0.354,0.3816,0.636,0.477
detectree2,tcd_tile_2176,Peruvian Yungas,Latin American forest,,2668,0.4745,279,104,5,99,274,0.0481,0.0179,0.0261,0.0249,0.3102,0.0461
detectree2,tcd_tile_2177,Willamette Valley forests,N. American forest,,1934,0.4745,21,27,5,22,16,0.1852,0.2381,0.2083,0.1739,0.3025,0.2209
detectree2,tcd_tile_2178,Granitic Seychelles forests,Other,,1288,0.4745,53,23,10,13,43,0.4348,0.1887,0.2632,0.3218,0.2098,0.254
detectree2,tcd_tile_2179,Sierra Nevada forests,N. American forest,,1687,0.4745,58,73,13,60,45,0.1781,0.2241,0.1985,0.3483,0.2685,0.3032
detectree2,tcd_tile_218,Lesser Sundas deciduous forests,SE Asian & Pacific rainforest,,3103,0.4745,124,119,17,102,107,0.1429,0.1371,0.1399,0.5156,0.502,0.5087
detectree2,tcd_tile_2180,Northern Zanzibar-Inhambane coastal forest mosaic,African tropical forest,,180,0.4745,155,76,12,64,143,0.1579,0.0774,0.1039,0.1482,0.4969,0.2283
detectree2,tcd_tile_2181,Mizoram-Manipur-Kachin rain forests,SE Asian & Pacific rainforest,,4898,0.4745,0,32,0,32,0,0.0,0.0,0.0,0.0,0.0,0.0
detectree2,tcd_tile_2182,Changjiang Plain evergreen forests,Other,,4437,0.4745,151,62,26,36,125,0.4194,0.1722,0.2441,0.4237,0.2977,0.3497
detectree2,tcd_tile_2183,Madeira-Tapajós moist forests,Latin American forest,,251,0.4745,1,171,1,170,0,0.0058,1.0,0.0116,0.9999,0.5075,0.6733
detectree2,tcd_tile_2184,Western European broadleaf forests,European forest,,4539,0.4745,1,110,1,109,0,0.0091,1.0,0.018,1.0,0.2513,0.4016
detectree2,tcd_tile_2185,Madeira-Tapajós moist forests,Latin American forest,,2473,0.4745,38,116,11,105,27,0.0948,0.2895,0.1429,0.8788,0.3265,0.4761
detectree2,tcd_tile_2186,Serra do Mar coastal forests,Latin American forest,,4336,0.4745,19,72,3,69,16,0.0417,0.1579,0.0659,0.2935,0.298,0.2957
detectree2,tcd_tile_2187,Northern Zanzibar-Inhambane coastal forest mosaic,African tropical forest,,4001,0.4745,109,103,19,84,90,0.1845,0.1743,0.1792,0.2117,0.6865,0.3236
detectree2,tcd_tile_2188,East European forest steppe,European forest,,2050,0.4745,17,41,11,30,6,0.2683,0.6471,0.3793,0.4009,0.6894,0.5069
detectree2,tcd_tile_2189,"Sao Tome, Principe and Annobon moist lowland forests",Other,,2423,0.4745,264,159,63,96,201,0.3962,0.2386,0.2979,0.4417,0.5188,0.4771
detectree2,tcd_tile_2190,Tongan tropical moist forests,SE Asian & Pacific rainforest,,379,0.4745,33,23,2,21,31,0.087,0.0606,0.0714,0.0593,0.2388,0.0951
detectree2,tcd_tile_2191,Lesser Sundas deciduous forests,SE Asian & Pacific rainforest,,1571,0.4745,109,54,16,38,93,0.2963,0.1468,0.1963,0.6721,0.3889,0.4927
detectree2,tcd_tile_2192,,Other,,2626,0.4745,38,27,9,18,29,0.3333,0.2368,0.2769,0.2653,0.3108,0.2862
detectree2,tcd_tile_2193,Hokkaido deciduous forests,Other,,3646,0.4745,1,24,1,23,0,0.0417,1.0,0.08,0.2478,0.3075,0.2745
detectree2,tcd_tile_2194,Magdalena Valley montane forests,Other,,2587,0.4745,122,79,19,60,103,0.2405,0.1557,0.1891,0.365,0.5106,0.4257
detectree2,tcd_tile_2195,Tongan tropical moist forests,SE Asian & Pacific rainforest,,4619,0.4745,18,39,2,37,16,0.0513,0.1111,0.0702,0.0225,0.7267,0.0437
detectree2,tcd_tile_2196,Granitic Seychelles forests,Other,,3261,0.4745,0,19,0,19,0,0.0,0.0,0.0,0.0,0.0,0.0
detectree2,tcd_tile_2197,Eastern forest-boreal transition,Other,,1502,0.4745,118,91,3,88,115,0.033,0.0254,0.0287,0.7179,0.2131,0.3286
detectree2,tcd_tile_2198,Pannonian mixed forests,European forest,,1739,0.4745,96,123,33,90,63,0.2683,0.3438,0.3014,0.7051,0.5682,0.6293
detectree2,tcd_tile_2199,,Other,,334,0.4745,76,53,8,45,68,0.1509,0.1053,0.124,0.0452,0.523,0.0832
detectree2,tcd_tile_22,Chilean matorral,Arid / dryland,,1192,0.4745,22,40,2,38,20,0.05,0.0909,0.0645,0.0096,0.1813,0.0182
detectree2,tcd_tile_2200,,Other,,332,0.4745,11,25,3,22,8,0.12,0.2727,0.1667,0.7066,0.4211,0.5277
detectree2,tcd_tile_2201,Cerrado,Latin American forest,,1241,0.4745,12,52,4,48,8,0.0769,0.3333,0.125,0.0127,0.4704,0.0247
detectree2,tcd_tile_2202,Southern Zanzibar-Inhambane coastal forest mosaic,African tropical forest,,2350,0.4745,18,65,5,60,13,0.0769,0.2778,0.1205,0.027,0.5218,0.0514
detectree2,tcd_tile_2203,Eastern forest-boreal transition,Other,,2590,0.4745,2,88,2,86,0,0.0227,1.0,0.0444,0.9256,0.3352,0.4922
detectree2,tcd_tile_2204,Luzon rain forests,SE Asian & Pacific rainforest,,3727,0.4745,1,79,1,78,0,0.0127,1.0,0.025,0.9063,0.3347,0.4889
detectree2,tcd_tile_2205,Iberian sclerophyllous and semi-deciduous forests,Other,,1300,0.4745,334,72,37,35,297,0.5139,0.1108,0.1823,0.4866,0.2957,0.3679
detectree2,tcd_tile_2206,Cerrado,Latin American forest,,159,0.4745,51,46,8,38,43,0.1739,0.1569,0.1649,0.6442,0.3175,0.4254
detectree2,tcd_tile_2207,Southern Zanzibar-Inhambane coastal forest mosaic,African tropical forest,,4128,0.4745,153,112,39,73,114,0.3482,0.2549,0.2943,0.3835,0.4422,0.4108
detectree2,tcd_tile_2208,Richmond temperate forests,Other,,3596,0.4745,84,55,19,36,65,0.3455,0.2262,0.2734,0.5551,0.5724,0.5636
detectree2,tcd_tile_2209,East African montane forests,African tropical forest,,2343,0.4745,193,89,18,71,175,0.2022,0.0933,0.1277,0.4589,0.2884,0.3542
detectree2,tcd_tile_221,Northeastern coastal forests,N. American forest,,1097,0.4745,99,145,43,102,56,0.2966,0.4343,0.3525,0.2781,0.7349,0.4035
detectree2,tcd_tile_2210,Southeastern mixed forests,N. American forest,,1574,0.4745,11,19,5,14,6,0.2632,0.4545,0.3333,0.4969,0.2225,0.3074
detectree2,tcd_tile_2211,Tongan tropical moist forests,SE Asian & Pacific rainforest,,4177,0.4745,138,43,6,37,132,0.1395,0.0435,0.0663,0.1811,0.1892,0.1851
detectree2,tcd_tile_2212,Mindanao-Eastern Visayas rain forests,SE Asian & Pacific rainforest,,1702,0.4745,61,73,8,65,53,0.1096,0.1311,0.1194,0.5258,0.2562,0.3445
detectree2,tcd_tile_2213,Northern Zanzibar-Inhambane coastal forest mosaic,African tropical forest,,2734,0.4745,287,130,80,50,207,0.6154,0.2787,0.3837,0.4118,0.3987,0.4052
detectree2,tcd_tile_2214,Northeastern coastal forests,N. American forest,,3351,0.4745,33,26,3,23,30,0.1154,0.0909,0.1017,0.2999,0.3998,0.3428
detectree2,tcd_tile_2215,Uatuma-Trombetas moist forests,Latin American forest,,3343,0.4745,4,17,1,16,3,0.0588,0.25,0.0952,0.925,0.2822,0.4325
detectree2,tcd_tile_2216,Northern Zanzibar-Inhambane coastal forest mosaic,African tropical forest,,5004,0.4745,366,166,82,84,284,0.494,0.224,0.3083,0.664,0.4254,0.5186
detectree2,tcd_tile_2217,Madeira-Tapajós moist forests,Latin American forest,,1326,0.4745,1,125,1,124,0,0.008,1.0,0.0159,0.9998,0.3954,0.5667
detectree2,tcd_tile_2218,Central European mixed forests,European forest,,4727,0.4745,6,3,1,2,5,0.3333,0.1667,0.2222,0.5278,0.0271,0.0516
detectree2,tcd_tile_2219,Eastern Guinean forests,African tropical forest,,3812,0.4745,39,34,9,25,30,0.2647,0.2308,0.2466,0.5522,0.3574,0.4339
detectree2,tcd_tile_222,Mato Grosso seasonal forests,Latin American forest,,1672,0.4745,197,135,56,79,141,0.4148,0.2843,0.3373,0.2396,0.6068,0.3435
detectree2,tcd_tile_2220,Northern Zanzibar-Inhambane coastal forest mosaic,African tropical forest,,3694,0.4745,394,135,28,107,366,0.2074,0.0711,0.1059,0.6572,0.3877,0.4877
detectree2,tcd_tile_2221,Northern California coastal forests,N. American forest,,1994,0.4745,2,105,2,103,0,0.019,1.0,0.0374,0.9825,0.5219,0.6817
detectree2,tcd_tile_2222,Upper Midwest forest-savanna transition,N. American forest,,3245,0.4745,17,53,10,43,7,0.1887,0.5882,0.2857,0.5064,0.399,0.4464
detectree2,tcd_tile_2223,Changjiang Plain evergreen forests,Other,,866,0.4745,447,69,37,32,410,0.5362,0.0828,0.1434,0.4314,0.3025,0.3556
detectree2,tcd_tile_2224,Eastern Cordillera real montane forests,Other,,2262,0.4745,75,63,12,51,63,0.1905,0.16,0.1739,0.3776,0.2985,0.3334
detectree2,tcd_tile_2225,Upper Gangetic Plains moist deciduous forests,Other,,4052,0.4745,38,50,20,30,18,0.4,0.5263,0.4545,0.6283,0.4197,0.5032
detectree2,tcd_tile_2226,Bahia interior forests,Other,,2581,0.4745,127,24,4,20,123,0.1667,0.0315,0.053,0.111,0.3633,0.1701
detectree2,tcd_tile_2227,Timor and Wetar deciduous forests,SE Asian & Pacific rainforest,,3209,0.4745,215,81,37,44,178,0.4568,0.1721,0.25,0.2835,0.3785,0.3242
detectree2,tcd_tile_2228,Sarmatic mixed forests,European forest,,4465,0.4745,9,151,5,146,4,0.0331,0.5556,0.0625,0.7664,0.5097,0.6122
detectree2,tcd_tile_2229,Southern Zanzibar-Inhambane coastal forest mosaic,African tropical forest,,3591,0.4745,34,51,13,38,21,0.2549,0.3824,0.3059,0.0622,0.5779,0.1122
detectree2,tcd_tile_2230,Balkan mixed forests,European forest,,676,0.4745,90,158,43,115,47,0.2722,0.4778,0.3468,0.3103,0.508,0.3853
detectree2,tcd_tile_2231,East European forest steppe,European forest,,538,0.4745,90,90,31,59,59,0.3444,0.3444,0.3444,0.4398,0.5689,0.4961
detectree2,tcd_tile_2232,Madeira-Tapajós moist forests,Latin American forest,,4022,0.4745,3,99,2,97,1,0.0202,0.6667,0.0392,0.8949,0.363,0.5165
detectree2,tcd_tile_2233,Willamette Valley forests,N. American forest,,3380,0.4745,192,39,7,32,185,0.1795,0.0365,0.0606,0.3954,0.4418,0.4173
detectree2,tcd_tile_2234,,Other,,1507,0.4745,74,86,5,81,69,0.0581,0.0676,0.0625,0.6754,0.3021,0.4174
detectree2,tcd_tile_2235,Taiheiyo evergreen forests,Other,,305,0.4745,77,80,10,70,67,0.125,0.1299,0.1274,0.0649,0.4215,0.1124
detectree2,tcd_tile_2236,Sierra Nevada forests,N. American forest,,2391,0.4745,109,84,39,45,70,0.4643,0.3578,0.4041,0.6072,0.4083,0.4883
detectree2,tcd_tile_2237,Central Andean dry puna,Other,,878,0.4745,12,15,0,15,12,0.0,0.0,0.0,0.0027,0.2359,0.0053
detectree2,tcd_tile_2238,Granitic Seychelles forests,Other,,1251,0.4745,254,161,86,75,168,0.5342,0.3386,0.4145,0.5471,0.6153,0.5792
detectree2,tcd_tile_2239,Northern Zanzibar-Inhambane coastal forest mosaic,African tropical forest,,4524,0.4745,325,171,81,90,244,0.4737,0.2492,0.3266,0.3287,0.5945,0.4234
detectree2,tcd_tile_2240,California interior chaparral and woodlands,Other,,477,0.4745,22,48,7,41,15,0.1458,0.3182,0.2,0.0605,0.4439,0.1064
detectree2,tcd_tile_2241,Pannonian mixed forests,European forest,,4560,0.4745,46,49,26,23,20,0.5306,0.5652,0.5474,0.6249,0.4293,0.5089
detectree2,tcd_tile_2242,Willamette Valley forests,N. American forest,,1772,0.4745,248,38,2,36,246,0.0526,0.0081,0.014,0.0397,0.1935,0.0659
detectree2,tcd_tile_2243,East European forest steppe,European forest,,1629,0.4745,49,103,23,80,26,0.2233,0.4694,0.3026,0.5691,0.7305,0.6398
detectree2,tcd_tile_2244,South Central Rockies forests,Other,,4265,0.4745,40,20,14,6,26,0.7,0.35,0.4667,0.7483,0.1536,0.2548
detectree2,tcd_tile_2245,Central European mixed forests,European forest,,713,0.4745,114,153,47,106,67,0.3072,0.4123,0.3521,0.51,0.605,0.5535
detectree2,tcd_tile_2246,California interior chaparral and woodlands,Other,,399,0.4745,12,5,2,3,10,0.4,0.1667,0.2353,0.1769,0.5251,0.2646
detectree2,tcd_tile_2247,California interior chaparral and woodlands,Other,,515,0.4745,16,23,8,15,8,0.3478,0.5,0.4103,0.1753,0.6246,0.2737
detectree2,tcd_tile_2248,English Lowlands beech forests,European forest,,2334,0.4745,5,41,2,39,3,0.0488,0.4,0.087,0.1502,0.3428,0.2089
detectree2,tcd_tile_2249,Nihonkai montane deciduous forests,Other,,4208,0.4745,3,99,1,98,2,0.0101,0.3333,0.0196,0.9817,0.2585,0.4093
detectree2,tcd_tile_225,Madeira-Tapajós moist forests,Latin American forest,,600,0.4745,1,130,1,129,0,0.0077,1.0,0.0153,0.9999,0.4343,0.6056
detectree2,tcd_tile_2250,Luzon rain forests,SE Asian & Pacific rainforest,,265,0.4745,113,89,26,63,87,0.2921,0.2301,0.2574,0.3316,0.2947,0.3121
detectree2,tcd_tile_2251,Southern Great Lakes forests,N. American forest,,4699,0.4745,31,53,10,43,21,0.1887,0.3226,0.2381,0.5107,0.3028,0.3802
detectree2,tcd_tile_2252,Northern Zanzibar-Inhambane coastal forest mosaic,African tropical forest,,1082,0.4745,330,162,92,70,238,0.5679,0.2788,0.374,0.2917,0.5869,0.3897
detectree2,tcd_tile_2253,Sumatran lowland rain forests,SE Asian & Pacific rainforest,,580,0.4745,56,84,23,61,33,0.2738,0.4107,0.3286,0.2169,0.3201,0.2586
detectree2,tcd_tile_2254,Western European broadleaf forests,European forest,,5020,0.4745,1,106,1,105,0,0.0094,1.0,0.0187,0.9507,0.3298,0.4897
detectree2,tcd_tile_2255,Central European mixed forests,European forest,,3239,0.4745,19,78,11,67,8,0.141,0.5789,0.2268,0.6554,0.3437,0.4509
detectree2,tcd_tile_2256,Rodope montane mixed forests,European forest,,4282,0.4745,157,116,39,77,118,0.3362,0.2484,0.2857,0.3859,0.4545,0.4174
detectree2,tcd_tile_2257,Sarmatic mixed forests,European forest,,259,0.4745,3,3,1,2,2,0.3333,0.3333,0.3333,0.9967,0.0288,0.0559
detectree2,tcd_tile_2258,Appalachian-Blue Ridge forests,N. American forest,,3181,0.4745,4,89,1,88,3,0.0112,0.25,0.0215,0.9514,0.4377,0.5996
detectree2,tcd_tile_2259,Balkan mixed forests,European forest,,2912,0.4745,98,79,28,51,70,0.3544,0.2857,0.3164,0.2724,0.3945,0.3223
detectree2,tcd_tile_2260,Iberian sclerophyllous and semi-deciduous forests,Other,,705,0.4745,487,60,27,33,460,0.45,0.0554,0.0987,0.1577,0.1898,0.1723
detectree2,tcd_tile_2261,Northern Zanzibar-Inhambane coastal forest mosaic,African tropical forest,,3693,0.4745,2,77,1,76,1,0.013,0.5,0.0253,0.9992,0.3726,0.5428
detectree2,tcd_tile_2262,Southeastern mixed forests,N. American forest,,2955,0.4745,26,20,8,12,18,0.4,0.3077,0.3478,0.4625,0.5756,0.5129
detectree2,tcd_tile_2263,Caucasus mixed forests,European forest,,4679,0.4745,3,201,1,200,2,0.005,0.3333,0.0098,0.9765,0.3781,0.5451
detectree2,tcd_tile_2264,Magdalena Valley montane forests,Other,,2563,0.4745,204,68,29,39,175,0.4265,0.1422,0.2132,0.2347,0.4061,0.2975
detectree2,tcd_tile_2265,Hawaii tropical moist forests,Other,,3053,0.4745,1,93,1,92,0,0.0108,1.0,0.0213,1.0,0.5196,0.6839
detectree2,tcd_tile_2266,Western European broadleaf forests,European forest,,1100,0.4745,44,92,22,70,22,0.2391,0.5,0.3235,0.5322,0.6727,0.5942
detectree2,tcd_tile_2267,Celtic broadleaf forests,European forest,,1850,0.4745,53,40,4,36,49,0.1,0.0755,0.086,0.0326,0.331,0.0593
detectree2,tcd_tile_2268,Himalayan subtropical broadleaf forests,Other,,4335,0.4745,39,82,21,61,18,0.2561,0.5385,0.3471,0.1196,0.6446,0.2017
detectree2,tcd_tile_2269,Southern Zanzibar-Inhambane coastal forest mosaic,African tropical forest,,4934,0.4745,249,126,40,86,209,0.3175,0.1606,0.2133,0.4922,0.4134,0.4494
detectree2,tcd_tile_2270,Scandinavian and Russian taiga,Other,,73,0.4745,62,64,23,41,39,0.3594,0.371,0.3651,0.3847,0.4671,0.4219
detectree2,tcd_tile_2271,North Central Rockies forests,N. American forest,,1558,0.4745,3,69,2,67,1,0.029,0.6667,0.0556,0.9576,0.1624,0.2777
detectree2,tcd_tile_2272,Northeastern coastal forests,N. American forest,,1921,0.4745,51,33,5,28,46,0.1515,0.098,0.119,0.1145,0.6059,0.1926
detectree2,tcd_tile_2273,Hispaniolan moist forests,SE Asian & Pacific rainforest,,4357,0.4745,94,63,6,57,88,0.0952,0.0638,0.0764,0.0386,0.2438,0.0667
detectree2,tcd_tile_2274,Greater Negros-Panay rain forests,SE Asian & Pacific rainforest,,1699,0.4745,16,31,6,25,10,0.1935,0.375,0.2553,0.1637,0.2106,0.1842
detectree2,tcd_tile_2275,Hispaniolan moist forests,SE Asian & Pacific rainforest,,1604,0.4745,19,56,7,49,12,0.125,0.3684,0.1867,0.0181,0.4006,0.0347
detectree2,tcd_tile_2276,"Sao Tome, Principe and Annobon moist lowland forests",Other,,227,0.4745,289,146,65,81,224,0.4452,0.2249,0.2989,0.4312,0.4966,0.4616
detectree2,tcd_tile_2277,Sulawesi lowland rain forests,SE Asian & Pacific rainforest,,4978,0.4745,91,45,14,31,77,0.3111,0.1538,0.2059,0.255,0.4232,0.3183
detectree2,tcd_tile_2278,Western European broadleaf forests,European forest,,3647,0.4745,10,29,4,25,6,0.1379,0.4,0.2051,0.2132,0.3242,0.2572
detectree2,tcd_tile_2279,Crimean Submediterranean forest complex,Other,,1829,0.4745,183,88,40,48,143,0.4545,0.2186,0.2952,0.4114,0.3563,0.3818
detectree2,tcd_tile_228,Upper Midwest forest-savanna transition,N. American forest,,4077,0.4745,15,31,6,25,9,0.1935,0.4,0.2609,0.0813,0.5418,0.1414
detectree2,tcd_tile_2280,East European forest steppe,European forest,,5046,0.4745,1,9,1,8,0,0.1111,1.0,0.2,1.0,0.0988,0.1798
detectree2,tcd_tile_2281,Northern Zanzibar-Inhambane coastal forest mosaic,African tropical forest,,3192,0.4745,4,65,1,64,3,0.0154,0.25,0.029,0.0157,0.8188,0.0309
detectree2,tcd_tile_2282,Northern Zanzibar-Inhambane coastal forest mosaic,African tropical forest,,3329,0.4745,190,161,19,142,171,0.118,0.1,0.1083,0.7211,0.3631,0.483
detectree2,tcd_tile_2283,Northern Anatolian conifer and deciduous forests,Other,,1867,0.4745,69,35,6,29,63,0.1714,0.087,0.1154,0.0324,0.2596,0.0576
detectree2,tcd_tile_2284,Atlantic dry forests,Other,,575,0.4745,250,107,59,48,191,0.5514,0.236,0.3305,0.3898,0.5364,0.4515
detectree2,tcd_tile_2285,Sierra Nevada forests,N. American forest,,2995,0.4745,281,65,27,38,254,0.4154,0.0961,0.1561,0.2437,0.2698,0.2561
detectree2,tcd_tile_2286,Greater Negros-Panay rain forests,SE Asian & Pacific rainforest,,2864,0.4745,29,12,6,6,23,0.5,0.2069,0.2927,0.1291,0.3845,0.1933
detectree2,tcd_tile_2287,North Island temperate forests,Other,,50,0.4745,13,20,9,11,4,0.45,0.6923,0.5455,0.4686,0.4094,0.437
detectree2,tcd_tile_2288,Pannonian mixed forests,European forest,,2506,0.4745,17,94,6,88,11,0.0638,0.3529,0.1081,0.6275,0.5235,0.5708
detectree2,tcd_tile_2289,Southern Korea evergreen forests,Other,,3462,0.4745,165,60,25,35,140,0.4167,0.1515,0.2222,0.4186,0.3942,0.406
detectree2,tcd_tile_2290,East European forest steppe,European forest,,482,0.4745,137,126,37,89,100,0.2937,0.2701,0.2814,0.229,0.6488,0.3385
detectree2,tcd_tile_2291,Bahia coastal forests,Latin American forest,,1033,0.4745,7,4,3,1,4,0.75,0.4286,0.5455,0.6647,0.048,0.0896
detectree2,tcd_tile_2292,,Other,,1247,0.4745,24,23,1,22,23,0.0435,0.0417,0.0426,0.0076,0.4293,0.0149
detectree2,tcd_tile_2293,Northern Zanzibar-Inhambane coastal forest mosaic,African tropical forest,,2110,0.4745,215,110,51,59,164,0.4636,0.2372,0.3138,0.2712,0.345,0.3037
detectree2,tcd_tile_2294,,Other,,1377,0.4745,50,65,16,49,34,0.2462,0.32,0.2783,0.4344,0.5286,0.4769
detectree2,tcd_tile_2295,,Other,,560,0.4745,0,9,0,9,0,0.0,0.0,0.0,0.0,0.0,0.0
detectree2,tcd_tile_2296,Celtic broadleaf forests,European forest,,4084,0.4745,78,59,14,45,64,0.2373,0.1795,0.2044,0.266,0.4613,0.3374
detectree2,tcd_tile_2297,Changjiang Plain evergreen forests,Other,,4975,0.4745,111,125,55,70,56,0.44,0.4955,0.4661,0.804,0.5334,0.6414
detectree2,tcd_tile_2298,Western European broadleaf forests,European forest,,4949,0.4745,1,70,1,69,0,0.0143,1.0,0.0282,0.9999,0.2317,0.3763
detectree2,tcd_tile_2299,Northwestern Andean montane forests,Latin American forest,,842,0.4745,67,23,16,7,51,0.6957,0.2388,0.3556,0.2097,0.4658,0.2892
detectree2,tcd_tile_23,West Sudanian savanna,Arid / dryland,,985,0.4745,112,121,48,73,64,0.3967,0.4286,0.412,0.2637,0.6193,0.3699
detectree2,tcd_tile_2300,Greater Negros-Panay rain forests,SE Asian & Pacific rainforest,,1144,0.4745,39,15,2,13,37,0.1333,0.0513,0.0741,0.0156,0.1058,0.0272
detectree2,tcd_tile_2301,California coastal sage and chaparral,Other,,316,0.4745,52,59,24,35,28,0.4068,0.4615,0.4324,0.2911,0.7341,0.4169
detectree2,tcd_tile_2302,Cerrado,Latin American forest,,187,0.4745,21,53,6,47,15,0.1132,0.2857,0.1622,0.2267,0.189,0.2062
detectree2,tcd_tile_2303,Central European mixed forests,European forest,,1240,0.4745,50,122,34,88,16,0.2787,0.68,0.3953,0.8162,0.5262,0.6399
detectree2,tcd_tile_2304,Upper Midwest forest-savanna transition,N. American forest,,3393,0.4745,102,95,36,59,66,0.3789,0.3529,0.3655,0.3691,0.5957,0.4557
detectree2,tcd_tile_2305,North Central Rockies forests,N. American forest,,2365,0.4745,1,26,1,25,0,0.0385,1.0,0.0741,0.4547,0.1031,0.1681
detectree2,tcd_tile_2306,Southern Zanzibar-Inhambane coastal forest mosaic,African tropical forest,,1643,0.4745,109,75,37,38,72,0.4933,0.3394,0.4022,0.4369,0.7717,0.5579
detectree2,tcd_tile_2307,Taiheiyo montane deciduous forests,Other,,4678,0.4745,1,16,0,16,1,0.0,0.0,0.0,0.0,0.0,0.0
detectree2,tcd_tile_2308,Northern Zanzibar-Inhambane coastal forest mosaic,African tropical forest,,1188,0.4745,263,146,65,81,198,0.4452,0.2471,0.3178,0.3673,0.4586,0.4079
detectree2,tcd_tile_2309,Southern Zanzibar-Inhambane coastal forest mosaic,African tropical forest,,4345,0.4745,1,20,0,20,1,0.0,0.0,0.0,0.0,0.0,0.0
detectree2,tcd_tile_231,Mato Grosso seasonal forests,Latin American forest,,1926,0.4745,77,67,9,58,68,0.1343,0.1169,0.125,0.0676,0.5437,0.1203
detectree2,tcd_tile_2310,,Other,,3475,0.4745,1,2,0,2,1,0.0,0.0,0.0,0.0,0.0,0.0
detectree2,tcd_tile_2311,Northern Zanzibar-Inhambane coastal forest mosaic,African tropical forest,,2009,0.4745,1,161,1,160,0,0.0062,1.0,0.0123,1.0,0.3822,0.553
detectree2,tcd_tile_2312,Northern Congolian forest-savanna mosaic,African tropical forest,,664,0.4745,124,100,26,74,98,0.26,0.2097,0.2321,0.1403,0.4031,0.2081
detectree2,tcd_tile_2313,East European forest steppe,European forest,,1235,0.4745,16,49,3,46,13,0.0612,0.1875,0.0923,0.9077,0.3497,0.5049
detectree2,tcd_tile_2314,Lesser Sundas deciduous forests,SE Asian & Pacific rainforest,,1675,0.4745,74,116,23,93,51,0.1983,0.3108,0.2421,0.3578,0.4053,0.3801
detectree2,tcd_tile_2315,Western European broadleaf forests,European forest,,4462,0.4745,6,92,4,88,2,0.0435,0.6667,0.0816,0.9472,0.4213,0.5832
detectree2,tcd_tile_2316,"Sao Tome, Principe and Annobon moist lowland forests",Other,,1439,0.4745,95,57,36,21,59,0.6316,0.3789,0.4737,0.8249,0.5674,0.6723
detectree2,tcd_tile_2317,Celtic broadleaf forests,European forest,,3753,0.4745,33,64,9,55,24,0.1406,0.2727,0.1856,0.112,0.5586,0.1867
detectree2,tcd_tile_2318,Balkan mixed forests,European forest,,2089,0.4745,57,48,22,26,35,0.4583,0.386,0.419,0.1222,0.5832,0.202
detectree2,tcd_tile_2319,Caucasus mixed forests,European forest,,4888,0.4745,37,96,19,77,18,0.1979,0.5135,0.2857,0.6682,0.4785,0.5576
detectree2,tcd_tile_232,Northern California coastal forests,N. American forest,,2277,0.4745,14,105,11,94,3,0.1048,0.7857,0.1849,0.9836,0.5412,0.6982
detectree2,tcd_tile_2320,Cerrado,Latin American forest,,1070,0.4745,10,33,4,29,6,0.1212,0.4,0.186,0.6233,0.2969,0.4022
detectree2,tcd_tile_2321,Upper Midwest forest-savanna transition,N. American forest,,1973,0.4745,18,14,4,10,14,0.2857,0.2222,0.25,0.6811,0.271,0.3877
detectree2,tcd_tile_2322,Lesser Sundas deciduous forests,SE Asian & Pacific rainforest,,1950,0.4745,98,23,9,14,89,0.3913,0.0918,0.1488,0.0835,0.4714,0.1418
detectree2,tcd_tile_2323,Atlantic mixed forests,European forest,,4278,0.4745,16,72,7,65,9,0.0972,0.4375,0.1591,0.2447,0.4,0.3036
detectree2,tcd_tile_2324,Cantabrian mixed forests,Other,,687,0.4745,68,49,15,34,53,0.3061,0.2206,0.2564,0.2955,0.2231,0.2543
detectree2,tcd_tile_2325,Central European mixed forests,European forest,,2256,0.4745,66,86,32,54,34,0.3721,0.4848,0.4211,0.3046,0.6618,0.4172
detectree2,tcd_tile_2326,Northern Zanzibar-Inhambane coastal forest mosaic,African tropical forest,,2646,0.4745,236,163,77,86,159,0.4724,0.3263,0.386,0.5799,0.4618,0.5142
detectree2,tcd_tile_2327,,Other,,566,0.4745,48,27,8,19,40,0.2963,0.1667,0.2133,0.2827,0.7221,0.4063
detectree2,tcd_tile_2328,Central Andean dry puna,Other,,1197,0.4745,64,14,0,14,64,0.0,0.0,0.0,0.0011,0.022,0.002
detectree2,tcd_tile_2329,Central Korean deciduous forests,Other,,2006,0.4745,27,43,7,36,20,0.1628,0.2593,0.2,0.2618,0.3471,0.2985
detectree2,tcd_tile_233,Central U.S. hardwood forests,N. American forest,,3069,0.4745,27,46,9,37,18,0.1957,0.3333,0.2466,0.4874,0.2666,0.3447
detectree2,tcd_tile_2330,Palawan rain forests,SE Asian & Pacific rainforest,,4610,0.4745,54,99,11,88,43,0.1111,0.2037,0.1438,0.9107,0.3995,0.5554
detectree2,tcd_tile_2331,Mindanao-Eastern Visayas rain forests,SE Asian & Pacific rainforest,,3134,0.4745,0,3,0,3,0,0.0,0.0,0.0,0.0,0.0,0.0
detectree2,tcd_tile_2332,Northern Zanzibar-Inhambane coastal forest mosaic,African tropical forest,,2405,0.4745,147,158,24,134,123,0.1519,0.1633,0.1574,0.577,0.4822,0.5254
detectree2,tcd_tile_2333,Southern Zanzibar-Inhambane coastal forest mosaic,African tropical forest,,4067,0.4745,32,29,6,23,26,0.2069,0.1875,0.1967,0.2353,0.2733,0.2529
detectree2,tcd_tile_2334,Humid Pampas,Other,,1202,0.4745,34,60,7,53,27,0.1167,0.2059,0.1489,0.0282,0.4039,0.0527
detectree2,tcd_tile_2335,Central Andean dry puna,Other,,392,0.4745,3,30,0,30,3,0.0,0.0,0.0,0.0003,0.0059,0.0005
detectree2,tcd_tile_2336,Taiheiyo evergreen forests,Other,,2235,0.4745,26,39,6,33,20,0.1538,0.2308,0.1846,0.0279,0.2879,0.051
detectree2,tcd_tile_2337,Scandinavian coastal conifer forests,Other,,1837,0.4745,0,0,0,0,0,0.0,0.0,0.0,0.0,0.0,0.0
detectree2,tcd_tile_2338,Central Pacific coastal forests,Other,,4125,0.4745,19,20,5,15,14,0.25,0.2632,0.2564,0.1005,0.1073,0.1038
detectree2,tcd_tile_2339,Northern California coastal forests,N. American forest,,3525,0.4745,1,2,1,1,0,0.5,1.0,0.6667,0.7386,0.9431,0.8284
detectree2,tcd_tile_234,Upper Midwest forest-savanna transition,N. American forest,,3882,0.4745,10,32,3,29,7,0.0938,0.3,0.1429,0.2808,0.4124,0.3341
detectree2,tcd_tile_2340,Sulawesi lowland rain forests,SE Asian & Pacific rainforest,,4362,0.4745,125,148,44,104,81,0.2973,0.352,0.3223,0.3267,0.4332,0.3725
detectree2,tcd_tile_2341,Balkan mixed forests,European forest,,1236,0.4745,140,52,12,40,128,0.2308,0.0857,0.125,0.1831,0.1754,0.1792
detectree2,tcd_tile_2342,Northern Zanzibar-Inhambane coastal forest mosaic,African tropical forest,,527,0.4745,30,10,3,7,27,0.3,0.1,0.15,0.2499,0.6634,0.3631
detectree2,tcd_tile_2343,Northern Zanzibar-Inhambane coastal forest mosaic,African tropical forest,,454,0.4745,6,26,1,25,5,0.0385,0.1667,0.0625,0.9683,0.2315,0.3736
detectree2,tcd_tile_2344,Western European broadleaf forests,European forest,,2286,0.4745,2,31,2,29,0,0.0645,1.0,0.1212,0.5584,0.4949,0.5247
detectree2,tcd_tile_2345,California interior chaparral and woodlands,Other,,1348,0.4745,136,19,10,9,126,0.5263,0.0735,0.129,0.3113,0.2414,0.2719
detectree2,tcd_tile_2346,Sarmatic mixed forests,European forest,,884,0.4745,391,122,46,76,345,0.377,0.1176,0.1793,0.1916,0.4354,0.2661
detectree2,tcd_tile_2347,Timor and Wetar deciduous forests,SE Asian & Pacific rainforest,,408,0.4745,166,108,44,64,122,0.4074,0.2651,0.3212,0.2394,0.3623,0.2883
detectree2,tcd_tile_2348,Sarmatic mixed forests,European forest,,1644,0.4745,0,13,0,13,0,0.0,0.0,0.0,0.0,0.0,0.0
detectree2,tcd_tile_2349,Palawan rain forests,SE Asian & Pacific rainforest,,1982,0.4745,98,93,30,63,68,0.3226,0.3061,0.3141,0.627,0.5522,0.5872
detectree2,tcd_tile_235,Cerrado,Latin American forest,,289,0.4745,0,3,0,3,0,0.0,0.0,0.0,0.0,0.0,0.0
detectree2,tcd_tile_2350,North Central Rockies forests,N. American forest,,1727,0.4745,1,74,1,73,0,0.0135,1.0,0.0267,0.9844,0.1386,0.2429
detectree2,tcd_tile_2351,Bahia coastal forests,Latin American forest,,314,0.4745,6,65,2,63,4,0.0308,0.3333,0.0563,0.9563,0.2626,0.412
detectree2,tcd_tile_2352,Sarmatic mixed forests,European forest,,219,0.4745,9,71,1,70,8,0.0141,0.1111,0.025,0.0103,0.3715,0.0201
detectree2,tcd_tile_2353,North Central Rockies forests,N. American forest,,2092,0.4745,2,78,1,77,1,0.0128,0.5,0.025,0.7456,0.1871,0.2991
detectree2,tcd_tile_2354,"Sao Tome, Principe and Annobon moist lowland forests",Other,,2139,0.4745,49,15,12,3,37,0.8,0.2449,0.375,0.1306,0.6265,0.2162
detectree2,tcd_tile_2355,Cardamom Mountains rain forests,Other,,1593,0.4745,52,72,8,64,44,0.1111,0.1538,0.129,0.6594,0.237,0.3486
detectree2,tcd_tile_2356,Western Guinean lowland forests,African tropical forest,,2491,0.4745,73,105,19,86,54,0.181,0.2603,0.2135,0.0874,0.598,0.1524
detectree2,tcd_tile_2357,Upper Midwest forest-savanna transition,N. American forest,,1864,0.4745,41,17,1,16,40,0.0588,0.0244,0.0345,0.4211,0.413,0.417
detectree2,tcd_tile_2358,Po Basin mixed forests,Other,,2108,0.4745,63,108,23,85,40,0.213,0.3651,0.269,0.4144,0.4619,0.4368
detectree2,tcd_tile_2359,Northern Zanzibar-Inhambane coastal forest mosaic,African tropical forest,,4376,0.4745,195,135,36,99,159,0.2667,0.1846,0.2182,0.6936,0.4446,0.5419
detectree2,tcd_tile_236,Willamette Valley forests,N. American forest,,3721,0.4745,3,7,0,7,3,0.0,0.0,0.0,0.0,0.0,0.0
detectree2,tcd_tile_2360,Central African mangroves,African tropical forest,,4896,0.4745,0,305,0,305,0,0.0,0.0,0.0,0.0,0.0,0.0
detectree2,tcd_tile_2361,Northern Zanzibar-Inhambane coastal forest mosaic,African tropical forest,,2686,0.4745,44,83,25,58,19,0.3012,0.5682,0.3937,0.5351,0.6007,0.566
detectree2,tcd_tile_2362,Lesser Sundas deciduous forests,SE Asian & Pacific rainforest,,1630,0.4745,44,141,19,122,25,0.1348,0.4318,0.2054,0.6978,0.5712,0.6282
detectree2,tcd_tile_2363,Pannonian mixed forests,European forest,,2319,0.4745,10,115,1,114,9,0.0087,0.1,0.016,0.9169,0.4063,0.5631
detectree2,tcd_tile_2364,Northern Zanzibar-Inhambane coastal forest mosaic,African tropical forest,,2516,0.4745,70,86,13,73,57,0.1512,0.1857,0.1667,0.5005,0.3671,0.4235
detectree2,tcd_tile_2365,Bolivian montane dry forests,Latin American forest,,1531,0.4745,44,22,8,14,36,0.3636,0.1818,0.2424,0.157,0.3436,0.2155
detectree2,tcd_tile_2366,Sierra Nevada forests,N. American forest,,3609,0.4745,4,13,2,11,2,0.1538,0.5,0.2353,0.8815,0.161,0.2723
detectree2,tcd_tile_2367,Caucasus mixed forests,European forest,,2401,0.4745,10,199,9,190,1,0.0452,0.9,0.0861,0.9848,0.431,0.5996
detectree2,tcd_tile_2368,Southeast Australia temperate forests,Other,,4168,0.4745,74,67,14,53,60,0.209,0.1892,0.1986,0.7785,0.1801,0.2925
detectree2,tcd_tile_2369,Balkan mixed forests,European forest,,1443,0.4745,41,43,17,26,24,0.3953,0.4146,0.4048,0.5361,0.4678,0.4997
detectree2,tcd_tile_237,Cerrado,Latin American forest,,416,0.4745,16,28,0,28,16,0.0,0.0,0.0,0.0035,0.2607,0.0069
detectree2,tcd_tile_2370,Snake-Columbia shrub steppe,Other,,859,0.4745,42,85,17,68,25,0.2,0.4048,0.2677,0.2978,0.5853,0.3947
detectree2,tcd_tile_2371,Himalayan subtropical broadleaf forests,Other,,2347,0.4745,84,74,17,57,67,0.2297,0.2024,0.2152,0.1379,0.2571,0.1795
detectree2,tcd_tile_2372,Iquitos varzeá,Other,,2275,0.4745,125,95,36,59,89,0.3789,0.288,0.3273,0.5172,0.4152,0.4606
detectree2,tcd_tile_2373,Vanuatu rain forests,Other,,2037,0.4745,0,9,0,9,0,0.0,0.0,0.0,0.0,0.0,0.0
detectree2,tcd_tile_2374,Tigris-Euphrates alluvial salt marsh,Other,,293,0.4745,35,23,6,17,29,0.2609,0.1714,0.2069,0.2409,0.6291,0.3484
detectree2,tcd_tile_2375,East European forest steppe,European forest,,2019,0.4745,12,29,3,26,9,0.1034,0.25,0.1463,0.0494,0.2162,0.0805
detectree2,tcd_tile_2376,North Island temperate forests,Other,,4184,0.4745,164,38,13,25,151,0.3421,0.0793,0.1287,0.4066,0.3703,0.3876
detectree2,tcd_tile_2377,,Other,,4114,0.4745,91,73,10,63,81,0.137,0.1099,0.122,0.2003,0.3025,0.241
detectree2,tcd_tile_2378,Western Siberian hemiboreal forests,Other,,2753,0.4745,2,8,0,8,2,0.0,0.0,0.0,0.0,0.0,0.0
detectree2,tcd_tile_2379,Sarmatic mixed forests,European forest,,1276,0.4745,90,98,11,87,79,0.1122,0.1222,0.117,0.0874,0.3884,0.1427
detectree2,tcd_tile_238,Southeastern mixed forests,N. American forest,,4416,0.4745,9,25,1,24,8,0.04,0.1111,0.0588,0.5144,0.2999,0.3789
detectree2,tcd_tile_2380,Eastern Australian temperate forests,Other,,4792,0.4745,78,38,3,35,75,0.0789,0.0385,0.0517,0.8368,0.3464,0.4899
detectree2,tcd_tile_2381,Changjiang Plain evergreen forests,Other,,1938,0.4745,36,5,0,5,36,0.0,0.0,0.0,0.0,0.0,0.0
detectree2,tcd_tile_2382,Greater Negros-Panay rain forests,SE Asian & Pacific rainforest,,3792,0.4745,24,41,7,34,17,0.1707,0.2917,0.2154,0.2238,0.6389,0.3315
detectree2,tcd_tile_2383,Caucasus mixed forests,European forest,,2658,0.4745,5,6,2,4,3,0.3333,0.4,0.3636,0.3963,0.0427,0.0772
detectree2,tcd_tile_2384,Sumatran lowland rain forests,SE Asian & Pacific rainforest,,4717,0.4745,67,46,11,35,56,0.2391,0.1642,0.1947,0.3316,0.3114,0.3212
detectree2,tcd_tile_2385,Eastern Great Lakes lowland forests,N. American forest,,1759,0.4745,21,41,1,40,20,0.0244,0.0476,0.0323,0.4772,0.5068,0.4916
detectree2,tcd_tile_2386,Serra do Mar coastal forests,Latin American forest,,4720,0.4745,2,67,1,66,1,0.0149,0.5,0.029,0.8506,0.2708,0.4108
detectree2,tcd_tile_2387,North Central Rockies forests,N. American forest,,2756,0.4745,3,77,1,76,2,0.013,0.3333,0.025,0.9959,0.1876,0.3157
detectree2,tcd_tile_2388,Scandinavian coastal conifer forests,Other,,1901,0.4745,13,48,3,45,10,0.0625,0.2308,0.0984,0.5143,0.3387,0.4084
detectree2,tcd_tile_2389,Northern Zanzibar-Inhambane coastal forest mosaic,African tropical forest,,3790,0.4745,266,101,31,70,235,0.3069,0.1165,0.1689,0.2885,0.4794,0.3602
detectree2,tcd_tile_239,Northern California coastal forests,N. American forest,,1895,0.4745,5,35,1,34,4,0.0286,0.2,0.05,0.7553,0.5579,0.6418
detectree2,tcd_tile_2390,Celtic broadleaf forests,European forest,,1884,0.4745,27,53,8,45,19,0.1509,0.2963,0.2,0.2245,0.5178,0.3132
detectree2,tcd_tile_2391,Northern Zanzibar-Inhambane coastal forest mosaic,African tropical forest,,4802,0.4745,349,178,73,105,276,0.4101,0.2092,0.277,0.4618,0.5292,0.4932
detectree2,tcd_tile_2392,Pannonian mixed forests,European forest,,3037,0.4745,49,41,9,32,40,0.2195,0.1837,0.2,0.8124,0.5863,0.6811
detectree2,tcd_tile_2393,Greater Negros-Panay rain forests,SE Asian & Pacific rainforest,,3682,0.4745,60,40,7,33,53,0.175,0.1167,0.14,0.0809,0.5564,0.1413
detectree2,tcd_tile_2394,Hispaniolan moist forests,SE Asian & Pacific rainforest,,4428,0.4745,16,18,2,16,14,0.1111,0.125,0.1176,0.0894,0.3944,0.1457
detectree2,tcd_tile_2395,,Other,,2842,0.4745,112,88,25,63,87,0.2841,0.2232,0.25,0.7493,0.5856,0.6574
detectree2,tcd_tile_2396,Bahia coastal forests,Latin American forest,,4421,0.4745,153,106,27,79,126,0.2547,0.1765,0.2085,0.3345,0.4799,0.3942
detectree2,tcd_tile_2397,North Central Rockies forests,N. American forest,,3987,0.4745,6,82,2,80,4,0.0244,0.3333,0.0455,0.9928,0.2633,0.4162
detectree2,tcd_tile_2398,Northern Zanzibar-Inhambane coastal forest mosaic,African tropical forest,,3084,0.4745,107,110,35,75,72,0.3182,0.3271,0.3226,0.326,0.586,0.4189
detectree2,tcd_tile_2399,Tongan tropical moist forests,SE Asian & Pacific rainforest,,4686,0.4745,90,82,16,66,74,0.1951,0.1778,0.186,0.4184,0.4004,0.4092
detectree2,tcd_tile_24,Central Mexican matorral,Arid / dryland,,1,0.4745,81,114,53,61,28,0.4649,0.6543,0.5436,0.6698,0.5828,0.6233
detectree2,tcd_tile_240,Southern Great Lakes forests,N. American forest,,4945,0.4745,39,34,20,14,19,0.5882,0.5128,0.5479,0.2875,0.4327,0.3454
detectree2,tcd_tile_2400,Hokkaido deciduous forests,Other,,3774,0.4745,10,81,6,75,4,0.0741,0.6,0.1319,0.4049,0.2592,0.316
detectree2,tcd_tile_2401,Southeastern mixed forests,N. American forest,,4653,0.4745,0,18,0,18,0,0.0,0.0,0.0,0.0,0.0,0.0
detectree2,tcd_tile_2402,Upper Midwest forest-savanna transition,N. American forest,,3742,0.4745,17,23,4,19,13,0.1739,0.2353,0.2,0.1498,0.6471,0.2432
detectree2,tcd_tile_2403,Central U.S. hardwood forests,N. American forest,,903,0.4745,62,38,15,23,47,0.3947,0.2419,0.3,0.3679,0.4282,0.3958
detectree2,tcd_tile_2404,Northern Zanzibar-Inhambane coastal forest mosaic,African tropical forest,,2745,0.4745,39,132,13,119,26,0.0985,0.3333,0.152,0.5798,0.4264,0.4914
detectree2,tcd_tile_2405,Northern Zanzibar-Inhambane coastal forest mosaic,African tropical forest,,4109,0.4745,63,75,31,44,32,0.4133,0.4921,0.4493,0.2632,0.4268,0.3256
detectree2,tcd_tile_2406,North Island temperate forests,Other,,636,0.4745,10,25,5,20,5,0.2,0.5,0.2857,0.1106,0.56,0.1847
detectree2,tcd_tile_2407,Atlantic mixed forests,European forest,,3533,0.4745,38,18,4,14,34,0.2222,0.1053,0.1429,0.2866,0.4718,0.3565
detectree2,tcd_tile_2408,Eastern forest-boreal transition,Other,,2257,0.4745,5,112,4,108,1,0.0357,0.8,0.0684,0.6035,0.3803,0.4666
detectree2,tcd_tile_2409,Rodope montane mixed forests,European forest,,4952,0.4745,0,46,0,46,0,0.0,0.0,0.0,0.0,0.0,0.0
detectree2,tcd_tile_2410,Nigerian lowland forests,African tropical forest,,4890,0.4745,5,163,1,162,4,0.0061,0.2,0.0119,0.0006,0.3276,0.0012
detectree2,tcd_tile_2411,Northern Zanzibar-Inhambane coastal forest mosaic,African tropical forest,,4557,0.4745,37,71,6,65,31,0.0845,0.1622,0.1111,0.9827,0.237,0.3818
detectree2,tcd_tile_2412,Atlantic mixed forests,European forest,,464,0.4745,5,103,4,99,1,0.0388,0.8,0.0741,0.6525,0.3382,0.4455
detectree2,tcd_tile_2413,Mato Grosso seasonal forests,Latin American forest,,3726,0.4745,199,172,61,111,138,0.3547,0.3065,0.3288,0.2154,0.6796,0.3271
detectree2,tcd_tile_2414,Central European mixed forests,European forest,,1937,0.4745,2,6,0,6,2,0.0,0.0,0.0,0.0,0.0,0.0
detectree2,tcd_tile_2415,East European forest steppe,European forest,,3873,0.4745,42,3,1,2,41,0.3333,0.0238,0.0444,0.1296,0.2063,0.1592
detectree2,tcd_tile_2416,Northern Zanzibar-Inhambane coastal forest mosaic,African tropical forest,,2348,0.4745,62,56,13,43,49,0.2321,0.2097,0.2203,0.0992,0.4925,0.1652
detectree2,tcd_tile_2417,Atlantic mixed forests,European forest,,369,0.4745,5,92,3,89,2,0.0326,0.6,0.0619,0.7564,0.457,0.5698
detectree2,tcd_tile_2418,Northern Zanzibar-Inhambane coastal forest mosaic,African tropical forest,,2775,0.4745,190,120,76,44,114,0.6333,0.4,0.4903,0.4697,0.6502,0.5454
detectree2,tcd_tile_2419,Northern Zanzibar-Inhambane coastal forest mosaic,African tropical forest,,870,0.4745,6,33,4,29,2,0.1212,0.6667,0.2051,0.4339,0.1322,0.2027
detectree2,tcd_tile_2420,Northern Anatolian conifer and deciduous forests,Other,,2544,0.4745,99,53,6,47,93,0.1132,0.0606,0.0789,0.1032,0.5513,0.1738
detectree2,tcd_tile_2421,Southeast Australia temperate forests,Other,,529,0.4745,90,80,48,32,42,0.6,0.5333,0.5647,0.5034,0.6423,0.5645
detectree2,tcd_tile_2422,Northern Acacia-Commiphora bushlands and thickets,Other,,1225,0.4745,32,2,1,1,31,0.5,0.0312,0.0588,0.4285,0.1035,0.1667
detectree2,tcd_tile_2423,Cerrado,Latin American forest,,644,0.4745,0,1,0,1,0,0.0,0.0,0.0,0.0,0.0,0.0
detectree2,tcd_tile_2424,Caucasus mixed forests,European forest,,2042,0.4745,5,30,4,26,1,0.1333,0.8,0.2286,1.0,0.1455,0.2541
detectree2,tcd_tile_2425,East European forest steppe,European forest,,4217,0.4745,6,54,2,52,4,0.037,0.3333,0.0667,0.9299,0.3061,0.4606
detectree2,tcd_tile_2426,Northeastern coastal forests,N. American forest,,2856,0.4745,18,84,2,82,16,0.0238,0.1111,0.0392,0.8717,0.2988,0.445
detectree2,tcd_tile_2427,Mindanao-Eastern Visayas rain forests,SE Asian & Pacific rainforest,,1956,0.4745,33,47,3,44,30,0.0638,0.0909,0.075,0.1858,0.314,0.2335
detectree2,tcd_tile_2428,Central U.S. hardwood forests,N. American forest,,3785,0.4745,46,76,19,57,27,0.25,0.413,0.3115,0.2581,0.4409,0.3256
detectree2,tcd_tile_2429,,Other,,3078,0.4745,8,18,1,17,7,0.0556,0.125,0.0769,0.0092,0.1528,0.0174
detectree2,tcd_tile_243,Northeastern coastal forests,N. American forest,,3047,0.4745,58,66,20,46,38,0.303,0.3448,0.3226,0.6556,0.5635,0.6061
detectree2,tcd_tile_2430,Lesser Sundas deciduous forests,SE Asian & Pacific rainforest,,2815,0.4745,19,31,3,28,16,0.0968,0.1579,0.12,0.6127,0.3781,0.4676
detectree2,tcd_tile_2431,Ucayali moist forests,Latin American forest,,3167,0.4745,166,131,16,115,150,0.1221,0.0964,0.1077,0.4998,0.3731,0.4272
detectree2,tcd_tile_2432,Madeira-Tapajós moist forests,Latin American forest,,372,0.4745,1,171,1,170,0,0.0058,1.0,0.0116,1.0,0.4658,0.6355
detectree2,tcd_tile_2433,Hispaniolan moist forests,SE Asian & Pacific rainforest,,4715,0.4745,103,75,9,66,94,0.12,0.0874,0.1011,0.0362,0.2775,0.0641
detectree2,tcd_tile_2434,North Central Rockies forests,N. American forest,,2018,0.4745,59,81,10,71,49,0.1235,0.1695,0.1429,0.9278,0.0683,0.1272
detectree2,tcd_tile_2435,Willamette Valley forests,N. American forest,,3376,0.4745,10,29,4,25,6,0.1379,0.4,0.2051,0.0605,0.162,0.0881
detectree2,tcd_tile_2436,Northern Zanzibar-Inhambane coastal forest mosaic,African tropical forest,,1953,0.4745,50,74,11,63,39,0.1486,0.22,0.1774,0.6336,0.4314,0.5133
detectree2,tcd_tile_2437,Atlantic coastal pine barrens,Other,,3214,0.4745,11,23,1,22,10,0.0435,0.0909,0.0588,0.3705,0.1151,0.1757
detectree2,tcd_tile_2438,Southeastern conifer forests,N. American forest,,3014,0.4745,26,68,8,60,18,0.1176,0.3077,0.1702,0.2654,0.2913,0.2777
detectree2,tcd_tile_2439,Northern Zanzibar-Inhambane coastal forest mosaic,African tropical forest,,3565,0.4745,55,53,19,34,36,0.3585,0.3455,0.3519,0.2173,0.5905,0.3177
detectree2,tcd_tile_2440,Northern Zanzibar-Inhambane coastal forest mosaic,African tropical forest,,1910,0.4745,131,67,20,47,111,0.2985,0.1527,0.202,0.2488,0.5968,0.3511
detectree2,tcd_tile_2441,Northern Zanzibar-Inhambane coastal forest mosaic,African tropical forest,,4004,0.4745,33,94,12,82,21,0.1277,0.3636,0.189,0.302,0.4376,0.3573
detectree2,tcd_tile_2442,Upper Midwest forest-savanna transition,N. American forest,,1427,0.4745,15,92,7,85,8,0.0761,0.4667,0.1308,0.4901,0.4881,0.4891
detectree2,tcd_tile_2443,Palawan rain forests,SE Asian & Pacific rainforest,,3738,0.4745,103,162,23,139,80,0.142,0.2233,0.1736,0.521,0.5896,0.5532
detectree2,tcd_tile_2444,Hispaniolan moist forests,SE Asian & Pacific rainforest,,4986,0.4745,0,4,0,4,0,0.0,0.0,0.0,0.0,0.0,0.0
detectree2,tcd_tile_2445,Appalachian-Blue Ridge forests,N. American forest,,3248,0.4745,82,31,4,27,78,0.129,0.0488,0.0708,0.0783,0.4068,0.1313
detectree2,tcd_tile_2446,Hispaniolan moist forests,SE Asian & Pacific rainforest,,3953,0.4745,231,71,16,55,215,0.2254,0.0693,0.106,0.0899,0.3112,0.1394
detectree2,tcd_tile_2447,Balkan mixed forests,European forest,,447,0.4745,124,169,53,116,71,0.3136,0.4274,0.3618,0.2836,0.5731,0.3794
detectree2,tcd_tile_2448,Granitic Seychelles forests,Other,,89,0.4745,64,165,22,143,42,0.1333,0.3438,0.1921,0.8854,0.5007,0.6397
detectree2,tcd_tile_2449,Eastern forest-boreal transition,Other,,2362,0.4745,1,186,1,185,0,0.0054,1.0,0.0107,0.9999,0.4569,0.6272
detectree2,tcd_tile_2450,,Other,,1499,0.4745,1,120,1,119,0,0.0083,1.0,0.0165,1.0,0.3259,0.4916
detectree2,tcd_tile_2451,East African montane forests,African tropical forest,,3586,0.4745,47,89,14,75,33,0.1573,0.2979,0.2059,0.648,0.3634,0.4656
detectree2,tcd_tile_2452,East European forest steppe,European forest,,1115,0.4745,4,63,3,60,1,0.0476,0.75,0.0896,0.7599,0.4281,0.5477
detectree2,tcd_tile_2453,Luzon rain forests,SE Asian & Pacific rainforest,,3262,0.4745,31,55,3,52,28,0.0545,0.0968,0.0698,0.8581,0.2721,0.4132
detectree2,tcd_tile_2454,Iberian sclerophyllous and semi-deciduous forests,Other,,1375,0.4745,232,60,21,39,211,0.35,0.0905,0.1438,0.201,0.3602,0.258
detectree2,tcd_tile_2455,Northeastern coastal forests,N. American forest,,2075,0.4745,2,9,2,7,0,0.2222,1.0,0.3636,0.7553,0.2031,0.3201
detectree2,tcd_tile_2456,Irrawaddy moist deciduous forests,Other,,1311,0.4745,44,56,11,45,33,0.1964,0.25,0.22,0.1256,0.4349,0.1949
detectree2,tcd_tile_2457,Hispaniolan moist forests,SE Asian & Pacific rainforest,,5031,0.4745,100,76,8,68,92,0.1053,0.08,0.0909,0.0398,0.3046,0.0704
detectree2,tcd_tile_2458,Richmond temperate forests,Other,,3319,0.4745,118,4,1,3,117,0.25,0.0085,0.0164,0.2522,0.2266,0.2387
detectree2,tcd_tile_2459,Bolivian montane dry forests,Latin American forest,,3424,0.4745,20,40,9,31,11,0.225,0.45,0.3,0.3923,0.2533,0.3079
detectree2,tcd_tile_246,Madeira-Tapajós moist forests,Latin American forest,,851,0.4745,1,226,1,225,0,0.0044,1.0,0.0088,1.0,0.424,0.5955
detectree2,tcd_tile_2460,Eastern Guinean forests,African tropical forest,,1955,0.4745,18,33,8,25,10,0.2424,0.4444,0.3137,0.1843,0.1785,0.1814
detectree2,tcd_tile_2461,Northern Congolian forest-savanna mosaic,African tropical forest,,46,0.4745,39,47,10,37,29,0.2128,0.2564,0.2326,0.0359,0.5122,0.0672
detectree2,tcd_tile_2462,Pontic steppe,Other,,790,0.4745,24,28,10,18,14,0.3571,0.4167,0.3846,0.1222,0.5663,0.201
detectree2,tcd_tile_2463,Changjiang Plain evergreen forests,Other,,2632,0.4745,97,44,20,24,77,0.4545,0.2062,0.2837,0.172,0.3918,0.2391
detectree2,tcd_tile_2464,Caucasus mixed forests,European forest,,1898,0.4745,1,109,1,108,0,0.0092,1.0,0.0182,1.0,0.3387,0.506
detectree2,tcd_tile_2465,Western European broadleaf forests,European forest,,4913,0.4745,1,7,1,6,0,0.1429,1.0,0.25,1.0,0.0988,0.1798
detectree2,tcd_tile_2466,Southern Zanzibar-Inhambane coastal forest mosaic,African tropical forest,,4444,0.4745,36,71,8,63,28,0.1127,0.2222,0.1495,0.0299,0.4222,0.0559
detectree2,tcd_tile_2467,Fiji tropical dry forests,Other,,2003,0.4745,2,96,2,94,0,0.0208,1.0,0.0408,0.978,0.3302,0.4937
detectree2,tcd_tile_2468,Lesser Sundas deciduous forests,SE Asian & Pacific rainforest,,4329,0.4745,14,72,3,69,11,0.0417,0.2143,0.0698,0.4645,0.2523,0.327
detectree2,tcd_tile_2469,Balkan mixed forests,European forest,,1798,0.4745,10,44,1,43,9,0.0227,0.1,0.037,0.7209,0.235,0.3544
detectree2,tcd_tile_247,Himalayan subtropical broadleaf forests,Other,,4414,0.4745,140,63,18,45,122,0.2857,0.1286,0.1773,0.1771,0.3754,0.2407
detectree2,tcd_tile_2470,Western European broadleaf forests,European forest,,4292,0.4745,20,110,5,105,15,0.0455,0.25,0.0769,0.8486,0.4321,0.5726
detectree2,tcd_tile_2471,Granitic Seychelles forests,Other,,2782,0.4745,0,36,0,36,0,0.0,0.0,0.0,0.0,0.0,0.0
detectree2,tcd_tile_2472,Northern Zanzibar-Inhambane coastal forest mosaic,African tropical forest,,4487,0.4745,233,160,53,107,180,0.3312,0.2275,0.2697,0.591,0.5131,0.5493
detectree2,tcd_tile_2473,Mato Grosso seasonal forests,Latin American forest,,3072,0.4745,31,4,3,1,28,0.75,0.0968,0.1714,0.6174,0.4241,0.5028
detectree2,tcd_tile_2474,Changjiang Plain evergreen forests,Other,,2748,0.4745,72,22,2,20,70,0.0909,0.0278,0.0426,0.0196,0.1858,0.0355
detectree2,tcd_tile_2475,Alto Paraná Atlantic forests,Other,,2498,0.4745,68,50,12,38,56,0.24,0.1765,0.2034,0.1612,0.6146,0.2554
detectree2,tcd_tile_2476,Jalisco dry forests,Other,,4081,0.4745,11,53,5,48,6,0.0943,0.4545,0.1562,0.3074,0.4219,0.3557
detectree2,tcd_tile_2477,Northern Zanzibar-Inhambane coastal forest mosaic,African tropical forest,,1114,0.4745,13,35,6,29,7,0.1714,0.4615,0.25,0.5344,0.1676,0.2552
detectree2,tcd_tile_2478,Hispaniolan dry forests,Other,,727,0.4745,6,20,2,18,4,0.1,0.3333,0.1538,0.0201,0.6061,0.0389
detectree2,tcd_tile_2479,Northern Zanzibar-Inhambane coastal forest mosaic,African tropical forest,,1814,0.4745,241,151,69,82,172,0.457,0.2863,0.352,0.4793,0.555,0.5144
detectree2,tcd_tile_248,Petén-Veracruz moist forests,Latin American forest,,1486,0.4745,79,72,17,55,62,0.2361,0.2152,0.2252,0.3393,0.4419,0.3839
detectree2,tcd_tile_2480,Changjiang Plain evergreen forests,Other,,823,0.4745,159,42,25,17,134,0.5952,0.1572,0.2488,0.5019,0.2192,0.3051
detectree2,tcd_tile_2481,Sarmatic mixed forests,European forest,,4674,0.4745,17,77,13,64,4,0.1688,0.7647,0.2766,0.3737,0.5892,0.4574
detectree2,tcd_tile_2482,Northern Zanzibar-Inhambane coastal forest mosaic,African tropical forest,,3324,0.4745,261,126,57,69,204,0.4524,0.2184,0.2946,0.3225,0.4953,0.3907
detectree2,tcd_tile_2483,Northern Zanzibar-Inhambane coastal forest mosaic,African tropical forest,,4031,0.4745,81,82,9,73,72,0.1098,0.1111,0.1104,0.0373,0.4622,0.069
detectree2,tcd_tile_2484,South Central Rockies forests,Other,,4568,0.4745,88,15,8,7,80,0.5333,0.0909,0.1553,0.7181,0.2312,0.3497
detectree2,tcd_tile_2485,Northern Zanzibar-Inhambane coastal forest mosaic,African tropical forest,,2651,0.4745,330,66,10,56,320,0.1515,0.0303,0.0505,0.0624,0.418,0.1086
detectree2,tcd_tile_2486,Central European mixed forests,European forest,,4801,0.4745,0,24,0,24,0,0.0,0.0,0.0,0.0,0.0,0.0
detectree2,tcd_tile_2487,Southeastern mixed forests,N. American forest,,2903,0.4745,19,52,3,49,16,0.0577,0.1579,0.0845,0.8832,0.3187,0.4684
detectree2,tcd_tile_2488,Northern Zanzibar-Inhambane coastal forest mosaic,African tropical forest,,2657,0.4745,26,74,7,67,19,0.0946,0.2692,0.14,0.4522,0.3388,0.3873
detectree2,tcd_tile_2489,Greater Negros-Panay rain forests,SE Asian & Pacific rainforest,,1778,0.4745,65,59,30,29,35,0.5085,0.4615,0.4839,0.2453,0.5752,0.3439
detectree2,tcd_tile_249,Serra do Mar coastal forests,Latin American forest,,5001,0.4745,111,88,16,72,95,0.1818,0.1441,0.1608,0.2256,0.4419,0.2987
detectree2,tcd_tile_2490,Crimean Submediterranean forest complex,Other,,1708,0.4745,99,117,39,78,60,0.3333,0.3939,0.3611,0.5933,0.1987,0.2977
detectree2,tcd_tile_2491,Northern Zanzibar-Inhambane coastal forest mosaic,African tropical forest,,2840,0.4745,195,98,29,69,166,0.2959,0.1487,0.198,0.4068,0.3383,0.3694
detectree2,tcd_tile_2492,Southern Zanzibar-Inhambane coastal forest mosaic,African tropical forest,,2784,0.4745,28,28,8,20,20,0.2857,0.2857,0.2857,0.0565,0.2893,0.0946
detectree2,tcd_tile_2493,Sarmatic mixed forests,European forest,,2370,0.4745,22,63,7,56,15,0.1111,0.3182,0.1647,0.5962,0.5668,0.5811
detectree2,tcd_tile_2494,Timor and Wetar deciduous forests,SE Asian & Pacific rainforest,,1488,0.4745,190,95,39,56,151,0.4105,0.2053,0.2737,0.3047,0.3533,0.3272
detectree2,tcd_tile_2495,Tongan tropical moist forests,SE Asian & Pacific rainforest,,5047,0.4745,149,63,10,53,139,0.1587,0.0671,0.0943,0.1607,0.3766,0.2252
detectree2,tcd_tile_2496,Changjiang Plain evergreen forests,Other,,2770,0.4745,84,15,7,8,77,0.4667,0.0833,0.1414,0.0986,0.2341,0.1388
detectree2,tcd_tile_2497,Northern Zanzibar-Inhambane coastal forest mosaic,African tropical forest,,267,0.4745,45,99,12,87,33,0.1212,0.2667,0.1667,0.8649,0.3012,0.4468
detectree2,tcd_tile_2498,Western European broadleaf forests,European forest,,4819,0.4745,1,185,1,184,0,0.0054,1.0,0.0108,0.9863,0.4401,0.6086
detectree2,tcd_tile_2499,Northern Zanzibar-Inhambane coastal forest mosaic,African tropical forest,,302,0.4745,1,15,1,14,0,0.0667,1.0,0.125,1.0,0.1019,0.185
detectree2,tcd_tile_25,Zambezian and Mopane woodlands,Arid / dryland,,3,0.4745,41,95,20,75,21,0.2105,0.4878,0.2941,0.3901,0.5535,0.4577
detectree2,tcd_tile_250,Bahia coastal forests,Latin American forest,,3469,0.4745,1,71,1,70,0,0.0141,1.0,0.0278,1.0,0.215,0.3539
detectree2,tcd_tile_2500,Cerrado,Latin American forest,,1366,0.4745,84,41,29,12,55,0.7073,0.3452,0.464,0.3678,0.6022,0.4567
detectree2,tcd_tile_2501,California interior chaparral and woodlands,Other,,478,0.4745,3,54,3,51,0,0.0556,1.0,0.1053,0.7832,0.4537,0.5746
detectree2,tcd_tile_2502,Valdivian temperate forests,Other,,51,0.4745,70,66,27,39,43,0.4091,0.3857,0.3971,0.3892,0.4599,0.4216
detectree2,tcd_tile_2503,Crimean Submediterranean forest complex,Other,,1652,0.4745,57,108,28,80,29,0.2593,0.4912,0.3394,0.4152,0.4132,0.4142
detectree2,tcd_tile_2504,Northern Zanzibar-Inhambane coastal forest mosaic,African tropical forest,,1478,0.4745,61,97,9,88,52,0.0928,0.1475,0.1139,0.0778,0.6075,0.138
detectree2,tcd_tile_2505,Hispaniolan dry forests,Other,,4194,0.4745,96,54,34,20,62,0.6296,0.3542,0.4533,0.7899,0.4529,0.5757
detectree2,tcd_tile_2506,Sulawesi lowland rain forests,SE Asian & Pacific rainforest,,174,0.4745,177,41,9,32,168,0.2195,0.0508,0.0826,0.1235,0.3906,0.1877
detectree2,tcd_tile_2507,Ucayali moist forests,Latin American forest,,3898,0.4745,24,64,3,61,21,0.0469,0.125,0.0682,0.5721,0.2654,0.3626
detectree2,tcd_tile_2508,Changjiang Plain evergreen forests,Other,,1606,0.4745,175,66,41,25,134,0.6212,0.2343,0.3402,0.3647,0.3486,0.3564
detectree2,tcd_tile_2509,Sarmatic mixed forests,European forest,,704,0.4745,75,115,40,75,35,0.3478,0.5333,0.4211,0.2958,0.5506,0.3849
detectree2,tcd_tile_2510,Middle Atlantic coastal forests,Other,,3558,0.4745,70,52,12,40,58,0.2308,0.1714,0.1967,0.2876,0.3501,0.3158
detectree2,tcd_tile_2511,Appalachian-Blue Ridge forests,N. American forest,,2482,0.4745,80,58,11,47,69,0.1897,0.1375,0.1594,0.4397,0.2603,0.327
detectree2,tcd_tile_2512,California interior chaparral and woodlands,Other,,29,0.4745,28,111,16,95,12,0.1441,0.5714,0.2302,0.674,0.4781,0.5594
detectree2,tcd_tile_2513,Southern Great Lakes forests,N. American forest,,4408,0.4745,47,51,17,34,30,0.3333,0.3617,0.3469,0.3057,0.5656,0.3969
detectree2,tcd_tile_2514,Southern Zanzibar-Inhambane coastal forest mosaic,African tropical forest,,4271,0.4745,41,29,7,22,34,0.2414,0.1707,0.2,0.2389,0.2586,0.2483
detectree2,tcd_tile_2515,Mindanao-Eastern Visayas rain forests,SE Asian & Pacific rainforest,,2135,0.4745,50,73,8,65,42,0.1096,0.16,0.1301,0.622,0.3632,0.4586
detectree2,tcd_tile_2516,Changjiang Plain evergreen forests,Other,,4667,0.4745,168,127,67,60,101,0.5276,0.3988,0.4542,0.7663,0.5969,0.6711
detectree2,tcd_tile_2517,Taiheiyo evergreen forests,Other,,40,0.4745,106,136,34,102,72,0.25,0.3208,0.281,0.305,0.5807,0.4
detectree2,tcd_tile_2518,Iquitos varzeá,Other,,2239,0.4745,64,57,19,38,45,0.3333,0.2969,0.314,0.3474,0.4976,0.4092
detectree2,tcd_tile_2519,Northern Zanzibar-Inhambane coastal forest mosaic,African tropical forest,,1869,0.4745,141,201,68,133,73,0.3383,0.4823,0.3977,0.8244,0.4802,0.6069
detectree2,tcd_tile_252,Peruvian Yungas,Latin American forest,,3719,0.4745,126,69,6,63,120,0.087,0.0476,0.0615,0.0697,0.2516,0.1092
detectree2,tcd_tile_2520,Ucayali moist forests,Latin American forest,,3767,0.4745,3,51,1,50,2,0.0196,0.3333,0.037,0.7221,0.1536,0.2533
detectree2,tcd_tile_2521,East European forest steppe,European forest,,3615,0.4745,3,4,1,3,2,0.25,0.3333,0.2857,0.2046,0.0046,0.0091
detectree2,tcd_tile_2522,Sarmatic mixed forests,European forest,,2029,0.4745,6,127,4,123,2,0.0315,0.6667,0.0602,0.8252,0.4956,0.6193
detectree2,tcd_tile_2523,Southern Great Lakes forests,N. American forest,,3003,0.4745,42,16,6,10,36,0.375,0.1429,0.2069,0.1908,0.1478,0.1666
detectree2,tcd_tile_2524,Upper Gangetic Plains moist deciduous forests,Other,,3606,0.4745,15,30,7,23,8,0.2333,0.4667,0.3111,0.5148,0.3217,0.3959
detectree2,tcd_tile_2525,Northeastern Spain and Southern France Mediterranean forests,Other,,421,0.4745,112,35,18,17,94,0.5143,0.1607,0.2449,0.3393,0.2948,0.3155
detectree2,tcd_tile_2526,Celtic broadleaf forests,European forest,,4469,0.4745,2,4,1,3,1,0.25,0.5,0.3333,0.2297,0.2395,0.2345
detectree2,tcd_tile_2527,Western European broadleaf forests,European forest,,5040,0.4745,59,112,12,100,47,0.1071,0.2034,0.1404,0.8361,0.3938,0.5354
detectree2,tcd_tile_2528,Northern Zanzibar-Inhambane coastal forest mosaic,African tropical forest,,2762,0.4745,37,87,16,71,21,0.1839,0.4324,0.2581,0.5323,0.4253,0.4728
detectree2,tcd_tile_2529,Carpathian montane forests,Other,,4999,0.4745,3,17,2,15,1,0.1176,0.6667,0.2,0.139,0.4378,0.211
detectree2,tcd_tile_253,Petén-Veracruz moist forests,Latin American forest,,3170,0.4745,219,82,26,56,193,0.3171,0.1187,0.1728,0.1845,0.3982,0.2521
detectree2,tcd_tile_2530,Bolivian Yungas,Other,,3679,0.4745,91,73,32,41,59,0.4384,0.3516,0.3902,0.3051,0.4735,0.3711
detectree2,tcd_tile_2531,Greater Negros-Panay rain forests,SE Asian & Pacific rainforest,,788,0.4745,11,32,5,27,6,0.1562,0.4545,0.2326,0.0405,0.8408,0.0773
detectree2,tcd_tile_2532,Taiheiyo evergreen forests,Other,,3441,0.4745,73,48,12,36,61,0.25,0.1644,0.1983,0.1209,0.3541,0.1802
detectree2,tcd_tile_2533,Tongan tropical moist forests,SE Asian & Pacific rainforest,,4361,0.4745,19,57,3,54,16,0.0526,0.1579,0.0789,0.8526,0.2091,0.3359
detectree2,tcd_tile_2534,Appalachian mixed mesophytic forests,Other,,1413,0.4745,27,63,5,58,22,0.0794,0.1852,0.1111,0.465,0.4982,0.4811
detectree2,tcd_tile_2535,Sarmatic mixed forests,European forest,,3519,0.4745,12,56,8,48,4,0.1429,0.6667,0.2353,0.4045,0.5482,0.4655
detectree2,tcd_tile_2536,Sarmatic mixed forests,European forest,,3861,0.4745,54,67,13,54,41,0.194,0.2407,0.2149,0.5527,0.4121,0.4722
detectree2,tcd_tile_2537,Northern California coastal forests,N. American forest,,2054,0.4745,11,141,9,132,2,0.0638,0.8182,0.1184,0.8749,0.3665,0.5166
detectree2,tcd_tile_2538,Eastern forest-boreal transition,Other,,3244,0.4745,1,66,1,65,0,0.0152,1.0,0.0299,0.6516,0.4553,0.5361
detectree2,tcd_tile_2539,Madeira-Tapajós moist forests,Latin American forest,,715,0.4745,1,204,1,203,0,0.0049,1.0,0.0098,1.0,0.4329,0.6043
detectree2,tcd_tile_2540,Upper Midwest forest-savanna transition,N. American forest,,4666,0.4745,49,51,11,40,38,0.2157,0.2245,0.22,0.4461,0.2751,0.3403
detectree2,tcd_tile_2541,Caucasus mixed forests,European forest,,4245,0.4745,1,184,1,183,0,0.0054,1.0,0.0108,0.9623,0.4417,0.6055
detectree2,tcd_tile_2542,Himalayan subtropical broadleaf forests,Other,,3820,0.4745,12,44,5,39,7,0.1136,0.4167,0.1786,0.2493,0.2785,0.2631
detectree2,tcd_tile_2543,,Other,,3855,0.4745,1,104,1,103,0,0.0096,1.0,0.019,1.0,0.3358,0.5028
detectree2,tcd_tile_2544,Southern Zanzibar-Inhambane coastal forest mosaic,African tropical forest,,1617,0.4745,80,78,20,58,60,0.2564,0.25,0.2532,0.1259,0.6109,0.2088
detectree2,tcd_tile_2545,Willamette Valley forests,N. American forest,,1963,0.4745,231,26,1,25,230,0.0385,0.0043,0.0078,0.0107,0.2527,0.0205
detectree2,tcd_tile_2546,Southern Great Lakes forests,N. American forest,,4790,0.4745,74,46,21,25,53,0.4565,0.2838,0.35,0.5539,0.3781,0.4494
detectree2,tcd_tile_2547,Luzon rain forests,SE Asian & Pacific rainforest,,3612,0.4745,2,30,2,28,0,0.0667,1.0,0.125,0.0101,0.6961,0.02
detectree2,tcd_tile_2548,,Other,,4661,0.4745,136,189,39,150,97,0.2063,0.2868,0.24,0.6809,0.4397,0.5343
detectree2,tcd_tile_2549,Rodope montane mixed forests,European forest,,4683,0.4745,275,135,52,83,223,0.3852,0.1891,0.2537,0.2724,0.4411,0.3368
detectree2,tcd_tile_255,Himalayan subtropical broadleaf forests,Other,,4597,0.4745,94,98,24,74,70,0.2449,0.2553,0.25,0.2718,0.4123,0.3276
detectree2,tcd_tile_2550,Luzon rain forests,SE Asian & Pacific rainforest,,432,0.4745,200,127,24,103,176,0.189,0.12,0.1468,0.126,0.5544,0.2054
detectree2,tcd_tile_2551,Sierra Nevada forests,N. American forest,,588,0.4745,158,92,62,30,96,0.6739,0.3924,0.496,0.5108,0.6084,0.5553
detectree2,tcd_tile_2552,Alps conifer and mixed forests,European forest,,4979,0.4745,19,14,5,9,14,0.3571,0.2632,0.303,0.101,0.1474,0.1199
detectree2,tcd_tile_2553,Appalachian mixed mesophytic forests,Other,,3676,0.4745,1,15,1,14,0,0.0667,1.0,0.125,0.3594,0.2224,0.2748
detectree2,tcd_tile_2554,California interior chaparral and woodlands,Other,,162,0.4745,67,19,12,7,55,0.6316,0.1791,0.2791,0.6314,0.331,0.4343
detectree2,tcd_tile_2555,Luzon rain forests,SE Asian & Pacific rainforest,,1088,0.4745,146,110,35,75,111,0.3182,0.2397,0.2734,0.2041,0.6067,0.3054
detectree2,tcd_tile_2556,Iquitos varzeá,Other,,1415,0.4745,14,78,6,72,8,0.0769,0.4286,0.1304,0.7509,0.4042,0.5256
detectree2,tcd_tile_2557,Southern Annamites montane rain forests,Other,,2911,0.4745,39,75,12,63,27,0.16,0.3077,0.2105,0.5023,0.3939,0.4415
detectree2,tcd_tile_2558,Northern California coastal forests,N. American forest,,3505,0.4745,3,78,2,76,1,0.0256,0.6667,0.0494,0.9204,0.3993,0.557
detectree2,tcd_tile_2559,Baltic mixed forests,European forest,,1909,0.4745,5,9,3,6,2,0.3333,0.6,0.4286,0.2549,0.6869,0.3718
detectree2,tcd_tile_256,Cerrado,Latin American forest,,1149,0.4745,10,29,4,25,6,0.1379,0.4,0.2051,0.023,0.5608,0.0442
detectree2,tcd_tile_2560,Northern Zanzibar-Inhambane coastal forest mosaic,African tropical forest,,370,0.4745,136,93,24,69,112,0.2581,0.1765,0.2096,0.2871,0.5634,0.3804
detectree2,tcd_tile_2561,Ecuadorian dry forests,Other,,64,0.4745,34,16,6,10,28,0.375,0.1765,0.24,0.1811,0.4086,0.251
detectree2,tcd_tile_2562,,Other,,2155,0.4745,151,127,65,62,86,0.5118,0.4305,0.4676,0.5718,0.5978,0.5845
detectree2,tcd_tile_2563,Northern Anatolian conifer and deciduous forests,Other,,2904,0.4745,59,24,4,20,55,0.1667,0.0678,0.0964,0.1412,0.1074,0.122
detectree2,tcd_tile_2564,Scandinavian coastal conifer forests,Other,,2248,0.4745,5,141,1,140,4,0.0071,0.2,0.0137,0.6044,0.3328,0.4292
detectree2,tcd_tile_2565,Balkan mixed forests,European forest,,1964,0.4745,12,17,2,15,10,0.1176,0.1667,0.1379,0.0582,0.4843,0.104
detectree2,tcd_tile_2566,Luzon rain forests,SE Asian & Pacific rainforest,,1537,0.4745,8,22,3,19,5,0.1364,0.375,0.2,0.3347,0.4671,0.39
detectree2,tcd_tile_2567,Upper Midwest forest-savanna transition,N. American forest,,3057,0.4745,46,15,1,14,45,0.0667,0.0217,0.0328,0.081,0.1588,0.1073
detectree2,tcd_tile_2568,Eastern forest-boreal transition,Other,,2218,0.4745,10,57,5,52,5,0.0877,0.5,0.1493,0.7201,0.4987,0.5893
detectree2,tcd_tile_2569,Caucasus mixed forests,European forest,,2440,0.4745,1,210,1,209,0,0.0048,1.0,0.0095,0.9944,0.5016,0.6668
detectree2,tcd_tile_2570,Western Siberian hemiboreal forests,Other,,1916,0.4745,20,20,4,16,16,0.2,0.2,0.2,0.2952,0.0976,0.1467
detectree2,tcd_tile_2571,Tigris-Euphrates alluvial salt marsh,Other,,867,0.4745,68,36,10,26,58,0.2778,0.1471,0.1923,0.0779,0.2981,0.1235
detectree2,tcd_tile_2572,Eastern Mediterranean conifer-sclerophyllous-broadleaf forests,Other,,1323,0.4745,40,17,10,7,30,0.5882,0.25,0.3509,0.6917,0.3794,0.49
detectree2,tcd_tile_2573,Sierra Nevada forests,N. American forest,,3761,0.4745,25,105,7,98,18,0.0667,0.28,0.1077,0.5462,0.3922,0.4566
detectree2,tcd_tile_2574,Lesser Sundas deciduous forests,SE Asian & Pacific rainforest,,3798,0.4745,11,61,4,57,7,0.0656,0.3636,0.1111,0.9453,0.381,0.5431
detectree2,tcd_tile_2575,Upper Midwest forest-savanna transition,N. American forest,,1764,0.4745,39,17,4,13,35,0.2353,0.1026,0.1429,0.2167,0.101,0.1378
detectree2,tcd_tile_2576,Timor and Wetar deciduous forests,SE Asian & Pacific rainforest,,1066,0.4745,115,93,40,53,75,0.4301,0.3478,0.3846,0.5981,0.4526,0.5153
detectree2,tcd_tile_2577,Northern Zanzibar-Inhambane coastal forest mosaic,African tropical forest,,3978,0.4745,79,122,15,107,64,0.123,0.1899,0.1493,0.4985,0.3976,0.4424
detectree2,tcd_tile_2578,Northern California coastal forests,N. American forest,,1430,0.4745,5,39,3,36,2,0.0769,0.6,0.1364,0.6223,0.4145,0.4976
detectree2,tcd_tile_2579,Caucasus mixed forests,European forest,,3681,0.4745,3,53,2,51,1,0.0377,0.6667,0.0714,0.775,0.2503,0.3784
detectree2,tcd_tile_258,Madeira-Tapajós moist forests,Latin American forest,,2372,0.4745,2,99,2,97,0,0.0202,1.0,0.0396,0.998,0.2745,0.4306
detectree2,tcd_tile_2580,Iberian sclerophyllous and semi-deciduous forests,Other,,151,0.4745,154,39,32,7,122,0.8205,0.2078,0.3316,0.6573,0.211,0.3195
detectree2,tcd_tile_2581,Luzon rain forests,SE Asian & Pacific rainforest,,4079,0.4745,45,104,16,88,29,0.1538,0.3556,0.2148,0.4291,0.4287,0.4289
detectree2,tcd_tile_2582,Sarmatic mixed forests,European forest,,1491,0.4745,41,67,23,44,18,0.3433,0.561,0.4259,0.5216,0.519,0.5203
detectree2,tcd_tile_2583,Atlantic mixed forests,European forest,,1691,0.4745,15,29,3,26,12,0.1034,0.2,0.1364,0.2688,0.5232,0.3551
detectree2,tcd_tile_2584,,Other,,4632,0.4745,35,53,7,46,28,0.1321,0.2,0.1591,0.7792,0.3746,0.506
detectree2,tcd_tile_2585,Northern Zanzibar-Inhambane coastal forest mosaic,African tropical forest,,1892,0.4745,62,13,10,3,52,0.7692,0.1613,0.2667,0.1622,0.2608,0.2
detectree2,tcd_tile_2586,Serra do Mar coastal forests,Latin American forest,,5005,0.4745,110,44,14,30,96,0.3182,0.1273,0.1818,0.5191,0.3595,0.4248
detectree2,tcd_tile_2587,Balkan mixed forests,European forest,,4753,0.4745,0,40,0,40,0,0.0,0.0,0.0,0.0,0.0,0.0
detectree2,tcd_tile_2588,Northern Zanzibar-Inhambane coastal forest mosaic,African tropical forest,,3165,0.4745,137,115,34,81,103,0.2957,0.2482,0.2698,0.3754,0.3925,0.3837
detectree2,tcd_tile_2589,Central European mixed forests,European forest,,3131,0.4745,1,11,0,11,1,0.0,0.0,0.0,0.0078,0.0424,0.0132
detectree2,tcd_tile_259,Bahia coastal forests,Latin American forest,,4315,0.4745,24,23,6,17,18,0.2609,0.25,0.2553,0.3474,0.2239,0.2723
detectree2,tcd_tile_2590,East European forest steppe,European forest,,2634,0.4745,162,86,34,52,128,0.3953,0.2099,0.2742,0.2331,0.3647,0.2844
detectree2,tcd_tile_2591,Atlantic mixed forests,European forest,,1616,0.4745,6,26,2,24,4,0.0769,0.3333,0.125,0.0564,0.1784,0.0857
detectree2,tcd_tile_2592,Valdivian temperate forests,Other,,2305,0.4745,182,63,23,40,159,0.3651,0.1264,0.1878,0.3986,0.2978,0.3409
detectree2,tcd_tile_2593,Serra do Mar coastal forests,Latin American forest,,4435,0.4745,13,54,4,50,9,0.0741,0.3077,0.1194,0.4795,0.305,0.3728
detectree2,tcd_tile_2594,Bahia interior forests,Other,,2654,0.4745,30,10,3,7,27,0.3,0.1,0.15,0.1601,0.0844,0.1105
detectree2,tcd_tile_2595,East European forest steppe,European forest,,875,0.4745,9,80,6,74,3,0.075,0.6667,0.1348,0.5643,0.3548,0.4357
detectree2,tcd_tile_2596,Southern Zanzibar-Inhambane coastal forest mosaic,African tropical forest,,1640,0.4745,252,68,48,20,204,0.7059,0.1905,0.3,0.4321,0.5037,0.4652
detectree2,tcd_tile_2597,Madeira-Tapajós moist forests,Latin American forest,,3670,0.4745,50,25,1,24,49,0.04,0.02,0.0267,0.0431,0.2191,0.072
detectree2,tcd_tile_2598,Northern Zanzibar-Inhambane coastal forest mosaic,African tropical forest,,1523,0.4745,19,9,8,1,11,0.8889,0.4211,0.5714,0.7723,0.466,0.5813
detectree2,tcd_tile_2599,South Siberian forest steppe,Other,,422,0.4745,138,79,37,42,101,0.4684,0.2681,0.341,0.5125,0.5644,0.5372
detectree2,tcd_tile_26,West Sudanian savanna,Arid / dryland,,1135,0.4745,71,47,23,24,48,0.4894,0.3239,0.3898,0.3116,0.5499,0.3978
detectree2,tcd_tile_260,Petén-Veracruz moist forests,Latin American forest,,1845,0.4745,37,56,11,45,26,0.1964,0.2973,0.2366,0.6399,0.4054,0.4963
detectree2,tcd_tile_2600,Eastern forest-boreal transition,Other,,2291,0.4745,1,132,1,131,0,0.0076,1.0,0.015,0.9998,0.3947,0.566
detectree2,tcd_tile_2601,Bahia interior forests,Other,,62,0.4745,79,62,14,48,65,0.2258,0.1772,0.1986,0.304,0.4452,0.3613
detectree2,tcd_tile_2602,Araucaria moist forests,Other,,1173,0.4745,188,106,28,78,160,0.2642,0.1489,0.1905,0.1484,0.4305,0.2208
detectree2,tcd_tile_2603,Northern Zanzibar-Inhambane coastal forest mosaic,African tropical forest,,3273,0.4745,143,84,10,74,133,0.119,0.0699,0.0881,0.2625,0.4619,0.3348
detectree2,tcd_tile_2604,Southern Great Lakes forests,N. American forest,,812,0.4745,49,30,6,24,43,0.2,0.1224,0.1519,0.0333,0.2338,0.0583
detectree2,tcd_tile_2605,Willamette Valley forests,N. American forest,,3980,0.4745,169,12,1,11,168,0.0833,0.0059,0.011,0.5036,0.3977,0.4444
detectree2,tcd_tile_2606,Northern Zanzibar-Inhambane coastal forest mosaic,African tropical forest,,2295,0.4745,154,86,17,69,137,0.1977,0.1104,0.1417,0.3935,0.4897,0.4364
detectree2,tcd_tile_2607,Central European mixed forests,European forest,,3231,0.4745,27,27,7,20,20,0.2593,0.2593,0.2593,0.2969,0.2247,0.2558
detectree2,tcd_tile_2608,Northern Zanzibar-Inhambane coastal forest mosaic,African tropical forest,,2847,0.4745,10,50,3,47,7,0.06,0.3,0.1,0.9126,0.3045,0.4567
detectree2,tcd_tile_2609,Northern Zanzibar-Inhambane coastal forest mosaic,African tropical forest,,2073,0.4745,204,105,28,77,176,0.2667,0.1373,0.1812,0.5208,0.4625,0.4899
detectree2,tcd_tile_261,Madeira-Tapajós moist forests,Latin American forest,,3358,0.4745,34,63,1,62,33,0.0159,0.0294,0.0206,0.9998,0.2673,0.4218
detectree2,tcd_tile_2610,Madeira-Tapajós moist forests,Latin American forest,,2187,0.4745,4,69,1,68,3,0.0145,0.25,0.0274,0.8807,0.2852,0.4309
detectree2,tcd_tile_2611,Northern Zanzibar-Inhambane coastal forest mosaic,African tropical forest,,4875,0.4745,160,72,15,57,145,0.2083,0.0938,0.1293,0.4843,0.1816,0.2642
detectree2,tcd_tile_2612,Eastern forest-boreal transition,Other,,1660,0.4745,5,123,2,121,3,0.0163,0.4,0.0313,0.7579,0.3615,0.4895
detectree2,tcd_tile_2613,,Other,,3265,0.4745,37,92,19,73,18,0.2065,0.5135,0.2946,0.6711,0.4093,0.5085
detectree2,tcd_tile_2614,Magdalena Valley montane forests,Other,,1584,0.4745,36,46,11,35,25,0.2391,0.3056,0.2683,0.3978,0.5726,0.4695
detectree2,tcd_tile_2615,Southern Zanzibar-Inhambane coastal forest mosaic,African tropical forest,,604,0.4745,19,28,2,26,17,0.0714,0.1053,0.0851,0.0489,0.4032,0.0872
detectree2,tcd_tile_2616,Southern Zanzibar-Inhambane coastal forest mosaic,African tropical forest,,3079,0.4745,46,76,13,63,33,0.1711,0.2826,0.2131,0.248,0.3701,0.297
detectree2,tcd_tile_2617,Cerrado,Latin American forest,,179,0.4745,1,9,1,8,0,0.1111,1.0,0.2,0.0171,0.9797,0.0336
detectree2,tcd_tile_2618,Maputaland coastal forest mosaic,African tropical forest,,537,0.4745,13,43,1,42,12,0.0233,0.0769,0.0357,0.0069,0.1269,0.0132
detectree2,tcd_tile_2619,Southeastern mixed forests,N. American forest,,3227,0.4745,11,28,3,25,8,0.1071,0.2727,0.1538,0.2982,0.2315,0.2606
detectree2,tcd_tile_262,Sarmatic mixed forests,European forest,,1972,0.4745,13,68,9,59,4,0.1324,0.6923,0.2222,0.7851,0.3089,0.4433
detectree2,tcd_tile_2620,Northern Zanzibar-Inhambane coastal forest mosaic,African tropical forest,,21,0.4745,24,57,19,38,5,0.3333,0.7917,0.4691,0.4562,0.6979,0.5518
detectree2,tcd_tile_2621,Southeastern mixed forests,N. American forest,,5039,0.4745,65,25,12,13,53,0.48,0.1846,0.2667,0.29,0.2806,0.2852
detectree2,tcd_tile_2622,Eastern Great Lakes lowland forests,N. American forest,,3092,0.4745,113,68,24,44,89,0.3529,0.2124,0.2652,0.2963,0.4459,0.356
detectree2,tcd_tile_2623,Pannonian mixed forests,European forest,,2949,0.4745,6,126,2,124,4,0.0159,0.3333,0.0303,0.927,0.4053,0.564
detectree2,tcd_tile_2624,Himalayan subtropical broadleaf forests,Other,,4364,0.4745,117,103,21,82,96,0.2039,0.1795,0.1909,0.1095,0.3556,0.1674
detectree2,tcd_tile_2625,Richmond temperate forests,Other,,3710,0.4745,22,12,3,9,19,0.25,0.1364,0.1765,0.3822,0.5345,0.4457
detectree2,tcd_tile_2626,Northern Zanzibar-Inhambane coastal forest mosaic,African tropical forest,,3039,0.4745,171,46,26,20,145,0.5652,0.152,0.2396,0.2709,0.307,0.2878
detectree2,tcd_tile_2627,Northeastern Spain and Southern France Mediterranean forests,Other,,299,0.4745,36,17,4,13,32,0.2353,0.1111,0.1509,0.362,0.1352,0.1968
detectree2,tcd_tile_2628,Hispaniolan moist forests,SE Asian & Pacific rainforest,,2504,0.4745,43,41,4,37,39,0.0976,0.093,0.0952,0.0428,0.2107,0.0712
detectree2,tcd_tile_2629,Eastern Guinean forests,African tropical forest,,1716,0.4745,35,41,5,36,30,0.122,0.1429,0.1316,0.2911,0.2186,0.2497
detectree2,tcd_tile_263,Luzon rain forests,SE Asian & Pacific rainforest,,4172,0.4745,12,100,7,93,5,0.07,0.5833,0.125,0.5388,0.5976,0.5667
detectree2,tcd_tile_2630,Western Java rain forests,Other,,897,0.4745,162,0,0,0,162,0.0,0.0,0.0,0.0,0.0,0.0
detectree2,tcd_tile_2631,English Lowlands beech forests,European forest,,1548,0.4745,1,15,1,14,0,0.0667,1.0,0.125,0.1216,0.2298,0.1591
detectree2,tcd_tile_2632,Southern Zanzibar-Inhambane coastal forest mosaic,African tropical forest,,3317,0.4745,140,81,33,48,107,0.4074,0.2357,0.2986,0.2931,0.6922,0.4118
detectree2,tcd_tile_2633,Cerrado,Latin American forest,,968,0.4745,31,69,7,62,24,0.1014,0.2258,0.14,0.1882,0.2912,0.2286
detectree2,tcd_tile_2634,Timor and Wetar deciduous forests,SE Asian & Pacific rainforest,,3690,0.4745,130,112,33,79,97,0.2946,0.2538,0.2727,0.2895,0.4732,0.3593
detectree2,tcd_tile_2635,Sierra Nevada forests,N. American forest,,2974,0.4745,14,72,5,67,9,0.0694,0.3571,0.1163,0.7546,0.3421,0.4708
detectree2,tcd_tile_2636,Maputaland coastal forest mosaic,African tropical forest,,2205,0.4745,55,40,12,28,43,0.3,0.2182,0.2526,0.2984,0.5881,0.3959
detectree2,tcd_tile_2637,Lesser Sundas deciduous forests,SE Asian & Pacific rainforest,,2715,0.4745,137,55,4,51,133,0.0727,0.0292,0.0417,0.6594,0.413,0.5079
detectree2,tcd_tile_2638,Rodope montane mixed forests,European forest,,4244,0.4745,60,49,14,35,46,0.2857,0.2333,0.2569,0.2614,0.4658,0.3349
detectree2,tcd_tile_2639,Sulawesi lowland rain forests,SE Asian & Pacific rainforest,,4722,0.4745,145,90,44,46,101,0.4889,0.3034,0.3745,0.2629,0.4128,0.3212
detectree2,tcd_tile_264,Fiji tropical dry forests,Other,,2222,0.4745,34,70,1,69,33,0.0143,0.0294,0.0192,0.692,0.2194,0.3332
detectree2,tcd_tile_2640,Hispaniolan moist forests,SE Asian & Pacific rainforest,,5045,0.4745,81,69,11,58,70,0.1594,0.1358,0.1467,0.0448,0.3693,0.0799
detectree2,tcd_tile_2641,Eastern Guinean forests,African tropical forest,,2098,0.4745,1,20,1,19,0,0.05,1.0,0.0952,0.8987,0.5143,0.6542
detectree2,tcd_tile_2642,Madeira-Tapajós moist forests,Latin American forest,,1150,0.4745,1,225,1,224,0,0.0044,1.0,0.0088,1.0,0.4575,0.6278
detectree2,tcd_tile_2643,Northern Zanzibar-Inhambane coastal forest mosaic,African tropical forest,,4937,0.4745,422,89,47,42,375,0.5281,0.1114,0.184,0.6024,0.2574,0.3607
detectree2,tcd_tile_2644,Sulawesi lowland rain forests,SE Asian & Pacific rainforest,,4794,0.4745,63,79,20,59,43,0.2532,0.3175,0.2817,0.5257,0.4814,0.5026
detectree2,tcd_tile_2645,Pannonian mixed forests,European forest,,3409,0.4745,114,73,32,41,82,0.4384,0.2807,0.3422,0.4813,0.4992,0.4901
detectree2,tcd_tile_2646,Lesser Sundas deciduous forests,SE Asian & Pacific rainforest,,3852,0.4745,28,21,2,19,26,0.0952,0.0714,0.0816,0.0233,0.17,0.041
detectree2,tcd_tile_2647,Southern Zanzibar-Inhambane coastal forest mosaic,African tropical forest,,2518,0.4745,171,119,56,63,115,0.4706,0.3275,0.3862,0.2947,0.5543,0.3848
detectree2,tcd_tile_2648,Sarmatic mixed forests,European forest,,526,0.4745,0,6,0,6,0,0.0,0.0,0.0,0.0,0.0,0.0
detectree2,tcd_tile_2649,Southeastern conifer forests,N. American forest,,2121,0.4745,14,27,7,20,7,0.2593,0.5,0.3415,0.2504,0.2897,0.2687
detectree2,tcd_tile_265,North Central Rockies forests,N. American forest,,1787,0.4745,4,49,1,48,3,0.0204,0.25,0.0377,0.9632,0.1329,0.2336
detectree2,tcd_tile_2650,Southern Zanzibar-Inhambane coastal forest mosaic,African tropical forest,,4475,0.4745,147,105,27,78,120,0.2571,0.1837,0.2143,0.3563,0.3573,0.3568
detectree2,tcd_tile_2651,Himalayan subtropical pine forests,Other,,4235,0.4745,135,53,16,37,119,0.3019,0.1185,0.1702,0.4232,0.1836,0.2561
detectree2,tcd_tile_2652,Caucasus mixed forests,European forest,,3848,0.4745,3,3,1,2,2,0.3333,0.3333,0.3333,0.7326,0.0161,0.0315
detectree2,tcd_tile_2653,Eastern Guinean forests,African tropical forest,,1819,0.4745,31,61,13,48,18,0.2131,0.4194,0.2826,0.4032,0.4334,0.4177
detectree2,tcd_tile_2654,Lesser Sundas deciduous forests,SE Asian & Pacific rainforest,,2998,0.4745,7,167,5,162,2,0.0299,0.7143,0.0575,0.9441,0.406,0.5678
detectree2,tcd_tile_2655,Sarmatic mixed forests,European forest,,1151,0.4745,106,101,23,78,83,0.2277,0.217,0.2222,0.212,0.4408,0.2863
detectree2,tcd_tile_2656,Pannonian mixed forests,European forest,,1638,0.4745,2,159,2,157,0,0.0126,1.0,0.0248,0.9957,0.4786,0.6464
detectree2,tcd_tile_2657,Northern California coastal forests,N. American forest,,4007,0.4745,16,183,14,169,2,0.0765,0.875,0.1407,0.9999,0.5054,0.6714
detectree2,tcd_tile_2658,Luzon rain forests,SE Asian & Pacific rainforest,,2366,0.4745,14,84,2,82,12,0.0238,0.1429,0.0408,0.4302,0.3495,0.3857
detectree2,tcd_tile_2659,Southern Great Lakes forests,N. American forest,,58,0.4745,61,125,27,98,34,0.216,0.4426,0.2903,0.4918,0.7361,0.5896
detectree2,tcd_tile_266,Changjiang Plain evergreen forests,Other,,3863,0.4745,98,32,16,16,82,0.5,0.1633,0.2462,0.3596,0.282,0.3161
detectree2,tcd_tile_2660,Cerrado,Latin American forest,,965,0.4745,0,3,0,3,0,0.0,0.0,0.0,0.0,0.0,0.0
detectree2,tcd_tile_2661,Northern Zanzibar-Inhambane coastal forest mosaic,African tropical forest,,4494,0.4745,3,83,1,82,2,0.012,0.3333,0.0233,0.9743,0.346,0.5106
detectree2,tcd_tile_2662,Madeira-Tapajós moist forests,Latin American forest,,2548,0.4745,2,95,2,93,0,0.0211,1.0,0.0412,0.9961,0.3578,0.5265
detectree2,tcd_tile_2663,Hispaniolan moist forests,SE Asian & Pacific rainforest,,4644,0.4745,98,89,8,81,90,0.0899,0.0816,0.0856,0.0399,0.4006,0.0726
detectree2,tcd_tile_2664,Tongan tropical moist forests,SE Asian & Pacific rainforest,,4401,0.4745,195,43,1,42,194,0.0233,0.0051,0.0084,0.0268,0.1641,0.0461
detectree2,tcd_tile_2665,Northern Zanzibar-Inhambane coastal forest mosaic,African tropical forest,,3040,0.4745,215,204,79,125,136,0.3873,0.3674,0.3771,0.2787,0.5219,0.3634
detectree2,tcd_tile_2666,Alps conifer and mixed forests,European forest,,4183,0.4745,2,7,0,7,2,0.0,0.0,0.0,0.0,0.0,0.0
detectree2,tcd_tile_2667,Northern Zanzibar-Inhambane coastal forest mosaic,African tropical forest,,2663,0.4745,341,186,54,132,287,0.2903,0.1584,0.2049,0.2239,0.4495,0.2989
detectree2,tcd_tile_2668,Taiheiyo evergreen forests,Other,,2267,0.4745,3,11,2,9,1,0.1818,0.6667,0.2857,0.0798,0.8056,0.1453
detectree2,tcd_tile_2669,Northwestern Andean montane forests,Latin American forest,,3566,0.4745,38,33,2,31,36,0.0606,0.0526,0.0563,0.4459,0.3259,0.3766
detectree2,tcd_tile_267,Fiji tropical dry forests,Other,,3527,0.4745,57,94,4,90,53,0.0426,0.0702,0.053,0.7593,0.2805,0.4097
detectree2,tcd_tile_2670,Hokkaido deciduous forests,Other,,2189,0.4745,11,78,7,71,4,0.0897,0.6364,0.1573,0.1569,0.4718,0.2355
detectree2,tcd_tile_2671,Southeastern mixed forests,N. American forest,,1582,0.4745,8,44,5,39,3,0.1136,0.625,0.1923,0.7312,0.342,0.466
detectree2,tcd_tile_2672,Northeastern coastal forests,N. American forest,,3140,0.4745,74,64,17,47,57,0.2656,0.2297,0.2464,0.5625,0.5428,0.5525
detectree2,tcd_tile_2673,Northern Zanzibar-Inhambane coastal forest mosaic,African tropical forest,,3691,0.4745,139,67,16,51,123,0.2388,0.1151,0.1553,0.1618,0.6751,0.2611
detectree2,tcd_tile_2674,Tongan tropical moist forests,SE Asian & Pacific rainforest,,4918,0.4745,22,22,3,19,19,0.1364,0.1364,0.1364,0.5005,0.5566,0.5271
detectree2,tcd_tile_2675,Luzon rain forests,SE Asian & Pacific rainforest,,5041,0.4745,292,128,37,91,255,0.2891,0.1267,0.1762,0.4117,0.3551,0.3813
detectree2,tcd_tile_2676,Pannonian mixed forests,European forest,,4102,0.4745,7,122,2,120,5,0.0164,0.2857,0.031,0.9569,0.3936,0.5578
detectree2,tcd_tile_2677,Central Indochina dry forests,Other,,4558,0.4745,176,140,49,91,127,0.35,0.2784,0.3101,0.3172,0.5856,0.4115
detectree2,tcd_tile_2678,Western European broadleaf forests,European forest,,4222,0.4745,4,141,3,138,1,0.0213,0.75,0.0414,0.901,0.4723,0.6197
detectree2,tcd_tile_2679,Northern Zanzibar-Inhambane coastal forest mosaic,African tropical forest,,2725,0.4745,34,41,7,34,27,0.1707,0.2059,0.1867,0.0785,0.6614,0.1404
detectree2,tcd_tile_268,Magdalena Valley montane forests,Other,,1520,0.4745,54,48,13,35,41,0.2708,0.2407,0.2549,0.1936,0.4871,0.2771
detectree2,tcd_tile_2680,Northern Zanzibar-Inhambane coastal forest mosaic,African tropical forest,,1666,0.4745,23,61,6,55,17,0.0984,0.2609,0.1429,0.0545,0.7544,0.1017
detectree2,tcd_tile_2681,Northern Zanzibar-Inhambane coastal forest mosaic,African tropical forest,,1777,0.4745,91,63,25,38,66,0.3968,0.2747,0.3247,0.1377,0.5368,0.2192
detectree2,tcd_tile_2682,Western European broadleaf forests,European forest,,2618,0.4745,10,32,6,26,4,0.1875,0.6,0.2857,0.1209,0.2971,0.1719
detectree2,tcd_tile_2683,,Other,,959,0.4745,3,15,2,13,1,0.1333,0.6667,0.2222,0.0858,0.1519,0.1097
detectree2,tcd_tile_2684,Northern Zanzibar-Inhambane coastal forest mosaic,African tropical forest,,1063,0.4745,311,152,64,88,247,0.4211,0.2058,0.2765,0.4626,0.4345,0.4481
detectree2,tcd_tile_2685,Fiji tropical dry forests,Other,,2204,0.4745,14,53,5,48,9,0.0943,0.3571,0.1493,0.4091,0.2343,0.2979
detectree2,tcd_tile_2686,Eastern Guinean forests,African tropical forest,,4075,0.4745,9,27,3,24,6,0.1111,0.3333,0.1667,0.1724,0.9303,0.291
detectree2,tcd_tile_2687,Scandinavian Montane Birch forest and grasslands,Other,,1136,0.4745,39,51,20,31,19,0.3922,0.5128,0.4444,0.2615,0.5316,0.3506
detectree2,tcd_tile_2688,Southern Zanzibar-Inhambane coastal forest mosaic,African tropical forest,,4550,0.4745,214,125,40,85,174,0.32,0.1869,0.236,0.3349,0.5146,0.4057
detectree2,tcd_tile_2689,Mindanao-Eastern Visayas rain forests,SE Asian & Pacific rainforest,,4645,0.4745,17,62,5,57,12,0.0806,0.2941,0.1266,0.3898,0.2963,0.3367
detectree2,tcd_tile_269,Alps conifer and mixed forests,European forest,,4467,0.4745,6,14,3,11,3,0.2143,0.5,0.3,0.2285,0.0706,0.1078
detectree2,tcd_tile_2690,Upper Midwest forest-savanna transition,N. American forest,,1715,0.4745,0,38,0,38,0,0.0,0.0,0.0,0.0,0.0,0.0
detectree2,tcd_tile_2691,Central European mixed forests,European forest,,2323,0.4745,88,71,20,51,68,0.2817,0.2273,0.2516,0.6109,0.4313,0.5056
detectree2,tcd_tile_2692,Celtic broadleaf forests,European forest,,2034,0.4745,25,38,13,25,12,0.3421,0.52,0.4127,0.2571,0.8806,0.398
detectree2,tcd_tile_2693,Granitic Seychelles forests,Other,,1611,0.4745,9,87,5,82,4,0.0575,0.5556,0.1042,0.9439,0.3635,0.5249
detectree2,tcd_tile_2694,,Other,,1545,0.4745,4,89,1,88,3,0.0112,0.25,0.0215,0.7126,0.3218,0.4434
detectree2,tcd_tile_2695,Sulawesi lowland rain forests,SE Asian & Pacific rainforest,,4837,0.4745,57,32,12,20,45,0.375,0.2105,0.2697,0.2129,0.458,0.2907
detectree2,tcd_tile_2696,Sarmatic mixed forests,European forest,,1752,0.4745,14,19,2,17,12,0.1053,0.1429,0.1212,0.4756,0.2054,0.2869
detectree2,tcd_tile_2697,Southeastern mixed forests,N. American forest,,4880,0.4745,9,5,0,5,9,0.0,0.0,0.0,0.0,0.0,0.0
detectree2,tcd_tile_2698,Central and Southern mixed grasslands,Other,,535,0.4745,96,61,19,42,77,0.3115,0.1979,0.242,0.4653,0.2944,0.3606
detectree2,tcd_tile_2699,Celtic broadleaf forests,European forest,,2344,0.4745,189,47,16,31,173,0.3404,0.0847,0.1356,0.3395,0.4848,0.3994
detectree2,tcd_tile_27,Zambezian and Mopane woodlands,Arid / dryland,,1081,0.4745,25,50,4,46,21,0.08,0.16,0.1067,0.027,0.437,0.0509
detectree2,tcd_tile_270,Southeastern mixed forests,N. American forest,,3685,0.4745,31,36,8,28,23,0.2222,0.2581,0.2388,0.0889,0.2675,0.1335
detectree2,tcd_tile_2700,Upper Gangetic Plains moist deciduous forests,Other,,3996,0.4745,58,81,16,65,42,0.1975,0.2759,0.2302,0.4487,0.4736,0.4608
detectree2,tcd_tile_2701,Sarmatic mixed forests,European forest,,4196,0.4745,18,30,1,29,17,0.0333,0.0556,0.0417,0.325,0.4681,0.3836
detectree2,tcd_tile_2702,Sarmatic mixed forests,European forest,,3718,0.4745,3,13,0,13,3,0.0,0.0,0.0,0.0,0.0,0.0
detectree2,tcd_tile_2703,Taiheiyo evergreen forests,Other,,1977,0.4745,8,16,3,13,5,0.1875,0.375,0.25,0.0504,0.2118,0.0814
detectree2,tcd_tile_2704,East European forest steppe,European forest,,4155,0.4745,54,9,6,3,48,0.6667,0.1111,0.1905,0.4545,0.1638,0.2408
detectree2,tcd_tile_2705,,Other,,2464,0.4745,0,43,0,43,0,0.0,0.0,0.0,0.0,0.0,0.0
detectree2,tcd_tile_2706,Eastern Great Lakes lowland forests,N. American forest,,3349,0.4745,46,29,8,21,38,0.2759,0.1739,0.2133,0.1599,0.2574,0.1972
detectree2,tcd_tile_2707,Sumatran lowland rain forests,SE Asian & Pacific rainforest,,1177,0.4745,19,48,3,45,16,0.0625,0.1579,0.0896,0.0635,0.3746,0.1086
detectree2,tcd_tile_2708,Ucayali moist forests,Latin American forest,,3260,0.4745,31,113,3,110,28,0.0265,0.0968,0.0417,0.6498,0.3705,0.4719
detectree2,tcd_tile_2709,Northeastern Spain and Southern France Mediterranean forests,Other,,182,0.4745,114,56,22,34,92,0.3929,0.193,0.2588,0.4936,0.3178,0.3867
detectree2,tcd_tile_271,Northern Zanzibar-Inhambane coastal forest mosaic,African tropical forest,,670,0.4745,1,73,1,72,0,0.0137,1.0,0.027,0.9545,0.4007,0.5644
detectree2,tcd_tile_2710,Sulawesi lowland rain forests,SE Asian & Pacific rainforest,,4547,0.4745,65,49,18,31,47,0.3673,0.2769,0.3158,0.4887,0.3469,0.4058
detectree2,tcd_tile_2711,Vanuatu rain forests,Other,,1756,0.4745,80,199,14,185,66,0.0704,0.175,0.1004,0.8235,0.4807,0.607
detectree2,tcd_tile_2712,Madeira-Tapajós moist forests,Latin American forest,,3708,0.4745,30,171,19,152,11,0.1111,0.6333,0.1891,0.9109,0.3568,0.5128
detectree2,tcd_tile_2713,Eastern Java-Bali rain forests,SE Asian & Pacific rainforest,,4899,0.4745,36,42,3,39,33,0.0714,0.0833,0.0769,0.0201,0.2948,0.0377
detectree2,tcd_tile_2714,North Central Rockies forests,N. American forest,,3745,0.4745,5,27,2,25,3,0.0741,0.4,0.125,0.2991,0.0802,0.1264
detectree2,tcd_tile_2715,Northern Zanzibar-Inhambane coastal forest mosaic,African tropical forest,,1158,0.4745,169,103,26,77,143,0.2524,0.1538,0.1912,0.1361,0.5413,0.2175
detectree2,tcd_tile_2716,Northeastern coastal forests,N. American forest,,2707,0.4745,147,135,43,92,104,0.3185,0.2925,0.305,0.5053,0.7436,0.6017
detectree2,tcd_tile_2717,Northern Zanzibar-Inhambane coastal forest mosaic,African tropical forest,,3320,0.4745,44,140,20,120,24,0.1429,0.4545,0.2174,0.5464,0.3445,0.4226
detectree2,tcd_tile_2718,Western European broadleaf forests,European forest,,4737,0.4745,7,166,4,162,3,0.0241,0.5714,0.0462,0.9542,0.4068,0.5705
detectree2,tcd_tile_2719,Mindanao-Eastern Visayas rain forests,SE Asian & Pacific rainforest,,695,0.4745,77,86,17,69,60,0.1977,0.2208,0.2086,0.1943,0.4767,0.2761
detectree2,tcd_tile_272,Western Siberian hemiboreal forests,Other,,2080,0.4745,17,99,7,92,10,0.0707,0.4118,0.1207,0.617,0.3999,0.4853
detectree2,tcd_tile_2720,Tongan tropical moist forests,SE Asian & Pacific rainforest,,4696,0.4745,37,45,3,42,34,0.0667,0.0811,0.0732,0.5149,0.1661,0.2512
detectree2,tcd_tile_2721,Northern Zanzibar-Inhambane coastal forest mosaic,African tropical forest,,4703,0.4745,64,74,19,55,45,0.2568,0.2969,0.2754,0.5962,0.4175,0.4911
detectree2,tcd_tile_2722,Northern Zanzibar-Inhambane coastal forest mosaic,African tropical forest,,3629,0.4745,94,68,12,56,82,0.1765,0.1277,0.1481,0.5209,0.3749,0.436
detectree2,tcd_tile_2723,East European forest steppe,European forest,,915,0.4745,5,123,2,121,3,0.0163,0.4,0.0313,0.9657,0.3185,0.479
detectree2,tcd_tile_2724,Sarmatic mixed forests,European forest,,2052,0.4745,3,153,1,152,2,0.0065,0.3333,0.0128,0.9662,0.4848,0.6456
detectree2,tcd_tile_2725,Eastern forest-boreal transition,Other,,3881,0.4745,3,140,2,138,1,0.0143,0.6667,0.028,0.9242,0.5388,0.6807
detectree2,tcd_tile_2726,Southern Zanzibar-Inhambane coastal forest mosaic,African tropical forest,,2086,0.4745,76,67,26,41,50,0.3881,0.3421,0.3636,0.2196,0.689,0.3331
detectree2,tcd_tile_2727,Tumbes-Piura dry forests,Other,,4041,0.4745,190,134,48,86,142,0.3582,0.2526,0.2963,0.6403,0.4901,0.5552
detectree2,tcd_tile_2728,Vanuatu rain forests,Other,,4110,0.4745,17,50,5,45,12,0.1,0.2941,0.1493,0.5619,0.3296,0.4155
detectree2,tcd_tile_2729,Southern Zanzibar-Inhambane coastal forest mosaic,African tropical forest,,3422,0.4745,169,96,26,70,143,0.2708,0.1538,0.1962,0.2217,0.4325,0.2931
detectree2,tcd_tile_273,Tongan tropical moist forests,SE Asian & Pacific rainforest,,4976,0.4745,16,17,3,14,13,0.1765,0.1875,0.1818,0.2273,0.4315,0.2977
detectree2,tcd_tile_2730,Northern Zanzibar-Inhambane coastal forest mosaic,African tropical forest,,3054,0.4745,1,140,1,139,0,0.0071,1.0,0.0142,1.0,0.4084,0.58
detectree2,tcd_tile_2731,Changjiang Plain evergreen forests,Other,,3323,0.4745,24,13,0,13,24,0.0,0.0,0.0,0.0029,0.0137,0.0048
detectree2,tcd_tile_2732,Sumatran lowland rain forests,SE Asian & Pacific rainforest,,229,0.4745,253,87,30,57,223,0.3448,0.1186,0.1765,0.1013,0.2093,0.1365
detectree2,tcd_tile_2733,Middle Atlantic coastal forests,Other,,3844,0.4745,113,95,18,77,95,0.1895,0.1593,0.1731,0.2598,0.3742,0.3067
detectree2,tcd_tile_2734,Eastern Guinean forests,African tropical forest,,4236,0.4745,21,31,0,31,21,0.0,0.0,0.0,0.0012,0.0285,0.0023
detectree2,tcd_tile_2735,Mindanao-Eastern Visayas rain forests,SE Asian & Pacific rainforest,,4882,0.4745,70,91,9,82,61,0.0989,0.1286,0.1118,0.2691,0.197,0.2275
detectree2,tcd_tile_2736,Hispaniolan dry forests,Other,,4783,0.4745,147,75,34,41,113,0.4533,0.2313,0.3063,0.2963,0.5489,0.3849
detectree2,tcd_tile_2737,Madeira-Tapajós moist forests,Latin American forest,,710,0.4745,1,181,1,180,0,0.0055,1.0,0.011,1.0,0.4059,0.5774
detectree2,tcd_tile_2738,Balkan mixed forests,European forest,,2580,0.4745,111,60,28,32,83,0.4667,0.2523,0.3275,0.3506,0.7154,0.4706
detectree2,tcd_tile_2739,Northern Zanzibar-Inhambane coastal forest mosaic,African tropical forest,,4434,0.4745,6,69,0,69,6,0.0,0.0,0.0,0.0013,0.9017,0.0025
detectree2,tcd_tile_274,North Island temperate forests,Other,,2165,0.4745,45,32,17,15,28,0.5312,0.3778,0.4416,0.6475,0.7766,0.7062
detectree2,tcd_tile_2740,Northern Zanzibar-Inhambane coastal forest mosaic,African tropical forest,,533,0.4745,14,61,6,55,8,0.0984,0.4286,0.16,0.0229,0.7155,0.0443
detectree2,tcd_tile_2741,Luzon rain forests,SE Asian & Pacific rainforest,,1866,0.4745,143,52,8,44,135,0.1538,0.0559,0.0821,0.5984,0.5428,0.5693
detectree2,tcd_tile_2742,Northern Zanzibar-Inhambane coastal forest mosaic,African tropical forest,,3741,0.4745,68,144,24,120,44,0.1667,0.3529,0.2264,0.5502,0.4245,0.4792
detectree2,tcd_tile_2743,Lesser Sundas deciduous forests,SE Asian & Pacific rainforest,,4047,0.4745,62,28,15,13,47,0.5357,0.2419,0.3333,0.2234,0.3441,0.2709
detectree2,tcd_tile_2744,East European forest steppe,European forest,,3943,0.4745,49,45,7,38,42,0.1556,0.1429,0.1489,0.0632,0.4343,0.1103
detectree2,tcd_tile_2745,English Lowlands beech forests,European forest,,3637,0.4745,3,8,2,6,1,0.25,0.6667,0.3636,0.3596,0.284,0.3174
detectree2,tcd_tile_2746,Sulawesi lowland rain forests,SE Asian & Pacific rainforest,,4706,0.4745,222,122,58,64,164,0.4754,0.2613,0.3372,0.4563,0.489,0.4721
detectree2,tcd_tile_2747,Southern Zanzibar-Inhambane coastal forest mosaic,African tropical forest,,4072,0.4745,110,130,43,87,67,0.3308,0.3909,0.3583,0.3738,0.5448,0.4434
detectree2,tcd_tile_2748,Sarmatic mixed forests,European forest,,1180,0.4745,106,156,36,120,70,0.2308,0.3396,0.2748,0.5029,0.4219,0.4589
detectree2,tcd_tile_2749,Taiheiyo evergreen forests,Other,,3068,0.4745,95,76,9,67,86,0.1184,0.0947,0.1053,0.0348,0.3614,0.0635
detectree2,tcd_tile_275,Hispaniolan moist forests,SE Asian & Pacific rainforest,,2336,0.4745,46,44,1,43,45,0.0227,0.0217,0.0222,0.0221,0.1038,0.0364
detectree2,tcd_tile_2750,Southeastern mixed forests,N. American forest,,1533,0.4745,6,31,3,28,3,0.0968,0.5,0.1622,0.3228,0.2796,0.2996
detectree2,tcd_tile_2751,Rodope montane mixed forests,European forest,,4528,0.4745,147,30,9,21,138,0.3,0.0612,0.1017,0.4298,0.4309,0.4303
detectree2,tcd_tile_2752,Taiheiyo evergreen forests,Other,,2253,0.4745,58,116,8,108,50,0.069,0.1379,0.092,0.635,0.2742,0.383
detectree2,tcd_tile_2753,Lesser Sundas deciduous forests,SE Asian & Pacific rainforest,,3544,0.4745,26,41,3,38,23,0.0732,0.1154,0.0896,0.5283,0.3221,0.4002
detectree2,tcd_tile_2754,Atlantic mixed forests,European forest,,2772,0.4745,1,20,1,19,0,0.05,1.0,0.0952,0.023,0.0802,0.0358
detectree2,tcd_tile_2755,Celtic broadleaf forests,European forest,,3492,0.4745,6,46,3,43,3,0.0652,0.5,0.1154,0.9489,0.3423,0.5031
detectree2,tcd_tile_2756,Caucasus mixed forests,European forest,,2588,0.4745,23,134,8,126,15,0.0597,0.3478,0.1019,0.7313,0.4615,0.5659
detectree2,tcd_tile_2757,,Other,,506,0.4745,202,95,38,57,164,0.4,0.1881,0.2559,0.5418,0.3813,0.4476
detectree2,tcd_tile_2758,English Lowlands beech forests,European forest,,3297,0.4745,18,16,2,14,16,0.125,0.1111,0.1176,0.2251,0.1844,0.2027
detectree2,tcd_tile_2759,Northern Zanzibar-Inhambane coastal forest mosaic,African tropical forest,,1995,0.4745,3,44,2,42,1,0.0455,0.6667,0.0851,0.0674,0.9287,0.1257
detectree2,tcd_tile_276,Uatuma-Trombetas moist forests,Latin American forest,,1595,0.4745,1,33,1,32,0,0.0303,1.0,0.0588,0.934,0.1704,0.2882
detectree2,tcd_tile_2760,Baltic mixed forests,European forest,,3509,0.4745,0,20,0,20,0,0.0,0.0,0.0,0.0,0.0,0.0
detectree2,tcd_tile_2761,East European forest steppe,European forest,,3854,0.4745,1,87,1,86,0,0.0115,1.0,0.0227,1.0,0.4487,0.6194
detectree2,tcd_tile_2762,Central Zambezian Miombo woodlands,Other,,1220,0.4745,64,102,28,74,36,0.2745,0.4375,0.3373,0.157,0.4215,0.2287
detectree2,tcd_tile_2763,Hispaniolan dry forests,Other,,5022,0.4745,86,61,42,19,44,0.6885,0.4884,0.5714,0.6548,0.5981,0.6252
detectree2,tcd_tile_2764,Madeira-Tapajós moist forests,Latin American forest,,3947,0.4745,1,155,1,154,0,0.0065,1.0,0.0128,1.0,0.4303,0.6017
detectree2,tcd_tile_2765,Hispaniolan moist forests,SE Asian & Pacific rainforest,,4968,0.4745,0,74,0,74,0,0.0,0.0,0.0,0.0,0.0,0.0
detectree2,tcd_tile_2766,Eastern Great Lakes lowland forests,N. American forest,,2551,0.4745,27,64,10,54,17,0.1562,0.3704,0.2198,0.5148,0.4289,0.4679
detectree2,tcd_tile_2767,Lesser Sundas deciduous forests,SE Asian & Pacific rainforest,,3942,0.4745,99,23,5,18,94,0.2174,0.0505,0.082,0.0636,0.2788,0.1036
detectree2,tcd_tile_2768,Lesser Sundas deciduous forests,SE Asian & Pacific rainforest,,2352,0.4745,2,16,1,15,1,0.0625,0.5,0.1111,0.8936,0.1277,0.2235
detectree2,tcd_tile_2769,Serra do Mar coastal forests,Latin American forest,,4593,0.4745,0,39,0,39,0,0.0,0.0,0.0,0.0,0.0,0.0
detectree2,tcd_tile_277,Veracruz moist forests,Other,,2746,0.4745,27,15,4,11,23,0.2667,0.1481,0.1905,0.3804,0.3284,0.3525
detectree2,tcd_tile_2770,Southeastern mixed forests,N. American forest,,387,0.4745,54,48,34,14,20,0.7083,0.6296,0.6667,0.5892,0.6504,0.6183
detectree2,tcd_tile_2771,Western European broadleaf forests,European forest,,5030,0.4745,4,147,4,143,0,0.0272,1.0,0.053,0.9832,0.4764,0.6418
detectree2,tcd_tile_2772,Luzon rain forests,SE Asian & Pacific rainforest,,1098,0.4745,56,76,5,71,51,0.0658,0.0893,0.0758,0.1762,0.4311,0.2502
detectree2,tcd_tile_2773,Araucaria moist forests,Other,,473,0.4745,137,163,59,104,78,0.362,0.4307,0.3933,0.3305,0.5911,0.424
detectree2,tcd_tile_2774,Taiwan subtropical evergreen forests,SE Asian & Pacific rainforest,,3322,0.4745,28,53,6,47,22,0.1132,0.2143,0.1481,0.2049,0.1845,0.1941
detectree2,tcd_tile_2775,Baltic mixed forests,European forest,,4498,0.4745,21,87,14,73,7,0.1609,0.6667,0.2593,0.7177,0.5045,0.5925
detectree2,tcd_tile_2776,Palawan rain forests,SE Asian & Pacific rainforest,,1587,0.4745,37,22,3,19,34,0.1364,0.0811,0.1017,0.0785,0.3838,0.1304
detectree2,tcd_tile_2777,Northern Zanzibar-Inhambane coastal forest mosaic,African tropical forest,,2812,0.4745,64,134,25,109,39,0.1866,0.3906,0.2525,0.522,0.448,0.4822
detectree2,tcd_tile_2778,Eastern forest-boreal transition,Other,,1577,0.4745,1,123,1,122,0,0.0081,1.0,0.0161,0.9237,0.39,0.5484
detectree2,tcd_tile_2779,Eastern Guinean forests,African tropical forest,,3734,0.4745,6,15,0,15,6,0.0,0.0,0.0,0.0178,0.2672,0.0334
detectree2,tcd_tile_278,Sri Lanka dry-zone dry evergreen forests,Other,,1569,0.4745,246,88,37,51,209,0.4205,0.1504,0.2216,0.4087,0.3386,0.3704
detectree2,tcd_tile_2780,Northern Zanzibar-Inhambane coastal forest mosaic,African tropical forest,,2201,0.4745,270,67,19,48,251,0.2836,0.0704,0.1128,0.1819,0.4669,0.2618
detectree2,tcd_tile_2781,East European forest steppe,European forest,,4604,0.4745,7,40,5,35,2,0.125,0.7143,0.2128,0.4308,0.2166,0.2883
detectree2,tcd_tile_2782,,Other,,693,0.4745,16,46,7,39,9,0.1522,0.4375,0.2258,0.2109,0.365,0.2673
detectree2,tcd_tile_2783,Petén-Veracruz moist forests,Latin American forest,,1580,0.4745,173,118,39,79,134,0.3305,0.2254,0.268,0.3404,0.4906,0.4019
detectree2,tcd_tile_2784,Alto Paraná Atlantic forests,Other,,1873,0.4745,125,139,34,105,91,0.2446,0.272,0.2576,0.0669,0.4911,0.1177
detectree2,tcd_tile_2785,Uatuma-Trombetas moist forests,Latin American forest,,2145,0.4745,11,38,7,31,4,0.1842,0.6364,0.2857,0.4395,0.2467,0.316
detectree2,tcd_tile_2786,Hispaniolan moist forests,SE Asian & Pacific rainforest,,1825,0.4745,0,4,0,4,0,0.0,0.0,0.0,0.0,0.0,0.0
detectree2,tcd_tile_2787,Central European mixed forests,European forest,,4830,0.4745,41,19,3,16,38,0.1579,0.0732,0.1,0.0826,0.4445,0.1393
detectree2,tcd_tile_2788,Hispaniolan moist forests,SE Asian & Pacific rainforest,,1403,0.4745,32,18,2,16,30,0.1111,0.0625,0.08,0.0879,0.2348,0.128
detectree2,tcd_tile_2789,Northeastern coastal forests,N. American forest,,2909,0.4745,2,83,1,82,1,0.012,0.5,0.0235,0.8622,0.2542,0.3927
detectree2,tcd_tile_279,Peninsular Malaysian peat swamp forests,Other,,1534,0.4745,159,32,13,19,146,0.4062,0.0818,0.1361,0.1965,0.4338,0.2705
detectree2,tcd_tile_2790,Hispaniolan moist forests,SE Asian & Pacific rainforest,,4697,0.4745,53,62,11,51,42,0.1774,0.2075,0.1913,0.0904,0.4874,0.1525
detectree2,tcd_tile_2791,Southeastern mixed forests,N. American forest,,4836,0.4745,0,40,0,40,0,0.0,0.0,0.0,0.0,0.0,0.0
detectree2,tcd_tile_2792,Mindanao-Eastern Visayas rain forests,SE Asian & Pacific rainforest,,4771,0.4745,37,27,5,22,32,0.1852,0.1351,0.1562,0.8455,0.1911,0.3117
detectree2,tcd_tile_2793,Changjiang Plain evergreen forests,Other,,2703,0.4745,145,65,33,32,112,0.5077,0.2276,0.3143,0.3237,0.2065,0.2521
detectree2,tcd_tile_2794,Southeastern mixed forests,N. American forest,,2443,0.4745,5,32,2,30,3,0.0625,0.4,0.1081,0.3422,0.3775,0.359
detectree2,tcd_tile_2795,English Lowlands beech forests,European forest,,1363,0.4745,21,33,12,21,9,0.3636,0.5714,0.4444,0.4578,0.7483,0.5681
detectree2,tcd_tile_2796,Balkan mixed forests,European forest,,4858,0.4745,141,65,23,42,118,0.3538,0.1631,0.2233,0.4795,0.422,0.4489
detectree2,tcd_tile_2797,South Siberian forest steppe,Other,,850,0.4745,78,48,22,26,56,0.4583,0.2821,0.3492,0.3071,0.5207,0.3864
detectree2,tcd_tile_2798,East European forest steppe,European forest,,2951,0.4745,22,30,9,21,13,0.3,0.4091,0.3462,0.2804,0.381,0.3231
detectree2,tcd_tile_2799,Southern Zanzibar-Inhambane coastal forest mosaic,African tropical forest,,3353,0.4745,134,95,30,65,104,0.3158,0.2239,0.262,0.1325,0.6221,0.2184
detectree2,tcd_tile_28,Chilean matorral,Arid / dryland,,360,0.4745,97,99,18,81,79,0.1818,0.1856,0.1837,0.5571,0.6365,0.5941
detectree2,tcd_tile_280,Bolivian montane dry forests,Latin American forest,,2171,0.4745,18,85,10,75,8,0.1176,0.5556,0.1942,0.4196,0.4544,0.4363
detectree2,tcd_tile_2800,Bahia coastal forests,Latin American forest,,5057,0.4745,0,34,0,34,0,0.0,0.0,0.0,0.0,0.0,0.0
detectree2,tcd_tile_2801,Mindanao-Eastern Visayas rain forests,SE Asian & Pacific rainforest,,3831,0.4745,104,50,13,37,91,0.26,0.125,0.1688,0.5606,0.3652,0.4423
detectree2,tcd_tile_2802,Central African mangroves,African tropical forest,,4341,0.4745,0,245,0,245,0,0.0,0.0,0.0,0.0,0.0,0.0
detectree2,tcd_tile_2803,Southeastern conifer forests,N. American forest,,1389,0.4745,96,75,13,62,83,0.1733,0.1354,0.152,0.24,0.3436,0.2826
detectree2,tcd_tile_2804,Granitic Seychelles forests,Other,,1336,0.4745,54,130,9,121,45,0.0692,0.1667,0.0978,0.8979,0.4574,0.6061
detectree2,tcd_tile_2805,Central Zambezian Miombo woodlands,Other,,639,0.4745,98,32,15,17,83,0.4688,0.1531,0.2308,0.1078,0.4941,0.177
detectree2,tcd_tile_2806,Southern Korea evergreen forests,Other,,1544,0.4745,105,35,19,16,86,0.5429,0.181,0.2714,0.6734,0.3722,0.4794
detectree2,tcd_tile_2807,Sarmatic mixed forests,European forest,,773,0.4745,44,143,24,119,20,0.1678,0.5455,0.2567,0.8448,0.2924,0.4345
detectree2,tcd_tile_2808,Sundaland heath forests,Other,,2374,0.4745,156,63,22,41,134,0.3492,0.141,0.2009,0.8044,0.2545,0.3867
detectree2,tcd_tile_2809,Northwestern Andean montane forests,Latin American forest,,359,0.4745,84,42,21,21,63,0.5,0.25,0.3333,0.2999,0.5013,0.3753
detectree2,tcd_tile_281,,Other,,2065,0.4745,4,28,0,28,4,0.0,0.0,0.0,0.0,0.0,0.0
detectree2,tcd_tile_2810,Western Java rain forests,Other,,745,0.4745,334,151,65,86,269,0.4305,0.1946,0.268,0.3366,0.6264,0.4379
detectree2,tcd_tile_2811,Northern Zanzibar-Inhambane coastal forest mosaic,African tropical forest,,3625,0.4745,1,36,1,35,0,0.0278,1.0,0.0541,0.9974,0.1663,0.2851
detectree2,tcd_tile_2812,Southern Great Lakes forests,N. American forest,,1707,0.4745,6,52,3,49,3,0.0577,0.5,0.1034,0.7711,0.3554,0.4866
detectree2,tcd_tile_2813,Cerrado,Latin American forest,,284,0.4745,0,0,0,0,0,0.0,0.0,0.0,0.0,0.0,0.0
detectree2,tcd_tile_2814,Hispaniolan moist forests,SE Asian & Pacific rainforest,,885,0.4745,3,10,1,9,2,0.1,0.3333,0.1538,0.0429,0.2414,0.0729
detectree2,tcd_tile_2815,Atlantic mixed forests,European forest,,827,0.4745,17,132,16,116,1,0.1212,0.9412,0.2148,0.8238,0.3467,0.488
detectree2,tcd_tile_2816,Sierra Nevada forests,N. American forest,,2765,0.4745,14,57,3,54,11,0.0526,0.2143,0.0845,0.0384,0.3891,0.0699
detectree2,tcd_tile_2817,Greater Negros-Panay rain forests,SE Asian & Pacific rainforest,,2381,0.4745,128,47,9,38,119,0.1915,0.0703,0.1029,0.2269,0.4263,0.2962
detectree2,tcd_tile_2818,Central European mixed forests,European forest,,3930,0.4745,14,68,7,61,7,0.1029,0.5,0.1707,0.559,0.469,0.5101
detectree2,tcd_tile_2819,Upper Midwest forest-savanna transition,N. American forest,,3589,0.4745,6,24,2,22,4,0.0833,0.3333,0.1333,0.4357,0.3478,0.3868
detectree2,tcd_tile_282,Central Indochina dry forests,Other,,4402,0.4745,74,46,22,24,52,0.4783,0.2973,0.3667,0.2692,0.6383,0.3787
detectree2,tcd_tile_2820,Central European mixed forests,European forest,,1160,0.4745,90,122,42,80,48,0.3443,0.4667,0.3962,0.3295,0.5961,0.4244
detectree2,tcd_tile_2821,Rodope montane mixed forests,European forest,,4669,0.4745,239,137,64,73,175,0.4672,0.2678,0.3404,0.363,0.4074,0.3839
detectree2,tcd_tile_2822,Northern Anatolian conifer and deciduous forests,Other,,2357,0.4745,16,32,3,29,13,0.0938,0.1875,0.125,0.2884,0.3384,0.3114
detectree2,tcd_tile_2823,Balkan mixed forests,European forest,,4115,0.4745,90,165,29,136,61,0.1758,0.3222,0.2275,0.775,0.5975,0.6748
detectree2,tcd_tile_2824,Balsas dry forests,Other,,4043,0.4745,138,40,8,32,130,0.2,0.058,0.0899,0.2912,0.3107,0.3007
detectree2,tcd_tile_2825,Central European mixed forests,European forest,,3427,0.4745,78,35,16,19,62,0.4571,0.2051,0.2832,0.424,0.3956,0.4093
detectree2,tcd_tile_2826,Central American pine-oak forests,Other,,1306,0.4745,121,147,27,120,94,0.1837,0.2231,0.2015,0.6334,0.3496,0.4505
detectree2,tcd_tile_2827,Caucasus mixed forests,European forest,,4947,0.4745,12,190,10,180,2,0.0526,0.8333,0.099,0.9741,0.381,0.5477
detectree2,tcd_tile_2828,Madeira-Tapajós moist forests,Latin American forest,,3386,0.4745,20,149,1,148,19,0.0067,0.05,0.0118,0.7981,0.426,0.5555
detectree2,tcd_tile_2829,Hispaniolan dry forests,Other,,4820,0.4745,115,105,41,64,74,0.3905,0.3565,0.3727,0.3541,0.3314,0.3424
detectree2,tcd_tile_283,Northern Zanzibar-Inhambane coastal forest mosaic,African tropical forest,,37,0.4745,112,94,38,56,74,0.4043,0.3393,0.3689,0.4704,0.316,0.378
detectree2,tcd_tile_2830,Southeastern mixed forests,N. American forest,,1996,0.4745,3,53,3,50,0,0.0566,1.0,0.1071,0.3422,0.3887,0.364
detectree2,tcd_tile_2831,"Sao Tome, Principe and Annobon moist lowland forests",Other,,457,0.4745,301,184,68,116,233,0.3696,0.2259,0.2804,0.433,0.3748,0.4018
detectree2,tcd_tile_2832,Southern Zanzibar-Inhambane coastal forest mosaic,African tropical forest,,2896,0.4745,77,74,10,64,67,0.1351,0.1299,0.1325,0.2143,0.218,0.2161
detectree2,tcd_tile_2833,Timor and Wetar deciduous forests,SE Asian & Pacific rainforest,,3574,0.4745,150,42,26,16,124,0.619,0.1733,0.2708,0.3685,0.4724,0.414
detectree2,tcd_tile_2834,Maputaland coastal forest mosaic,African tropical forest,,34,0.4745,15,40,1,39,14,0.025,0.0667,0.0364,0.0042,0.2052,0.0083
detectree2,tcd_tile_2835,Northeastern coastal forests,N. American forest,,2579,0.4745,49,45,15,30,34,0.3333,0.3061,0.3191,0.5001,0.1567,0.2386
detectree2,tcd_tile_2836,Luzon rain forests,SE Asian & Pacific rainforest,,2916,0.4745,13,35,3,32,10,0.0857,0.2308,0.125,0.3258,0.2208,0.2632
detectree2,tcd_tile_2837,Northern Zanzibar-Inhambane coastal forest mosaic,African tropical forest,,4122,0.4745,48,77,3,74,45,0.039,0.0625,0.048,0.0199,0.6687,0.0386
detectree2,tcd_tile_2838,Sulawesi lowland rain forests,SE Asian & Pacific rainforest,,3748,0.4745,34,24,4,20,30,0.1667,0.1176,0.1379,0.8043,0.122,0.2118
detectree2,tcd_tile_2839,Lake,Other,,1017,0.4745,25,52,8,44,17,0.1538,0.32,0.2078,0.6236,0.5145,0.5638
detectree2,tcd_tile_284,Eastern Mediterranean conifer-sclerophyllous-broadleaf forests,Other,,561,0.4745,29,13,6,7,23,0.4615,0.2069,0.2857,0.5824,0.7243,0.6456
detectree2,tcd_tile_2840,Northern Zanzibar-Inhambane coastal forest mosaic,African tropical forest,,2123,0.4745,69,82,21,61,48,0.2561,0.3043,0.2781,0.1469,0.3918,0.2137
detectree2,tcd_tile_2841,Sierra Nevada forests,N. American forest,,2057,0.4745,78,62,22,40,56,0.3548,0.2821,0.3143,0.3338,0.5494,0.4153
detectree2,tcd_tile_2842,East African montane forests,African tropical forest,,2711,0.4745,50,71,12,59,38,0.169,0.24,0.1983,0.542,0.4372,0.484
detectree2,tcd_tile_2843,Central forest-grasslands transition,Other,,425,0.4745,37,23,8,15,29,0.3478,0.2162,0.2667,0.6224,0.2695,0.3762
detectree2,tcd_tile_2844,Scandinavian and Russian taiga,Other,,598,0.4745,1,21,1,20,0,0.0476,1.0,0.0909,0.0386,0.6727,0.0731
detectree2,tcd_tile_2845,Peruvian Yungas,Latin American forest,,2224,0.4745,119,45,14,31,105,0.3111,0.1176,0.1707,0.361,0.2129,0.2678
detectree2,tcd_tile_2846,Northern Anatolian conifer and deciduous forests,Other,,1967,0.4745,83,21,3,18,80,0.1429,0.0361,0.0577,0.15,0.2823,0.1959
detectree2,tcd_tile_2847,Changjiang Plain evergreen forests,Other,,3148,0.4745,3,10,0,10,3,0.0,0.0,0.0,0.0,0.0,0.0
detectree2,tcd_tile_2848,Lesser Sundas deciduous forests,SE Asian & Pacific rainforest,,3415,0.4745,160,82,20,62,140,0.2439,0.125,0.1653,0.5616,0.3169,0.4052
detectree2,tcd_tile_2849,Southeastern conifer forests,N. American forest,,3951,0.4745,13,50,2,48,11,0.04,0.1538,0.0635,0.5574,0.1915,0.2851
detectree2,tcd_tile_285,"Sao Tome, Principe and Annobon moist lowland forests",Other,,1456,0.4745,5,52,3,49,2,0.0577,0.6,0.1053,0.8017,0.3188,0.4562
detectree2,tcd_tile_2850,Willamette Valley forests,N. American forest,,2893,0.4745,8,17,3,14,5,0.1765,0.375,0.24,0.101,0.7419,0.1778
detectree2,tcd_tile_2851,Northern Zanzibar-Inhambane coastal forest mosaic,African tropical forest,,3948,0.4745,57,242,22,220,35,0.0909,0.386,0.1472,0.8767,0.4548,0.5989
detectree2,tcd_tile_2852,Po Basin mixed forests,Other,,1600,0.4745,50,8,4,4,46,0.5,0.08,0.1379,0.3618,0.5036,0.4211
detectree2,tcd_tile_2853,Upper Midwest forest-savanna transition,N. American forest,,1626,0.4745,145,155,61,94,84,0.3935,0.4207,0.4067,0.5512,0.62,0.5836
detectree2,tcd_tile_2854,Western Guinean lowland forests,African tropical forest,,1612,0.4745,64,83,13,70,51,0.1566,0.2031,0.1769,0.1142,0.5726,0.1904
detectree2,tcd_tile_2855,Cerrado,Latin American forest,,460,0.4745,23,38,10,28,13,0.2632,0.4348,0.3279,0.1744,0.4917,0.2574
detectree2,tcd_tile_2856,Hispaniolan moist forests,SE Asian & Pacific rainforest,,4685,0.4745,14,9,4,5,10,0.4444,0.2857,0.3478,0.1081,0.3319,0.1631
detectree2,tcd_tile_2857,Bahia coastal forests,Latin American forest,,1417,0.4745,2,50,2,48,0,0.04,1.0,0.0769,0.9718,0.2581,0.4079
detectree2,tcd_tile_2858,Central European mixed forests,European forest,,4059,0.4745,49,31,15,16,34,0.4839,0.3061,0.375,0.4551,0.5642,0.5038
detectree2,tcd_tile_2859,Celtic broadleaf forests,European forest,,1738,0.4745,26,48,11,37,15,0.2292,0.4231,0.2973,0.4235,0.5253,0.4689
detectree2,tcd_tile_286,East European forest steppe,European forest,,2263,0.4745,83,24,20,4,63,0.8333,0.241,0.3738,0.7374,0.2275,0.3477
detectree2,tcd_tile_2860,North Central Rockies forests,N. American forest,,2051,0.4745,2,139,2,137,0,0.0144,1.0,0.0284,0.9345,0.4,0.5602
detectree2,tcd_tile_2861,Lesser Sundas deciduous forests,SE Asian & Pacific rainforest,,1924,0.4745,26,94,3,91,23,0.0319,0.1154,0.05,0.754,0.4608,0.572
detectree2,tcd_tile_2862,Cerrado,Latin American forest,,624,0.4745,173,18,3,15,170,0.1667,0.0173,0.0314,0.0642,0.0638,0.064
detectree2,tcd_tile_2863,Northern Zanzibar-Inhambane coastal forest mosaic,African tropical forest,,611,0.4745,170,132,48,84,122,0.3636,0.2824,0.3179,0.4212,0.373,0.3956
detectree2,tcd_tile_2864,Madeira-Tapajós moist forests,Latin American forest,,5,0.4745,1,80,1,79,0,0.0125,1.0,0.0247,0.9996,0.4388,0.6099
detectree2,tcd_tile_2865,Upper Midwest forest-savanna transition,N. American forest,,4712,0.4745,53,61,18,43,35,0.2951,0.3396,0.3158,0.5731,0.4027,0.473
detectree2,tcd_tile_2866,Maputaland coastal forest mosaic,African tropical forest,,612,0.4745,21,50,6,44,15,0.12,0.2857,0.169,0.0376,0.4897,0.0698
detectree2,tcd_tile_2867,Hispaniolan dry forests,Other,,4355,0.4745,110,64,34,30,76,0.5312,0.3091,0.3908,0.334,0.426,0.3745
detectree2,tcd_tile_2868,Changjiang Plain evergreen forests,Other,,2760,0.4745,76,42,19,23,57,0.4524,0.25,0.322,0.2285,0.1837,0.2037
detectree2,tcd_tile_2869,Southern Great Lakes forests,N. American forest,,2477,0.4745,34,23,5,18,29,0.2174,0.1471,0.1754,0.1676,0.5274,0.2544
detectree2,tcd_tile_287,,Other,,3279,0.4745,0,8,0,8,0,0.0,0.0,0.0,0.0,0.0,0.0
detectree2,tcd_tile_2870,Uatuma-Trombetas moist forests,Latin American forest,,3274,0.4745,85,104,13,91,72,0.125,0.1529,0.1376,0.7554,0.3052,0.4348
detectree2,tcd_tile_2871,Northern Zanzibar-Inhambane coastal forest mosaic,African tropical forest,,1398,0.4745,6,5,1,4,5,0.2,0.1667,0.1818,0.0933,0.082,0.0873
detectree2,tcd_tile_2872,Central Indochina dry forests,Other,,4515,0.4745,99,57,25,32,74,0.4386,0.2525,0.3205,0.5612,0.3527,0.4331
detectree2,tcd_tile_2873,South Siberian forest steppe,Other,,547,0.4745,98,28,11,17,87,0.3929,0.1122,0.1746,0.2454,0.5477,0.3389
detectree2,tcd_tile_2874,Northern Zanzibar-Inhambane coastal forest mosaic,African tropical forest,,1512,0.4745,31,51,20,31,11,0.3922,0.6452,0.4878,0.293,0.4184,0.3447
detectree2,tcd_tile_2875,Hispaniolan moist forests,SE Asian & Pacific rainforest,,4259,0.4745,74,45,5,40,69,0.1111,0.0676,0.084,0.1992,0.0991,0.1323
detectree2,tcd_tile_2876,Pannonian mixed forests,European forest,,1887,0.4745,1,5,1,4,0,0.2,1.0,0.3333,0.0849,0.1389,0.1054
detectree2,tcd_tile_2877,Alto Paraná Atlantic forests,Other,,4065,0.4745,96,107,30,77,66,0.2804,0.3125,0.2956,0.1459,0.4352,0.2185
detectree2,tcd_tile_2878,Northern Zanzibar-Inhambane coastal forest mosaic,African tropical forest,,3915,0.4745,195,165,130,35,65,0.7879,0.6667,0.7222,0.5732,0.7415,0.6466
detectree2,tcd_tile_2879,East European forest steppe,European forest,,2956,0.4745,49,2,2,0,47,1.0,0.0408,0.0784,0.8442,0.0375,0.0718
detectree2,tcd_tile_288,Northern Zanzibar-Inhambane coastal forest mosaic,African tropical forest,,822,0.4745,15,53,5,48,10,0.0943,0.3333,0.1471,0.6795,0.1816,0.2866
detectree2,tcd_tile_2880,Northern Zanzibar-Inhambane coastal forest mosaic,African tropical forest,,2684,0.4745,18,4,1,3,17,0.25,0.0556,0.0909,0.0293,0.089,0.0441
detectree2,tcd_tile_2881,Changjiang Plain evergreen forests,Other,,1281,0.4745,212,95,56,39,156,0.5895,0.2642,0.3648,0.4688,0.3729,0.4154
detectree2,tcd_tile_2882,Palawan rain forests,SE Asian & Pacific rainforest,,2569,0.4745,3,17,1,16,2,0.0588,0.3333,0.1,0.2744,0.0697,0.1111
detectree2,tcd_tile_2883,Luzon rain forests,SE Asian & Pacific rainforest,,74,0.4745,85,78,17,61,68,0.2179,0.2,0.2086,0.1502,0.5152,0.2326
detectree2,tcd_tile_2884,Mindanao-Eastern Visayas rain forests,SE Asian & Pacific rainforest,,3731,0.4745,150,114,23,91,127,0.2018,0.1533,0.1742,0.3786,0.4555,0.4135
detectree2,tcd_tile_2885,Madeira-Tapajós moist forests,Latin American forest,,4105,0.4745,1,195,1,194,0,0.0051,1.0,0.0102,0.9998,0.4258,0.5972
detectree2,tcd_tile_2886,Appalachian-Blue Ridge forests,N. American forest,,3426,0.4745,18,115,5,110,13,0.0435,0.2778,0.0752,0.7322,0.4026,0.5196
detectree2,tcd_tile_2887,Bahia coastal forests,Latin American forest,,1278,0.4745,90,101,36,65,54,0.3564,0.4,0.377,0.7734,0.2847,0.4162
detectree2,tcd_tile_2888,Eastern Guinean forests,African tropical forest,,2990,0.4745,15,27,4,23,11,0.1481,0.2667,0.1905,0.4444,0.3339,0.3813
detectree2,tcd_tile_2889,Atlantic mixed forests,European forest,,190,0.4745,3,74,3,71,0,0.0405,1.0,0.0779,0.7919,0.3078,0.4433
detectree2,tcd_tile_289,Carpathian montane forests,Other,,3939,0.4745,44,71,5,66,39,0.0704,0.1136,0.087,0.8655,0.3455,0.4939
detectree2,tcd_tile_2890,,Other,,2804,0.4745,0,36,0,36,0,0.0,0.0,0.0,0.0,0.0,0.0
detectree2,tcd_tile_2891,Upper Gangetic Plains moist deciduous forests,Other,,2078,0.4745,44,61,12,49,32,0.1967,0.2727,0.2286,0.4439,0.4746,0.4587
detectree2,tcd_tile_2892,Appalachian mixed mesophytic forests,Other,,1678,0.4745,2,15,1,14,1,0.0667,0.5,0.1176,0.4819,0.4889,0.4854
detectree2,tcd_tile_2893,Northwestern Andean montane forests,Latin American forest,,1001,0.4745,17,7,1,6,16,0.1429,0.0588,0.0833,0.0467,0.5195,0.0857
detectree2,tcd_tile_2894,,Other,,3086,0.4745,1,61,1,60,0,0.0164,1.0,0.0323,0.4652,0.3903,0.4244
detectree2,tcd_tile_2895,Sarmatic mixed forests,European forest,,3325,0.4745,15,48,5,43,10,0.1042,0.3333,0.1587,0.6536,0.3762,0.4775
detectree2,tcd_tile_2896,Northern Zanzibar-Inhambane coastal forest mosaic,African tropical forest,,4811,0.4745,221,105,31,74,190,0.2952,0.1403,0.1902,0.6487,0.3367,0.4433
detectree2,tcd_tile_2897,Northern Zanzibar-Inhambane coastal forest mosaic,African tropical forest,,222,0.4745,0,12,0,12,0,0.0,0.0,0.0,0.0,0.0,0.0
detectree2,tcd_tile_2898,,Other,,1121,0.4745,2,8,2,6,0,0.25,1.0,0.4,0.2627,0.1957,0.2243
detectree2,tcd_tile_2899,Central U.S. hardwood forests,N. American forest,,2814,0.4745,15,23,7,16,8,0.3043,0.4667,0.3684,0.278,0.324,0.2993
detectree2,tcd_tile_29,West Sudanian savanna,Arid / dryland,,1295,0.4745,85,63,29,34,56,0.4603,0.3412,0.3919,0.3435,0.4807,0.4007
detectree2,tcd_tile_290,Sarmatic mixed forests,European forest,,3494,0.4745,36,87,16,71,20,0.1839,0.4444,0.2602,0.4413,0.4495,0.4454
detectree2,tcd_tile_2900,Northern Zanzibar-Inhambane coastal forest mosaic,African tropical forest,,350,0.4745,8,95,5,90,3,0.0526,0.625,0.0971,0.9514,0.4631,0.6229
detectree2,tcd_tile_2901,Brigalow tropical savanna,Other,,442,0.4745,25,40,9,31,16,0.225,0.36,0.2769,0.047,0.6191,0.0873
detectree2,tcd_tile_2902,Northern Zanzibar-Inhambane coastal forest mosaic,African tropical forest,,3990,0.4745,183,161,60,101,123,0.3727,0.3279,0.3488,0.2869,0.397,0.3331
detectree2,tcd_tile_2903,Pannonian mixed forests,European forest,,2728,0.4745,31,92,17,75,14,0.1848,0.5484,0.2764,0.7483,0.4788,0.584
detectree2,tcd_tile_2904,,Other,,1749,0.4745,0,9,0,9,0,0.0,0.0,0.0,0.0,0.0,0.0
detectree2,tcd_tile_2905,Palawan rain forests,SE Asian & Pacific rainforest,,3006,0.4745,17,66,2,64,15,0.0303,0.1176,0.0482,0.7715,0.2763,0.4069
detectree2,tcd_tile_2906,Crimean Submediterranean forest complex,Other,,4164,0.4745,93,120,21,99,72,0.175,0.2258,0.1972,0.6416,0.2761,0.3861
detectree2,tcd_tile_2907,Alps conifer and mixed forests,European forest,,4765,0.4745,1,10,1,9,0,0.1,1.0,0.1818,0.1115,0.1921,0.1411
detectree2,tcd_tile_2908,Hispaniolan dry forests,Other,,2493,0.4745,92,83,19,64,73,0.2289,0.2065,0.2171,0.116,0.4025,0.1801
detectree2,tcd_tile_2909,Northern California coastal forests,N. American forest,,2004,0.4745,18,10,2,8,16,0.2,0.1111,0.1429,0.6469,0.3005,0.4103
detectree2,tcd_tile_291,Central Indochina dry forests,Other,,4769,0.4745,86,138,30,108,56,0.2174,0.3488,0.2679,0.6024,0.4723,0.5295
detectree2,tcd_tile_2910,Alps conifer and mixed forests,European forest,,2576,0.4745,26,10,1,9,25,0.1,0.0385,0.0556,0.1059,0.096,0.1007
detectree2,tcd_tile_2911,Hispaniolan moist forests,SE Asian & Pacific rainforest,,4782,0.4745,36,33,2,31,34,0.0606,0.0556,0.058,0.0084,0.1648,0.016
detectree2,tcd_tile_2912,Northern Zanzibar-Inhambane coastal forest mosaic,African tropical forest,,3825,0.4745,26,13,3,10,23,0.2308,0.1154,0.1538,0.1256,0.5881,0.2069
detectree2,tcd_tile_2913,Southern Zanzibar-Inhambane coastal forest mosaic,African tropical forest,,1132,0.4745,129,106,15,91,114,0.1415,0.1163,0.1277,0.2458,0.4481,0.3175
detectree2,tcd_tile_2914,Balkan mixed forests,European forest,,3177,0.4745,202,120,60,60,142,0.5,0.297,0.3727,0.4549,0.4722,0.4634
detectree2,tcd_tile_2915,Rodope montane mixed forests,European forest,,4415,0.4745,73,139,13,126,60,0.0935,0.1781,0.1226,0.5036,0.5,0.5018
detectree2,tcd_tile_2916,Northern Zanzibar-Inhambane coastal forest mosaic,African tropical forest,,3988,0.4745,54,55,22,33,32,0.4,0.4074,0.4037,0.6283,0.6147,0.6214
detectree2,tcd_tile_2917,Southern Zanzibar-Inhambane coastal forest mosaic,African tropical forest,,1163,0.4745,3,37,0,37,3,0.0,0.0,0.0,0.0015,0.4578,0.0029
detectree2,tcd_tile_2918,East European forest steppe,European forest,,4845,0.4745,12,28,3,25,9,0.1071,0.25,0.15,0.3239,0.068,0.1124
detectree2,tcd_tile_2919,Irrawaddy moist deciduous forests,Other,,122,0.4745,56,27,6,21,50,0.2222,0.1071,0.1446,0.3465,0.2794,0.3093
detectree2,tcd_tile_292,Himalayan subtropical broadleaf forests,Other,,4535,0.4745,0,21,0,21,0,0.0,0.0,0.0,0.0,0.0,0.0
detectree2,tcd_tile_2920,Sierra Nevada forests,N. American forest,,2481,0.4745,70,89,22,67,48,0.2472,0.3143,0.2767,0.5048,0.3886,0.4392
detectree2,tcd_tile_2921,Upper Gangetic Plains moist deciduous forests,Other,,2781,0.4745,176,107,48,59,128,0.4486,0.2727,0.3392,0.5813,0.6454,0.6117
detectree2,tcd_tile_2922,Irrawaddy moist deciduous forests,Other,,226,0.4745,63,38,15,23,48,0.3947,0.2381,0.297,0.4965,0.4526,0.4735
detectree2,tcd_tile_2923,Southeastern Indochina dry evergreen forests,Other,,2584,0.4745,3,45,2,43,1,0.0444,0.6667,0.0833,0.4613,0.1793,0.2583
detectree2,tcd_tile_2924,Northern Zanzibar-Inhambane coastal forest mosaic,African tropical forest,,2126,0.4745,85,119,34,85,51,0.2857,0.4,0.3333,0.4572,0.5069,0.4807
detectree2,tcd_tile_2925,English Lowlands beech forests,European forest,,1297,0.4745,19,44,10,34,9,0.2273,0.5263,0.3175,0.1675,0.6821,0.2689
detectree2,tcd_tile_2926,Greater Negros-Panay rain forests,SE Asian & Pacific rainforest,,3232,0.4745,40,54,1,53,39,0.0185,0.025,0.0213,0.0363,0.3835,0.0664
detectree2,tcd_tile_2927,Vanuatu rain forests,Other,,2360,0.4745,11,40,3,37,8,0.075,0.2727,0.1176,0.2383,0.1495,0.1838
detectree2,tcd_tile_2928,Eastern Java-Bali montane rain forests,Other,,2268,0.4745,70,60,19,41,51,0.3167,0.2714,0.2923,0.3665,0.3607,0.3636
detectree2,tcd_tile_2929,Granitic Seychelles forests,Other,,2959,0.4745,94,99,30,69,64,0.303,0.3191,0.3109,0.4884,0.2822,0.3577
detectree2,tcd_tile_293,Vanuatu rain forests,Other,,3309,0.4745,16,13,1,12,15,0.0769,0.0625,0.069,0.3656,0.1224,0.1834
detectree2,tcd_tile_2930,Northern Zanzibar-Inhambane coastal forest mosaic,African tropical forest,,3416,0.4745,132,63,50,13,82,0.7937,0.3788,0.5128,0.5206,0.5847,0.5508
detectree2,tcd_tile_2931,Peruvian Yungas,Latin American forest,,1962,0.4745,41,37,4,33,37,0.1081,0.0976,0.1026,0.2139,0.3423,0.2633
detectree2,tcd_tile_2932,Luzon rain forests,SE Asian & Pacific rainforest,,3705,0.4745,22,38,13,25,9,0.3421,0.5909,0.4333,0.5084,0.5617,0.5337
detectree2,tcd_tile_2933,Northern Zanzibar-Inhambane coastal forest mosaic,African tropical forest,,1308,0.4745,22,42,17,25,5,0.4048,0.7727,0.5312,0.1871,0.7811,0.3019
detectree2,tcd_tile_2934,Northern Zanzibar-Inhambane coastal forest mosaic,African tropical forest,,123,0.4745,111,73,24,49,87,0.3288,0.2162,0.2609,0.1985,0.4412,0.2739
detectree2,tcd_tile_2935,Sarmatic mixed forests,European forest,,4218,0.4745,2,122,2,120,0,0.0164,1.0,0.0323,0.8046,0.3843,0.5201
detectree2,tcd_tile_2936,South Central Rockies forests,Other,,4211,0.4745,77,29,26,3,51,0.8966,0.3377,0.4906,0.469,0.6813,0.5556
detectree2,tcd_tile_2937,,Other,,388,0.4745,15,7,2,5,13,0.2857,0.1333,0.1818,0.1436,0.2646,0.1862
detectree2,tcd_tile_2938,Central forest-grasslands transition,Other,,1167,0.4745,65,49,18,31,47,0.3673,0.2769,0.3158,0.4811,0.4232,0.4503
detectree2,tcd_tile_2939,Central Andean puna,Other,,642,0.4745,19,14,7,7,12,0.5,0.3684,0.4242,0.4948,0.5511,0.5215
detectree2,tcd_tile_294,Huang He Plain mixed forests,Other,,1436,0.4745,183,48,11,37,172,0.2292,0.0601,0.0952,0.1614,0.2366,0.1919
detectree2,tcd_tile_2940,East African montane forests,African tropical forest,,3026,0.4745,80,49,9,40,71,0.1837,0.1125,0.1395,0.6411,0.2479,0.3575
detectree2,tcd_tile_2941,Northern Zanzibar-Inhambane coastal forest mosaic,African tropical forest,,208,0.4745,117,114,32,82,85,0.2807,0.2735,0.2771,0.211,0.4546,0.2882
detectree2,tcd_tile_2942,Northern Zanzibar-Inhambane coastal forest mosaic,African tropical forest,,2926,0.4745,92,64,16,48,76,0.25,0.1739,0.2051,0.2186,0.264,0.2392
detectree2,tcd_tile_2943,Northern Zanzibar-Inhambane coastal forest mosaic,African tropical forest,,313,0.4745,189,62,16,46,173,0.2581,0.0847,0.1275,0.5246,0.2632,0.3505
detectree2,tcd_tile_2944,Sarmatic mixed forests,European forest,,3189,0.4745,11,7,0,7,11,0.0,0.0,0.0,0.022,0.9064,0.043
detectree2,tcd_tile_2945,North Central Rockies forests,N. American forest,,4132,0.4745,24,5,1,4,23,0.2,0.0417,0.069,0.7244,0.0728,0.1323
detectree2,tcd_tile_2946,Western Guinean lowland forests,African tropical forest,,2403,0.4745,38,45,5,40,33,0.1111,0.1316,0.1205,0.0389,0.4583,0.0717
detectree2,tcd_tile_2947,Atlantic mixed forests,European forest,,3143,0.4745,15,14,0,14,15,0.0,0.0,0.0,0.1667,0.6293,0.2636
detectree2,tcd_tile_2948,,Other,,1725,0.4745,245,121,57,64,188,0.4711,0.2327,0.3115,0.236,0.5354,0.3276
detectree2,tcd_tile_2949,Crimean Submediterranean forest complex,Other,,2726,0.4745,92,89,33,56,59,0.3708,0.3587,0.3646,0.422,0.4541,0.4375
detectree2,tcd_tile_295,Central European mixed forests,European forest,,4574,0.4745,67,90,17,73,50,0.1889,0.2537,0.2166,0.2416,0.4718,0.3195
detectree2,tcd_tile_2950,Mindanao-Eastern Visayas rain forests,SE Asian & Pacific rainforest,,2783,0.4745,40,91,10,81,30,0.1099,0.25,0.1527,0.4514,0.3162,0.3719
detectree2,tcd_tile_2951,Eastern Australian temperate forests,Other,,2384,0.4745,83,30,12,18,71,0.4,0.1446,0.2124,0.5025,0.2384,0.3234
detectree2,tcd_tile_2952,Snake-Columbia shrub steppe,Other,,1307,0.4745,61,25,12,13,49,0.48,0.1967,0.2791,0.1468,0.2946,0.196
detectree2,tcd_tile_2953,Northern Zanzibar-Inhambane coastal forest mosaic,African tropical forest,,3055,0.4745,54,52,11,41,43,0.2115,0.2037,0.2075,0.0761,0.6034,0.1351
detectree2,tcd_tile_2954,New England-Acadian forests,N. American forest,,1440,0.4745,7,121,3,118,4,0.0248,0.4286,0.0469,0.8698,0.5345,0.6622
detectree2,tcd_tile_2955,Himalayan subtropical broadleaf forests,Other,,2170,0.4745,124,136,29,107,95,0.2132,0.2339,0.2231,0.1395,0.5871,0.2254
detectree2,tcd_tile_2956,Western European broadleaf forests,European forest,,1031,0.4745,16,38,5,33,11,0.1316,0.3125,0.1852,0.717,0.4564,0.5578
detectree2,tcd_tile_2957,Balkan mixed forests,European forest,,1344,0.4745,20,31,5,26,15,0.1613,0.25,0.1961,0.0785,0.453,0.1338
detectree2,tcd_tile_2958,North Central Rockies forests,N. American forest,,2958,0.4745,0,11,0,11,0,0.0,0.0,0.0,0.0,0.0,0.0
detectree2,tcd_tile_2959,,Other,,111,0.4745,95,44,15,29,80,0.3409,0.1579,0.2158,0.4106,0.4776,0.4416
detectree2,tcd_tile_296,Taiheiyo evergreen forests,Other,,3776,0.4745,1,85,1,84,0,0.0118,1.0,0.0233,0.9835,0.3361,0.5009
detectree2,tcd_tile_2960,Southern Zanzibar-Inhambane coastal forest mosaic,African tropical forest,,4588,0.4745,110,77,17,60,93,0.2208,0.1545,0.1818,0.2339,0.3588,0.2832
detectree2,tcd_tile_2961,Northern Zanzibar-Inhambane coastal forest mosaic,African tropical forest,,1747,0.4745,222,183,59,124,163,0.3224,0.2658,0.2914,0.7574,0.4174,0.5382
detectree2,tcd_tile_2962,Eastern Guinean forests,African tropical forest,,2889,0.4745,38,40,5,35,33,0.125,0.1316,0.1282,0.3951,0.6161,0.4814
detectree2,tcd_tile_2963,East European forest steppe,European forest,,365,0.4745,28,59,7,52,21,0.1186,0.25,0.1609,0.2222,0.4068,0.2874
detectree2,tcd_tile_2964,Southern Great Lakes forests,N. American forest,,4818,0.4745,57,102,21,81,36,0.2059,0.3684,0.2642,0.3452,0.3857,0.3643
detectree2,tcd_tile_2965,Bolivian montane dry forests,Latin American forest,,2094,0.4745,38,9,4,5,34,0.4444,0.1053,0.1702,0.2565,0.3851,0.3079
detectree2,tcd_tile_2966,Atlantic dry forests,Other,,499,0.4745,331,134,68,66,263,0.5075,0.2054,0.2925,0.2811,0.4727,0.3525
detectree2,tcd_tile_2967,Crimean Submediterranean forest complex,Other,,1965,0.4745,45,35,12,23,33,0.3429,0.2667,0.3,0.223,0.3271,0.2652
detectree2,tcd_tile_2968,,Other,,1498,0.4745,0,15,0,15,0,0.0,0.0,0.0,0.0,0.0,0.0
detectree2,tcd_tile_2969,Timor and Wetar deciduous forests,SE Asian & Pacific rainforest,,3728,0.4745,44,147,20,127,24,0.1361,0.4545,0.2094,0.7059,0.4221,0.5283
detectree2,tcd_tile_297,,Other,,782,0.4745,65,89,6,83,59,0.0674,0.0923,0.0779,0.7613,0.3083,0.4389
detectree2,tcd_tile_2970,Central Indochina dry forests,Other,,4914,0.4745,105,105,29,76,76,0.2762,0.2762,0.2762,0.4728,0.5159,0.4934
detectree2,tcd_tile_2971,,Other,,3182,0.4745,1,144,1,143,0,0.0069,1.0,0.0138,1.0,0.3305,0.4968
detectree2,tcd_tile_2972,Northern Zanzibar-Inhambane coastal forest mosaic,African tropical forest,,2445,0.4745,8,191,2,189,6,0.0105,0.25,0.0201,0.8526,0.4084,0.5523
detectree2,tcd_tile_2973,Central and Southern mixed grasslands,Other,,4,0.4745,45,49,13,36,32,0.2653,0.2889,0.2766,0.8407,0.3587,0.5029
detectree2,tcd_tile_2974,Central Indochina dry forests,Other,,4747,0.4745,62,51,8,43,54,0.1569,0.129,0.1416,0.347,0.4507,0.3921
detectree2,tcd_tile_2975,Northern Zanzibar-Inhambane coastal forest mosaic,African tropical forest,,3804,0.4745,64,114,20,94,44,0.1754,0.3125,0.2247,0.3475,0.4168,0.379
detectree2,tcd_tile_2976,Central European mixed forests,European forest,,2661,0.4745,73,81,21,60,52,0.2593,0.2877,0.2727,0.5115,0.6908,0.5878
detectree2,tcd_tile_2977,Ucayali moist forests,Latin American forest,,2627,0.4745,62,101,10,91,52,0.099,0.1613,0.1227,0.7436,0.3328,0.4599
detectree2,tcd_tile_2978,English Lowlands beech forests,European forest,,1418,0.4745,2,2,0,2,2,0.0,0.0,0.0,0.1379,0.0507,0.0741
detectree2,tcd_tile_2979,Appalachian-Blue Ridge forests,N. American forest,,2834,0.4745,135,49,16,33,119,0.3265,0.1185,0.1739,0.3086,0.3216,0.3149
detectree2,tcd_tile_298,Central European mixed forests,European forest,,3758,0.4745,9,56,7,49,2,0.125,0.7778,0.2154,0.6219,0.3441,0.443
detectree2,tcd_tile_2980,Bolivian montane dry forests,Latin American forest,,4342,0.4745,32,11,4,7,28,0.3636,0.125,0.186,0.3909,0.5418,0.4542
detectree2,tcd_tile_2981,Sierra Nevada forests,N. American forest,,1334,0.4745,142,62,47,15,95,0.7581,0.331,0.4608,0.6002,0.4752,0.5305
detectree2,tcd_tile_2982,Himalayan subtropical broadleaf forests,Other,,1454,0.4745,95,115,32,83,63,0.2783,0.3368,0.3048,0.7017,0.4529,0.5505
detectree2,tcd_tile_2983,Eastern forest-boreal transition,Other,,1771,0.4745,1,170,1,169,0,0.0059,1.0,0.0117,0.9999,0.3749,0.5453
detectree2,tcd_tile_2984,Northern Zanzibar-Inhambane coastal forest mosaic,African tropical forest,,1291,0.4745,90,96,49,47,41,0.5104,0.5444,0.5269,0.506,0.7835,0.6149
detectree2,tcd_tile_2985,,Other,,585,0.4745,35,27,3,24,32,0.1111,0.0857,0.0968,0.0557,0.3171,0.0948
detectree2,tcd_tile_2986,Northern Zanzibar-Inhambane coastal forest mosaic,African tropical forest,,3493,0.4745,185,125,49,76,136,0.392,0.2649,0.3161,0.4557,0.7147,0.5565
detectree2,tcd_tile_2987,Western European broadleaf forests,European forest,,3919,0.4745,2,14,2,12,0,0.1429,1.0,0.25,0.1006,0.7739,0.178
detectree2,tcd_tile_2988,Cerrado,Latin American forest,,1074,0.4745,1,10,1,9,0,0.1,1.0,0.1818,0.0021,0.9577,0.0042
detectree2,tcd_tile_2989,Luzon rain forests,SE Asian & Pacific rainforest,,2000,0.4745,17,42,5,37,12,0.119,0.2941,0.1695,0.9679,0.3103,0.4699
detectree2,tcd_tile_299,Sulawesi lowland rain forests,SE Asian & Pacific rainforest,,4752,0.4745,16,72,4,68,12,0.0556,0.25,0.0909,0.6955,0.3361,0.4532
detectree2,tcd_tile_2990,Sierra Nevada forests,N. American forest,,2669,0.4745,146,72,16,56,130,0.2222,0.1096,0.1468,0.0892,0.4339,0.1479
detectree2,tcd_tile_2991,East European forest steppe,European forest,,4169,0.4745,18,16,4,12,14,0.25,0.2222,0.2353,0.0463,0.5504,0.0854
detectree2,tcd_tile_2992,Northern Zanzibar-Inhambane coastal forest mosaic,African tropical forest,,4144,0.4745,230,72,36,36,194,0.5,0.1565,0.2384,0.2856,0.4021,0.334
detectree2,tcd_tile_2993,Northwestern Andean montane forests,Latin American forest,,908,0.4745,3,1,0,1,3,0.0,0.0,0.0,0.0,0.0,0.0
detectree2,tcd_tile_2994,Sarmatic mixed forests,European forest,,4427,0.4745,36,18,4,14,32,0.2222,0.1111,0.1481,0.0436,0.3822,0.0783
detectree2,tcd_tile_2995,Western Siberian hemiboreal forests,Other,,3091,0.4745,20,49,17,32,3,0.3469,0.85,0.4928,0.3667,0.6812,0.4768
detectree2,tcd_tile_2996,Northeastern Spain and Southern France Mediterranean forests,Other,,1030,0.4745,159,120,38,82,121,0.3167,0.239,0.2724,0.6297,0.3477,0.448
detectree2,tcd_tile_2997,Mindanao-Eastern Visayas rain forests,SE Asian & Pacific rainforest,,3729,0.4745,53,102,8,94,45,0.0784,0.1509,0.1032,0.7132,0.3769,0.4932
detectree2,tcd_tile_2998,Himalayan subtropical pine forests,Other,,4617,0.4745,0,70,0,70,0,0.0,0.0,0.0,0.0,0.0,0.0
detectree2,tcd_tile_2999,Central European mixed forests,European forest,,853,0.4745,39,55,16,39,23,0.2909,0.4103,0.3404,0.3197,0.5727,0.4103
detectree2,tcd_tile_3,Chilean matorral,Arid / dryland,,2,0.4745,0,3,0,3,0,0.0,0.0,0.0,0.0,0.0,0.0
detectree2,tcd_tile_30,West Sudanian savanna,Arid / dryland,,847,0.4745,10,17,2,15,8,0.1176,0.2,0.1481,0.0258,0.2423,0.0466
detectree2,tcd_tile_300,Scandinavian and Russian taiga,Other,,759,0.4745,45,60,5,55,40,0.0833,0.1111,0.0952,0.3938,0.6203,0.4817
detectree2,tcd_tile_3000,Central Andean dry puna,Other,,494,0.4745,0,18,0,18,0,0.0,0.0,0.0,0.0,0.0,0.0
detectree2,tcd_tile_3001,Eastern Guinean forests,African tropical forest,,3129,0.4745,5,35,2,33,3,0.0571,0.4,0.1,0.3841,0.1983,0.2616
detectree2,tcd_tile_3002,Eastern forest-boreal transition,Other,,4096,0.4745,1,167,1,166,0,0.006,1.0,0.0119,0.9578,0.4733,0.6335
detectree2,tcd_tile_3003,Sarmatic mixed forests,European forest,,874,0.4745,6,87,3,84,3,0.0345,0.5,0.0645,0.5736,0.5062,0.5378
detectree2,tcd_tile_3004,Northeastern coastal forests,N. American forest,,1280,0.4745,114,139,36,103,78,0.259,0.3158,0.2846,0.2129,0.6945,0.3259
detectree2,tcd_tile_3005,Cerrado,Latin American forest,,763,0.4745,0,1,0,1,0,0.0,0.0,0.0,0.0,0.0,0.0
detectree2,tcd_tile_3006,Vanuatu rain forests,Other,,2388,0.4745,25,159,10,149,15,0.0629,0.4,0.1087,0.9925,0.348,0.5153
detectree2,tcd_tile_3007,Northern Zanzibar-Inhambane coastal forest mosaic,African tropical forest,,892,0.4745,77,101,22,79,55,0.2178,0.2857,0.2472,0.289,0.6236,0.395
detectree2,tcd_tile_3008,Central African mangroves,African tropical forest,,4241,0.4745,0,218,0,218,0,0.0,0.0,0.0,0.0,0.0,0.0
detectree2,tcd_tile_3009,Southeast Australia temperate forests,Other,,1781,0.4745,57,80,3,77,54,0.0375,0.0526,0.0438,0.7682,0.1573,0.2612
detectree2,tcd_tile_301,Balsas dry forests,Other,,3119,0.4745,112,22,7,15,105,0.3182,0.0625,0.1045,0.1711,0.2543,0.2046
detectree2,tcd_tile_3010,Sarmatic mixed forests,European forest,,69,0.4745,5,70,1,69,4,0.0143,0.2,0.0267,0.0014,0.3677,0.0027
detectree2,tcd_tile_3011,Mindanao-Eastern Visayas rain forests,SE Asian & Pacific rainforest,,3246,0.4745,9,92,5,87,4,0.0543,0.5556,0.099,0.5753,0.3788,0.4568
detectree2,tcd_tile_3012,,Other,,581,0.4745,191,122,34,88,157,0.2787,0.178,0.2173,0.7503,0.452,0.5642
detectree2,tcd_tile_3013,East European forest steppe,European forest,,3796,0.4745,155,4,3,1,152,0.75,0.0194,0.0377,0.5056,0.0534,0.0966
detectree2,tcd_tile_3014,Luzon rain forests,SE Asian & Pacific rainforest,,4389,0.4745,93,92,16,76,77,0.1739,0.172,0.173,0.4736,0.3592,0.4086
detectree2,tcd_tile_3015,,Other,,1805,0.4745,32,10,2,8,30,0.2,0.0625,0.0952,0.0817,0.2479,0.1229
detectree2,tcd_tile_3016,Balsas dry forests,Other,,2119,0.4745,153,29,5,24,148,0.1724,0.0327,0.0549,0.1196,0.2274,0.1567
detectree2,tcd_tile_3017,Willamette Valley forests,N. American forest,,3601,0.4745,46,29,0,29,46,0.0,0.0,0.0,0.0022,0.0663,0.0042
detectree2,tcd_tile_3018,Eastern Great Lakes lowland forests,N. American forest,,3149,0.4745,1,14,1,13,0,0.0714,1.0,0.1333,0.076,0.8231,0.1392
detectree2,tcd_tile_3019,Eastern Guinean forests,African tropical forest,,3592,0.4745,2,6,1,5,1,0.1667,0.5,0.25,0.1326,0.8426,0.2291
detectree2,tcd_tile_302,Central Indochina dry forests,Other,,4540,0.4745,99,137,19,118,80,0.1387,0.1919,0.161,0.7719,0.4387,0.5594
detectree2,tcd_tile_3020,Mindanao-Eastern Visayas rain forests,SE Asian & Pacific rainforest,,2269,0.4745,43,64,2,62,41,0.0312,0.0465,0.0374,0.0183,0.252,0.0341
detectree2,tcd_tile_3021,Northern Zanzibar-Inhambane coastal forest mosaic,African tropical forest,,3455,0.4745,133,73,51,22,82,0.6986,0.3835,0.4951,0.661,0.6854,0.6729
detectree2,tcd_tile_3022,Eastern Guinean forests,African tropical forest,,1970,0.4745,82,43,13,30,69,0.3023,0.1585,0.208,0.18,0.4877,0.263
detectree2,tcd_tile_3023,Sumatran lowland rain forests,SE Asian & Pacific rainforest,,386,0.4745,33,138,8,130,25,0.058,0.2424,0.0936,0.9286,0.2794,0.4296
detectree2,tcd_tile_3024,Peruvian Yungas,Latin American forest,,2522,0.4745,112,59,3,56,109,0.0508,0.0268,0.0351,0.0123,0.151,0.0228
detectree2,tcd_tile_3025,Pannonian mixed forests,European forest,,5036,0.4745,82,113,42,71,40,0.3717,0.5122,0.4308,0.3542,0.6035,0.4464
detectree2,tcd_tile_3026,Richmond temperate forests,Other,,3495,0.4745,36,42,10,32,26,0.2381,0.2778,0.2564,0.208,0.3226,0.2529
detectree2,tcd_tile_3027,Western Guinean lowland forests,African tropical forest,,2270,0.4745,78,88,16,72,62,0.1818,0.2051,0.1928,0.1612,0.5673,0.251
detectree2,tcd_tile_3028,,Other,,2250,0.4745,0,13,0,13,0,0.0,0.0,0.0,0.0,0.0,0.0
detectree2,tcd_tile_3029,Scandinavian coastal conifer forests,Other,,3816,0.4745,72,109,7,102,65,0.0642,0.0972,0.0773,0.7235,0.2608,0.3834
detectree2,tcd_tile_303,Eastern Guinean forests,African tropical forest,,1470,0.4745,5,33,1,32,4,0.0303,0.2,0.0526,0.5139,0.4025,0.4514
detectree2,tcd_tile_3030,Western European broadleaf forests,European forest,,166,0.4745,12,24,1,23,11,0.0417,0.0833,0.0556,0.0277,0.4009,0.0519
detectree2,tcd_tile_3031,Southern Zanzibar-Inhambane coastal forest mosaic,African tropical forest,,4332,0.4745,334,140,49,91,285,0.35,0.1467,0.2068,0.347,0.4701,0.3993
detectree2,tcd_tile_3032,Southern Zanzibar-Inhambane coastal forest mosaic,African tropical forest,,3704,0.4745,170,76,24,52,146,0.3158,0.1412,0.1951,0.1493,0.6548,0.2432
detectree2,tcd_tile_3033,Granitic Seychelles forests,Other,,2890,0.4745,62,141,18,123,44,0.1277,0.2903,0.1773,0.7549,0.428,0.5462
detectree2,tcd_tile_3034,Northern Zanzibar-Inhambane coastal forest mosaic,African tropical forest,,244,0.4745,22,45,16,29,6,0.3556,0.7273,0.4776,0.206,0.6311,0.3106
detectree2,tcd_tile_3035,Caucasus mixed forests,European forest,,2887,0.4745,1,107,1,106,0,0.0093,1.0,0.0185,0.9999,0.3095,0.4727
detectree2,tcd_tile_3036,Caucasus mixed forests,European forest,,1647,0.4745,1,76,1,75,0,0.0132,1.0,0.026,0.9858,0.3536,0.5205
detectree2,tcd_tile_3037,Celtic broadleaf forests,European forest,,4850,0.4745,0,4,0,4,0,0.0,0.0,0.0,0.0,0.0,0.0
detectree2,tcd_tile_3038,Western European broadleaf forests,European forest,,483,0.4745,32,107,26,81,6,0.243,0.8125,0.3741,0.6369,0.6648,0.6506
detectree2,tcd_tile_3039,Northern Anatolian conifer and deciduous forests,Other,,3172,0.4745,144,52,23,29,121,0.4423,0.1597,0.2347,0.2998,0.6063,0.4012
detectree2,tcd_tile_304,Maputaland coastal forest mosaic,African tropical forest,,3303,0.4745,56,48,11,37,45,0.2292,0.1964,0.2115,0.0645,0.3796,0.1102
detectree2,tcd_tile_3040,Madeira-Tapajós moist forests,Latin American forest,,2906,0.4745,17,201,8,193,9,0.0398,0.4706,0.0734,0.8225,0.4497,0.5815
detectree2,tcd_tile_3041,Southern Zanzibar-Inhambane coastal forest mosaic,African tropical forest,,1541,0.4745,28,30,9,21,19,0.3,0.3214,0.3103,0.424,0.3361,0.375
detectree2,tcd_tile_3042,East European forest steppe,European forest,,2359,0.4745,68,47,12,35,56,0.2553,0.1765,0.2087,0.5095,0.3163,0.3903
detectree2,tcd_tile_3043,Cerrado,Latin American forest,,1038,0.4745,7,11,6,5,1,0.5455,0.8571,0.6667,0.3375,0.8276,0.4795
detectree2,tcd_tile_3044,Iberian sclerophyllous and semi-deciduous forests,Other,,674,0.4745,386,126,35,91,351,0.2778,0.0907,0.1367,0.4404,0.343,0.3857
detectree2,tcd_tile_3045,Northern Zanzibar-Inhambane coastal forest mosaic,African tropical forest,,288,0.4745,16,51,13,38,3,0.2549,0.8125,0.3881,0.2218,0.9532,0.3598
detectree2,tcd_tile_3046,East European forest steppe,European forest,,2816,0.4745,3,104,3,101,0,0.0288,1.0,0.0561,0.9551,0.5381,0.6884
detectree2,tcd_tile_3047,Western Guinean lowland forests,African tropical forest,,367,0.4745,15,21,1,20,14,0.0476,0.0667,0.0556,0.0702,0.2069,0.1048
detectree2,tcd_tile_3048,Araucaria moist forests,Other,,10,0.4745,178,118,40,78,138,0.339,0.2247,0.2703,0.2197,0.5379,0.312
detectree2,tcd_tile_3049,Caucasus mixed forests,European forest,,1836,0.4745,0,2,0,2,0,0.0,0.0,0.0,0.0,0.0,0.0
detectree2,tcd_tile_305,Sierra Nevada forests,N. American forest,,1390,0.4745,9,27,3,24,6,0.1111,0.3333,0.1667,0.7399,0.2768,0.4029
detectree2,tcd_tile_3050,Central European mixed forests,European forest,,3917,0.4745,118,80,43,37,75,0.5375,0.3644,0.4343,0.5986,0.6644,0.6298
detectree2,tcd_tile_3051,Tumbes-Piura dry forests,Other,,3876,0.4745,64,138,25,113,39,0.1812,0.3906,0.2475,0.9329,0.3554,0.5148
detectree2,tcd_tile_3052,Changjiang Plain evergreen forests,Other,,3179,0.4745,100,19,4,15,96,0.2105,0.04,0.0672,0.0648,0.0445,0.0527
detectree2,tcd_tile_3053,Luzon rain forests,SE Asian & Pacific rainforest,,4925,0.4745,172,128,33,95,139,0.2578,0.1919,0.22,0.364,0.4355,0.3965
detectree2,tcd_tile_3054,Northern Zanzibar-Inhambane coastal forest mosaic,African tropical forest,,3347,0.4745,205,69,21,48,184,0.3043,0.1024,0.1533,0.5367,0.3573,0.429
detectree2,tcd_tile_3055,Northern Zanzibar-Inhambane coastal forest mosaic,African tropical forest,,4793,0.4745,108,72,11,61,97,0.1528,0.1019,0.1222,0.1089,0.4037,0.1715
detectree2,tcd_tile_3056,Pannonian mixed forests,European forest,,1528,0.4745,1,162,1,161,0,0.0062,1.0,0.0123,0.9831,0.4716,0.6374
detectree2,tcd_tile_3057,Nigerian lowland forests,African tropical forest,,4908,0.4745,0,121,0,121,0,0.0,0.0,0.0,0.0,0.0,0.0
detectree2,tcd_tile_3058,Northern Zanzibar-Inhambane coastal forest mosaic,African tropical forest,,1846,0.4745,17,10,2,8,15,0.2,0.1176,0.1481,0.1237,0.3317,0.1802
detectree2,tcd_tile_3059,Sumatran lowland rain forests,SE Asian & Pacific rainforest,,2271,0.4745,96,86,8,78,88,0.093,0.0833,0.0879,0.818,0.3572,0.4973
detectree2,tcd_tile_306,Northern California coastal forests,N. American forest,,3885,0.4745,11,49,5,44,6,0.102,0.4545,0.1667,0.5851,0.4188,0.4882
detectree2,tcd_tile_3060,Hispaniolan moist forests,SE Asian & Pacific rainforest,,5052,0.4745,4,29,1,28,3,0.0345,0.25,0.0606,0.0029,0.695,0.0057
detectree2,tcd_tile_3061,Western Guinean lowland forests,African tropical forest,,1339,0.4745,46,81,9,72,37,0.1111,0.1957,0.1417,0.0476,0.6652,0.0888
detectree2,tcd_tile_3062,Petén-Veracruz moist forests,Latin American forest,,3977,0.4745,66,41,2,39,64,0.0488,0.0303,0.0374,0.7112,0.258,0.3786
detectree2,tcd_tile_3063,Lesser Sundas deciduous forests,SE Asian & Pacific rainforest,,3970,0.4745,12,30,2,28,10,0.0667,0.1667,0.0952,0.2863,0.3969,0.3327
detectree2,tcd_tile_3064,Snake-Columbia shrub steppe,Other,,841,0.4745,62,56,15,41,47,0.2679,0.2419,0.2542,0.0744,0.6119,0.1327
detectree2,tcd_tile_3065,Southeastern mixed forests,N. American forest,,2961,0.4745,45,14,2,12,43,0.1429,0.0444,0.0678,0.2151,0.085,0.1218
detectree2,tcd_tile_3066,Mindanao-Eastern Visayas rain forests,SE Asian & Pacific rainforest,,1526,0.4745,120,86,12,74,108,0.1395,0.1,0.1165,0.7128,0.2956,0.4179
detectree2,tcd_tile_3067,Fiji tropical dry forests,Other,,2749,0.4745,45,60,8,52,37,0.1333,0.1778,0.1524,0.4578,0.3389,0.3895
detectree2,tcd_tile_3068,Eastern Mediterranean conifer-sclerophyllous-broadleaf forests,Other,,1139,0.4745,36,13,5,8,31,0.3846,0.1389,0.2041,0.1459,0.3411,0.2043
detectree2,tcd_tile_3069,Magdalena Valley montane forests,Other,,2788,0.4745,67,64,24,40,43,0.375,0.3582,0.3664,0.4461,0.5874,0.5071
detectree2,tcd_tile_307,East European forest steppe,European forest,,570,0.4745,9,10,4,6,5,0.4,0.4444,0.4211,0.5971,0.5689,0.5827
detectree2,tcd_tile_3070,Madeira-Tapajós moist forests,Latin American forest,,420,0.4745,1,160,1,159,0,0.0063,1.0,0.0124,0.9955,0.4283,0.5989
detectree2,tcd_tile_3071,Alto Paraná Atlantic forests,Other,,3154,0.4745,63,55,12,43,51,0.2182,0.1905,0.2034,0.0903,0.4176,0.1484
detectree2,tcd_tile_3072,Changjiang Plain evergreen forests,Other,,4981,0.4745,96,41,21,20,75,0.5122,0.2188,0.3066,0.512,0.3157,0.3906
detectree2,tcd_tile_3073,Atlantic coastal pine barrens,Other,,3540,0.4745,84,12,2,10,82,0.1667,0.0238,0.0417,0.25,0.091,0.1335
detectree2,tcd_tile_3074,Southern Zanzibar-Inhambane coastal forest mosaic,African tropical forest,,3963,0.4745,7,11,5,6,2,0.4545,0.7143,0.5556,0.0555,0.4252,0.0981
detectree2,tcd_tile_3075,Baltic mixed forests,European forest,,2697,0.4745,2,12,2,10,0,0.1667,1.0,0.2857,0.1163,0.1736,0.1393
detectree2,tcd_tile_3076,Sulawesi lowland rain forests,SE Asian & Pacific rainforest,,4738,0.4745,226,72,27,45,199,0.375,0.1195,0.1812,0.3684,0.3146,0.3394
detectree2,tcd_tile_3077,,Other,,596,0.4745,6,11,0,11,6,0.0,0.0,0.0,0.0001,0.002,0.0001
detectree2,tcd_tile_3078,Southern Zanzibar-Inhambane coastal forest mosaic,African tropical forest,,4840,0.4745,392,79,26,53,366,0.3291,0.0663,0.1104,0.2409,0.4456,0.3128
detectree2,tcd_tile_3079,Southeastern mixed forests,N. American forest,,4761,0.4745,69,57,25,32,44,0.4386,0.3623,0.3968,0.452,0.2984,0.3595
detectree2,tcd_tile_308,Southeastern mixed forests,N. American forest,,3870,0.4745,232,33,0,33,232,0.0,0.0,0.0,0.0237,0.2453,0.0431
detectree2,tcd_tile_3080,Northern Zanzibar-Inhambane coastal forest mosaic,African tropical forest,,894,0.4745,402,170,39,131,363,0.2294,0.097,0.1364,0.1351,0.5014,0.2128
detectree2,tcd_tile_3081,Sumatran lowland rain forests,SE Asian & Pacific rainforest,,271,0.4745,52,47,12,35,40,0.2553,0.2308,0.2424,0.5889,0.3999,0.4763
detectree2,tcd_tile_3082,Luzon rain forests,SE Asian & Pacific rainforest,,3425,0.4745,4,60,1,59,3,0.0167,0.25,0.0312,0.9621,0.3342,0.4961
detectree2,tcd_tile_3083,Tasmanian temperate forests,Other,,2968,0.4745,4,53,1,52,3,0.0189,0.25,0.0351,0.9559,0.3197,0.4792
detectree2,tcd_tile_3084,Celtic broadleaf forests,European forest,,3308,0.4745,26,31,13,18,13,0.4194,0.5,0.4561,0.4964,0.5633,0.5277
detectree2,tcd_tile_3085,Mato Grosso seasonal forests,Latin American forest,,3095,0.4745,352,144,64,80,288,0.4444,0.1818,0.2581,0.3474,0.593,0.4381
detectree2,tcd_tile_3086,Nigerian lowland forests,African tropical forest,,4233,0.4745,0,49,0,49,0,0.0,0.0,0.0,0.0,0.0,0.0
detectree2,tcd_tile_3087,,Other,,2791,0.4745,28,108,5,103,23,0.0463,0.1786,0.0735,0.7592,0.3703,0.4978
detectree2,tcd_tile_3088,Northern Zanzibar-Inhambane coastal forest mosaic,African tropical forest,,2210,0.4745,173,138,37,101,136,0.2681,0.2139,0.2379,0.4475,0.465,0.4561
detectree2,tcd_tile_3089,Vanuatu rain forests,Other,,3250,0.4745,1,15,1,14,0,0.0667,1.0,0.125,0.2475,0.3459,0.2885
detectree2,tcd_tile_309,Eastern Java-Bali rain forests,SE Asian & Pacific rainforest,,4821,0.4745,81,39,7,32,74,0.1795,0.0864,0.1167,0.3597,0.2679,0.3071
detectree2,tcd_tile_3090,Northern Zanzibar-Inhambane coastal forest mosaic,African tropical forest,,2670,0.4745,10,30,3,27,7,0.1,0.3,0.15,0.0864,0.6206,0.1517
detectree2,tcd_tile_3091,Upper Gangetic Plains moist deciduous forests,Other,,3304,0.4745,40,29,11,18,29,0.3793,0.275,0.3188,0.8902,0.3635,0.5162
detectree2,tcd_tile_3092,Cerrado,Latin American forest,,1020,0.4745,159,41,13,28,146,0.3171,0.0818,0.13,0.165,0.374,0.229
detectree2,tcd_tile_3093,Western European broadleaf forests,European forest,,4120,0.4745,155,39,6,33,149,0.1538,0.0387,0.0619,0.0859,0.2834,0.1318
detectree2,tcd_tile_3094,Madeira-Tapajós moist forests,Latin American forest,,4901,0.4745,1,132,1,131,0,0.0076,1.0,0.015,1.0,0.3306,0.4969
detectree2,tcd_tile_3095,California interior chaparral and woodlands,Other,,765,0.4745,47,31,12,19,35,0.3871,0.2553,0.3077,0.1291,0.4531,0.2009
detectree2,tcd_tile_3096,Celtic broadleaf forests,European forest,,2377,0.4745,10,36,6,30,4,0.1667,0.6,0.2609,0.2795,0.8717,0.4233
detectree2,tcd_tile_3097,Po Basin mixed forests,Other,,3420,0.4745,42,35,9,26,33,0.2571,0.2143,0.2338,0.21,0.3954,0.2743
detectree2,tcd_tile_3098,Northern Zanzibar-Inhambane coastal forest mosaic,African tropical forest,,1120,0.4745,14,45,9,36,5,0.2,0.6429,0.3051,0.1185,0.8474,0.2079
detectree2,tcd_tile_3099,Bolivian montane dry forests,Latin American forest,,4853,0.4745,0,3,0,3,0,0.0,0.0,0.0,0.0,0.0,0.0
detectree2,tcd_tile_31,Chilean matorral,Arid / dryland,,343,0.4745,20,37,0,37,20,0.0,0.0,0.0,0.0055,0.1843,0.0107
detectree2,tcd_tile_310,Central Indochina dry forests,Other,,4293,0.4745,148,139,42,97,106,0.3022,0.2838,0.2927,0.5486,0.3409,0.4205
detectree2,tcd_tile_3100,South Siberian forest steppe,Other,,319,0.4745,40,21,7,14,33,0.3333,0.175,0.2295,0.2494,0.2663,0.2575
detectree2,tcd_tile_3101,Nihonkai montane deciduous forests,Other,,4936,0.4745,1,73,1,72,0,0.0137,1.0,0.027,0.956,0.4132,0.577
detectree2,tcd_tile_3102,Northern Anatolian conifer and deciduous forests,Other,,3222,0.4745,45,25,2,23,43,0.08,0.0444,0.0571,0.1279,0.7124,0.2168
detectree2,tcd_tile_3103,Atlantic coastal pine barrens,Other,,2046,0.4745,64,9,1,8,63,0.1111,0.0156,0.0274,0.2517,0.0956,0.1386
detectree2,tcd_tile_3104,Caucasus mixed forests,European forest,,1649,0.4745,2,3,1,2,1,0.3333,0.5,0.4,1.0,0.0381,0.0734
detectree2,tcd_tile_3105,Central European mixed forests,European forest,,2679,0.4745,54,48,20,28,34,0.4167,0.3704,0.3922,0.3716,0.2541,0.3018
detectree2,tcd_tile_3106,Northern Zanzibar-Inhambane coastal forest mosaic,African tropical forest,,2140,0.4745,56,61,7,54,49,0.1148,0.125,0.1197,0.1098,0.7533,0.1917
detectree2,tcd_tile_3107,Chiquitano dry forests,Other,,1265,0.4745,21,4,1,3,20,0.25,0.0476,0.08,0.1949,0.1413,0.1638
detectree2,tcd_tile_3108,Western European broadleaf forests,European forest,,3122,0.4745,29,45,1,44,28,0.0222,0.0345,0.027,0.6705,0.3391,0.4504
detectree2,tcd_tile_3109,Eastern Great Lakes lowland forests,N. American forest,,4538,0.4745,85,59,22,37,63,0.3729,0.2588,0.3056,0.5777,0.5046,0.5387
detectree2,tcd_tile_311,Southern Great Lakes forests,N. American forest,,4442,0.4745,8,12,3,9,5,0.25,0.375,0.3,0.5079,0.2042,0.2913
detectree2,tcd_tile_3110,Northern Zanzibar-Inhambane coastal forest mosaic,African tropical forest,,2635,0.4745,96,20,12,8,84,0.6,0.125,0.2069,0.5111,0.2548,0.34
detectree2,tcd_tile_3111,Western European broadleaf forests,European forest,,249,0.4745,24,40,18,22,6,0.45,0.75,0.5625,0.6344,0.7438,0.6847
detectree2,tcd_tile_3112,Sierra Nevada forests,N. American forest,,2079,0.4745,78,98,27,71,51,0.2755,0.3462,0.3068,0.5175,0.2813,0.3644
detectree2,tcd_tile_3113,Taiwan subtropical evergreen forests,SE Asian & Pacific rainforest,,3440,0.4745,165,56,27,29,138,0.4821,0.1636,0.2443,0.4306,0.4053,0.4176
detectree2,tcd_tile_3114,Hispaniolan moist forests,SE Asian & Pacific rainforest,,4343,0.4745,0,93,0,93,0,0.0,0.0,0.0,0.0,0.0,0.0
detectree2,tcd_tile_3115,Southern Great Lakes forests,N. American forest,,1783,0.4745,24,24,9,15,15,0.375,0.375,0.375,0.4162,0.181,0.2523
detectree2,tcd_tile_3116,Alto Paraná Atlantic forests,Other,,2103,0.4745,82,121,22,99,60,0.1818,0.2683,0.2167,0.0559,0.5828,0.1019
detectree2,tcd_tile_3117,,Other,,2846,0.4745,2,37,2,35,0,0.0541,1.0,0.1026,0.3095,0.2955,0.3023
detectree2,tcd_tile_3118,New England-Acadian forests,N. American forest,,3954,0.4745,13,133,5,128,8,0.0376,0.3846,0.0685,0.9195,0.5302,0.6726
detectree2,tcd_tile_3119,"Sao Tome, Principe and Annobon moist lowland forests",Other,,1634,0.4745,106,70,39,31,67,0.5571,0.3679,0.4432,0.501,0.497,0.499
detectree2,tcd_tile_312,Valdivian temperate forests,Other,,1852,0.4745,214,27,10,17,204,0.3704,0.0467,0.083,0.141,0.3254,0.1967
detectree2,tcd_tile_3120,East European forest steppe,European forest,,4267,0.4745,3,9,2,7,1,0.2222,0.6667,0.3333,0.999,0.1514,0.263
detectree2,tcd_tile_3121,East European forest steppe,European forest,,4026,0.4745,45,3,3,0,42,1.0,0.0667,0.125,0.9598,0.0192,0.0377
detectree2,tcd_tile_3122,Northern Zanzibar-Inhambane coastal forest mosaic,African tropical forest,,3795,0.4745,0,13,0,13,0,0.0,0.0,0.0,0.0,0.0,0.0
detectree2,tcd_tile_3123,Mindanao-Eastern Visayas rain forests,SE Asian & Pacific rainforest,,353,0.4745,40,60,6,54,34,0.1,0.15,0.12,0.0407,0.4656,0.0749
detectree2,tcd_tile_3124,Northern Zanzibar-Inhambane coastal forest mosaic,African tropical forest,,2185,0.4745,66,140,23,117,43,0.1643,0.3485,0.2233,0.6641,0.3644,0.4706
detectree2,tcd_tile_3125,Northern Zanzibar-Inhambane coastal forest mosaic,African tropical forest,,1147,0.4745,17,37,6,31,11,0.1622,0.3529,0.2222,1.0,0.1605,0.2765
detectree2,tcd_tile_3126,Cerrado,Latin American forest,,295,0.4745,0,0,0,0,0,0.0,0.0,0.0,0.0,0.0,0.0
detectree2,tcd_tile_3127,Pannonian mixed forests,European forest,,3387,0.4745,3,34,1,33,2,0.0294,0.3333,0.0541,0.9998,0.2983,0.4595
detectree2,tcd_tile_3128,Uatuma-Trombetas moist forests,Latin American forest,,2087,0.4745,142,97,11,86,131,0.1134,0.0775,0.0921,0.6181,0.277,0.3825
detectree2,tcd_tile_3129,Madeira-Tapajós moist forests,Latin American forest,,1371,0.4745,1,197,1,196,0,0.0051,1.0,0.0101,1.0,0.5039,0.6701
detectree2,tcd_tile_313,Western European broadleaf forests,European forest,,3364,0.4745,56,24,5,19,51,0.2083,0.0893,0.125,0.1736,0.4041,0.2428
detectree2,tcd_tile_3130,Western Java rain forests,Other,,666,0.4745,267,70,35,35,232,0.5,0.1311,0.2077,0.4041,0.4811,0.4393
detectree2,tcd_tile_3131,Western Siberian hemiboreal forests,Other,,1960,0.4745,16,42,2,40,14,0.0476,0.125,0.069,0.3439,0.264,0.2987
detectree2,tcd_tile_3132,Northeastern coastal forests,N. American forest,,3801,0.4745,15,29,8,21,7,0.2759,0.5333,0.3636,0.313,0.4398,0.3657
detectree2,tcd_tile_3133,Mato Grosso seasonal forests,Latin American forest,,3374,0.4745,73,27,5,22,68,0.1852,0.0685,0.1,0.0922,0.2747,0.1381
detectree2,tcd_tile_3134,Central European mixed forests,European forest,,4861,0.4745,31,37,14,23,17,0.3784,0.4516,0.4118,0.3767,0.4738,0.4197
detectree2,tcd_tile_3135,Atlantic mixed forests,European forest,,459,0.4745,6,45,6,39,0,0.1333,1.0,0.2353,0.6167,0.2757,0.3811
detectree2,tcd_tile_3136,Eastern Australian temperate forests,Other,,1463,0.4745,0,3,0,3,0,0.0,0.0,0.0,0.0,0.0,0.0
detectree2,tcd_tile_3137,Appalachian-Blue Ridge forests,N. American forest,,2857,0.4745,154,32,7,25,147,0.2188,0.0455,0.0753,0.1012,0.4976,0.1682
detectree2,tcd_tile_3138,East European forest steppe,European forest,,3823,0.4745,139,84,44,40,95,0.5238,0.3165,0.3946,0.484,0.5068,0.4951
detectree2,tcd_tile_3139,,Other,,549,0.4745,41,177,22,155,19,0.1243,0.5366,0.2018,0.9745,0.4077,0.5749
detectree2,tcd_tile_314,East European forest steppe,European forest,,2693,0.4745,15,44,6,38,9,0.1364,0.4,0.2034,0.2633,0.2549,0.259
detectree2,tcd_tile_3140,Scandinavian coastal conifer forests,Other,,2198,0.4745,3,109,3,106,0,0.0275,1.0,0.0536,0.5574,0.414,0.4751
detectree2,tcd_tile_3141,Sarmatic mixed forests,European forest,,2614,0.4745,1,20,1,19,0,0.05,1.0,0.0952,0.4643,0.4462,0.4551
detectree2,tcd_tile_3142,Palawan rain forests,SE Asian & Pacific rainforest,,3678,0.4745,0,6,0,6,0,0.0,0.0,0.0,0.0,0.0,0.0
detectree2,tcd_tile_3143,Luzon rain forests,SE Asian & Pacific rainforest,,1695,0.4745,6,38,2,36,4,0.0526,0.3333,0.0909,0.2226,0.3405,0.2692
detectree2,tcd_tile_3144,Southern Great Lakes forests,N. American forest,,3188,0.4745,2,6,0,6,2,0.0,0.0,0.0,0.0,0.0,0.0
detectree2,tcd_tile_3145,Central American pine-oak forests,Other,,3224,0.4745,11,56,1,55,10,0.0179,0.0909,0.0299,0.871,0.3038,0.4505
detectree2,tcd_tile_3146,Central European mixed forests,European forest,,799,0.4745,59,106,41,65,18,0.3868,0.6949,0.497,0.4038,0.6425,0.4959
detectree2,tcd_tile_3147,Upper Gangetic Plains moist deciduous forests,Other,,3474,0.4745,134,127,41,86,93,0.3228,0.306,0.3142,0.7892,0.5709,0.6625
detectree2,tcd_tile_3148,Greater Negros-Panay rain forests,SE Asian & Pacific rainforest,,2638,0.4745,68,56,7,49,61,0.125,0.1029,0.1129,0.2089,0.3664,0.2661
detectree2,tcd_tile_3149,Northern Zanzibar-Inhambane coastal forest mosaic,African tropical forest,,296,0.4745,60,43,18,25,42,0.4186,0.3,0.3495,0.3372,0.2298,0.2733
detectree2,tcd_tile_315,Changjiang Plain evergreen forests,Other,,3398,0.4745,100,69,26,43,74,0.3768,0.26,0.3077,0.4364,0.2879,0.3469
detectree2,tcd_tile_3150,Sulawesi lowland rain forests,SE Asian & Pacific rainforest,,4681,0.4745,159,67,18,49,141,0.2687,0.1132,0.1593,0.4712,0.288,0.3575
detectree2,tcd_tile_3151,Sierra Nevada forests,N. American forest,,4131,0.4745,35,77,10,67,25,0.1299,0.2857,0.1786,0.6493,0.3972,0.4929
detectree2,tcd_tile_3152,Northern Zanzibar-Inhambane coastal forest mosaic,African tropical forest,,999,0.4745,95,107,37,70,58,0.3458,0.3895,0.3663,0.7047,0.4303,0.5343
detectree2,tcd_tile_3153,Peruvian Yungas,Latin American forest,,2732,0.4745,129,73,11,62,118,0.1507,0.0853,0.1089,0.3694,0.3923,0.3805
detectree2,tcd_tile_3154,Western Guinean lowland forests,African tropical forest,,1117,0.4745,52,140,17,123,35,0.1214,0.3269,0.1771,0.0809,0.8037,0.147
detectree2,tcd_tile_3155,Northern Zanzibar-Inhambane coastal forest mosaic,African tropical forest,,3791,0.4745,80,38,11,27,69,0.2895,0.1375,0.1864,0.142,0.5174,0.2229
detectree2,tcd_tile_3156,Northern Zanzibar-Inhambane coastal forest mosaic,African tropical forest,,4970,0.4745,15,80,6,74,9,0.075,0.4,0.1263,0.0642,0.2599,0.1029
detectree2,tcd_tile_3157,,Other,,3284,0.4745,0,64,0,64,0,0.0,0.0,0.0,0.0,0.0,0.0
detectree2,tcd_tile_3158,Madeira-Tapajós moist forests,Latin American forest,,1742,0.4745,1,128,1,127,0,0.0078,1.0,0.0155,0.9588,0.1923,0.3204
detectree2,tcd_tile_3159,Northern Zanzibar-Inhambane coastal forest mosaic,African tropical forest,,318,0.4745,219,62,35,27,184,0.5645,0.1598,0.2491,0.4861,0.3886,0.4319
detectree2,tcd_tile_316,Baltic mixed forests,European forest,,4187,0.4745,313,86,18,68,295,0.2093,0.0575,0.0902,0.4345,0.4668,0.4501
detectree2,tcd_tile_3160,Sierra Nevada forests,N. American forest,,3335,0.4745,18,31,8,23,10,0.2581,0.4444,0.3265,0.1418,0.4215,0.2122
detectree2,tcd_tile_3161,Southeastern mixed forests,N. American forest,,4141,0.4745,12,15,5,10,7,0.3333,0.4167,0.3704,0.5009,0.1319,0.2088
detectree2,tcd_tile_3162,Bolivian montane dry forests,Latin American forest,,2475,0.4745,53,14,4,10,49,0.2857,0.0755,0.1194,0.0803,0.0783,0.0793
detectree2,tcd_tile_3163,Sierra Nevada forests,N. American forest,,4520,0.4745,54,58,14,44,40,0.2414,0.2593,0.25,0.1296,0.4089,0.1968
detectree2,tcd_tile_3164,Northern Zanzibar-Inhambane coastal forest mosaic,African tropical forest,,146,0.4745,84,90,35,55,49,0.3889,0.4167,0.4023,0.3586,0.7109,0.4767
detectree2,tcd_tile_3165,Sarmatic mixed forests,European forest,,2672,0.4745,45,76,18,58,27,0.2368,0.4,0.2975,0.3756,0.592,0.4596
detectree2,tcd_tile_3166,South Central Rockies forests,Other,,4664,0.4745,155,69,47,22,108,0.6812,0.3032,0.4196,0.7599,0.4012,0.5252
detectree2,tcd_tile_3167,Sumatran lowland rain forests,SE Asian & Pacific rainforest,,2082,0.4745,99,120,32,88,67,0.2667,0.3232,0.2922,0.7272,0.2328,0.3527
detectree2,tcd_tile_3168,Central European mixed forests,European forest,,2309,0.4745,110,111,43,68,67,0.3874,0.3909,0.3891,0.3728,0.8096,0.5105
detectree2,tcd_tile_3169,Cerrado,Latin American forest,,1170,0.4745,1,4,0,4,1,0.0,0.0,0.0,0.0032,0.4776,0.0063
detectree2,tcd_tile_317,Central European mixed forests,European forest,,2395,0.4745,7,73,7,66,0,0.0959,1.0,0.175,0.8627,0.4143,0.5598
detectree2,tcd_tile_3170,North Island temperate forests,Other,,1249,0.4745,38,50,26,24,12,0.52,0.6842,0.5909,0.5144,0.7854,0.6217
detectree2,tcd_tile_3171,Taiwan subtropical evergreen forests,SE Asian & Pacific rainforest,,1729,0.4745,78,39,16,23,62,0.4103,0.2051,0.2735,0.2701,0.5146,0.3543
detectree2,tcd_tile_3172,Sarmatic mixed forests,European forest,,4872,0.4745,29,35,5,30,24,0.1429,0.1724,0.1562,0.0401,0.317,0.0711
detectree2,tcd_tile_3173,Southern Great Lakes forests,N. American forest,,1952,0.4745,18,42,9,33,9,0.2143,0.5,0.3,0.7399,0.4118,0.5291
detectree2,tcd_tile_3174,Southern Zanzibar-Inhambane coastal forest mosaic,African tropical forest,,202,0.4745,81,91,31,60,50,0.3407,0.3827,0.3605,0.2355,0.5746,0.3341
detectree2,tcd_tile_3175,Snake-Columbia shrub steppe,Other,,1260,0.4745,47,71,3,68,44,0.0423,0.0638,0.0508,0.7063,0.4911,0.5794
detectree2,tcd_tile_3176,Western Siberian hemiboreal forests,Other,,1766,0.4745,28,19,0,19,28,0.0,0.0,0.0,0.1084,0.0701,0.0851
detectree2,tcd_tile_3177,Cerrado,Latin American forest,,564,0.4745,28,82,9,73,19,0.1098,0.3214,0.1636,0.0903,0.3452,0.1431
detectree2,tcd_tile_3178,Western European broadleaf forests,European forest,,3859,0.4745,45,53,18,35,27,0.3396,0.4,0.3673,0.3028,0.451,0.3623
detectree2,tcd_tile_3179,Caucasus mixed forests,European forest,,648,0.4745,104,197,69,128,35,0.3503,0.6635,0.4585,0.7538,0.6501,0.6981
detectree2,tcd_tile_318,,Other,,1740,0.4745,0,50,0,50,0,0.0,0.0,0.0,0.0,0.0,0.0
detectree2,tcd_tile_3180,,Other,,1193,0.4745,83,36,19,17,64,0.5278,0.2289,0.3193,0.4403,0.5026,0.4694
detectree2,tcd_tile_3181,East European forest steppe,European forest,,4056,0.4745,38,76,9,67,29,0.1184,0.2368,0.1579,0.0728,0.318,0.1185
detectree2,tcd_tile_3182,Northern Zanzibar-Inhambane coastal forest mosaic,African tropical forest,,2315,0.4745,287,171,33,138,254,0.193,0.115,0.1441,0.7025,0.4512,0.5495
detectree2,tcd_tile_3183,Sulawesi lowland rain forests,SE Asian & Pacific rainforest,,4252,0.4745,135,73,36,37,99,0.4932,0.2667,0.3462,0.2946,0.3649,0.326
detectree2,tcd_tile_3184,English Lowlands beech forests,European forest,,3074,0.4745,8,12,3,9,5,0.25,0.375,0.3,0.5789,0.3422,0.4301
detectree2,tcd_tile_3185,,Other,,1568,0.4745,53,76,10,66,43,0.1316,0.1887,0.155,0.0693,0.4503,0.1201
detectree2,tcd_tile_3186,East European forest steppe,European forest,,1087,0.4745,35,74,4,70,31,0.0541,0.1143,0.0734,0.4701,0.3973,0.4306
detectree2,tcd_tile_3187,Northern Zanzibar-Inhambane coastal forest mosaic,African tropical forest,,4859,0.4745,198,118,47,71,151,0.3983,0.2374,0.2975,0.4051,0.5541,0.468
detectree2,tcd_tile_3188,Atlantic mixed forests,European forest,,1218,0.4745,37,29,14,15,23,0.4828,0.3784,0.4242,0.5092,0.7146,0.5947
detectree2,tcd_tile_3189,Balkan mixed forests,European forest,,770,0.4745,54,177,35,142,19,0.1977,0.6481,0.303,0.2155,0.5556,0.3106
detectree2,tcd_tile_319,Mindanao-Eastern Visayas rain forests,SE Asian & Pacific rainforest,,2470,0.4745,100,75,11,64,89,0.1467,0.11,0.1257,0.6645,0.3661,0.4721
detectree2,tcd_tile_3190,Uatuma-Trombetas moist forests,Latin American forest,,2044,0.4745,28,57,11,46,17,0.193,0.3929,0.2588,0.7253,0.2582,0.3808
detectree2,tcd_tile_3191,Crimean Submediterranean forest complex,Other,,3433,0.4745,158,114,43,71,115,0.3772,0.2722,0.3162,0.3638,0.4852,0.4158
detectree2,tcd_tile_3192,Northeastern coastal forests,N. American forest,,1368,0.4745,98,69,37,32,61,0.5362,0.3776,0.4431,0.3017,0.6345,0.409
detectree2,tcd_tile_3193,Taiheiyo evergreen forests,Other,,2894,0.4745,42,48,9,39,33,0.1875,0.2143,0.2,0.2168,0.3221,0.2591
detectree2,tcd_tile_3194,Hispaniolan moist forests,SE Asian & Pacific rainforest,,4438,0.4745,239,82,10,72,229,0.122,0.0418,0.0623,0.0615,0.1506,0.0873
detectree2,tcd_tile_3195,East European forest steppe,European forest,,2619,0.4745,169,128,58,70,111,0.4531,0.3432,0.3906,0.3512,0.6488,0.4557
detectree2,tcd_tile_3196,Changjiang Plain evergreen forests,Other,,4012,0.4745,102,19,9,10,93,0.4737,0.0882,0.1488,0.2484,0.1307,0.1713
detectree2,tcd_tile_3197,Serra do Mar coastal forests,Latin American forest,,4507,0.4745,472,110,8,102,464,0.0727,0.0169,0.0275,0.3827,0.2809,0.324
detectree2,tcd_tile_3198,Western European broadleaf forests,European forest,,3686,0.4745,35,28,4,24,31,0.1429,0.1143,0.127,0.2856,0.241,0.2614
detectree2,tcd_tile_3199,Ucayali moist forests,Latin American forest,,3201,0.4745,68,93,7,86,61,0.0753,0.1029,0.087,0.7452,0.2589,0.3843
detectree2,tcd_tile_32,Chilean matorral,Arid / dryland,,455,0.4745,42,29,8,21,34,0.2759,0.1905,0.2254,0.5041,0.4658,0.4842
detectree2,tcd_tile_320,Southern Anatolian montane conifer and deciduous forests,Other,,818,0.4745,81,49,8,41,73,0.1633,0.0988,0.1231,0.4762,0.2597,0.3361
detectree2,tcd_tile_3200,Western Guinean lowland forests,African tropical forest,,4040,0.4745,48,80,12,68,36,0.15,0.25,0.1875,0.0936,0.26,0.1377
detectree2,tcd_tile_3201,Po Basin mixed forests,Other,,1021,0.4745,36,33,10,23,26,0.303,0.2778,0.2899,0.3076,0.5231,0.3874
detectree2,tcd_tile_3202,,Other,,886,0.4745,12,38,7,31,5,0.1842,0.5833,0.28,0.1289,0.7384,0.2195
detectree2,tcd_tile_3203,Alps conifer and mixed forests,European forest,,4302,0.4745,3,10,1,9,2,0.1,0.3333,0.1538,0.0954,0.0499,0.0655
detectree2,tcd_tile_3204,Scandinavian Montane Birch forest and grasslands,Other,,158,0.4745,68,34,5,29,63,0.1471,0.0735,0.098,0.7764,0.249,0.3771
detectree2,tcd_tile_3205,Celtic broadleaf forests,European forest,,2665,0.4745,122,27,0,27,122,0.0,0.0,0.0,0.0128,0.2848,0.0245
detectree2,tcd_tile_3206,New England-Acadian forests,N. American forest,,2056,0.4745,15,79,9,70,6,0.1139,0.6,0.1915,0.9387,0.3976,0.5586
detectree2,tcd_tile_3207,Luzon rain forests,SE Asian & Pacific rainforest,,3833,0.4745,110,94,8,86,102,0.0851,0.0727,0.0784,0.8472,0.4188,0.5605
detectree2,tcd_tile_3208,Central African mangroves,African tropical forest,,4517,0.4745,8,138,2,136,6,0.0145,0.25,0.0274,0.008,0.7408,0.0158
detectree2,tcd_tile_3209,Mindanao-Eastern Visayas rain forests,SE Asian & Pacific rainforest,,3307,0.4745,63,61,13,48,50,0.2131,0.2063,0.2097,0.2727,0.3294,0.2984
detectree2,tcd_tile_321,Central European mixed forests,European forest,,2629,0.4745,26,0,0,0,26,0.0,0.0,0.0,0.0,0.0,0.0
detectree2,tcd_tile_3210,Mindanao-Eastern Visayas rain forests,SE Asian & Pacific rainforest,,2574,0.4745,116,100,11,89,105,0.11,0.0948,0.1019,0.6345,0.3427,0.445
detectree2,tcd_tile_3211,Sarmatic mixed forests,European forest,,2751,0.4745,39,49,6,43,33,0.1224,0.1538,0.1364,0.1051,0.1437,0.1214
detectree2,tcd_tile_3212,Western European broadleaf forests,European forest,,4965,0.4745,13,112,6,106,7,0.0536,0.4615,0.096,0.9638,0.4962,0.6552
detectree2,tcd_tile_3213,Sri Lanka dry-zone dry evergreen forests,Other,,2688,0.4745,147,83,30,53,117,0.3614,0.2041,0.2609,0.1649,0.3082,0.2148
detectree2,tcd_tile_3214,Northern Zanzibar-Inhambane coastal forest mosaic,African tropical forest,,3110,0.4745,75,81,36,45,39,0.4444,0.48,0.4615,0.569,0.561,0.565
detectree2,tcd_tile_3215,Balkan mixed forests,European forest,,1005,0.4745,116,112,44,68,72,0.3929,0.3793,0.386,0.3032,0.5513,0.3912
detectree2,tcd_tile_3216,Northern Zanzibar-Inhambane coastal forest mosaic,African tropical forest,,3607,0.4745,25,54,7,47,18,0.1296,0.28,0.1772,0.2553,0.58,0.3545
detectree2,tcd_tile_3217,Petén-Veracruz moist forests,Latin American forest,,2436,0.4745,137,105,21,84,116,0.2,0.1533,0.1736,0.32,0.3327,0.3262
detectree2,tcd_tile_3218,Sierra Nevada forests,N. American forest,,3972,0.4745,6,23,3,20,3,0.1304,0.5,0.2069,0.1815,0.1429,0.1599
detectree2,tcd_tile_3219,Mato Grosso seasonal forests,Latin American forest,,3298,0.4745,98,74,18,56,80,0.2432,0.1837,0.2093,0.1168,0.4265,0.1834
detectree2,tcd_tile_322,Tongan tropical moist forests,SE Asian & Pacific rainforest,,4522,0.4745,60,49,4,45,56,0.0816,0.0667,0.0734,0.403,0.2407,0.3014
detectree2,tcd_tile_3220,Caucasus mixed forests,European forest,,4062,0.4745,1,191,1,190,0,0.0052,1.0,0.0104,1.0,0.5259,0.6893
detectree2,tcd_tile_3221,Northern Zanzibar-Inhambane coastal forest mosaic,African tropical forest,,1769,0.4745,20,45,15,30,5,0.3333,0.75,0.4615,0.2102,0.8365,0.336
detectree2,tcd_tile_3222,Mindanao-Eastern Visayas rain forests,SE Asian & Pacific rainforest,,102,0.4745,108,91,11,80,97,0.1209,0.1019,0.1106,0.3267,0.4331,0.3724
detectree2,tcd_tile_3223,Luzon rain forests,SE Asian & Pacific rainforest,,3210,0.4745,1,98,1,97,0,0.0102,1.0,0.0202,0.9972,0.4969,0.6633
detectree2,tcd_tile_3224,Balkan mixed forests,European forest,,4548,0.4745,98,31,10,21,88,0.3226,0.102,0.155,0.2237,0.4538,0.2996
detectree2,tcd_tile_3225,Mindanao-Eastern Visayas rain forests,SE Asian & Pacific rainforest,,497,0.4745,134,87,15,72,119,0.1724,0.1119,0.1357,0.2501,0.4868,0.3304
detectree2,tcd_tile_3226,Baltic mixed forests,European forest,,466,0.4745,35,35,20,15,15,0.5714,0.5714,0.5714,0.2378,0.341,0.2802
detectree2,tcd_tile_3227,Northern Zanzibar-Inhambane coastal forest mosaic,African tropical forest,,3645,0.4745,113,107,44,63,69,0.4112,0.3894,0.4,0.5021,0.3214,0.3919
detectree2,tcd_tile_3228,Tumbes-Piura dry forests,Other,,2831,0.4745,39,75,23,52,16,0.3067,0.5897,0.4035,0.4772,0.7858,0.5938
detectree2,tcd_tile_3229,Atlantic mixed forests,European forest,,974,0.4745,50,85,33,52,17,0.3882,0.66,0.4889,0.4696,0.6887,0.5584
detectree2,tcd_tile_323,Tigris-Euphrates alluvial salt marsh,Other,,400,0.4745,165,40,6,34,159,0.15,0.0364,0.0585,0.0456,0.1399,0.0688
detectree2,tcd_tile_3230,Balkan mixed forests,European forest,,1802,0.4745,8,4,1,3,7,0.25,0.125,0.1667,0.5591,0.0537,0.0979
detectree2,tcd_tile_3231,Northern Zanzibar-Inhambane coastal forest mosaic,African tropical forest,,1452,0.4745,105,105,18,87,87,0.1714,0.1714,0.1714,0.4072,0.3712,0.3883
detectree2,tcd_tile_3232,Northern Zanzibar-Inhambane coastal forest mosaic,African tropical forest,,806,0.4745,322,136,61,75,261,0.4485,0.1894,0.2664,0.4545,0.4691,0.4617
detectree2,tcd_tile_3233,Northeastern coastal forests,N. American forest,,2529,0.4745,9,36,7,29,2,0.1944,0.7778,0.3111,0.2521,0.1262,0.1682
detectree2,tcd_tile_3234,Madeira-Tapajós moist forests,Latin American forest,,4897,0.4745,1,78,1,77,0,0.0128,1.0,0.0253,0.9999,0.2119,0.3496
detectree2,tcd_tile_3235,Peruvian Yungas,Latin American forest,,1599,0.4745,42,58,6,52,36,0.1034,0.1429,0.12,0.168,0.611,0.2635
detectree2,tcd_tile_3236,Atlantic dry forests,Other,,785,0.4745,206,80,48,32,158,0.6,0.233,0.3357,0.4506,0.5728,0.5044
detectree2,tcd_tile_3237,,Other,,3866,0.4745,4,149,4,145,0,0.0268,1.0,0.0523,0.9999,0.3657,0.5355
detectree2,tcd_tile_3238,Richmond temperate forests,Other,,1899,0.4745,25,28,6,22,19,0.2143,0.24,0.2264,0.2674,0.3352,0.2975
detectree2,tcd_tile_3239,Appalachian-Blue Ridge forests,N. American forest,,2429,0.4745,48,27,5,22,43,0.1852,0.1042,0.1333,0.548,0.2545,0.3475
detectree2,tcd_tile_324,Changjiang Plain evergreen forests,Other,,3650,0.4745,181,44,17,27,164,0.3864,0.0939,0.1511,0.1322,0.3275,0.1884
detectree2,tcd_tile_3240,Changjiang Plain evergreen forests,Other,,2965,0.4745,161,25,12,13,149,0.48,0.0745,0.129,0.3229,0.1989,0.2462
detectree2,tcd_tile_3241,Central European mixed forests,European forest,,4551,0.4745,0,32,0,32,0,0.0,0.0,0.0,0.0,0.0,0.0
detectree2,tcd_tile_3242,North Central Rockies forests,N. American forest,,3906,0.4745,3,198,2,196,1,0.0101,0.6667,0.0199,0.9426,0.4778,0.6341
detectree2,tcd_tile_3243,Appalachian mixed mesophytic forests,Other,,1872,0.4745,0,7,0,7,0,0.0,0.0,0.0,0.0,0.0,0.0
detectree2,tcd_tile_3244,Western Guinean lowland forests,African tropical forest,,577,0.4745,74,90,4,86,70,0.0444,0.0541,0.0488,0.0198,0.2371,0.0366
detectree2,tcd_tile_3245,Sarmatic mixed forests,European forest,,456,0.4745,45,75,25,50,20,0.3333,0.5556,0.4167,0.3803,0.4072,0.3933
detectree2,tcd_tile_3246,Central European mixed forests,European forest,,1146,0.4745,36,101,28,73,8,0.2772,0.7778,0.4088,0.2564,0.6033,0.3598
detectree2,tcd_tile_3247,Eastern Guinean forests,African tropical forest,,2109,0.4745,13,97,4,93,9,0.0412,0.3077,0.0727,0.8543,0.4926,0.6249
detectree2,tcd_tile_3248,Hispaniolan moist forests,SE Asian & Pacific rainforest,,4931,0.4745,63,52,15,37,48,0.2885,0.2381,0.2609,0.1445,0.3054,0.1962
detectree2,tcd_tile_3249,East European forest steppe,European forest,,3159,0.4745,52,3,2,1,50,0.6667,0.0385,0.0727,0.8222,0.1006,0.1792
detectree2,tcd_tile_325,Northern California coastal forests,N. American forest,,3759,0.4745,8,109,6,103,2,0.055,0.75,0.1026,0.9324,0.559,0.699
detectree2,tcd_tile_3250,Southern Great Lakes forests,N. American forest,,1110,0.4745,19,22,4,18,15,0.1818,0.2105,0.1951,0.1409,0.3562,0.202
detectree2,tcd_tile_3251,Celtic broadleaf forests,European forest,,3135,0.4745,3,3,0,3,3,0.0,0.0,0.0,0.0,0.0,0.0
detectree2,tcd_tile_3252,Timor and Wetar deciduous forests,SE Asian & Pacific rainforest,,3598,0.4745,202,125,44,81,158,0.352,0.2178,0.2691,0.4318,0.469,0.4497
detectree2,tcd_tile_3253,Vanuatu rain forests,Other,,1830,0.4745,10,41,2,39,8,0.0488,0.2,0.0784,0.348,0.16,0.2193
detectree2,tcd_tile_3254,Appalachian-Blue Ridge forests,N. American forest,,2316,0.4745,41,29,2,27,39,0.069,0.0488,0.0571,0.0193,0.2557,0.0358
detectree2,tcd_tile_3255,Snake-Columbia shrub steppe,Other,,706,0.4745,17,8,4,4,13,0.5,0.2353,0.32,0.1304,0.5922,0.2138
detectree2,tcd_tile_3256,Carpathian montane forests,Other,,3550,0.4745,34,101,12,89,22,0.1188,0.3529,0.1778,0.9307,0.4125,0.5716
detectree2,tcd_tile_3257,Po Basin mixed forests,Other,,2279,0.4745,19,17,1,16,18,0.0588,0.0526,0.0556,0.3313,0.2736,0.2997
detectree2,tcd_tile_3258,Tongan tropical moist forests,SE Asian & Pacific rainforest,,4480,0.4745,28,67,5,62,23,0.0746,0.1786,0.1053,0.4309,0.2252,0.2958
detectree2,tcd_tile_3259,,Other,,1106,0.4745,0,4,0,4,0,0.0,0.0,0.0,0.0,0.0,0.0
detectree2,tcd_tile_326,Upper Midwest forest-savanna transition,N. American forest,,3952,0.4745,10,34,4,30,6,0.1176,0.4,0.1818,0.5059,0.2719,0.3537
detectree2,tcd_tile_3260,Central African mangroves,African tropical forest,,4959,0.4745,0,200,0,200,0,0.0,0.0,0.0,0.0,0.0,0.0
detectree2,tcd_tile_3261,Hispaniolan moist forests,SE Asian & Pacific rainforest,,4399,0.4745,15,70,3,67,12,0.0429,0.2,0.0706,0.0459,0.4095,0.0826
detectree2,tcd_tile_3262,Northern Zanzibar-Inhambane coastal forest mosaic,African tropical forest,,4333,0.4745,398,152,62,90,336,0.4079,0.1558,0.2255,0.6481,0.4385,0.5231
detectree2,tcd_tile_3263,New England-Acadian forests,N. American forest,,3029,0.4745,27,113,10,103,17,0.0885,0.3704,0.1429,0.9293,0.3948,0.5541
detectree2,tcd_tile_3264,Sierra Nevada forests,N. American forest,,1698,0.4745,0,3,0,3,0,0.0,0.0,0.0,0.0,0.0,0.0
detectree2,tcd_tile_3265,Sarmatic mixed forests,European forest,,3696,0.4745,3,3,0,3,3,0.0,0.0,0.0,0.0,0.0,0.0
detectree2,tcd_tile_3266,Northern Zanzibar-Inhambane coastal forest mosaic,African tropical forest,,1621,0.4745,163,92,43,49,120,0.4674,0.2638,0.3373,0.4485,0.6421,0.5281
detectree2,tcd_tile_3267,Maputaland coastal forest mosaic,African tropical forest,,649,0.4745,0,44,0,44,0,0.0,0.0,0.0,0.0,0.0,0.0
detectree2,tcd_tile_3268,Alto Paraná Atlantic forests,Other,,2254,0.4745,110,140,37,103,73,0.2643,0.3364,0.296,0.073,0.5936,0.13
detectree2,tcd_tile_3269,Sierra Nevada forests,N. American forest,,1871,0.4745,33,30,3,27,30,0.1,0.0909,0.0952,0.0385,0.3865,0.0701
detectree2,tcd_tile_327,Central European mixed forests,European forest,,1509,0.4745,17,26,4,22,13,0.1538,0.2353,0.186,0.6888,0.2086,0.3202
detectree2,tcd_tile_3270,Central American pine-oak forests,Other,,2616,0.4745,21,42,4,38,17,0.0952,0.1905,0.127,0.825,0.218,0.3449
detectree2,tcd_tile_3271,Taiheiyo evergreen forests,Other,,3959,0.4745,25,106,2,104,23,0.0189,0.08,0.0305,0.782,0.3171,0.4512
detectree2,tcd_tile_3272,Eastern Mediterranean conifer-sclerophyllous-broadleaf forests,Other,,217,0.4745,98,43,23,20,75,0.5349,0.2347,0.3262,0.2792,0.4014,0.3293
detectree2,tcd_tile_3273,Northeastern coastal forests,N. American forest,,2013,0.4745,15,30,4,26,11,0.1333,0.2667,0.1778,0.348,0.4547,0.3942
detectree2,tcd_tile_3274,Northern Zanzibar-Inhambane coastal forest mosaic,African tropical forest,,888,0.4745,105,64,17,47,88,0.2656,0.1619,0.2012,0.0609,0.4441,0.1071
detectree2,tcd_tile_3275,Northern Zanzibar-Inhambane coastal forest mosaic,African tropical forest,,4378,0.4745,114,122,28,94,86,0.2295,0.2456,0.2373,0.5956,0.3813,0.465
detectree2,tcd_tile_3276,Northern Congolian forest-savanna mosaic,African tropical forest,,1142,0.4745,66,35,5,30,61,0.1429,0.0758,0.099,0.0598,0.45,0.1056
detectree2,tcd_tile_3277,Taiwan subtropical evergreen forests,SE Asian & Pacific rainforest,,2181,0.4745,34,43,3,40,31,0.0698,0.0882,0.0779,0.3277,0.3357,0.3316
detectree2,tcd_tile_3278,Eastern Java-Bali rain forests,SE Asian & Pacific rainforest,,4046,0.4745,133,91,33,58,100,0.3626,0.2481,0.2946,0.4096,0.3752,0.3916
detectree2,tcd_tile_3279,Lesser Sundas deciduous forests,SE Asian & Pacific rainforest,,2437,0.4745,103,39,11,28,92,0.2821,0.1068,0.1549,0.0773,0.2472,0.1178
detectree2,tcd_tile_328,Veracruz moist forests,Other,,3013,0.4745,15,14,4,10,11,0.2857,0.2667,0.2759,0.3397,0.2465,0.2857
detectree2,tcd_tile_3280,Northern Anatolian conifer and deciduous forests,Other,,542,0.4745,5,15,3,12,2,0.2,0.6,0.3,0.1812,0.8791,0.3005
detectree2,tcd_tile_3281,Sierra Nevada forests,N. American forest,,4876,0.4745,154,81,21,60,133,0.2593,0.1364,0.1787,0.3107,0.4554,0.3694
detectree2,tcd_tile_3282,Northern Zanzibar-Inhambane coastal forest mosaic,African tropical forest,,672,0.4745,202,122,24,98,178,0.1967,0.1188,0.1481,0.419,0.3629,0.3889
detectree2,tcd_tile_3283,Northern Zanzibar-Inhambane coastal forest mosaic,African tropical forest,,188,0.4745,98,92,26,66,72,0.2826,0.2653,0.2737,0.1375,0.3282,0.1938
detectree2,tcd_tile_3284,Madeira-Tapajós moist forests,Latin American forest,,1222,0.4745,2,112,1,111,1,0.0089,0.5,0.0175,0.9373,0.3407,0.4997
detectree2,tcd_tile_3285,Central European mixed forests,European forest,,3480,0.4745,90,134,31,103,59,0.2313,0.3444,0.2768,0.6761,0.6666,0.6713
detectree2,tcd_tile_3286,Northern Zanzibar-Inhambane coastal forest mosaic,African tropical forest,,279,0.4745,344,109,49,60,295,0.4495,0.1424,0.2163,0.2312,0.5088,0.3179
detectree2,tcd_tile_3287,Lesser Sundas deciduous forests,SE Asian & Pacific rainforest,,3508,0.4745,3,27,2,25,1,0.0741,0.6667,0.1333,0.8753,0.2204,0.3521
detectree2,tcd_tile_3288,Southern Korea evergreen forests,Other,,2721,0.4745,133,49,28,21,105,0.5714,0.2105,0.3077,0.5604,0.3537,0.4337
detectree2,tcd_tile_3289,Bolivian montane dry forests,Latin American forest,,3521,0.4745,26,72,8,64,18,0.1111,0.3077,0.1633,0.5994,0.3112,0.4097
detectree2,tcd_tile_329,Sarmatic mixed forests,European forest,,1092,0.4745,5,78,2,76,3,0.0256,0.4,0.0482,0.7949,0.4957,0.6106
detectree2,tcd_tile_3290,North Central Rockies forests,N. American forest,,3857,0.4745,1,112,1,111,0,0.0089,1.0,0.0177,0.9357,0.183,0.3061
detectree2,tcd_tile_3291,Southern Zanzibar-Inhambane coastal forest mosaic,African tropical forest,,2213,0.4745,180,99,50,49,130,0.5051,0.2778,0.3584,0.414,0.5403,0.4688
detectree2,tcd_tile_3292,,Other,,3665,0.4745,3,104,2,102,1,0.0192,0.6667,0.0374,0.7946,0.3888,0.5221
detectree2,tcd_tile_3293,Southeastern mixed forests,N. American forest,,3824,0.4745,49,52,7,45,42,0.1346,0.1429,0.1386,0.3104,0.2929,0.3014
detectree2,tcd_tile_3294,Northern Zanzibar-Inhambane coastal forest mosaic,African tropical forest,,2232,0.4745,214,102,35,67,179,0.3431,0.1636,0.2215,0.2974,0.5351,0.3823
detectree2,tcd_tile_3295,Northern Zanzibar-Inhambane coastal forest mosaic,African tropical forest,,2994,0.4745,83,93,43,50,40,0.4624,0.5181,0.4886,0.345,0.628,0.4453
detectree2,tcd_tile_3296,Southern Zanzibar-Inhambane coastal forest mosaic,African tropical forest,,4772,0.4745,184,130,45,85,139,0.3462,0.2446,0.2866,0.4211,0.5311,0.4697
detectree2,tcd_tile_3297,Pannonian mixed forests,European forest,,3109,0.4745,110,101,11,90,99,0.1089,0.1,0.1043,0.2248,0.3791,0.2823
detectree2,tcd_tile_3298,Atlantic mixed forests,European forest,,4456,0.4745,1,42,1,41,0,0.0238,1.0,0.0465,0.7094,0.4858,0.5767
detectree2,tcd_tile_3299,Balkan mixed forests,European forest,,952,0.4745,79,103,38,65,41,0.3689,0.481,0.4176,0.2918,0.4148,0.3426
detectree2,tcd_tile_33,Chilean matorral,Arid / dryland,,92,0.4745,132,88,43,45,89,0.4886,0.3258,0.3909,0.4758,0.517,0.4956
detectree2,tcd_tile_330,,Other,,4220,0.4745,22,93,12,81,10,0.129,0.5455,0.2087,0.9597,0.2332,0.3752
detectree2,tcd_tile_3300,Central Indochina dry forests,Other,,4756,0.4745,248,145,72,73,176,0.4966,0.2903,0.3664,0.4349,0.502,0.466
detectree2,tcd_tile_3301,"Sao Tome, Principe and Annobon moist lowland forests",Other,,269,0.4745,400,171,86,85,314,0.5029,0.215,0.3012,0.39,0.4105,0.4
detectree2,tcd_tile_3302,Northern Zanzibar-Inhambane coastal forest mosaic,African tropical forest,,1338,0.4745,103,148,27,121,76,0.1824,0.2621,0.2151,0.2769,0.4436,0.3409
detectree2,tcd_tile_3303,Mindanao-Eastern Visayas rain forests,SE Asian & Pacific rainforest,,3715,0.4745,11,2,1,1,10,0.5,0.0909,0.1538,0.6738,0.0756,0.136
detectree2,tcd_tile_3304,Northern Zanzibar-Inhambane coastal forest mosaic,African tropical forest,,696,0.4745,13,10,4,6,9,0.4,0.3077,0.3478,0.6728,0.4489,0.5385
detectree2,tcd_tile_3305,Tongan tropical moist forests,SE Asian & Pacific rainforest,,995,0.4745,0,19,0,19,0,0.0,0.0,0.0,0.0,0.0,0.0
detectree2,tcd_tile_3306,Central Pacific coastal forests,Other,,2173,0.4745,8,22,6,16,2,0.2727,0.75,0.4,0.2129,0.3507,0.2649
detectree2,tcd_tile_3307,South Central Rockies forests,Other,,4631,0.4745,34,29,14,15,20,0.4828,0.4118,0.4444,0.7071,0.3919,0.5043
detectree2,tcd_tile_3308,Celtic broadleaf forests,European forest,,2392,0.4745,51,27,9,18,42,0.3333,0.1765,0.2308,0.244,0.3736,0.2952
detectree2,tcd_tile_3309,Timor and Wetar deciduous forests,SE Asian & Pacific rainforest,,76,0.4745,34,34,8,26,26,0.2353,0.2353,0.2353,0.0826,0.36,0.1343
detectree2,tcd_tile_331,Carpathian montane forests,Other,,2320,0.4745,20,81,8,73,12,0.0988,0.4,0.1584,0.9138,0.3147,0.4682
detectree2,tcd_tile_3310,Hispaniolan moist forests,SE Asian & Pacific rainforest,,4702,0.4745,0,59,0,59,0,0.0,0.0,0.0,0.0,0.0,0.0
detectree2,tcd_tile_3311,Central European mixed forests,European forest,,374,0.4745,59,75,34,41,25,0.4533,0.5763,0.5075,0.5098,0.7087,0.593
detectree2,tcd_tile_3312,Changjiang Plain evergreen forests,Other,,4585,0.4745,0,35,0,35,0,0.0,0.0,0.0,0.0,0.0,0.0
detectree2,tcd_tile_3313,Willamette Valley forests,N. American forest,,2225,0.4745,0,18,0,18,0,0.0,0.0,0.0,0.0,0.0,0.0
detectree2,tcd_tile_3314,Po Basin mixed forests,Other,,3399,0.4745,25,72,14,58,11,0.1944,0.56,0.2887,0.5847,0.4414,0.5031
detectree2,tcd_tile_3315,Luzon rain forests,SE Asian & Pacific rainforest,,832,0.4745,14,15,0,15,14,0.0,0.0,0.0,0.0,0.0001,0.0
detectree2,tcd_tile_3316,Eastern Great Lakes lowland forests,N. American forest,,4147,0.4745,23,6,1,5,22,0.1667,0.0435,0.069,0.3481,0.2131,0.2644
detectree2,tcd_tile_3317,Upper Midwest forest-savanna transition,N. American forest,,1753,0.4745,30,90,12,78,18,0.1333,0.4,0.2,0.5103,0.4467,0.4764
detectree2,tcd_tile_3318,California interior chaparral and woodlands,Other,,1274,0.4745,0,6,0,6,0,0.0,0.0,0.0,0.0,0.0,0.0
detectree2,tcd_tile_3319,Western European broadleaf forests,European forest,,4420,0.4745,1,35,1,34,0,0.0286,1.0,0.0556,0.9913,0.221,0.3614
detectree2,tcd_tile_332,Southern Zanzibar-Inhambane coastal forest mosaic,African tropical forest,,4212,0.4745,39,46,10,36,29,0.2174,0.2564,0.2353,0.2908,0.2754,0.2829
detectree2,tcd_tile_3320,English Lowlands beech forests,European forest,,2907,0.4745,4,23,2,21,2,0.087,0.5,0.1481,0.2151,0.3298,0.2604
detectree2,tcd_tile_3321,,Other,,1834,0.4745,0,32,0,32,0,0.0,0.0,0.0,0.0,0.0,0.0
detectree2,tcd_tile_3322,Western European broadleaf forests,European forest,,1567,0.4745,12,64,1,63,11,0.0156,0.0833,0.0263,0.5355,0.475,0.5034
detectree2,tcd_tile_3323,Southeastern mixed forests,N. American forest,,5024,0.4745,6,57,3,54,3,0.0526,0.5,0.0952,0.6856,0.2854,0.403
detectree2,tcd_tile_3324,Western European broadleaf forests,European forest,,5006,0.4745,5,167,3,164,2,0.018,0.6,0.0349,0.97,0.4561,0.6205
detectree2,tcd_tile_3325,,Other,,2689,0.4745,29,76,12,64,17,0.1579,0.4138,0.2286,0.1503,0.7002,0.2475
detectree2,tcd_tile_3326,Sulawesi lowland rain forests,SE Asian & Pacific rainforest,,4532,0.4745,256,50,19,31,237,0.38,0.0742,0.1242,0.2507,0.4023,0.3089
detectree2,tcd_tile_3327,Northern Zanzibar-Inhambane coastal forest mosaic,African tropical forest,,290,0.4745,99,73,21,52,78,0.2877,0.2121,0.2442,0.3212,0.594,0.4169
detectree2,tcd_tile_3328,Northern Zanzibar-Inhambane coastal forest mosaic,African tropical forest,,2444,0.4745,103,79,8,71,95,0.1013,0.0777,0.0879,0.1498,0.4404,0.2236
detectree2,tcd_tile_3329,Pannonian mixed forests,European forest,,3282,0.4745,59,111,27,84,32,0.2432,0.4576,0.3176,0.7116,0.6696,0.6899
detectree2,tcd_tile_333,Atlantic mixed forests,European forest,,1891,0.4745,8,8,0,8,8,0.0,0.0,0.0,0.0,0.0,0.0
detectree2,tcd_tile_3330,Northern Zanzibar-Inhambane coastal forest mosaic,African tropical forest,,1318,0.4745,34,55,3,52,31,0.0545,0.0882,0.0674,0.5265,0.5934,0.558
detectree2,tcd_tile_3331,Eastern Java-Bali rain forests,SE Asian & Pacific rainforest,,4735,0.4745,26,23,8,15,18,0.3478,0.3077,0.3265,0.2953,0.4937,0.3696
detectree2,tcd_tile_3332,Mindanao-Eastern Visayas rain forests,SE Asian & Pacific rainforest,,4440,0.4745,5,22,2,20,3,0.0909,0.4,0.1481,0.9324,0.1717,0.2899
detectree2,tcd_tile_3333,Northern Zanzibar-Inhambane coastal forest mosaic,African tropical forest,,433,0.4745,37,60,23,37,14,0.3833,0.6216,0.4742,0.2237,0.7988,0.3495
detectree2,tcd_tile_3334,Tongan tropical moist forests,SE Asian & Pacific rainforest,,798,0.4745,18,63,5,58,13,0.0794,0.2778,0.1235,0.8272,0.2518,0.386
detectree2,tcd_tile_3335,Central African mangroves,African tropical forest,,5007,0.4745,3,221,0,221,3,0.0,0.0,0.0,0.0003,0.4664,0.0006
detectree2,tcd_tile_3336,North Central Rockies forests,N. American forest,,2966,0.4745,11,48,1,47,10,0.0208,0.0909,0.0339,0.5471,0.1263,0.2052
detectree2,tcd_tile_3337,Sarmatic mixed forests,European forest,,4130,0.4745,53,64,20,44,33,0.3125,0.3774,0.3419,0.6367,0.4371,0.5183
detectree2,tcd_tile_3338,Cardamom Mountains rain forests,Other,,2743,0.4745,307,54,6,48,301,0.1111,0.0195,0.0332,0.7838,0.2831,0.416
detectree2,tcd_tile_3339,Atlantic mixed forests,European forest,,4234,0.4745,13,74,8,66,5,0.1081,0.6154,0.1839,0.4765,0.4421,0.4586
detectree2,tcd_tile_334,Sarmatic mixed forests,European forest,,2546,0.4745,3,39,3,36,0,0.0769,1.0,0.1429,0.9509,0.4044,0.5675
detectree2,tcd_tile_3340,Crimean Submediterranean forest complex,Other,,3489,0.4745,9,13,4,9,5,0.3077,0.4444,0.3636,0.3213,0.5353,0.4016
detectree2,tcd_tile_3341,Southern Great Lakes forests,N. American forest,,2993,0.4745,17,12,1,11,16,0.0833,0.0588,0.069,0.1321,0.2506,0.173
detectree2,tcd_tile_3342,Northern Zanzibar-Inhambane coastal forest mosaic,African tropical forest,,3205,0.4745,1,81,1,80,0,0.0123,1.0,0.0244,1.0,0.441,0.6121
detectree2,tcd_tile_3343,Hispaniolan dry forests,Other,,4814,0.4745,45,102,21,81,24,0.2059,0.4667,0.2857,0.5274,0.5574,0.542
detectree2,tcd_tile_3344,Balsas dry forests,Other,,3571,0.4745,57,18,1,17,56,0.0556,0.0175,0.0267,0.0769,0.156,0.103
detectree2,tcd_tile_3345,Lesser Sundas deciduous forests,SE Asian & Pacific rainforest,,2125,0.4745,13,40,3,37,10,0.075,0.2308,0.1132,0.5026,0.3444,0.4087
detectree2,tcd_tile_3346,Caucasus mixed forests,European forest,,3350,0.4745,6,5,2,3,4,0.4,0.3333,0.3636,0.3404,0.0189,0.0358
detectree2,tcd_tile_3347,Western European broadleaf forests,European forest,,2412,0.4745,33,44,17,27,16,0.3864,0.5152,0.4416,0.4559,0.4362,0.4458
detectree2,tcd_tile_3348,California interior chaparral and woodlands,Other,,508,0.4745,9,22,2,20,7,0.0909,0.2222,0.129,0.0334,0.3734,0.0613
detectree2,tcd_tile_3349,,Other,,1893,0.4745,0,0,0,0,0,0.0,0.0,0.0,0.0,0.0,0.0
detectree2,tcd_tile_335,Iberian sclerophyllous and semi-deciduous forests,Other,,1198,0.4745,168,89,31,58,137,0.3483,0.1845,0.2412,0.4228,0.3261,0.3682
detectree2,tcd_tile_3350,Central European mixed forests,European forest,,312,0.4745,29,63,12,51,17,0.1905,0.4138,0.2609,0.5476,0.6127,0.5783
detectree2,tcd_tile_3351,Southern Zanzibar-Inhambane coastal forest mosaic,African tropical forest,,4612,0.4745,170,123,30,93,140,0.2439,0.1765,0.2048,0.4042,0.4549,0.4281
detectree2,tcd_tile_3352,Central European mixed forests,European forest,,2175,0.4745,29,62,14,48,15,0.2258,0.4828,0.3077,0.4075,0.3908,0.399
detectree2,tcd_tile_3353,Northern Zanzibar-Inhambane coastal forest mosaic,African tropical forest,,1309,0.4745,97,94,24,70,73,0.2553,0.2474,0.2513,0.4987,0.4643,0.4809
detectree2,tcd_tile_3354,Central forest-grasslands transition,Other,,327,0.4745,93,74,37,37,56,0.5,0.3978,0.4431,0.4119,0.654,0.5055
detectree2,tcd_tile_3355,Sarmatic mixed forests,European forest,,4788,0.4745,78,32,13,19,65,0.4062,0.1667,0.2364,0.1947,0.3491,0.25
detectree2,tcd_tile_3356,Northern Zanzibar-Inhambane coastal forest mosaic,African tropical forest,,368,0.4745,38,62,14,48,24,0.2258,0.3684,0.28,0.3105,0.5134,0.3869
detectree2,tcd_tile_3357,Northern Zanzibar-Inhambane coastal forest mosaic,African tropical forest,,520,0.4745,44,35,3,32,41,0.0857,0.0682,0.0759,0.4694,0.3412,0.3952
detectree2,tcd_tile_3358,Petén-Veracruz moist forests,Latin American forest,,3369,0.4745,98,103,26,77,72,0.2524,0.2653,0.2587,0.225,0.4624,0.3027
detectree2,tcd_tile_3359,Northern Zanzibar-Inhambane coastal forest mosaic,African tropical forest,,1195,0.4745,88,122,50,72,38,0.4098,0.5682,0.4762,0.3553,0.6552,0.4608
detectree2,tcd_tile_336,English Lowlands beech forests,European forest,,2193,0.4745,3,37,2,35,1,0.0541,0.6667,0.1,0.7781,0.3855,0.5156
detectree2,tcd_tile_3360,Southern Great Lakes forests,N. American forest,,4273,0.4745,73,60,22,38,51,0.3667,0.3014,0.3308,0.5612,0.4011,0.4678
detectree2,tcd_tile_3361,Hispaniolan moist forests,SE Asian & Pacific rainforest,,4394,0.4745,0,66,0,66,0,0.0,0.0,0.0,0.0,0.0,0.0
detectree2,tcd_tile_3362,Taiwan subtropical evergreen forests,SE Asian & Pacific rainforest,,3130,0.4745,84,27,15,12,69,0.5556,0.1786,0.2703,0.3335,0.4799,0.3935
detectree2,tcd_tile_3363,Southern Zanzibar-Inhambane coastal forest mosaic,African tropical forest,,407,0.4745,6,36,5,31,1,0.1389,0.8333,0.2381,0.021,0.8427,0.0409
detectree2,tcd_tile_3364,Northern Zanzibar-Inhambane coastal forest mosaic,African tropical forest,,1945,0.4745,1,204,1,203,0,0.0049,1.0,0.0098,1.0,0.3471,0.5153
detectree2,tcd_tile_3365,Araucaria moist forests,Other,,450,0.4745,141,155,45,110,96,0.2903,0.3191,0.3041,0.3829,0.4102,0.396
detectree2,tcd_tile_3366,Central Indochina dry forests,Other,,4743,0.4745,102,114,35,79,67,0.307,0.3431,0.3241,0.3756,0.5634,0.4507
detectree2,tcd_tile_3367,Caucasus mixed forests,European forest,,1625,0.4745,6,53,4,49,2,0.0755,0.6667,0.1356,0.9458,0.2818,0.4343
detectree2,tcd_tile_3368,Atlantic mixed forests,European forest,,530,0.4745,7,46,4,42,3,0.087,0.5714,0.1509,0.6283,0.399,0.4881
detectree2,tcd_tile_3369,Central Indochina dry forests,Other,,4375,0.4745,29,54,4,50,25,0.0741,0.1379,0.0964,0.6387,0.2991,0.4074
detectree2,tcd_tile_337,Taiheiyo evergreen forests,Other,,2304,0.4745,250,76,10,66,240,0.1316,0.04,0.0613,0.0533,0.1159,0.073
detectree2,tcd_tile_3370,Granitic Seychelles forests,Other,,1137,0.4745,76,120,20,100,56,0.1667,0.2632,0.2041,0.6322,0.4777,0.5442
detectree2,tcd_tile_3371,Eastern Java-Bali rain forests,SE Asian & Pacific rainforest,,4227,0.4745,50,43,8,35,42,0.186,0.16,0.172,0.3597,0.1982,0.2556
detectree2,tcd_tile_3372,Southeast Australia temperate forests,Other,,1494,0.4745,8,34,2,32,6,0.0588,0.25,0.0952,0.6981,0.135,0.2263
detectree2,tcd_tile_3373,Caucasus mixed forests,European forest,,4174,0.4745,11,177,8,169,3,0.0452,0.7273,0.0851,0.9763,0.526,0.6836
detectree2,tcd_tile_3374,Mindanao-Eastern Visayas rain forests,SE Asian & Pacific rainforest,,2607,0.4745,71,81,8,73,63,0.0988,0.1127,0.1053,0.1212,0.327,0.1769
detectree2,tcd_tile_3375,Western Guinean lowland forests,African tropical forest,,439,0.4745,31,60,11,49,20,0.1833,0.3548,0.2418,0.0467,0.7545,0.088
detectree2,tcd_tile_3376,Northern Zanzibar-Inhambane coastal forest mosaic,African tropical forest,,3139,0.4745,30,87,10,77,20,0.1149,0.3333,0.1709,0.4315,0.4272,0.4293
detectree2,tcd_tile_3377,Northern mixed grasslands,Other,,1078,0.4745,33,8,5,3,28,0.625,0.1515,0.2439,0.2005,0.2708,0.2304
detectree2,tcd_tile_3378,"Sao Tome, Principe and Annobon moist lowland forests",Other,,16,0.4745,329,133,45,88,284,0.3383,0.1368,0.1948,0.3938,0.5937,0.4735
detectree2,tcd_tile_3379,Southern Great Lakes forests,N. American forest,,3899,0.4745,13,34,3,31,10,0.0882,0.2308,0.1277,0.1005,0.2541,0.1441
detectree2,tcd_tile_338,Atlantic mixed forests,European forest,,2439,0.4745,3,24,2,22,1,0.0833,0.6667,0.1481,0.4821,0.6721,0.5615
detectree2,tcd_tile_3380,Northeastern coastal forests,N. American forest,,114,0.4745,72,125,29,96,43,0.232,0.4028,0.2944,0.1382,0.7538,0.2336
detectree2,tcd_tile_3381,Nihonkai montane deciduous forests,Other,,4966,0.4745,1,140,1,139,0,0.0071,1.0,0.0142,0.9717,0.3781,0.5443
detectree2,tcd_tile_3382,Northern Zanzibar-Inhambane coastal forest mosaic,African tropical forest,,3175,0.4745,29,141,4,137,25,0.0284,0.1379,0.0471,0.7835,0.4481,0.5701
detectree2,tcd_tile_3383,,Other,,1409,0.4745,0,40,0,40,0,0.0,0.0,0.0,0.0,0.0,0.0
detectree2,tcd_tile_3384,Madeira-Tapajós moist forests,Latin American forest,,3111,0.4745,8,173,6,167,2,0.0347,0.75,0.0663,0.6307,0.3738,0.4694
detectree2,tcd_tile_3385,Atlantic dry forests,Other,,738,0.4745,373,155,73,82,300,0.471,0.1957,0.2765,0.2735,0.6638,0.3874
detectree2,tcd_tile_3386,Baltic mixed forests,European forest,,1455,0.4745,23,29,9,20,14,0.3103,0.3913,0.3462,0.7555,0.5352,0.6266
detectree2,tcd_tile_3387,Northern Zanzibar-Inhambane coastal forest mosaic,African tropical forest,,755,0.4745,220,142,61,81,159,0.4296,0.2773,0.337,0.6403,0.3764,0.4741
detectree2,tcd_tile_3388,North Central Rockies forests,N. American forest,,1540,0.4745,4,101,1,100,3,0.0099,0.25,0.019,0.9902,0.242,0.389
detectree2,tcd_tile_3389,,Other,,943,0.4745,13,31,4,27,9,0.129,0.3077,0.1818,0.0907,0.912,0.1649
detectree2,tcd_tile_339,Iquitos varzeá,Other,,2826,0.4745,68,109,39,70,29,0.3578,0.5735,0.4407,0.2868,0.6297,0.3941
detectree2,tcd_tile_3390,Veracruz moist forests,Other,,3501,0.4745,73,48,19,29,54,0.3958,0.2603,0.314,0.155,0.409,0.2248
detectree2,tcd_tile_3391,Central Andean puna,Other,,11,0.4745,35,36,11,25,24,0.3056,0.3143,0.3099,0.2471,0.2878,0.2659
detectree2,tcd_tile_3392,Luzon rain forests,SE Asian & Pacific rainforest,,2199,0.4745,17,21,9,12,8,0.4286,0.5294,0.4737,0.0841,0.597,0.1474
detectree2,tcd_tile_3393,Northeastern coastal forests,N. American forest,,3217,0.4745,0,2,0,2,0,0.0,0.0,0.0,0.0,0.0,0.0
detectree2,tcd_tile_3394,"Sao Tome, Principe and Annobon moist lowland forests",Other,,266,0.4745,68,73,29,44,39,0.3973,0.4265,0.4113,0.3668,0.5069,0.4256
detectree2,tcd_tile_3395,Sulawesi lowland rain forests,SE Asian & Pacific rainforest,,4214,0.4745,135,40,21,19,114,0.525,0.1556,0.24,0.4221,0.2463,0.3111
detectree2,tcd_tile_3396,Madeira-Tapajós moist forests,Latin American forest,,3174,0.4745,1,162,1,161,0,0.0062,1.0,0.0123,0.9999,0.331,0.4973
detectree2,tcd_tile_3397,Crimean Submediterranean forest complex,Other,,1788,0.4745,52,137,27,110,25,0.1971,0.5192,0.2857,0.6424,0.3233,0.4302
detectree2,tcd_tile_3398,Timor and Wetar deciduous forests,SE Asian & Pacific rainforest,,578,0.4745,218,94,43,51,175,0.4574,0.1972,0.2756,0.2177,0.4622,0.296
detectree2,tcd_tile_3399,Alps conifer and mixed forests,European forest,,4977,0.4745,0,4,0,4,0,0.0,0.0,0.0,0.0,0.0,0.0
detectree2,tcd_tile_34,Sonoran desert,Arid / dryland,,479,0.4745,133,36,28,8,105,0.7778,0.2105,0.3314,0.5575,0.514,0.5349
detectree2,tcd_tile_340,Iquitos varzeá,Other,,3520,0.4745,79,47,18,29,61,0.383,0.2278,0.2857,0.2326,0.3197,0.2693
detectree2,tcd_tile_3400,Northern Zanzibar-Inhambane coastal forest mosaic,African tropical forest,,2644,0.4745,124,102,27,75,97,0.2647,0.2177,0.2389,0.2664,0.4463,0.3336
detectree2,tcd_tile_3401,Sumatran lowland rain forests,SE Asian & Pacific rainforest,,784,0.4745,34,88,9,79,25,0.1023,0.2647,0.1475,0.4724,0.2874,0.3574
detectree2,tcd_tile_3402,Lesser Sundas deciduous forests,SE Asian & Pacific rainforest,,2514,0.4745,152,74,27,47,125,0.3649,0.1776,0.2389,0.3862,0.3782,0.3822
detectree2,tcd_tile_3403,Northern Zanzibar-Inhambane coastal forest mosaic,African tropical forest,,223,0.4745,193,128,45,83,148,0.3516,0.2332,0.2804,0.2567,0.4405,0.3244
detectree2,tcd_tile_3404,Northern Zanzibar-Inhambane coastal forest mosaic,African tropical forest,,2045,0.4745,192,138,48,90,144,0.3478,0.25,0.2909,0.4499,0.4901,0.4691
detectree2,tcd_tile_3405,Northern Zanzibar-Inhambane coastal forest mosaic,African tropical forest,,30,0.4745,159,144,31,113,128,0.2153,0.195,0.2046,0.3385,0.3925,0.3635
detectree2,tcd_tile_3406,Northern Anatolian conifer and deciduous forests,Other,,3632,0.4745,109,108,47,61,62,0.4352,0.4312,0.4332,0.3255,0.5055,0.396
detectree2,tcd_tile_3407,Mindanao-Eastern Visayas rain forests,SE Asian & Pacific rainforest,,3237,0.4745,32,52,3,49,29,0.0577,0.0938,0.0714,0.0447,0.3456,0.0792
detectree2,tcd_tile_3408,Northern Zanzibar-Inhambane coastal forest mosaic,African tropical forest,,3737,0.4745,313,124,50,74,263,0.4032,0.1597,0.2288,0.1961,0.3217,0.2437
detectree2,tcd_tile_3409,Balkan mixed forests,European forest,,485,0.4745,75,166,47,119,28,0.2831,0.6267,0.39,0.2376,0.656,0.3488
detectree2,tcd_tile_341,Atlantic Coast restingas,Other,,1207,0.4745,204,83,51,32,153,0.6145,0.25,0.3554,0.4599,0.5498,0.5008
detectree2,tcd_tile_3410,Luzon rain forests,SE Asian & Pacific rainforest,,2810,0.4745,1,26,1,25,0,0.0385,1.0,0.0741,0.9737,0.2202,0.3591
detectree2,tcd_tile_3411,Sarmatic mixed forests,European forest,,1469,0.4745,1,4,1,3,0,0.25,1.0,0.4,1.0,0.051,0.097
detectree2,tcd_tile_3412,Alps conifer and mixed forests,European forest,,3902,0.4745,18,56,7,49,11,0.125,0.3889,0.1892,0.6532,0.3804,0.4808
detectree2,tcd_tile_3413,Atlantic mixed forests,European forest,,2972,0.4745,21,34,10,24,11,0.2941,0.4762,0.3636,0.6049,0.6782,0.6394
detectree2,tcd_tile_3414,Central European mixed forests,European forest,,907,0.4745,55,103,26,77,29,0.2524,0.4727,0.3291,0.6933,0.509,0.587
detectree2,tcd_tile_3415,Southern Zanzibar-Inhambane coastal forest mosaic,African tropical forest,,1803,0.4745,33,63,16,47,17,0.254,0.4848,0.3333,0.1519,0.5786,0.2406
detectree2,tcd_tile_3416,Bolivian montane dry forests,Latin American forest,,2820,0.4745,10,39,1,38,9,0.0256,0.1,0.0408,0.8697,0.2365,0.3719
detectree2,tcd_tile_3417,Northern Zanzibar-Inhambane coastal forest mosaic,African tropical forest,,4010,0.4745,51,65,14,51,37,0.2154,0.2745,0.2414,0.1929,0.4556,0.271
detectree2,tcd_tile_3418,Northern Zanzibar-Inhambane coastal forest mosaic,African tropical forest,,4014,0.4745,87,131,41,90,46,0.313,0.4713,0.3761,0.3949,0.4644,0.4269
detectree2,tcd_tile_3419,Northern Zanzibar-Inhambane coastal forest mosaic,African tropical forest,,131,0.4745,242,149,44,105,198,0.2953,0.1818,0.2251,0.3229,0.5358,0.403
detectree2,tcd_tile_342,Central European mixed forests,European forest,,1267,0.4745,30,36,16,20,14,0.4444,0.5333,0.4848,0.3097,0.7969,0.4461
detectree2,tcd_tile_3420,Southeastern mixed forests,N. American forest,,4251,0.4745,33,16,7,9,26,0.4375,0.2121,0.2857,0.5338,0.1732,0.2615
detectree2,tcd_tile_3421,,Other,,200,0.4745,14,27,2,25,12,0.0741,0.1429,0.0976,0.5465,0.3843,0.4512
detectree2,tcd_tile_3422,,Other,,3714,0.4745,59,91,25,66,34,0.2747,0.4237,0.3333,0.7375,0.4899,0.5887
detectree2,tcd_tile_3423,Northern Zanzibar-Inhambane coastal forest mosaic,African tropical forest,,1865,0.4745,255,109,42,67,213,0.3853,0.1647,0.2308,0.4184,0.4035,0.4108
detectree2,tcd_tile_3424,Luzon rain forests,SE Asian & Pacific rainforest,,2180,0.4745,23,82,4,78,19,0.0488,0.1739,0.0762,0.9745,0.288,0.4447
detectree2,tcd_tile_3425,,Other,,1532,0.4745,28,37,5,32,23,0.1351,0.1786,0.1538,0.1339,0.1489,0.141
detectree2,tcd_tile_3426,Mesopotamian shrub desert,Other,,1329,0.4745,282,160,68,92,214,0.425,0.2411,0.3077,0.6115,0.2781,0.3823
detectree2,tcd_tile_3427,Madeira-Tapajós moist forests,Latin American forest,,1501,0.4745,1,56,1,55,0,0.0179,1.0,0.0351,1.0,0.2329,0.3778
detectree2,tcd_tile_3428,Western Guinean lowland forests,African tropical forest,,2888,0.4745,36,93,5,88,31,0.0538,0.1389,0.0775,0.034,0.3963,0.0627
detectree2,tcd_tile_3429,Southern Zanzibar-Inhambane coastal forest mosaic,African tropical forest,,2735,0.4745,78,89,30,59,48,0.3371,0.3846,0.3593,0.1949,0.7303,0.3077
detectree2,tcd_tile_343,Central European mixed forests,European forest,,753,0.4745,58,76,29,47,29,0.3816,0.5,0.4328,0.6256,0.4566,0.5279
detectree2,tcd_tile_3430,Himalayan subtropical broadleaf forests,Other,,3973,0.4745,87,76,12,64,75,0.1579,0.1379,0.1472,0.104,0.3098,0.1557
detectree2,tcd_tile_3431,Sarmatic mixed forests,European forest,,3781,0.4745,0,15,0,15,0,0.0,0.0,0.0,0.0,0.0,0.0
detectree2,tcd_tile_3432,Eastern forest-boreal transition,Other,,2647,0.4745,5,37,1,36,4,0.027,0.2,0.0476,0.43,0.3349,0.3766
detectree2,tcd_tile_3433,East European forest steppe,European forest,,1734,0.4745,67,90,26,64,41,0.2889,0.3881,0.3312,0.5708,0.5152,0.5416
detectree2,tcd_tile_3434,California coastal sage and chaparral,Other,,54,0.4745,16,19,3,16,13,0.1579,0.1875,0.1714,0.0494,0.7897,0.0929
detectree2,tcd_tile_3435,Eastern Great Lakes lowland forests,N. American forest,,2737,0.4745,0,14,0,14,0,0.0,0.0,0.0,0.0,0.0,0.0
detectree2,tcd_tile_3436,Appalachian-Blue Ridge forests,N. American forest,,355,0.4745,33,32,12,20,21,0.375,0.3636,0.3692,0.225,0.5646,0.3218
detectree2,tcd_tile_3437,,Other,,4625,0.4745,0,23,0,23,0,0.0,0.0,0.0,0.0,0.0,0.0
detectree2,tcd_tile_3438,Northern Zanzibar-Inhambane coastal forest mosaic,African tropical forest,,2337,0.4745,5,87,3,84,2,0.0345,0.6,0.0652,1.0,0.1542,0.2672
detectree2,tcd_tile_3439,Balkan mixed forests,European forest,,306,0.4745,89,136,28,108,61,0.2059,0.3146,0.2489,0.197,0.4725,0.278
detectree2,tcd_tile_344,Celtic broadleaf forests,European forest,,3141,0.4745,1,49,1,48,0,0.0204,1.0,0.04,0.6732,0.4663,0.551
detectree2,tcd_tile_3440,Balsas dry forests,Other,,2331,0.4745,225,57,10,47,215,0.1754,0.0444,0.0709,0.503,0.2616,0.3442
detectree2,tcd_tile_3441,Taiheiyo evergreen forests,Other,,142,0.4745,112,70,15,55,97,0.2143,0.1339,0.1648,0.1774,0.5413,0.2672
detectree2,tcd_tile_3442,Southern Zanzibar-Inhambane coastal forest mosaic,African tropical forest,,1579,0.4745,178,76,28,48,150,0.3684,0.1573,0.2205,0.2446,0.5249,0.3337
detectree2,tcd_tile_3443,Eastern Guinean forests,African tropical forest,,3392,0.4745,5,43,3,40,2,0.0698,0.6,0.125,0.6445,0.4174,0.5067
detectree2,tcd_tile_3444,Madeira-Tapajós moist forests,Latin American forest,,3600,0.4745,1,75,1,74,0,0.0133,1.0,0.0263,0.9377,0.2992,0.4537
detectree2,tcd_tile_3445,Tongan tropical moist forests,SE Asian & Pacific rainforest,,235,0.4745,223,63,11,52,212,0.1746,0.0493,0.0769,0.3961,0.3409,0.3664
detectree2,tcd_tile_3446,Northern Zanzibar-Inhambane coastal forest mosaic,African tropical forest,,1710,0.4745,2,155,2,153,0,0.0129,1.0,0.0255,0.979,0.3911,0.5589
detectree2,tcd_tile_3447,Sarmatic mixed forests,European forest,,4069,0.4745,7,11,0,11,7,0.0,0.0,0.0,0.0005,0.019,0.001
detectree2,tcd_tile_3448,Taiheiyo evergreen forests,Other,,41,0.4745,116,56,19,37,97,0.3393,0.1638,0.2209,0.1897,0.4278,0.2628
detectree2,tcd_tile_3449,Maputaland coastal forest mosaic,African tropical forest,,1166,0.4745,136,70,33,37,103,0.4714,0.2426,0.3204,0.2248,0.5074,0.3116
detectree2,tcd_tile_345,Central European mixed forests,European forest,,4486,0.4745,31,23,1,22,30,0.0435,0.0323,0.037,0.0552,0.1422,0.0796
detectree2,tcd_tile_3450,,Other,,3923,0.4745,86,111,23,88,63,0.2072,0.2674,0.2335,0.152,0.4563,0.228
detectree2,tcd_tile_3451,Northern Zanzibar-Inhambane coastal forest mosaic,African tropical forest,,3578,0.4745,200,122,44,78,156,0.3607,0.22,0.2733,0.4863,0.4145,0.4476
detectree2,tcd_tile_3452,Northern Zanzibar-Inhambane coastal forest mosaic,African tropical forest,,4943,0.4745,245,126,46,80,199,0.3651,0.1878,0.248,0.6724,0.4075,0.5074
detectree2,tcd_tile_3453,Upper Midwest forest-savanna transition,N. American forest,,3940,0.4745,15,66,6,60,9,0.0909,0.4,0.1481,0.6144,0.4529,0.5214
detectree2,tcd_tile_3454,East European forest steppe,European forest,,3357,0.4745,56,43,10,33,46,0.2326,0.1786,0.202,0.2129,0.3124,0.2532
detectree2,tcd_tile_3455,Tigris-Euphrates alluvial salt marsh,Other,,390,0.4745,34,81,14,67,20,0.1728,0.4118,0.2435,0.0422,0.7309,0.0797
detectree2,tcd_tile_3456,Central European mixed forests,European forest,,250,0.4745,94,78,34,44,60,0.4359,0.3617,0.3953,0.4854,0.7036,0.5745
detectree2,tcd_tile_3457,Sierra Nevada forests,N. American forest,,1570,0.4745,159,44,13,31,146,0.2955,0.0818,0.1281,0.4044,0.3814,0.3925
detectree2,tcd_tile_3458,Northern Zanzibar-Inhambane coastal forest mosaic,African tropical forest,,3025,0.4745,103,69,11,58,92,0.1594,0.1068,0.1279,0.6101,0.5035,0.5517
detectree2,tcd_tile_3459,Southern Zanzibar-Inhambane coastal forest mosaic,African tropical forest,,4186,0.4745,139,63,19,44,120,0.3016,0.1367,0.1881,0.163,0.5858,0.2551
detectree2,tcd_tile_346,Tumbes-Piura dry forests,Other,,3120,0.4745,66,84,29,55,37,0.3452,0.4394,0.3867,0.4696,0.577,0.5178
detectree2,tcd_tile_3460,Northern Zanzibar-Inhambane coastal forest mosaic,African tropical forest,,2010,0.4745,175,15,11,4,164,0.7333,0.0629,0.1158,0.6331,0.1897,0.2919
detectree2,tcd_tile_3461,Iquitos varzeá,Other,,3658,0.4745,35,82,20,62,15,0.2439,0.5714,0.3419,0.2536,0.3171,0.2818
detectree2,tcd_tile_3462,Balsas dry forests,Other,,2795,0.4745,516,13,6,7,510,0.4615,0.0116,0.0227,0.262,0.1558,0.1954
detectree2,tcd_tile_3463,Alps conifer and mixed forests,European forest,,4969,0.4745,4,6,0,6,4,0.0,0.0,0.0,0.0117,0.069,0.0201
detectree2,tcd_tile_3464,Southeast Australia temperate forests,Other,,2280,0.4745,14,56,6,50,8,0.1071,0.4286,0.1714,0.7487,0.2088,0.3265
detectree2,tcd_tile_3465,East European forest steppe,European forest,,1903,0.4745,170,104,48,56,122,0.4615,0.2824,0.3504,0.5259,0.376,0.4385
detectree2,tcd_tile_3466,Southern Great Lakes forests,N. American forest,,1722,0.4745,116,17,6,11,110,0.3529,0.0517,0.0902,0.0666,0.204,0.1004
detectree2,tcd_tile_3467,North Central Rockies forests,N. American forest,,2778,0.4745,4,150,2,148,2,0.0133,0.5,0.026,0.9419,0.3841,0.5457
detectree2,tcd_tile_3468,Uatuma-Trombetas moist forests,Latin American forest,,1633,0.4745,4,32,1,31,3,0.0312,0.25,0.0556,0.0262,0.7455,0.0507
detectree2,tcd_tile_3469,Southeastern mixed forests,N. American forest,,4874,0.4745,59,95,25,70,34,0.2632,0.4237,0.3247,0.5206,0.3962,0.45
detectree2,tcd_tile_347,Trans-Mexican Volcanic Belt pine-oak forests,Other,,3683,0.4745,141,41,14,27,127,0.3415,0.0993,0.1538,0.093,0.25,0.1355
detectree2,tcd_tile_3470,Northwestern Andean montane forests,Latin American forest,,1581,0.4745,20,36,7,29,13,0.1944,0.35,0.25,0.586,0.1949,0.2925
detectree2,tcd_tile_3471,Northern Zanzibar-Inhambane coastal forest mosaic,African tropical forest,,902,0.4745,4,37,1,36,3,0.027,0.25,0.0488,0.619,0.1976,0.2996
detectree2,tcd_tile_3472,Eastern Guinean forests,African tropical forest,,1979,0.4745,0,17,0,17,0,0.0,0.0,0.0,0.0,0.0,0.0
detectree2,tcd_tile_3473,Southeastern mixed forests,N. American forest,,1556,0.4745,1,8,1,7,0,0.125,1.0,0.2222,0.0306,0.9537,0.0594
detectree2,tcd_tile_3474,Northern Zanzibar-Inhambane coastal forest mosaic,African tropical forest,,333,0.4745,6,53,1,52,5,0.0189,0.1667,0.0339,0.0301,0.7982,0.058
detectree2,tcd_tile_3475,Mato Grosso seasonal forests,Latin American forest,,3787,0.4745,62,77,11,66,51,0.1429,0.1774,0.1583,0.0616,0.6126,0.1119
detectree2,tcd_tile_3476,,Other,,194,0.4745,0,15,0,15,0,0.0,0.0,0.0,0.0,0.0,0.0
detectree2,tcd_tile_3477,Hispaniolan moist forests,SE Asian & Pacific rainforest,,4567,0.4745,58,47,5,42,53,0.1064,0.0862,0.0952,0.0363,0.2184,0.0623
detectree2,tcd_tile_3478,Taiwan subtropical evergreen forests,SE Asian & Pacific rainforest,,4021,0.4745,22,8,2,6,20,0.25,0.0909,0.1333,0.396,0.1915,0.2581
detectree2,tcd_tile_3479,Northern Congolian forest-savanna mosaic,African tropical forest,,1062,0.4745,147,143,60,83,87,0.4196,0.4082,0.4138,0.2926,0.573,0.3874
detectree2,tcd_tile_348,Northern Zanzibar-Inhambane coastal forest mosaic,African tropical forest,,1007,0.4745,231,138,59,79,172,0.4275,0.2554,0.3198,0.5097,0.3759,0.4327
detectree2,tcd_tile_3480,East European forest steppe,European forest,,4298,0.4745,10,26,3,23,7,0.1154,0.3,0.1667,0.732,0.1145,0.1981
detectree2,tcd_tile_3481,Northern Zanzibar-Inhambane coastal forest mosaic,African tropical forest,,2028,0.4745,164,49,12,37,152,0.2449,0.0732,0.1127,0.0406,0.3109,0.0718
detectree2,tcd_tile_3482,Atlantic dry forests,Other,,1162,0.4745,328,105,48,57,280,0.4571,0.1463,0.2217,0.2212,0.5043,0.3075
detectree2,tcd_tile_3483,Nihonkai montane deciduous forests,Other,,4255,0.4745,21,141,5,136,16,0.0355,0.2381,0.0617,0.9049,0.537,0.674
detectree2,tcd_tile_3484,"Sao Tome, Principe and Annobon moist lowland forests",Other,,204,0.4745,36,26,12,14,24,0.4615,0.3333,0.3871,0.3278,0.7467,0.4556
detectree2,tcd_tile_3485,Valdivian temperate forests,Other,,2624,0.4745,15,12,5,7,10,0.4167,0.3333,0.3704,0.2234,0.4828,0.3055
detectree2,tcd_tile_3486,Irrawaddy moist deciduous forests,Other,,49,0.4745,132,77,28,49,104,0.3636,0.2121,0.2679,0.4778,0.4602,0.4688
detectree2,tcd_tile_3487,,Other,,137,0.4745,0,2,0,2,0,0.0,0.0,0.0,0.0,0.0,0.0
detectree2,tcd_tile_3488,Mindanao-Eastern Visayas rain forests,SE Asian & Pacific rainforest,,1032,0.4745,8,72,1,71,7,0.0139,0.125,0.025,0.0163,0.531,0.0316
detectree2,tcd_tile_3489,Appalachian-Blue Ridge forests,N. American forest,,584,0.4745,30,20,10,10,20,0.5,0.3333,0.4,0.4389,0.4798,0.4585
detectree2,tcd_tile_349,California interior chaparral and woodlands,Other,,141,0.4745,9,73,4,69,5,0.0548,0.4444,0.0976,0.546,0.3454,0.4231
detectree2,tcd_tile_3490,Mindanao-Eastern Visayas rain forests,SE Asian & Pacific rainforest,,4146,0.4745,57,138,5,133,52,0.0362,0.0877,0.0513,0.5342,0.2877,0.374
detectree2,tcd_tile_3491,,Other,,1275,0.4745,49,72,26,46,23,0.3611,0.5306,0.4298,0.5411,0.5297,0.5353
detectree2,tcd_tile_3492,Mizoram-Manipur-Kachin rain forests,SE Asian & Pacific rainforest,,4482,0.4745,104,80,23,57,81,0.2875,0.2212,0.25,0.3183,0.3868,0.3492
detectree2,tcd_tile_3493,East European forest steppe,European forest,,3581,0.4745,67,6,4,2,63,0.6667,0.0597,0.1096,0.5861,0.0711,0.1268
detectree2,tcd_tile_3494,Central European mixed forests,European forest,,2528,0.4745,42,43,14,29,28,0.3256,0.3333,0.3294,0.4568,0.2706,0.3399
detectree2,tcd_tile_3495,Sulawesi lowland rain forests,SE Asian & Pacific rainforest,,4423,0.4745,155,16,6,10,149,0.375,0.0387,0.0702,0.0943,0.3431,0.1479
detectree2,tcd_tile_3496,,Other,,4827,0.4745,0,19,0,19,0,0.0,0.0,0.0,0.0,0.0,0.0
detectree2,tcd_tile_3497,,Other,,3163,0.4745,0,13,0,13,0,0.0,0.0,0.0,0.0,0.0,0.0
detectree2,tcd_tile_3498,Madeira-Tapajós moist forests,Latin American forest,,3186,0.4745,3,43,2,41,1,0.0465,0.6667,0.087,1.0,0.2054,0.3408
detectree2,tcd_tile_3499,Eastern Mediterranean conifer-sclerophyllous-broadleaf forests,Other,,871,0.4745,274,129,81,48,193,0.6279,0.2956,0.402,0.485,0.3098,0.3781
detectree2,tcd_tile_35,Zambezian and Mopane woodlands,Arid / dryland,,767,0.4745,15,50,5,45,10,0.1,0.3333,0.1538,0.0946,0.3932,0.1525
detectree2,tcd_tile_350,Northern Zanzibar-Inhambane coastal forest mosaic,African tropical forest,,4504,0.4745,65,52,7,45,58,0.1346,0.1077,0.1197,0.8048,0.2956,0.4324
detectree2,tcd_tile_3500,,Other,,4346,0.4745,89,209,34,175,55,0.1627,0.382,0.2282,0.696,0.4338,0.5345
detectree2,tcd_tile_3501,Willamette Valley forests,N. American forest,,2452,0.4745,106,16,4,12,102,0.25,0.0377,0.0656,0.3238,0.7789,0.4574
detectree2,tcd_tile_3502,Central U.S. hardwood forests,N. American forest,,1954,0.4745,59,27,3,24,56,0.1111,0.0508,0.0698,0.4926,0.5106,0.5015
detectree2,tcd_tile_3503,Cerrado,Latin American forest,,184,0.4745,45,19,6,13,39,0.3158,0.1333,0.1875,0.2686,0.3955,0.3199
detectree2,tcd_tile_3504,Valdivian temperate forests,Other,,4068,0.4745,45,60,10,50,35,0.1667,0.2222,0.1905,0.5106,0.5589,0.5337
detectree2,tcd_tile_3505,Western European broadleaf forests,European forest,,4601,0.4745,2,154,1,153,1,0.0065,0.5,0.0128,0.9362,0.4521,0.6097
detectree2,tcd_tile_3506,Central European mixed forests,European forest,,4512,0.4745,0,48,0,48,0,0.0,0.0,0.0,0.0,0.0,0.0
detectree2,tcd_tile_3507,Balkan mixed forests,European forest,,2960,0.4745,32,49,14,35,18,0.2857,0.4375,0.3457,0.7632,0.3953,0.5208
detectree2,tcd_tile_3508,English Lowlands beech forests,European forest,,967,0.4745,70,42,23,19,47,0.5476,0.3286,0.4107,0.2345,0.4589,0.3104
detectree2,tcd_tile_3509,Celtic broadleaf forests,European forest,,1641,0.4745,33,63,14,49,19,0.2222,0.4242,0.2917,0.0709,0.6384,0.1276
detectree2,tcd_tile_351,,Other,,4488,0.4745,6,19,2,17,4,0.1053,0.3333,0.16,0.7533,0.2628,0.3897
detectree2,tcd_tile_3510,Sulawesi lowland rain forests,SE Asian & Pacific rainforest,,3663,0.4745,67,44,11,33,56,0.25,0.1642,0.1982,0.3284,0.3367,0.3325
detectree2,tcd_tile_3511,Atlantic mixed forests,European forest,,3642,0.4745,12,17,0,17,12,0.0,0.0,0.0,0.0,0.0,0.0
detectree2,tcd_tile_3512,Caucasus mixed forests,European forest,,3146,0.4745,1,83,1,82,0,0.012,1.0,0.0238,0.9997,0.2479,0.3973
detectree2,tcd_tile_3513,Hispaniolan moist forests,SE Asian & Pacific rainforest,,2648,0.4745,88,45,9,36,79,0.2,0.1023,0.1353,0.2233,0.1819,0.2005
detectree2,tcd_tile_3514,Lesser Sundas deciduous forests,SE Asian & Pacific rainforest,,3300,0.4745,7,169,4,165,3,0.0237,0.5714,0.0455,0.9966,0.3972,0.5681
detectree2,tcd_tile_3515,Valdivian temperate forests,Other,,2729,0.4745,26,13,3,10,23,0.2308,0.1154,0.1538,0.2561,0.3674,0.3018
detectree2,tcd_tile_3516,Western European broadleaf forests,European forest,,4800,0.4745,5,172,5,167,0,0.0291,1.0,0.0565,0.9662,0.5116,0.669
detectree2,tcd_tile_3517,Northern Zanzibar-Inhambane coastal forest mosaic,African tropical forest,,813,0.4745,231,151,60,91,171,0.3974,0.2597,0.3141,0.3621,0.4291,0.3928
detectree2,tcd_tile_3518,Northern Zanzibar-Inhambane coastal forest mosaic,African tropical forest,,3773,0.4745,1,109,1,108,0,0.0092,1.0,0.0182,0.9962,0.2625,0.4155
detectree2,tcd_tile_3519,Changjiang Plain evergreen forests,Other,,2822,0.4745,44,33,14,19,30,0.4242,0.3182,0.3636,0.396,0.3567,0.3753
detectree2,tcd_tile_352,Madeira-Tapajós moist forests,Latin American forest,,3864,0.4745,1,142,1,141,0,0.007,1.0,0.014,0.9997,0.3384,0.5057
detectree2,tcd_tile_3520,Changjiang Plain evergreen forests,Other,,1896,0.4745,231,71,37,34,194,0.5211,0.1602,0.245,0.4739,0.2919,0.3613
detectree2,tcd_tile_3521,Northern Zanzibar-Inhambane coastal forest mosaic,African tropical forest,,1913,0.4745,160,69,33,36,127,0.4783,0.2062,0.2882,0.1728,0.4699,0.2526
detectree2,tcd_tile_3522,Rodope montane mixed forests,European forest,,4405,0.4745,93,87,35,52,58,0.4023,0.3763,0.3889,0.4218,0.3804,0.4
detectree2,tcd_tile_3523,Northern Zanzibar-Inhambane coastal forest mosaic,African tropical forest,,4209,0.4745,292,104,41,63,251,0.3942,0.1404,0.2071,0.3572,0.5338,0.428
detectree2,tcd_tile_3524,Sarmatic mixed forests,European forest,,3511,0.4745,53,68,18,50,35,0.2647,0.3396,0.2975,0.2744,0.4959,0.3533
detectree2,tcd_tile_3525,Northern Zanzibar-Inhambane coastal forest mosaic,African tropical forest,,3630,0.4745,221,136,53,83,168,0.3897,0.2398,0.2969,0.235,0.5157,0.3228
detectree2,tcd_tile_3526,English Lowlands beech forests,European forest,,2157,0.4745,11,16,4,12,7,0.25,0.3636,0.2963,0.604,0.8754,0.7148
detectree2,tcd_tile_3527,Mato Grosso seasonal forests,Latin American forest,,2219,0.4745,104,49,12,37,92,0.2449,0.1154,0.1569,0.0597,0.3073,0.1
detectree2,tcd_tile_3528,Central Indochina dry forests,Other,,4526,0.4745,200,114,39,75,161,0.3421,0.195,0.2484,0.3778,0.4798,0.4228
detectree2,tcd_tile_3529,Taiwan subtropical evergreen forests,SE Asian & Pacific rainforest,,3724,0.4745,5,16,1,15,4,0.0625,0.2,0.0952,0.9749,0.238,0.3826
detectree2,tcd_tile_353,Central European mixed forests,European forest,,505,0.4745,101,158,73,85,28,0.462,0.7228,0.5637,0.7774,0.5964,0.6749
detectree2,tcd_tile_3530,Uatuma-Trombetas moist forests,Latin American forest,,3512,0.4745,90,86,31,55,59,0.3605,0.3444,0.3523,0.4423,0.4051,0.4229
detectree2,tcd_tile_3531,Central Andean puna,Other,,717,0.4745,52,51,20,31,32,0.3922,0.3846,0.3883,0.1769,0.5367,0.2661
detectree2,tcd_tile_3532,New England-Acadian forests,N. American forest,,1620,0.4745,12,81,3,78,9,0.037,0.25,0.0645,0.8405,0.4342,0.5726
detectree2,tcd_tile_3533,Rodope montane mixed forests,European forest,,4673,0.4745,116,64,19,45,97,0.2969,0.1638,0.2111,0.388,0.3568,0.3717
detectree2,tcd_tile_3534,Taiwan subtropical evergreen forests,SE Asian & Pacific rainforest,,4778,0.4745,186,33,16,17,170,0.4848,0.086,0.1461,0.3125,0.2739,0.2919
detectree2,tcd_tile_3535,Luzon rain forests,SE Asian & Pacific rainforest,,3938,0.4745,3,11,1,10,2,0.0909,0.3333,0.1429,0.6684,0.1637,0.263
detectree2,tcd_tile_3536,Timor and Wetar deciduous forests,SE Asian & Pacific rainforest,,719,0.4745,184,65,16,49,168,0.2462,0.087,0.1285,0.1005,0.313,0.1522
detectree2,tcd_tile_3537,Northern Zanzibar-Inhambane coastal forest mosaic,African tropical forest,,2977,0.4745,87,91,17,74,70,0.1868,0.1954,0.191,0.5597,0.328,0.4136
detectree2,tcd_tile_3538,Southern Great Lakes forests,N. American forest,,5067,0.4745,47,63,20,43,27,0.3175,0.4255,0.3636,0.3592,0.4848,0.4127
detectree2,tcd_tile_3539,North Central Rockies forests,N. American forest,,3160,0.4745,3,108,1,107,2,0.0093,0.3333,0.018,0.9918,0.2981,0.4584
detectree2,tcd_tile_354,Western European broadleaf forests,European forest,,3430,0.4745,3,53,2,51,1,0.0377,0.6667,0.0714,0.7678,0.3336,0.4651
detectree2,tcd_tile_3540,Balkan mixed forests,European forest,,1933,0.4745,218,141,63,78,155,0.4468,0.289,0.351,0.4054,0.4864,0.4422
detectree2,tcd_tile_3541,Sarmatic mixed forests,European forest,,1659,0.4745,30,93,8,85,22,0.086,0.2667,0.1301,0.6192,0.3958,0.4829
detectree2,tcd_tile_3542,Northern Zanzibar-Inhambane coastal forest mosaic,African tropical forest,,1331,0.4745,12,54,9,45,3,0.1667,0.75,0.2727,0.0975,0.7281,0.1719
detectree2,tcd_tile_3543,Veracruz moist forests,Other,,1906,0.4745,65,63,24,39,41,0.381,0.3692,0.375,0.6057,0.4887,0.541
detectree2,tcd_tile_3544,Granitic Seychelles forests,Other,,726,0.4745,13,30,6,24,7,0.2,0.4615,0.2791,0.3287,0.4818,0.3908
detectree2,tcd_tile_3545,Central European mixed forests,European forest,,3666,0.4745,68,82,17,65,51,0.2073,0.25,0.2267,0.0754,0.563,0.1329
detectree2,tcd_tile_3546,Northern Zanzibar-Inhambane coastal forest mosaic,African tropical forest,,707,0.4745,2,56,1,55,1,0.0179,0.5,0.0345,0.879,0.332,0.482
detectree2,tcd_tile_3547,Willamette Valley forests,N. American forest,,2942,0.4745,9,17,2,15,7,0.1176,0.2222,0.1538,0.551,0.5045,0.5267
detectree2,tcd_tile_3548,Lesser Sundas deciduous forests,SE Asian & Pacific rainforest,,3613,0.4745,3,25,2,23,1,0.08,0.6667,0.1429,0.9124,0.0926,0.1681
detectree2,tcd_tile_3549,Willamette Valley forests,N. American forest,,2681,0.4745,31,15,4,11,27,0.2667,0.129,0.1739,0.1303,0.3776,0.1937
detectree2,tcd_tile_355,Maputaland coastal forest mosaic,African tropical forest,,963,0.4745,84,66,21,45,63,0.3182,0.25,0.28,0.188,0.6078,0.2872
detectree2,tcd_tile_3550,Eastern Guinean forests,African tropical forest,,3220,0.4745,9,26,3,23,6,0.1154,0.3333,0.1714,0.3852,0.3204,0.3498
detectree2,tcd_tile_3551,Changjiang Plain evergreen forests,Other,,4808,0.4745,41,29,14,15,27,0.4828,0.3415,0.4,0.5548,0.3036,0.3924
detectree2,tcd_tile_3552,Cerrado,Latin American forest,,764,0.4745,61,11,3,8,58,0.2727,0.0492,0.0833,0.5164,0.1968,0.285
detectree2,tcd_tile_3553,Eastern Great Lakes lowland forests,N. American forest,,2093,0.4745,1,19,0,19,1,0.0,0.0,0.0,0.0,0.0,0.0
detectree2,tcd_tile_3554,Western Siberian hemiboreal forests,Other,,4082,0.4745,16,63,10,53,6,0.1587,0.625,0.2532,0.3715,0.3695,0.3705
detectree2,tcd_tile_3555,Northern Zanzibar-Inhambane coastal forest mosaic,African tropical forest,,304,0.4745,45,55,8,47,37,0.1455,0.1778,0.16,0.2914,0.3007,0.296
detectree2,tcd_tile_3556,,Other,,1055,0.4745,131,46,10,36,121,0.2174,0.0763,0.113,0.1364,0.1134,0.1238
detectree2,tcd_tile_3557,Eastern Mediterranean conifer-sclerophyllous-broadleaf forests,Other,,82,0.4745,301,115,55,60,246,0.4783,0.1827,0.2644,0.3924,0.2109,0.2744
detectree2,tcd_tile_3558,Sulawesi lowland rain forests,SE Asian & Pacific rainforest,,3516,0.4745,106,121,28,93,78,0.2314,0.2642,0.2467,0.4509,0.4721,0.4612
detectree2,tcd_tile_3559,Mato Grosso seasonal forests,Latin American forest,,3023,0.4745,82,97,15,82,67,0.1546,0.1829,0.1676,0.2466,0.3308,0.2825
detectree2,tcd_tile_356,Western Guinean lowland forests,African tropical forest,,4159,0.4745,84,94,12,82,72,0.1277,0.1429,0.1348,0.0742,0.4934,0.129
detectree2,tcd_tile_3560,Bahia coastal forests,Latin American forest,,4326,0.4745,123,142,35,107,88,0.2465,0.2846,0.2642,0.2328,0.5124,0.3201
detectree2,tcd_tile_3561,Northern California coastal forests,N. American forest,,2206,0.4745,4,122,3,119,1,0.0246,0.75,0.0476,0.9389,0.4671,0.6239
detectree2,tcd_tile_3562,Central Indochina dry forests,Other,,2639,0.4745,2,55,1,54,1,0.0182,0.5,0.0351,1.0,0.2729,0.4288
detectree2,tcd_tile_3563,Snake-Columbia shrub steppe,Other,,1317,0.4745,43,113,10,103,33,0.0885,0.2326,0.1282,0.7938,0.4355,0.5624
detectree2,tcd_tile_3564,Caucasus mixed forests,European forest,,3491,0.4745,9,27,6,21,3,0.2222,0.6667,0.3333,0.7424,0.0752,0.1365
detectree2,tcd_tile_3565,Bahia coastal forests,Latin American forest,,1875,0.4745,1,121,1,120,0,0.0083,1.0,0.0164,1.0,0.3383,0.5056
detectree2,tcd_tile_3566,East European forest steppe,European forest,,4984,0.4745,13,27,5,22,8,0.1852,0.3846,0.25,0.421,0.1088,0.1729
detectree2,tcd_tile_3567,Madeira-Tapajós moist forests,Latin American forest,,1075,0.4745,1,234,1,233,0,0.0043,1.0,0.0085,0.9996,0.4936,0.6609
detectree2,tcd_tile_3568,Central European mixed forests,European forest,,4946,0.4745,67,47,9,38,58,0.1915,0.1343,0.1579,0.112,0.43,0.1778
detectree2,tcd_tile_3569,Tigris-Euphrates alluvial salt marsh,Other,,1301,0.4745,20,14,0,14,20,0.0,0.0,0.0,0.0038,0.0243,0.0066
detectree2,tcd_tile_357,,Other,,3716,0.4745,0,2,0,2,0,0.0,0.0,0.0,0.0,0.0,0.0
detectree2,tcd_tile_3570,Southern Great Lakes forests,N. American forest,,1109,0.4745,96,57,18,39,78,0.3158,0.1875,0.2353,0.1707,0.3855,0.2366
detectree2,tcd_tile_3571,Hispaniolan moist forests,SE Asian & Pacific rainforest,,4367,0.4745,46,25,3,22,43,0.12,0.0652,0.0845,0.0329,0.2356,0.0577
detectree2,tcd_tile_3572,Appalachian mixed mesophytic forests,Other,,3407,0.4745,242,102,8,94,234,0.0784,0.0331,0.0465,0.0684,0.2938,0.1109
detectree2,tcd_tile_3573,,Other,,579,0.4745,44,7,2,5,42,0.2857,0.0455,0.0784,0.1107,0.0974,0.1036
detectree2,tcd_tile_3574,Mato Grosso seasonal forests,Latin American forest,,3771,0.4745,29,79,12,67,17,0.1519,0.4138,0.2222,0.4263,0.4829,0.4528
detectree2,tcd_tile_3575,Sarmatic mixed forests,European forest,,592,0.4745,16,58,6,52,10,0.1034,0.375,0.1622,0.2694,0.254,0.2615
detectree2,tcd_tile_3576,Sierra Nevada forests,N. American forest,,2853,0.4745,121,59,16,43,105,0.2712,0.1322,0.1778,0.3901,0.2507,0.3052
detectree2,tcd_tile_3577,Araucaria moist forests,Other,,671,0.4745,103,78,34,44,69,0.4359,0.3301,0.3757,0.234,0.6378,0.3424
detectree2,tcd_tile_3578,Mindanao-Eastern Visayas rain forests,SE Asian & Pacific rainforest,,1564,0.4745,21,76,5,71,16,0.0658,0.2381,0.1031,0.021,0.4175,0.0401
detectree2,tcd_tile_3579,Maputaland coastal forest mosaic,African tropical forest,,139,0.4745,42,50,9,41,33,0.18,0.2143,0.1957,0.0429,0.4549,0.0785
detectree2,tcd_tile_358,Mindanao-Eastern Visayas rain forests,SE Asian & Pacific rainforest,,2617,0.4745,92,33,4,29,88,0.1212,0.0435,0.064,0.1581,0.1914,0.1732
detectree2,tcd_tile_3580,Central American pine-oak forests,Other,,3986,0.4745,10,118,1,117,9,0.0085,0.1,0.0156,0.9281,0.3585,0.5172
detectree2,tcd_tile_3581,Northern Zanzibar-Inhambane coastal forest mosaic,African tropical forest,,2276,0.4745,42,102,1,101,41,0.0098,0.0238,0.0139,0.9871,0.2288,0.3715
detectree2,tcd_tile_3582,Sarmatic mixed forests,European forest,,2390,0.4745,5,13,1,12,4,0.0769,0.2,0.1111,0.0674,0.5205,0.1193
detectree2,tcd_tile_3583,Southern Great Lakes forests,N. American forest,,463,0.4745,119,79,17,62,102,0.2152,0.1429,0.1717,0.3253,0.6713,0.4383
detectree2,tcd_tile_3584,Sulawesi lowland rain forests,SE Asian & Pacific rainforest,,4739,0.4745,201,58,23,35,178,0.3966,0.1144,0.1776,0.1917,0.4745,0.2731
detectree2,tcd_tile_3585,Changjiang Plain evergreen forests,Other,,3513,0.4745,19,14,1,13,18,0.0714,0.0526,0.0606,0.0077,0.1371,0.0146
detectree2,tcd_tile_3586,Northeastern coastal forests,N. American forest,,2112,0.4745,4,116,4,112,0,0.0345,1.0,0.0667,0.7624,0.5838,0.6612
detectree2,tcd_tile_3587,Balkan mixed forests,European forest,,2833,0.4745,2,10,1,9,1,0.1,0.5,0.1667,0.6573,0.4671,0.5462
detectree2,tcd_tile_3588,Southern Zanzibar-Inhambane coastal forest mosaic,African tropical forest,,3198,0.4745,31,49,7,42,24,0.1429,0.2258,0.175,0.2053,0.501,0.2913
detectree2,tcd_tile_3589,Middle Atlantic coastal forests,Other,,3913,0.4745,109,103,19,84,90,0.1845,0.1743,0.1792,0.4357,0.3256,0.3727
detectree2,tcd_tile_359,Western Siberian hemiboreal forests,Other,,2184,0.4745,16,61,6,55,10,0.0984,0.375,0.1558,0.7412,0.3765,0.4994
detectree2,tcd_tile_3590,Mindanao-Eastern Visayas rain forests,SE Asian & Pacific rainforest,,880,0.4745,426,244,93,151,333,0.3811,0.2183,0.2776,0.3081,0.7391,0.4349
detectree2,tcd_tile_3591,Celtic broadleaf forests,European forest,,2754,0.4745,52,54,11,43,41,0.2037,0.2115,0.2075,0.1326,0.3799,0.1966
detectree2,tcd_tile_3592,Northern Zanzibar-Inhambane coastal forest mosaic,African tropical forest,,1765,0.4745,263,202,78,124,185,0.3861,0.2966,0.3355,0.7952,0.4252,0.5541
detectree2,tcd_tile_3593,Taiheiyo montane deciduous forests,Other,,4344,0.4745,0,13,0,13,0,0.0,0.0,0.0,0.0,0.0,0.0
detectree2,tcd_tile_3594,Southern Great Lakes forests,N. American forest,,3176,0.4745,22,20,1,19,21,0.05,0.0455,0.0476,0.1928,0.1867,0.1897
detectree2,tcd_tile_3595,South Central Rockies forests,Other,,4729,0.4745,57,13,6,7,51,0.4615,0.1053,0.1714,0.2647,0.1067,0.1521
detectree2,tcd_tile_3596,Balkan mixed forests,European forest,,2460,0.4745,41,164,15,149,26,0.0915,0.3659,0.1463,0.7374,0.5485,0.6291
detectree2,tcd_tile_3597,Balkan mixed forests,European forest,,1804,0.4745,46,17,6,11,40,0.3529,0.1304,0.1905,0.3485,0.3996,0.3723
detectree2,tcd_tile_3598,Changjiang Plain evergreen forests,Other,,2194,0.4745,124,52,23,29,101,0.4423,0.1855,0.2614,0.6452,0.2652,0.3758
detectree2,tcd_tile_3599,Sarmatic mixed forests,European forest,,2396,0.4745,33,6,0,6,33,0.0,0.0,0.0,0.0118,0.0579,0.0196
detectree2,tcd_tile_36,West Sudanian savanna,Arid / dryland,,1009,0.4745,150,106,40,66,110,0.3774,0.2667,0.3125,0.3812,0.4097,0.395
detectree2,tcd_tile_360,Atlantic mixed forests,European forest,,4358,0.4745,21,58,8,50,13,0.1379,0.381,0.2025,0.182,0.341,0.2373
detectree2,tcd_tile_3600,Southeast Australia temperate forests,Other,,2971,0.4745,56,65,21,44,35,0.3231,0.375,0.3471,0.253,0.2857,0.2684
detectree2,tcd_tile_3601,Himalayan subtropical pine forests,Other,,4281,0.4745,117,55,10,45,107,0.1818,0.0855,0.1163,0.6424,0.2656,0.3758
detectree2,tcd_tile_3602,,Other,,3985,0.4745,0,19,0,19,0,0.0,0.0,0.0,0.0,0.0,0.0
detectree2,tcd_tile_3603,Mindanao-Eastern Visayas rain forests,SE Asian & Pacific rainforest,,3295,0.4745,132,93,17,76,115,0.1828,0.1288,0.1511,0.6447,0.2705,0.3811
detectree2,tcd_tile_3604,Central Indochina dry forests,Other,,4285,0.4745,178,143,61,82,117,0.4266,0.3427,0.3801,0.4011,0.7171,0.5144
detectree2,tcd_tile_3605,Eastern Guinean forests,African tropical forest,,2664,0.4745,3,10,2,8,1,0.2,0.6667,0.3077,0.1001,0.0229,0.0372
detectree2,tcd_tile_3606,Lesser Sundas deciduous forests,SE Asian & Pacific rainforest,,1655,0.4745,18,27,2,25,16,0.0741,0.1111,0.0889,0.1576,0.215,0.1819
detectree2,tcd_tile_3607,Eastern Java-Bali rain forests,SE Asian & Pacific rainforest,,4953,0.4745,64,46,7,39,57,0.1522,0.1094,0.1273,0.139,0.2506,0.1788
detectree2,tcd_tile_3608,Central European mixed forests,European forest,,2723,0.4745,29,10,3,7,26,0.3,0.1034,0.1538,0.3306,0.756,0.4601
detectree2,tcd_tile_3609,,Other,,936,0.4745,55,93,32,61,23,0.3441,0.5818,0.4324,0.4577,0.6501,0.5372
detectree2,tcd_tile_361,Balkan mixed forests,European forest,,2246,0.4745,217,131,58,73,159,0.4427,0.2673,0.3333,0.2983,0.6157,0.4019
detectree2,tcd_tile_3610,Hokkaido deciduous forests,Other,,2813,0.4745,1,29,1,28,0,0.0345,1.0,0.0667,0.1596,0.4374,0.2339
detectree2,tcd_tile_3611,Upper Gangetic Plains moist deciduous forests,Other,,2442,0.4745,85,81,19,62,66,0.2346,0.2235,0.2289,0.8195,0.6396,0.7184
detectree2,tcd_tile_3612,Northern Zanzibar-Inhambane coastal forest mosaic,African tropical forest,,2107,0.4745,298,153,95,58,203,0.6209,0.3188,0.4213,0.5691,0.5173,0.5419
detectree2,tcd_tile_3613,Central European mixed forests,European forest,,3662,0.4745,21,31,6,25,15,0.1935,0.2857,0.2308,0.135,0.4733,0.21
detectree2,tcd_tile_3614,Northern Anatolian conifer and deciduous forests,Other,,1387,0.4745,7,27,4,23,3,0.1481,0.5714,0.2353,0.0918,0.3241,0.1431
detectree2,tcd_tile_3615,Central European mixed forests,European forest,,4005,0.4745,139,121,46,75,93,0.3802,0.3309,0.3538,0.2955,0.595,0.3949
detectree2,tcd_tile_3616,Iquitos varzeá,Other,,2553,0.4745,196,140,52,88,144,0.3714,0.2653,0.3095,0.4767,0.4217,0.4475
detectree2,tcd_tile_3617,Northern Zanzibar-Inhambane coastal forest mosaic,African tropical forest,,839,0.4745,21,53,4,49,17,0.0755,0.1905,0.1081,0.5715,0.3032,0.3962
detectree2,tcd_tile_3618,Maputaland coastal forest mosaic,African tropical forest,,380,0.4745,97,60,17,43,80,0.2833,0.1753,0.2166,0.1193,0.4128,0.1851
detectree2,tcd_tile_3619,Himalayan subtropical broadleaf forests,Other,,1517,0.4745,116,63,18,45,98,0.2857,0.1552,0.2011,0.1432,0.4248,0.2142
detectree2,tcd_tile_362,Caucasus mixed forests,European forest,,3438,0.4745,1,194,1,193,0,0.0052,1.0,0.0103,1.0,0.4878,0.6557
detectree2,tcd_tile_3620,North Central Rockies forests,N. American forest,,2731,0.4745,2,58,2,56,0,0.0345,1.0,0.0667,0.9997,0.1037,0.1879
detectree2,tcd_tile_3621,Sierra Nevada forests,N. American forest,,320,0.4745,37,6,2,4,35,0.3333,0.0541,0.093,0.1532,0.181,0.166
detectree2,tcd_tile_3622,Northern Zanzibar-Inhambane coastal forest mosaic,African tropical forest,,926,0.4745,32,69,4,65,28,0.058,0.125,0.0792,0.5682,0.1768,0.2697
detectree2,tcd_tile_3623,Maputaland coastal forest mosaic,African tropical forest,,1542,0.4745,8,33,4,29,4,0.1212,0.5,0.1951,0.1479,0.8989,0.254
detectree2,tcd_tile_3624,Southern Zanzibar-Inhambane coastal forest mosaic,African tropical forest,,1054,0.4745,8,75,6,69,2,0.08,0.75,0.1446,0.1412,0.4848,0.2188
detectree2,tcd_tile_3625,Bahia coastal forests,Latin American forest,,760,0.4745,113,164,71,93,42,0.4329,0.6283,0.5126,0.8077,0.4276,0.5592
detectree2,tcd_tile_3626,Balsas dry forests,Other,,3832,0.4745,82,48,11,37,71,0.2292,0.1341,0.1692,0.1695,0.2621,0.2059
detectree2,tcd_tile_3627,Atlantic mixed forests,European forest,,3537,0.4745,5,34,5,29,0,0.1471,1.0,0.2564,0.3835,0.3862,0.3848
detectree2,tcd_tile_3628,Luzon rain forests,SE Asian & Pacific rainforest,,811,0.4745,277,253,61,192,216,0.2411,0.2202,0.2302,0.1708,0.5114,0.2561
detectree2,tcd_tile_3629,Sarmatic mixed forests,European forest,,4694,0.4745,2,74,2,72,0,0.027,1.0,0.0526,0.201,0.5963,0.3007
detectree2,tcd_tile_363,Sierra Nevada forests,N. American forest,,2558,0.4745,32,45,7,38,25,0.1556,0.2188,0.1818,0.552,0.1891,0.2816
detectree2,tcd_tile_3630,Sierra Nevada forests,N. American forest,,4215,0.4745,27,32,5,27,22,0.1562,0.1852,0.1695,0.0436,0.7214,0.0823
detectree2,tcd_tile_3631,,Other,,401,0.4745,12,37,6,31,6,0.1622,0.5,0.2449,0.1116,0.7083,0.1928
detectree2,tcd_tile_3632,Southeastern conifer forests,N. American forest,,3528,0.4745,8,30,1,29,7,0.0333,0.125,0.0526,0.3693,0.0667,0.113
detectree2,tcd_tile_3633,Tasmanian temperate forests,Other,,2525,0.4745,3,51,2,49,1,0.0392,0.6667,0.0741,0.9511,0.2673,0.4173
detectree2,tcd_tile_3634,Magdalena Valley montane forests,Other,,4139,0.4745,103,39,13,26,90,0.3333,0.1262,0.1831,0.3818,0.3353,0.357
detectree2,tcd_tile_3635,Sarmatic mixed forests,European forest,,890,0.4745,173,151,40,111,133,0.2649,0.2312,0.2469,0.1533,0.4256,0.2254
detectree2,tcd_tile_3636,Sarmatic mixed forests,European forest,,4316,0.4745,5,42,3,39,2,0.0714,0.6,0.1277,0.0614,0.4357,0.1076
detectree2,tcd_tile_3637,Changjiang Plain evergreen forests,Other,,2020,0.4745,121,33,7,26,114,0.2121,0.0579,0.0909,0.1683,0.2207,0.1909
detectree2,tcd_tile_3638,Uatuma-Trombetas moist forests,Latin American forest,,2615,0.4745,21,22,6,16,15,0.2727,0.2857,0.2791,0.4886,0.2347,0.3171
detectree2,tcd_tile_3639,Celtic broadleaf forests,European forest,,1605,0.4745,111,58,26,32,85,0.4483,0.2342,0.3077,0.366,0.6354,0.4644
detectree2,tcd_tile_364,Northern Anatolian conifer and deciduous forests,Other,,1975,0.4745,267,77,27,50,240,0.3506,0.1011,0.157,0.3496,0.3018,0.3239
detectree2,tcd_tile_3640,Western European broadleaf forests,European forest,,2058,0.4745,7,12,3,9,4,0.25,0.4286,0.3158,0.0958,0.5015,0.1608
detectree2,tcd_tile_3641,English Lowlands beech forests,European forest,,1588,0.4745,17,48,5,43,12,0.1042,0.2941,0.1538,0.1267,0.385,0.1907
detectree2,tcd_tile_3642,Northern Zanzibar-Inhambane coastal forest mosaic,African tropical forest,,1681,0.4745,93,172,32,140,61,0.186,0.3441,0.2415,0.6954,0.3848,0.4955
detectree2,tcd_tile_3643,Southern Great Lakes forests,N. American forest,,3497,0.4745,20,17,3,14,17,0.1765,0.15,0.1622,0.2357,0.0884,0.1285
detectree2,tcd_tile_3644,Greater Negros-Panay rain forests,SE Asian & Pacific rainforest,,2415,0.4745,49,36,6,30,43,0.1667,0.1224,0.1412,0.1062,0.6355,0.1819
detectree2,tcd_tile_3645,Central Zambezian Miombo woodlands,Other,,796,0.4745,153,32,15,17,138,0.4688,0.098,0.1622,0.1527,0.3187,0.2065
detectree2,tcd_tile_3646,Northern Zanzibar-Inhambane coastal forest mosaic,African tropical forest,,1489,0.4745,219,155,43,112,176,0.2774,0.1963,0.2299,0.3963,0.3426,0.3675
detectree2,tcd_tile_3647,Atlantic coastal pine barrens,Other,,2861,0.4745,87,18,4,14,83,0.2222,0.046,0.0762,0.2697,0.3142,0.2903
detectree2,tcd_tile_3648,Balkan mixed forests,European forest,,1888,0.4745,45,32,6,26,39,0.1875,0.1333,0.1558,0.2164,0.4724,0.2968
detectree2,tcd_tile_3649,Scandinavian Montane Birch forest and grasslands,Other,,1039,0.4745,40,20,2,18,38,0.1,0.05,0.0667,0.2791,0.2911,0.285
detectree2,tcd_tile_365,East African mangroves,Other,,2266,0.4745,84,45,20,25,64,0.4444,0.2381,0.3101,0.2448,0.4836,0.3251
detectree2,tcd_tile_3650,Northern Acacia-Commiphora bushlands and thickets,Other,,501,0.4745,97,7,4,3,93,0.5714,0.0412,0.0769,0.5666,0.1215,0.2
detectree2,tcd_tile_3651,Northeastern coastal forests,N. American forest,,3436,0.4745,107,113,41,72,66,0.3628,0.3832,0.3727,0.4612,0.8243,0.5915
detectree2,tcd_tile_3652,Bahia coastal forests,Latin American forest,,678,0.4745,20,75,12,63,8,0.16,0.6,0.2526,0.4002,0.3484,0.3725
detectree2,tcd_tile_3653,Luzon rain forests,SE Asian & Pacific rainforest,,4569,0.4745,153,88,14,74,139,0.1591,0.0915,0.1162,0.362,0.3642,0.3631
detectree2,tcd_tile_3654,Changjiang Plain evergreen forests,Other,,4410,0.4745,67,35,12,23,55,0.3429,0.1791,0.2353,0.7165,0.1807,0.2886
detectree2,tcd_tile_3655,Central and Southern mixed grasslands,Other,,500,0.4745,122,37,10,27,112,0.2703,0.082,0.1258,0.3187,0.2203,0.2606
detectree2,tcd_tile_3656,Bahia coastal forests,Latin American forest,,3456,0.4745,14,133,2,131,12,0.015,0.1429,0.0272,0.9361,0.3094,0.465
detectree2,tcd_tile_3657,Central American pine-oak forests,Other,,739,0.4745,378,100,28,72,350,0.28,0.0741,0.1172,0.2842,0.2611,0.2722
detectree2,tcd_tile_3658,Bahia coastal forests,Latin American forest,,4108,0.4745,1,62,1,61,0,0.0161,1.0,0.0317,0.9998,0.1921,0.3222
detectree2,tcd_tile_3659,Sarmatic mixed forests,European forest,,2643,0.4745,1,11,1,10,0,0.0909,1.0,0.1667,0.9172,0.0342,0.066
detectree2,tcd_tile_366,Mindanao-Eastern Visayas rain forests,SE Asian & Pacific rainforest,,826,0.4745,79,54,10,44,69,0.1852,0.1266,0.1504,0.2775,0.4652,0.3476
detectree2,tcd_tile_3660,Lesser Sundas deciduous forests,SE Asian & Pacific rainforest,,2769,0.4745,18,23,4,19,14,0.1739,0.2222,0.1951,0.0754,0.2733,0.1182
detectree2,tcd_tile_3661,Northern Zanzibar-Inhambane coastal forest mosaic,African tropical forest,,209,0.4745,15,58,1,57,14,0.0172,0.0667,0.0274,0.6753,0.2278,0.3407
detectree2,tcd_tile_3662,Northern Zanzibar-Inhambane coastal forest mosaic,African tropical forest,,2984,0.4745,125,94,28,66,97,0.2979,0.224,0.2557,0.2815,0.3127,0.2963
detectree2,tcd_tile_3663,Madeira-Tapajós moist forests,Latin American forest,,940,0.4745,1,217,1,216,0,0.0046,1.0,0.0092,0.9999,0.5087,0.6744
detectree2,tcd_tile_3664,Changjiang Plain evergreen forests,Other,,4383,0.4745,192,68,40,28,152,0.5882,0.2083,0.3077,0.3417,0.27,0.3016
detectree2,tcd_tile_3665,Sarmatic mixed forests,European forest,,2593,0.4745,29,14,1,13,28,0.0714,0.0345,0.0465,0.0586,0.1479,0.084
detectree2,tcd_tile_3666,Changjiang Plain evergreen forests,Other,,4889,0.4745,137,62,44,18,93,0.7097,0.3212,0.4422,0.7049,0.3109,0.4314
detectree2,tcd_tile_3667,Upper Midwest forest-savanna transition,N. American forest,,2901,0.4745,34,18,4,14,30,0.2222,0.1176,0.1538,0.2405,0.484,0.3213
detectree2,tcd_tile_3668,Central European mixed forests,European forest,,4337,0.4745,33,11,1,10,32,0.0909,0.0303,0.0455,0.0207,0.0302,0.0246
detectree2,tcd_tile_3669,Sumatran lowland rain forests,SE Asian & Pacific rainforest,,323,0.4745,14,47,4,43,10,0.0851,0.2857,0.1311,0.9459,0.2556,0.4024
detectree2,tcd_tile_367,Northern Zanzibar-Inhambane coastal forest mosaic,African tropical forest,,1807,0.4745,158,89,35,54,123,0.3933,0.2215,0.2834,0.2375,0.5565,0.3329
detectree2,tcd_tile_3670,Celtic broadleaf forests,European forest,,3038,0.4745,65,46,7,39,58,0.1522,0.1077,0.1261,0.4604,0.2911,0.3567
detectree2,tcd_tile_3671,Eastern Great Lakes lowland forests,N. American forest,,2922,0.4745,11,20,4,16,7,0.2,0.3636,0.2581,0.3596,0.282,0.3161
detectree2,tcd_tile_3672,Central European mixed forests,European forest,,3886,0.4745,34,36,11,25,23,0.3056,0.3235,0.3143,0.4276,0.3364,0.3766
detectree2,tcd_tile_3673,Veracruz moist forests,Other,,1525,0.4745,141,47,22,25,119,0.4681,0.156,0.234,0.1021,0.4423,0.166
detectree2,tcd_tile_3674,Sierra Nevada forests,N. American forest,,3534,0.4745,72,12,1,11,71,0.0833,0.0139,0.0238,0.0274,0.0516,0.0358
detectree2,tcd_tile_3675,Sierra Nevada forests,N. American forest,,115,0.4745,90,62,38,24,52,0.6129,0.4222,0.5,0.5138,0.5328,0.5231
detectree2,tcd_tile_3676,Crimean Submediterranean forest complex,Other,,2536,0.4745,82,120,26,94,56,0.2167,0.3171,0.2574,0.8626,0.3424,0.4902
detectree2,tcd_tile_3677,Celtic broadleaf forests,European forest,,1959,0.4745,1,12,1,11,0,0.0833,1.0,0.1538,0.2923,0.3856,0.3325
detectree2,tcd_tile_3678,Sierra Nevada forests,N. American forest,,462,0.4745,81,35,22,13,59,0.6286,0.2716,0.3793,0.4869,0.4197,0.4508
detectree2,tcd_tile_3679,Western European broadleaf forests,European forest,,95,0.4745,12,45,9,36,3,0.2,0.75,0.3158,0.2386,0.2324,0.2355
detectree2,tcd_tile_368,Changjiang Plain evergreen forests,Other,,381,0.4745,232,116,81,35,151,0.6983,0.3491,0.4655,0.5297,0.4975,0.5131
detectree2,tcd_tile_3680,Vanuatu rain forests,Other,,1575,0.4745,4,140,2,138,2,0.0143,0.5,0.0278,0.9508,0.3705,0.5333
detectree2,tcd_tile_3681,East European forest steppe,European forest,,448,0.4745,3,62,2,60,1,0.0323,0.6667,0.0615,0.6532,0.5403,0.5914
detectree2,tcd_tile_3682,Southern Great Lakes forests,N. American forest,,2988,0.4745,106,59,27,32,79,0.4576,0.2547,0.3273,0.6131,0.5639,0.5875
detectree2,tcd_tile_3683,Timor and Wetar deciduous forests,SE Asian & Pacific rainforest,,772,0.4745,106,98,54,44,52,0.551,0.5094,0.5294,0.5602,0.5769,0.5684
detectree2,tcd_tile_3684,Southeastern conifer forests,N. American forest,,4884,0.4745,0,35,0,35,0,0.0,0.0,0.0,0.0,0.0,0.0
detectree2,tcd_tile_3685,Sarmatic mixed forests,European forest,,3267,0.4745,1,22,1,21,0,0.0455,1.0,0.087,0.0629,0.549,0.1128
detectree2,tcd_tile_3686,Western European broadleaf forests,European forest,,1061,0.4745,38,51,11,40,27,0.2157,0.2895,0.2472,0.0623,0.515,0.1111
detectree2,tcd_tile_3687,Carpathian montane forests,Other,,5000,0.4745,18,28,3,25,15,0.1071,0.1667,0.1304,0.0541,0.0999,0.0702
detectree2,tcd_tile_3688,Himalayan subtropical pine forests,Other,,4956,0.4745,86,92,7,85,79,0.0761,0.0814,0.0787,0.3294,0.1931,0.2435
detectree2,tcd_tile_3689,Southeastern mixed forests,N. American forest,,4479,0.4745,3,26,2,24,1,0.0769,0.6667,0.1379,0.0116,0.829,0.0229
detectree2,tcd_tile_369,Mindanao-Eastern Visayas rain forests,SE Asian & Pacific rainforest,,4071,0.4745,253,106,26,80,227,0.2453,0.1028,0.1448,0.3885,0.3833,0.3859
detectree2,tcd_tile_3690,Northern Zanzibar-Inhambane coastal forest mosaic,African tropical forest,,438,0.4745,43,126,10,116,33,0.0794,0.2326,0.1183,0.7383,0.3199,0.4464
detectree2,tcd_tile_3691,Luzon rain forests,SE Asian & Pacific rainforest,,4613,0.4745,174,146,42,104,132,0.2877,0.2414,0.2625,0.3076,0.4685,0.3714
detectree2,tcd_tile_3692,Taiheiyo evergreen forests,Other,,3283,0.4745,23,86,11,75,12,0.1279,0.4783,0.2018,0.6193,0.3154,0.418
detectree2,tcd_tile_3693,Pannonian mixed forests,European forest,,4873,0.4745,86,64,10,54,76,0.1562,0.1163,0.1333,0.4422,0.3465,0.3885
detectree2,tcd_tile_3694,Central U.S. hardwood forests,N. American forest,,186,0.4745,37,20,5,15,32,0.25,0.1351,0.1754,0.189,0.5219,0.2775
detectree2,tcd_tile_3695,Northeastern coastal forests,N. American forest,,3368,0.4745,4,30,4,26,0,0.1333,1.0,0.2353,0.5915,0.178,0.2737
detectree2,tcd_tile_3696,Taiwan subtropical evergreen forests,SE Asian & Pacific rainforest,,4113,0.4745,32,57,9,48,23,0.1579,0.2812,0.2022,0.4061,0.3689,0.3866
detectree2,tcd_tile_3697,Western Java rain forests,Other,,980,0.4745,318,48,12,36,306,0.25,0.0377,0.0656,0.3199,0.4143,0.361
detectree2,tcd_tile_3698,Eastern Java-Bali rain forests,SE Asian & Pacific rainforest,,4503,0.4745,0,48,0,48,0,0.0,0.0,0.0,0.0,0.0,0.0
detectree2,tcd_tile_3699,Bahia coastal forests,Latin American forest,,1029,0.4745,108,58,10,48,98,0.1724,0.0926,0.1205,0.1185,0.1477,0.1315
detectree2,tcd_tile_37,Chilean matorral,Arid / dryland,,1209,0.4745,0,11,0,11,0,0.0,0.0,0.0,0.0,0.0,0.0
detectree2,tcd_tile_370,Southern Great Lakes forests,N. American forest,,4523,0.4745,74,10,9,1,65,0.9,0.1216,0.2143,0.9261,0.0589,0.1108
detectree2,tcd_tile_3700,Magdalena Valley montane forests,Other,,2583,0.4745,133,94,35,59,98,0.3723,0.2632,0.3084,0.4504,0.5593,0.499
detectree2,tcd_tile_3701,Bahia coastal forests,Latin American forest,,2515,0.4745,3,60,1,59,2,0.0167,0.3333,0.0317,0.9591,0.3135,0.4725
detectree2,tcd_tile_3702,Maputaland coastal forest mosaic,African tropical forest,,3752,0.4745,9,18,3,15,6,0.1667,0.3333,0.2222,0.0546,0.52,0.0988
detectree2,tcd_tile_3703,Northern Zanzibar-Inhambane coastal forest mosaic,African tropical forest,,3052,0.4745,66,96,15,81,51,0.1562,0.2273,0.1852,0.8222,0.3537,0.4946
detectree2,tcd_tile_3704,Uatuma-Trombetas moist forests,Latin American forest,,2299,0.4745,37,20,8,12,29,0.4,0.2162,0.2807,0.5755,0.3323,0.4213
detectree2,tcd_tile_3705,Southeastern mixed forests,N. American forest,,2767,0.4745,20,39,6,33,14,0.1538,0.3,0.2034,0.8549,0.3763,0.5226
detectree2,tcd_tile_3706,Northern Zanzibar-Inhambane coastal forest mosaic,African tropical forest,,645,0.4745,138,71,29,42,109,0.4085,0.2101,0.2775,0.353,0.5061,0.4159
detectree2,tcd_tile_3707,Western Java rain forests,Other,,160,0.4745,69,93,21,72,48,0.2258,0.3043,0.2593,0.1406,0.7682,0.2378
detectree2,tcd_tile_3708,Northern Zanzibar-Inhambane coastal forest mosaic,African tropical forest,,2182,0.4745,21,36,5,31,16,0.1389,0.2381,0.1754,0.0433,0.8059,0.0823
detectree2,tcd_tile_3709,East European forest steppe,European forest,,4306,0.4745,37,44,10,34,27,0.2273,0.2703,0.2469,0.2654,0.4439,0.3322
detectree2,tcd_tile_371,Sarmatic mixed forests,European forest,,4730,0.4745,6,54,3,51,3,0.0556,0.5,0.1,0.6554,0.3083,0.4193
detectree2,tcd_tile_3710,Peruvian Yungas,Latin American forest,,2356,0.4745,9,41,0,41,9,0.0,0.0,0.0,0.0005,0.1948,0.001
detectree2,tcd_tile_3711,Upper Gangetic Plains moist deciduous forests,Other,,3839,0.4745,43,44,14,30,29,0.3182,0.3256,0.3218,0.4438,0.3816,0.4103
detectree2,tcd_tile_3712,Central European mixed forests,European forest,,3299,0.4745,27,58,9,49,18,0.1552,0.3333,0.2118,0.4907,0.4759,0.4832
detectree2,tcd_tile_3713,Alps conifer and mixed forests,European forest,,4254,0.4745,1,6,1,5,0,0.1667,1.0,0.2857,0.153,0.1169,0.1325
detectree2,tcd_tile_3714,Atlantic dry forests,Other,,1143,0.4745,312,87,42,45,270,0.4828,0.1346,0.2105,0.1979,0.5428,0.2901
detectree2,tcd_tile_3715,Pontic steppe,Other,,1381,0.4745,43,89,22,67,21,0.2472,0.5116,0.3333,0.5276,0.4774,0.5012
detectree2,tcd_tile_3716,Sarmatic mixed forests,European forest,,4599,0.4745,36,6,0,6,36,0.0,0.0,0.0,0.0,0.0,0.0
detectree2,tcd_tile_3717,Luzon rain forests,SE Asian & Pacific rainforest,,4630,0.4745,125,57,2,55,123,0.0351,0.016,0.022,0.3808,0.2876,0.3277
detectree2,tcd_tile_3718,Balkan mixed forests,European forest,,3911,0.4745,44,32,9,23,35,0.2812,0.2045,0.2368,0.5737,0.4492,0.5039
detectree2,tcd_tile_3719,Northern Zanzibar-Inhambane coastal forest mosaic,African tropical forest,,4566,0.4745,300,101,27,74,273,0.2673,0.09,0.1347,0.6534,0.4375,0.5241
detectree2,tcd_tile_372,Taiheiyo montane deciduous forests,Other,,5068,0.4745,0,10,0,10,0,0.0,0.0,0.0,0.0,0.0,0.0
detectree2,tcd_tile_3720,Sulawesi lowland rain forests,SE Asian & Pacific rainforest,,4584,0.4745,223,102,56,46,167,0.549,0.2511,0.3446,0.2872,0.4402,0.3476
detectree2,tcd_tile_3721,Celtic broadleaf forests,European forest,,3152,0.4745,5,47,2,45,3,0.0426,0.4,0.0769,0.9265,0.3604,0.5189
detectree2,tcd_tile_3722,,Other,,3413,0.4745,27,79,14,65,13,0.1772,0.5185,0.2642,0.8252,0.2086,0.3331
detectree2,tcd_tile_3723,Northeastern coastal forests,N. American forest,,3623,0.4745,98,128,31,97,67,0.2422,0.3163,0.2743,0.5989,0.7384,0.6614
detectree2,tcd_tile_3724,Mindanao-Eastern Visayas rain forests,SE Asian & Pacific rainforest,,626,0.4745,231,123,42,81,189,0.3415,0.1818,0.2373,0.2677,0.5394,0.3578
detectree2,tcd_tile_3725,Changjiang Plain evergreen forests,Other,,2186,0.4745,275,42,20,22,255,0.4762,0.0727,0.1262,0.108,0.1864,0.1368
detectree2,tcd_tile_3726,Eastern Guinean forests,African tropical forest,,2386,0.4745,2,45,1,44,1,0.0222,0.5,0.0426,0.0995,0.4062,0.1598
detectree2,tcd_tile_3727,Himalayan subtropical broadleaf forests,Other,,4104,0.4745,49,78,17,61,32,0.2179,0.3469,0.2677,0.2629,0.4555,0.3334
detectree2,tcd_tile_3728,Madeira-Tapajós moist forests,Latin American forest,,1112,0.4745,1,154,1,153,0,0.0065,1.0,0.0129,1.0,0.4958,0.6629
detectree2,tcd_tile_3729,Sumatran lowland rain forests,SE Asian & Pacific rainforest,,651,0.4745,59,140,5,135,54,0.0357,0.0847,0.0503,0.7583,0.253,0.3794
detectree2,tcd_tile_373,Scandinavian coastal conifer forests,Other,,1917,0.4745,0,1,0,1,0,0.0,0.0,0.0,0.0,0.0,0.0
detectree2,tcd_tile_3730,Central European mixed forests,European forest,,4710,0.4745,0,25,0,25,0,0.0,0.0,0.0,0.0,0.0,0.0
detectree2,tcd_tile_3731,Appalachian-Blue Ridge forests,N. American forest,,4048,0.4745,55,34,2,32,53,0.0588,0.0364,0.0449,0.2826,0.2016,0.2353
detectree2,tcd_tile_3732,North Central Rockies forests,N. American forest,,2385,0.4745,1,119,1,118,0,0.0084,1.0,0.0167,0.9881,0.2098,0.3461
detectree2,tcd_tile_3733,Central European mixed forests,European forest,,3884,0.4745,30,2,0,2,30,0.0,0.0,0.0,0.0,0.0,0.0
detectree2,tcd_tile_3734,Tigris-Euphrates alluvial salt marsh,Other,,351,0.4745,27,30,4,26,23,0.1333,0.1481,0.1404,0.066,0.5449,0.1178
detectree2,tcd_tile_3735,Scandinavian and Russian taiga,Other,,48,0.4745,96,82,20,62,76,0.2439,0.2083,0.2247,0.4667,0.5807,0.5175
detectree2,tcd_tile_3736,Ucayali moist forests,Latin American forest,,2543,0.4745,22,65,6,59,16,0.0923,0.2727,0.1379,0.7519,0.3559,0.4831
detectree2,tcd_tile_3737,Timor and Wetar deciduous forests,SE Asian & Pacific rainforest,,4964,0.4745,95,54,13,41,82,0.2407,0.1368,0.1745,0.2353,0.5034,0.3207
detectree2,tcd_tile_3738,Celtic broadleaf forests,European forest,,3847,0.4745,17,47,4,43,13,0.0851,0.2353,0.125,0.7696,0.6,0.6743
detectree2,tcd_tile_3739,Southeastern mixed forests,N. American forest,,4015,0.4745,31,56,7,49,24,0.125,0.2258,0.1609,0.4659,0.2985,0.3638
detectree2,tcd_tile_374,Atlantic mixed forests,European forest,,4294,0.4745,10,69,6,63,4,0.087,0.6,0.1519,0.2733,0.4801,0.3483
detectree2,tcd_tile_3740,Northern Zanzibar-Inhambane coastal forest mosaic,African tropical forest,,3616,0.4745,40,133,10,123,30,0.0752,0.25,0.1156,0.755,0.4032,0.5257
detectree2,tcd_tile_3741,Vanuatu rain forests,Other,,1775,0.4745,53,18,3,15,50,0.1667,0.0566,0.0845,0.2472,0.0688,0.1077
detectree2,tcd_tile_3742,Eastern Guinean forests,African tropical forest,,2701,0.4745,89,15,5,10,84,0.3333,0.0562,0.0962,0.2093,0.1402,0.1679
detectree2,tcd_tile_3743,Taiheiyo evergreen forests,Other,,2852,0.4745,179,78,24,54,155,0.3077,0.1341,0.1868,0.1658,0.5624,0.2561
detectree2,tcd_tile_3744,Granitic Seychelles forests,Other,,3097,0.4745,0,14,0,14,0,0.0,0.0,0.0,0.0,0.0,0.0
detectree2,tcd_tile_3745,Western European broadleaf forests,European forest,,4843,0.4745,9,153,8,145,1,0.0523,0.8889,0.0988,0.9747,0.4238,0.5908
detectree2,tcd_tile_3746,Cerrado,Latin American forest,,802,0.4745,1,2,0,2,1,0.0,0.0,0.0,0.0,0.0,0.0
detectree2,tcd_tile_3747,Atlantic mixed forests,European forest,,4776,0.4745,18,54,9,45,9,0.1667,0.5,0.25,0.7083,0.3594,0.4769
detectree2,tcd_tile_3748,Bahia coastal forests,Latin American forest,,4996,0.4745,72,76,18,58,54,0.2368,0.25,0.2432,0.17,0.2471,0.2014
detectree2,tcd_tile_3749,Sarmatic mixed forests,European forest,,3484,0.4745,5,50,1,49,4,0.02,0.2,0.0364,0.8532,0.2487,0.3851
detectree2,tcd_tile_375,Northern Zanzibar-Inhambane coastal forest mosaic,African tropical forest,,4983,0.4745,177,144,48,96,129,0.3333,0.2712,0.2991,0.4509,0.4494,0.4502
detectree2,tcd_tile_3750,Eastern Guinean forests,African tropical forest,,2650,0.4745,32,77,9,68,23,0.1169,0.2812,0.1651,0.5872,0.4096,0.4826
detectree2,tcd_tile_3751,Central European mixed forests,European forest,,778,0.4745,118,35,7,28,111,0.2,0.0593,0.0915,0.2944,0.3536,0.3213
detectree2,tcd_tile_3752,Northern Zanzibar-Inhambane coastal forest mosaic,African tropical forest,,121,0.4745,34,18,11,7,23,0.6111,0.3235,0.4231,0.3434,0.3222,0.3324
detectree2,tcd_tile_3753,Pontic steppe,Other,,978,0.4745,36,86,17,69,19,0.1977,0.4722,0.2787,0.5363,0.3379,0.4146
detectree2,tcd_tile_3754,Eastern Java-Bali rain forests,SE Asian & Pacific rainforest,,4501,0.4745,17,27,4,23,13,0.1481,0.2353,0.1818,0.1142,0.1569,0.1321
detectree2,tcd_tile_3755,Western European broadleaf forests,European forest,,240,0.4745,15,33,9,24,6,0.2727,0.6,0.375,0.8091,0.5225,0.635
detectree2,tcd_tile_3756,Northeastern coastal forests,N. American forest,,2983,0.4745,2,27,1,26,1,0.037,0.5,0.069,0.4205,0.1183,0.1847
detectree2,tcd_tile_3757,Mindanao-Eastern Visayas rain forests,SE Asian & Pacific rainforest,,3105,0.4745,37,75,4,71,33,0.0533,0.1081,0.0714,0.1189,0.2842,0.1677
detectree2,tcd_tile_3758,Sulawesi lowland rain forests,SE Asian & Pacific rainforest,,2741,0.4745,103,82,15,67,88,0.1829,0.1456,0.1622,0.2924,0.4901,0.3663
detectree2,tcd_tile_3759,Nihonkai montane deciduous forests,Other,,4395,0.4745,3,58,1,57,2,0.0172,0.3333,0.0328,0.9999,0.22,0.3606
detectree2,tcd_tile_376,Bahamian pine mosaic,Other,,4985,0.4745,1,6,1,5,0,0.1667,1.0,0.2857,0.8979,0.0424,0.0811
detectree2,tcd_tile_3760,Cerrado,Latin American forest,,708,0.4745,15,60,4,56,11,0.0667,0.2667,0.1067,0.4815,0.2461,0.3257
detectree2,tcd_tile_3761,Sarmatic mixed forests,European forest,,3287,0.4745,20,99,15,84,5,0.1515,0.75,0.2521,0.6495,0.535,0.5867
detectree2,tcd_tile_3762,Southeastern conifer forests,N. American forest,,1951,0.4745,129,61,5,56,124,0.082,0.0388,0.0526,0.0289,0.2512,0.0518
detectree2,tcd_tile_3763,Hispaniolan moist forests,SE Asian & Pacific rainforest,,4944,0.4745,0,47,0,47,0,0.0,0.0,0.0,0.0,0.0,0.0
detectree2,tcd_tile_3764,Baltic mixed forests,European forest,,4651,0.4745,1,140,1,139,0,0.0071,1.0,0.0142,0.9772,0.6086,0.75
detectree2,tcd_tile_3765,,Other,,3736,0.4745,1,4,0,4,1,0.0,0.0,0.0,0.0015,0.0704,0.0029
detectree2,tcd_tile_3766,Madeira-Tapajós moist forests,Latin American forest,,1912,0.4745,1,122,1,121,0,0.0082,1.0,0.0163,1.0,0.2924,0.4525
detectree2,tcd_tile_3767,Atlantic mixed forests,European forest,,63,0.4745,29,45,15,30,14,0.3333,0.5172,0.4054,0.2522,0.5336,0.3425
detectree2,tcd_tile_3768,Mindanao-Eastern Visayas rain forests,SE Asian & Pacific rainforest,,12,0.4745,113,63,8,55,105,0.127,0.0708,0.0909,0.5218,0.4111,0.4599
detectree2,tcd_tile_3769,,Other,,1012,0.4745,0,7,0,7,0,0.0,0.0,0.0,0.0,0.0,0.0
detectree2,tcd_tile_377,East European forest steppe,European forest,,1124,0.4745,15,26,3,23,12,0.1154,0.2,0.1463,0.0113,0.4755,0.0221
detectree2,tcd_tile_3770,Madeira-Tapajós moist forests,Latin American forest,,632,0.4745,1,138,1,137,0,0.0072,1.0,0.0144,1.0,0.3656,0.5354
detectree2,tcd_tile_3771,Tongan tropical moist forests,SE Asian & Pacific rainforest,,4885,0.4745,7,50,2,48,5,0.04,0.2857,0.0702,0.9592,0.1772,0.2992
detectree2,tcd_tile_3772,Sulawesi lowland rain forests,SE Asian & Pacific rainforest,,4871,0.4745,160,94,40,54,120,0.4255,0.25,0.315,0.3448,0.4121,0.3755
detectree2,tcd_tile_3773,Taiheiyo montane deciduous forests,Other,,4176,0.4745,5,36,1,35,4,0.0278,0.2,0.0488,0.3705,0.7159,0.4883
detectree2,tcd_tile_3774,Northern Zanzibar-Inhambane coastal forest mosaic,African tropical forest,,4205,0.4745,37,26,17,9,20,0.6538,0.4595,0.5397,0.4507,0.6329,0.5265
detectree2,tcd_tile_3775,Central European mixed forests,European forest,,3867,0.4745,26,55,12,43,14,0.2182,0.4615,0.2963,0.7079,0.4241,0.5304
detectree2,tcd_tile_3776,Nigerian lowland forests,African tropical forest,,4590,0.4745,0,211,0,211,0,0.0,0.0,0.0,0.0,0.0,0.0
detectree2,tcd_tile_3777,Appalachian mixed mesophytic forests,Other,,2294,0.4745,171,62,2,60,169,0.0323,0.0117,0.0172,0.1501,0.3655,0.2128
detectree2,tcd_tile_3778,Hispaniolan moist forests,SE Asian & Pacific rainforest,,4027,0.4745,18,25,2,23,16,0.08,0.1111,0.093,0.0824,0.2259,0.1207
detectree2,tcd_tile_3779,Southern Zanzibar-Inhambane coastal forest mosaic,African tropical forest,,5023,0.4745,95,87,20,67,75,0.2299,0.2105,0.2198,0.1302,0.5465,0.2102
detectree2,tcd_tile_378,,Other,,1919,0.4745,40,12,0,12,40,0.0,0.0,0.0,0.0023,0.0528,0.0045
detectree2,tcd_tile_3780,Central European mixed forests,European forest,,4633,0.4745,0,29,0,29,0,0.0,0.0,0.0,0.0,0.0,0.0
detectree2,tcd_tile_3781,Appalachian-Blue Ridge forests,N. American forest,,617,0.4745,15,15,2,13,13,0.1333,0.1333,0.1333,0.0772,0.247,0.1177
detectree2,tcd_tile_3782,Greater Negros-Panay rain forests,SE Asian & Pacific rainforest,,211,0.4745,33,60,6,54,27,0.1,0.1818,0.129,0.0335,0.2942,0.0601
detectree2,tcd_tile_3783,Vanuatu rain forests,Other,,2049,0.4745,76,41,7,34,69,0.1707,0.0921,0.1197,0.1483,0.1769,0.1613
detectree2,tcd_tile_3784,Northeastern coastal forests,N. American forest,,3777,0.4745,59,29,9,20,50,0.3103,0.1525,0.2045,0.5975,0.4354,0.5037
detectree2,tcd_tile_3785,Western European broadleaf forests,European forest,,3359,0.4745,5,3,0,3,5,0.0,0.0,0.0,0.0,0.0,0.0
detectree2,tcd_tile_3786,Mato Grosso seasonal forests,Latin American forest,,2577,0.4745,117,95,27,68,90,0.2842,0.2308,0.2547,0.1466,0.5512,0.2316
detectree2,tcd_tile_3787,Northern Zanzibar-Inhambane coastal forest mosaic,African tropical forest,,1880,0.4745,47,137,16,121,31,0.1168,0.3404,0.1739,0.4311,0.465,0.4474
detectree2,tcd_tile_3788,North Central Rockies forests,N. American forest,,3932,0.4745,11,159,10,149,1,0.0629,0.9091,0.1176,0.8331,0.4509,0.5851
detectree2,tcd_tile_3789,Mato Grosso seasonal forests,Latin American forest,,3514,0.4745,66,75,20,55,46,0.2667,0.303,0.2837,0.1975,0.364,0.2561
detectree2,tcd_tile_379,Po Basin mixed forests,Other,,1083,0.4745,49,44,10,34,39,0.2273,0.2041,0.2151,0.2717,0.5757,0.3692
detectree2,tcd_tile_3790,Timor and Wetar deciduous forests,SE Asian & Pacific rainforest,,3649,0.4745,97,53,17,36,80,0.3208,0.1753,0.2267,0.1714,0.3154,0.2221
detectree2,tcd_tile_3791,Eastern Cordillera real montane forests,Other,,1628,0.4745,2,7,2,5,0,0.2857,1.0,0.4444,0.0644,0.4,0.1109
detectree2,tcd_tile_3792,Taiheiyo evergreen forests,Other,,2166,0.4745,162,96,21,75,141,0.2188,0.1296,0.1628,0.2434,0.3998,0.3026
detectree2,tcd_tile_3793,South Siberian forest steppe,Other,,804,0.4745,152,28,10,18,142,0.3571,0.0658,0.1111,0.367,0.2318,0.2842
detectree2,tcd_tile_3794,Northern Zanzibar-Inhambane coastal forest mosaic,African tropical forest,,1380,0.4745,235,140,80,60,155,0.5714,0.3404,0.4267,0.5538,0.5117,0.5319
detectree2,tcd_tile_3795,Iberian sclerophyllous and semi-deciduous forests,Other,,481,0.4745,690,91,56,35,634,0.6154,0.0812,0.1434,0.1812,0.2118,0.1953
detectree2,tcd_tile_3796,Northern Zanzibar-Inhambane coastal forest mosaic,African tropical forest,,3301,0.4745,178,94,42,52,136,0.4468,0.236,0.3088,0.3001,0.5126,0.3786
detectree2,tcd_tile_3797,Pannonian mixed forests,European forest,,3717,0.4745,1,106,1,105,0,0.0094,1.0,0.0187,0.9975,0.4535,0.6236
detectree2,tcd_tile_3798,Southern Great Lakes forests,N. American forest,,620,0.4745,33,24,5,19,28,0.2083,0.1515,0.1754,0.3811,0.4198,0.3995
detectree2,tcd_tile_3799,Hispaniolan moist forests,SE Asian & Pacific rainforest,,4895,0.4745,0,63,0,63,0,0.0,0.0,0.0,0.0,0.0,0.0
detectree2,tcd_tile_38,West Sudanian savanna,Arid / dryland,,572,0.4745,50,105,17,88,33,0.1619,0.34,0.2194,0.1178,0.7507,0.2037
detectree2,tcd_tile_380,Sundaland heath forests,Other,,2264,0.4745,1,105,1,104,0,0.0095,1.0,0.0189,0.9817,0.3718,0.5393
detectree2,tcd_tile_3800,Changjiang Plain evergreen forests,Other,,4581,0.4745,78,34,18,16,60,0.5294,0.2308,0.3214,0.3222,0.1714,0.2238
detectree2,tcd_tile_3801,Southeast Australia temperate forests,Other,,2855,0.4745,18,13,3,10,15,0.2308,0.1667,0.1935,0.3812,0.3895,0.3853
detectree2,tcd_tile_3802,Baltic mixed forests,European forest,,4453,0.4745,3,150,2,148,1,0.0133,0.6667,0.0261,0.9421,0.592,0.7271
detectree2,tcd_tile_3803,Central European mixed forests,European forest,,4451,0.4745,59,6,2,4,57,0.3333,0.0339,0.0615,0.5964,0.0688,0.1233
detectree2,tcd_tile_3804,North Island temperate forests,Other,,87,0.4745,8,19,4,15,4,0.2105,0.5,0.2963,0.3242,0.2288,0.2683
detectree2,tcd_tile_3805,Central European mixed forests,European forest,,2005,0.4745,31,84,18,66,13,0.2143,0.5806,0.313,0.5146,0.6477,0.5735
detectree2,tcd_tile_3806,Sri Lanka dry-zone dry evergreen forests,Other,,1622,0.4745,178,50,25,25,153,0.5,0.1404,0.2193,0.4205,0.2345,0.3011
detectree2,tcd_tile_3807,Vanuatu rain forests,Other,,1838,0.4745,1,8,1,7,0,0.125,1.0,0.2222,0.5279,0.0777,0.1355
detectree2,tcd_tile_3808,Madeira-Tapajós moist forests,Latin American forest,,2927,0.4745,1,93,1,92,0,0.0108,1.0,0.0213,1.0,0.3322,0.4987
detectree2,tcd_tile_3809,East European forest steppe,European forest,,4514,0.4745,36,26,6,20,30,0.2308,0.1667,0.1935,0.2847,0.1811,0.2214
detectree2,tcd_tile_381,Pannonian mixed forests,European forest,,2484,0.4745,120,83,38,45,82,0.4578,0.3167,0.3744,0.392,0.4918,0.4363
detectree2,tcd_tile_3810,Southeast Australia temperate forests,Other,,154,0.4745,100,71,38,33,62,0.5352,0.38,0.4444,0.5528,0.5995,0.5752
detectree2,tcd_tile_3811,Luzon rain forests,SE Asian & Pacific rainforest,,428,0.4745,115,144,14,130,101,0.0972,0.1217,0.1081,0.4248,0.3615,0.3906
detectree2,tcd_tile_3812,Northern Zanzibar-Inhambane coastal forest mosaic,African tropical forest,,2764,0.4745,185,102,40,62,145,0.3922,0.2162,0.2787,0.1579,0.2975,0.2063
detectree2,tcd_tile_3813,Hawaii tropical moist forests,Other,,1624,0.4745,4,109,4,105,0,0.0367,1.0,0.0708,0.9531,0.6445,0.769
detectree2,tcd_tile_3814,Lesser Sundas deciduous forests,SE Asian & Pacific rainforest,,1856,0.4745,74,25,4,21,70,0.16,0.0541,0.0808,0.0566,0.1361,0.08
detectree2,tcd_tile_3815,,Other,,340,0.4745,18,85,17,68,1,0.2,0.9444,0.3301,0.2507,0.666,0.3643
detectree2,tcd_tile_3816,Balkan mixed forests,European forest,,4002,0.4745,85,95,36,59,49,0.3789,0.4235,0.4,0.2603,0.5485,0.353
detectree2,tcd_tile_3817,Eastern Guinean forests,African tropical forest,,3305,0.4745,36,77,11,66,25,0.1429,0.3056,0.1947,0.4749,0.3464,0.4006
detectree2,tcd_tile_3818,Atlantic mixed forests,European forest,,3108,0.4745,7,18,5,13,2,0.2778,0.7143,0.4,0.3075,0.488,0.3773
detectree2,tcd_tile_3819,Sarmatic mixed forests,European forest,,4559,0.4745,9,76,2,74,7,0.0263,0.2222,0.0471,0.9068,0.3628,0.5182
detectree2,tcd_tile_382,Central Indochina dry forests,Other,,5038,0.4745,236,103,52,51,184,0.5049,0.2203,0.3068,0.2499,0.5298,0.3396
detectree2,tcd_tile_3820,English Lowlands beech forests,European forest,,3051,0.4745,11,8,3,5,8,0.375,0.2727,0.3158,0.1961,0.0455,0.0738
detectree2,tcd_tile_3821,Southern Pacific dry forests,Other,,1847,0.4745,63,97,14,83,49,0.1443,0.2222,0.175,0.6142,0.2887,0.3927
detectree2,tcd_tile_3822,Northern Zanzibar-Inhambane coastal forest mosaic,African tropical forest,,2449,0.4745,104,141,17,124,87,0.1206,0.1635,0.1388,0.7103,0.4233,0.5305
detectree2,tcd_tile_3823,Nigerian lowland forests,African tropical forest,,2989,0.4745,2,58,0,58,2,0.0,0.0,0.0,0.0,0.0005,0.0
detectree2,tcd_tile_3824,Southern Great Lakes forests,N. American forest,,1550,0.4745,28,9,1,8,27,0.1111,0.0357,0.0541,0.0141,0.1194,0.0252
detectree2,tcd_tile_3825,Timor and Wetar deciduous forests,SE Asian & Pacific rainforest,,4063,0.4745,228,108,36,72,192,0.3333,0.1579,0.2143,0.3896,0.3,0.339
detectree2,tcd_tile_3826,Mindanao-Eastern Visayas rain forests,SE Asian & Pacific rainforest,,2867,0.4745,64,68,3,65,61,0.0441,0.0469,0.0455,0.0262,0.3414,0.0486
detectree2,tcd_tile_3827,English Lowlands beech forests,European forest,,4094,0.4745,9,22,2,20,7,0.0909,0.2222,0.129,0.0727,0.143,0.0964
detectree2,tcd_tile_3828,Northern Zanzibar-Inhambane coastal forest mosaic,African tropical forest,,4124,0.4745,64,71,22,49,42,0.3099,0.3438,0.3259,0.3478,0.6818,0.4607
detectree2,tcd_tile_3829,Greater Negros-Panay rain forests,SE Asian & Pacific rainforest,,3445,0.4745,99,46,15,31,84,0.3261,0.1515,0.2069,0.0963,0.5572,0.1643
detectree2,tcd_tile_383,Eastern Mediterranean conifer-sclerophyllous-broadleaf forests,Other,,881,0.4745,204,65,45,20,159,0.6923,0.2206,0.3346,0.56,0.3202,0.4074
detectree2,tcd_tile_3830,Northern Zanzibar-Inhambane coastal forest mosaic,African tropical forest,,1065,0.4745,6,55,1,54,5,0.0182,0.1667,0.0328,0.0184,0.7267,0.0359
detectree2,tcd_tile_3831,East European forest steppe,European forest,,4050,0.4745,76,105,43,62,33,0.4095,0.5658,0.4751,0.7434,0.5639,0.6413
detectree2,tcd_tile_3832,Balkan mixed forests,European forest,,1212,0.4745,67,158,35,123,32,0.2215,0.5224,0.3111,0.2053,0.7294,0.3204
detectree2,tcd_tile_3833,Changjiang Plain evergreen forests,Other,,470,0.4745,302,100,51,49,251,0.51,0.1689,0.2537,0.2887,0.4118,0.3394
detectree2,tcd_tile_3834,Northern Zanzibar-Inhambane coastal forest mosaic,African tropical forest,,468,0.4745,145,149,41,108,104,0.2752,0.2828,0.2789,0.4111,0.4104,0.4107
detectree2,tcd_tile_3835,Northern Zanzibar-Inhambane coastal forest mosaic,African tropical forest,,4915,0.4745,124,116,47,69,77,0.4052,0.379,0.3917,0.1882,0.5449,0.2797
detectree2,tcd_tile_3836,North Island temperate forests,Other,,3002,0.4745,29,33,17,16,12,0.5152,0.5862,0.5484,0.4311,0.4745,0.4518
detectree2,tcd_tile_3837,East European forest steppe,European forest,,426,0.4745,6,12,1,11,5,0.0833,0.1667,0.1111,0.0146,0.6861,0.0287
detectree2,tcd_tile_3838,Timor and Wetar deciduous forests,SE Asian & Pacific rainforest,,1372,0.4745,1,89,1,88,0,0.0112,1.0,0.0222,0.9697,0.2419,0.3872
detectree2,tcd_tile_3839,Northern Zanzibar-Inhambane coastal forest mosaic,African tropical forest,,3395,0.4745,191,85,33,52,158,0.3882,0.1728,0.2391,0.2847,0.6078,0.3878
detectree2,tcd_tile_384,Luzon rain forests,SE Asian & Pacific rainforest,,4382,0.4745,0,63,0,63,0,0.0,0.0,0.0,0.0,0.0,0.0
detectree2,tcd_tile_3840,Caucasus mixed forests,European forest,,1349,0.4745,4,87,4,83,0,0.046,1.0,0.0879,0.9538,0.2027,0.3344
detectree2,tcd_tile_3841,California interior chaparral and woodlands,Other,,921,0.4745,0,3,0,3,0,0.0,0.0,0.0,0.0,0.0,0.0
detectree2,tcd_tile_3842,Western Siberian hemiboreal forests,Other,,1768,0.4745,7,17,4,13,3,0.2353,0.5714,0.3333,0.1205,0.2061,0.1521
detectree2,tcd_tile_3843,Northern Zanzibar-Inhambane coastal forest mosaic,African tropical forest,,1789,0.4745,145,131,27,104,118,0.2061,0.1862,0.1957,0.4495,0.3582,0.3987
detectree2,tcd_tile_3844,Changjiang Plain evergreen forests,Other,,1907,0.4745,105,14,5,9,100,0.3571,0.0476,0.084,0.0737,0.0693,0.0714
detectree2,tcd_tile_3845,Taiheiyo evergreen forests,Other,,348,0.4745,95,91,42,49,53,0.4615,0.4421,0.4516,0.4306,0.6985,0.5328
detectree2,tcd_tile_3846,Western Guinean lowland forests,African tropical forest,,876,0.4745,36,74,15,59,21,0.2027,0.4167,0.2727,0.175,0.465,0.2542
detectree2,tcd_tile_3847,Balkan mixed forests,European forest,,1555,0.4745,24,72,8,64,16,0.1111,0.3333,0.1667,0.7339,0.5081,0.6005
detectree2,tcd_tile_3848,Central and Southern mixed grasslands,Other,,282,0.4745,55,10,5,5,50,0.5,0.0909,0.1538,0.3701,0.3388,0.3537
detectree2,tcd_tile_3849,Uatuma-Trombetas moist forests,Latin American forest,,2759,0.4745,1,2,0,2,1,0.0,0.0,0.0,0.0,0.0,0.0
detectree2,tcd_tile_385,Serra do Mar coastal forests,Latin American forest,,4893,0.4745,1,69,1,68,0,0.0145,1.0,0.0286,1.0,0.2598,0.4124
detectree2,tcd_tile_3850,Madeira-Tapajós moist forests,Latin American forest,,3967,0.4745,1,97,1,96,0,0.0103,1.0,0.0204,1.0,0.3021,0.464
detectree2,tcd_tile_3851,Mizoram-Manipur-Kachin rain forests,SE Asian & Pacific rainforest,,4780,0.4745,3,39,1,38,2,0.0256,0.3333,0.0476,0.5041,0.2861,0.365
detectree2,tcd_tile_3852,Greater Negros-Panay rain forests,SE Asian & Pacific rainforest,,1327,0.4745,12,19,6,13,6,0.3158,0.5,0.3871,0.0581,0.5918,0.1058
detectree2,tcd_tile_3853,Western Java montane rain forests,Other,,1736,0.4745,26,82,4,78,22,0.0488,0.1538,0.0741,0.7165,0.3963,0.5103
detectree2,tcd_tile_3854,Cerrado,Latin American forest,,680,0.4745,72,34,6,28,66,0.1765,0.0833,0.1132,0.1382,0.2621,0.181
detectree2,tcd_tile_3855,Changjiang Plain evergreen forests,Other,,1285,0.4745,308,71,46,25,262,0.6479,0.1494,0.2427,0.4013,0.4086,0.4049
detectree2,tcd_tile_3856,Himalayan subtropical broadleaf forests,Other,,1610,0.4745,101,107,27,80,74,0.2523,0.2673,0.2596,0.6077,0.2224,0.3256
detectree2,tcd_tile_3857,Lesser Sundas deciduous forests,SE Asian & Pacific rainforest,,1662,0.4745,22,38,3,35,19,0.0789,0.1364,0.1,0.4159,0.4417,0.4284
detectree2,tcd_tile_3858,Western European broadleaf forests,European forest,,4649,0.4745,5,56,3,53,2,0.0536,0.6,0.0984,0.9578,0.3079,0.466
detectree2,tcd_tile_3859,Maputaland coastal forest mosaic,African tropical forest,,1314,0.4745,2,29,0,29,2,0.0,0.0,0.0,0.0014,0.2858,0.0029
detectree2,tcd_tile_386,Iberian sclerophyllous and semi-deciduous forests,Other,,689,0.4745,198,50,26,24,172,0.52,0.1313,0.2097,0.429,0.4034,0.4158
detectree2,tcd_tile_3860,Hokkaido deciduous forests,Other,,3128,0.4745,6,70,5,65,1,0.0714,0.8333,0.1316,0.5426,0.5228,0.5326
detectree2,tcd_tile_3861,Sarmatic mixed forests,European forest,,2156,0.4745,52,67,22,45,30,0.3284,0.4231,0.3697,0.4792,0.5153,0.4966
detectree2,tcd_tile_3862,Atlantic coastal pine barrens,Other,,2427,0.4745,25,38,15,23,10,0.3947,0.6,0.4762,0.4976,0.466,0.4813
detectree2,tcd_tile_3863,Atlantic mixed forests,European forest,,2649,0.4745,8,75,4,71,4,0.0533,0.5,0.0964,0.3263,0.4999,0.3949
detectree2,tcd_tile_3864,Western Java rain forests,Other,,4656,0.4745,168,86,34,52,134,0.3953,0.2024,0.2677,0.294,0.4432,0.3535
detectree2,tcd_tile_3865,Southern Zanzibar-Inhambane coastal forest mosaic,African tropical forest,,3405,0.4745,32,45,10,35,22,0.2222,0.3125,0.2597,0.1774,0.6948,0.2827
detectree2,tcd_tile_3866,Tongan tropical moist forests,SE Asian & Pacific rainforest,,4530,0.4745,78,42,2,40,76,0.0476,0.0256,0.0333,0.025,0.1445,0.0427
detectree2,tcd_tile_3867,,Other,,328,0.4745,24,46,11,35,13,0.2391,0.4583,0.3143,0.9768,0.3926,0.5601
detectree2,tcd_tile_3868,Serra do Mar coastal forests,Latin American forest,,4639,0.4745,266,85,7,78,259,0.0824,0.0263,0.0399,0.2276,0.3276,0.2686
detectree2,tcd_tile_3869,Sarmatic mixed forests,European forest,,2325,0.4745,14,122,3,119,11,0.0246,0.2143,0.0441,0.7857,0.428,0.5541
detectree2,tcd_tile_387,Willamette Valley forests,N. American forest,,2531,0.4745,91,21,0,21,91,0.0,0.0,0.0,0.0067,0.3139,0.0132
detectree2,tcd_tile_3870,North Central Rockies forests,N. American forest,,2081,0.4745,73,126,8,118,65,0.0635,0.1096,0.0804,0.7237,0.198,0.3109
detectree2,tcd_tile_3871,Southern Great Lakes forests,N. American forest,,4325,0.4745,13,10,6,4,7,0.6,0.4615,0.5217,0.4039,0.4487,0.4251
detectree2,tcd_tile_3872,"Sao Tome, Principe and Annobon moist lowland forests",Other,,3158,0.4745,111,35,12,23,99,0.3429,0.1081,0.1644,0.378,0.6495,0.4779
detectree2,tcd_tile_3873,Northern Anatolian conifer and deciduous forests,Other,,2790,0.4745,431,62,16,46,415,0.2581,0.0371,0.0649,0.2658,0.337,0.2972
detectree2,tcd_tile_3874,North Central Rockies forests,N. American forest,,4029,0.4745,4,116,2,114,2,0.0172,0.5,0.0333,0.9791,0.2544,0.4038
detectree2,tcd_tile_3875,Huang He Plain mixed forests,Other,,2335,0.4745,41,21,3,18,38,0.1429,0.0732,0.0968,0.3693,0.3467,0.3576
detectree2,tcd_tile_3876,Central Indochina dry forests,Other,,4958,0.4745,219,157,72,85,147,0.4586,0.3288,0.383,0.4507,0.4258,0.4379
detectree2,tcd_tile_3877,Central European mixed forests,European forest,,2924,0.4745,53,70,7,63,46,0.1,0.1321,0.1138,0.0369,0.6225,0.0696
detectree2,tcd_tile_3878,Pannonian mixed forests,European forest,,2860,0.4745,3,137,1,136,2,0.0073,0.3333,0.0143,0.7679,0.3871,0.5148
detectree2,tcd_tile_3879,Northern Zanzibar-Inhambane coastal forest mosaic,African tropical forest,,2786,0.4745,54,164,14,150,40,0.0854,0.2593,0.1284,0.7823,0.5001,0.6102
detectree2,tcd_tile_388,Northern Zanzibar-Inhambane coastal forest mosaic,African tropical forest,,1101,0.4745,96,158,31,127,65,0.1962,0.3229,0.2441,0.7361,0.3346,0.46
detectree2,tcd_tile_3880,Central European mixed forests,European forest,,5055,0.4745,34,40,12,28,22,0.3,0.3529,0.3243,0.2659,0.2636,0.2648
detectree2,tcd_tile_3881,Northern Zanzibar-Inhambane coastal forest mosaic,African tropical forest,,1760,0.4745,135,160,64,96,71,0.4,0.4741,0.4339,0.1838,0.7109,0.2921
detectree2,tcd_tile_3882,Serra do Mar coastal forests,Latin American forest,,4933,0.4745,15,72,3,69,12,0.0417,0.2,0.069,0.4521,0.3209,0.3754
detectree2,tcd_tile_3883,Northern Zanzibar-Inhambane coastal forest mosaic,African tropical forest,,2986,0.4745,175,62,34,28,141,0.5484,0.1943,0.2869,0.3268,0.4344,0.373
detectree2,tcd_tile_3884,Appalachian-Blue Ridge forests,N. American forest,,2342,0.4745,47,51,4,47,43,0.0784,0.0851,0.0816,0.7765,0.2305,0.3555
detectree2,tcd_tile_3885,Italian sclerophyllous and semi-deciduous forests,Other,,519,0.4745,16,35,9,26,7,0.2571,0.5625,0.3529,0.3526,0.3539,0.3533
detectree2,tcd_tile_3886,Northern Zanzibar-Inhambane coastal forest mosaic,African tropical forest,,177,0.4745,7,30,4,26,3,0.1333,0.5714,0.2162,0.024,0.6387,0.0462
detectree2,tcd_tile_3887,Northeastern coastal forests,N. American forest,,1441,0.4745,25,14,2,12,23,0.1429,0.08,0.1026,0.2563,0.2032,0.2267
detectree2,tcd_tile_3888,Cardamom Mountains rain forests,Other,,2428,0.4745,644,56,22,34,622,0.3929,0.0342,0.0629,0.7259,0.2098,0.3255
detectree2,tcd_tile_3889,East European forest steppe,European forest,,3410,0.4745,2,1,1,0,1,1.0,0.5,0.6667,0.8944,0.4931,0.6357
detectree2,tcd_tile_389,Northern Zanzibar-Inhambane coastal forest mosaic,African tropical forest,,1071,0.4745,283,125,62,63,221,0.496,0.2191,0.3039,0.3992,0.4367,0.4171
detectree2,tcd_tile_3890,Cerrado,Latin American forest,,1811,0.4745,23,14,2,12,21,0.1429,0.087,0.1081,0.7655,0.1492,0.2498
detectree2,tcd_tile_3891,Western Guinean lowland forests,African tropical forest,,2031,0.4745,104,128,21,107,83,0.1641,0.2019,0.181,0.0646,0.3991,0.1112
detectree2,tcd_tile_3892,,Other,,4299,0.4745,153,202,48,154,105,0.2376,0.3137,0.2704,0.6022,0.4591,0.521
detectree2,tcd_tile_3893,Northeastern coastal forests,N. American forest,,2074,0.4745,29,9,2,7,27,0.2222,0.069,0.1053,0.635,0.0355,0.0673
detectree2,tcd_tile_3894,Southern Zanzibar-Inhambane coastal forest mosaic,African tropical forest,,4178,0.4745,81,48,12,36,69,0.25,0.1481,0.186,0.5508,0.2705,0.3629
detectree2,tcd_tile_3895,Hispaniolan moist forests,SE Asian & Pacific rainforest,,3703,0.4745,79,93,6,87,73,0.0645,0.0759,0.0698,0.0388,0.3871,0.0706
detectree2,tcd_tile_3896,Central European mixed forests,European forest,,4509,0.4745,0,49,0,49,0,0.0,0.0,0.0,0.0,0.0,0.0
detectree2,tcd_tile_3897,Southern Great Lakes forests,N. American forest,,2586,0.4745,3,5,1,4,2,0.2,0.3333,0.25,0.0541,0.394,0.0951
detectree2,tcd_tile_3898,Madeira-Tapajós moist forests,Latin American forest,,3344,0.4745,9,136,4,132,5,0.0294,0.4444,0.0552,0.7218,0.3791,0.4971
detectree2,tcd_tile_3899,Nihonkai montane deciduous forests,Other,,4230,0.4745,7,102,6,96,1,0.0588,0.8571,0.1101,0.963,0.3139,0.4735
detectree2,tcd_tile_39,Sonoran desert,Arid / dryland,,559,0.4745,112,47,33,14,79,0.7021,0.2946,0.4151,0.6915,0.474,0.5624
detectree2,tcd_tile_390,Serra do Mar coastal forests,Latin American forest,,4406,0.4745,0,63,0,63,0,0.0,0.0,0.0,0.0,0.0,0.0
detectree2,tcd_tile_3900,Northern Zanzibar-Inhambane coastal forest mosaic,African tropical forest,,3496,0.4745,2,19,2,17,0,0.1053,1.0,0.1905,0.0063,0.8701,0.0125
detectree2,tcd_tile_3901,Cerrado,Latin American forest,,718,0.4745,20,97,9,88,11,0.0928,0.45,0.1538,0.8152,0.406,0.5421
detectree2,tcd_tile_3902,Iquitos varzeá,Other,,4161,0.4745,82,112,31,81,51,0.2768,0.378,0.3196,0.3453,0.3941,0.3681
detectree2,tcd_tile_3903,Lesser Sundas deciduous forests,SE Asian & Pacific rainforest,,4173,0.4745,126,18,9,9,117,0.5,0.0714,0.125,0.1784,0.3669,0.24
detectree2,tcd_tile_3904,Granitic Seychelles forests,Other,,393,0.4745,3,180,1,179,2,0.0056,0.3333,0.0109,0.9927,0.5716,0.7255
detectree2,tcd_tile_3905,Taiheiyo evergreen forests,Other,,2908,0.4745,8,9,5,4,3,0.5556,0.625,0.5882,0.0632,0.7626,0.1167
detectree2,tcd_tile_3906,Southern Great Lakes forests,N. American forest,,1421,0.4745,12,51,5,46,7,0.098,0.4167,0.1587,0.0154,0.4765,0.0298
detectree2,tcd_tile_3907,Taiwan subtropical evergreen forests,SE Asian & Pacific rainforest,,3897,0.4745,118,42,21,21,97,0.5,0.178,0.2625,0.6953,0.4052,0.512
detectree2,tcd_tile_3908,Southeast Australia temperate forests,Other,,1859,0.4745,15,35,8,27,7,0.2286,0.5333,0.32,0.1617,0.2693,0.202
detectree2,tcd_tile_3909,Celtic broadleaf forests,European forest,,1578,0.4745,41,44,13,31,28,0.2955,0.3171,0.3059,0.0658,0.4067,0.1133
detectree2,tcd_tile_391,Changjiang Plain evergreen forests,Other,,2709,0.4745,6,12,0,12,6,0.0,0.0,0.0,0.0021,0.324,0.0042
detectree2,tcd_tile_3910,Tongan tropical moist forests,SE Asian & Pacific rainforest,,4476,0.4745,166,38,4,34,162,0.1053,0.0241,0.0392,0.1037,0.1586,0.1254
detectree2,tcd_tile_3911,Greater Negros-Panay rain forests,SE Asian & Pacific rainforest,,2882,0.4745,48,29,1,28,47,0.0345,0.0208,0.026,0.0072,0.1275,0.0137
detectree2,tcd_tile_3912,Sulawesi lowland rain forests,SE Asian & Pacific rainforest,,4256,0.4745,125,51,23,28,102,0.451,0.184,0.2614,0.5234,0.5224,0.5229
detectree2,tcd_tile_3913,Central Andean puna,Other,,474,0.4745,2,9,1,8,1,0.1111,0.5,0.1818,0.0649,0.8664,0.1207
detectree2,tcd_tile_3914,Mindanao-Eastern Visayas rain forests,SE Asian & Pacific rainforest,,4090,0.4745,36,84,2,82,34,0.0238,0.0556,0.0333,0.0157,0.2594,0.0296
detectree2,tcd_tile_3915,Northern Zanzibar-Inhambane coastal forest mosaic,African tropical forest,,2499,0.4745,90,93,21,72,69,0.2258,0.2333,0.2295,0.5123,0.5562,0.5334
detectree2,tcd_tile_3916,Timor and Wetar deciduous forests,SE Asian & Pacific rainforest,,4592,0.4745,162,65,34,31,128,0.5231,0.2099,0.2996,0.3274,0.353,0.3397
detectree2,tcd_tile_3917,Jalisco dry forests,Other,,1808,0.4745,27,39,8,31,19,0.2051,0.2963,0.2424,0.5321,0.1914,0.2815
detectree2,tcd_tile_3918,,Other,,4461,0.4745,19,54,3,51,16,0.0556,0.1579,0.0822,0.6952,0.1356,0.227
detectree2,tcd_tile_3919,Central U.S. hardwood forests,N. American forest,,1412,0.4745,209,120,52,68,157,0.4333,0.2488,0.3161,0.5229,0.7688,0.6225
detectree2,tcd_tile_392,,Other,,3225,0.4745,43,36,1,35,42,0.0278,0.0233,0.0253,0.0499,0.5506,0.0915
detectree2,tcd_tile_3920,Baltic mixed forests,European forest,,2625,0.4745,1,24,1,23,0,0.0417,1.0,0.08,0.4121,0.3522,0.3798
detectree2,tcd_tile_3921,Northeastern coastal forests,N. American forest,,3961,0.4745,146,85,20,65,126,0.2353,0.137,0.1732,0.4832,0.5504,0.5146
detectree2,tcd_tile_3922,Central Indochina dry forests,Other,,4798,0.4745,270,141,67,74,203,0.4752,0.2481,0.326,0.3615,0.5847,0.4468
detectree2,tcd_tile_3923,Atlantic mixed forests,European forest,,1316,0.4745,25,59,15,44,10,0.2542,0.6,0.3571,0.9079,0.346,0.501
detectree2,tcd_tile_3924,Sarmatic mixed forests,European forest,,2519,0.4745,1,87,1,86,0,0.0115,1.0,0.0227,0.9769,0.4219,0.5893
detectree2,tcd_tile_3925,Central European mixed forests,European forest,,1878,0.4745,52,52,17,35,35,0.3269,0.3269,0.3269,0.393,0.4735,0.4295
detectree2,tcd_tile_3926,Northeastern coastal forests,N. American forest,,3989,0.4745,177,108,40,68,137,0.3704,0.226,0.2807,0.4976,0.6563,0.566
detectree2,tcd_tile_3927,Northern Zanzibar-Inhambane coastal forest mosaic,African tropical forest,,1041,0.4745,113,191,51,140,62,0.267,0.4513,0.3355,0.7942,0.4906,0.6065
detectree2,tcd_tile_3928,Mindanao-Eastern Visayas rain forests,SE Asian & Pacific rainforest,,2420,0.4745,26,110,2,108,24,0.0182,0.0769,0.0294,0.859,0.3597,0.507
detectree2,tcd_tile_3929,Hispaniolan moist forests,SE Asian & Pacific rainforest,,2469,0.4745,8,36,3,33,5,0.0833,0.375,0.1364,0.0166,0.2781,0.0313
detectree2,tcd_tile_393,Northland temperate kauri forests,Other,,1282,0.4745,103,38,20,18,83,0.5263,0.1942,0.2837,0.3633,0.4133,0.3867
detectree2,tcd_tile_3930,Central U.S. hardwood forests,N. American forest,,2133,0.4745,41,30,6,24,35,0.2,0.1463,0.169,0.1445,0.4196,0.215
detectree2,tcd_tile_3931,Taiheiyo evergreen forests,Other,,2351,0.4745,4,8,1,7,3,0.125,0.25,0.1667,0.8793,0.1556,0.2644
detectree2,tcd_tile_3932,Southeastern mixed forests,N. American forest,,1504,0.4745,45,34,11,23,34,0.3235,0.2444,0.2785,0.3081,0.1609,0.2114
detectree2,tcd_tile_3933,Central European mixed forests,European forest,,4663,0.4745,2,3,1,2,1,0.3333,0.5,0.4,0.6437,0.5961,0.619
detectree2,tcd_tile_3934,Hispaniolan moist forests,SE Asian & Pacific rainforest,,1048,0.4745,39,62,11,51,28,0.1774,0.2821,0.2178,0.0462,0.3286,0.0811
detectree2,tcd_tile_3935,Luzon rain forests,SE Asian & Pacific rainforest,,2915,0.4745,66,105,35,70,31,0.3333,0.5303,0.4094,0.4363,0.4563,0.4461
detectree2,tcd_tile_3936,Sierra Nevada forests,N. American forest,,3032,0.4745,11,62,7,55,4,0.1129,0.6364,0.1918,0.7535,0.3437,0.472
detectree2,tcd_tile_3937,Hispaniolan moist forests,SE Asian & Pacific rainforest,,4638,0.4745,0,68,0,68,0,0.0,0.0,0.0,0.0,0.0,0.0
detectree2,tcd_tile_3938,Eastern Guinean forests,African tropical forest,,3805,0.4745,12,79,4,75,8,0.0506,0.3333,0.0879,0.5431,0.3142,0.3981
detectree2,tcd_tile_3939,Sarmatic mixed forests,European forest,,2321,0.4745,1,149,1,148,0,0.0067,1.0,0.0133,0.9967,0.4588,0.6284
detectree2,tcd_tile_394,Mindanao-Eastern Visayas rain forests,SE Asian & Pacific rainforest,,4571,0.4745,51,30,4,26,47,0.1333,0.0784,0.0988,0.3659,0.1395,0.202
detectree2,tcd_tile_3940,Sarmatic mixed forests,European forest,,3384,0.4745,0,7,0,7,0,0.0,0.0,0.0,0.0,0.0,0.0
detectree2,tcd_tile_3941,Southern Great Lakes forests,N. American forest,,4418,0.4745,41,44,17,27,24,0.3864,0.4146,0.4,0.2329,0.2191,0.2258
detectree2,tcd_tile_3942,Bahia coastal forests,Latin American forest,,750,0.4745,52,139,29,110,23,0.2086,0.5577,0.3037,0.861,0.5373,0.6617
detectree2,tcd_tile_3943,Balkan mixed forests,European forest,,1310,0.4745,84,115,27,88,57,0.2348,0.3214,0.2714,0.4668,0.5315,0.497
detectree2,tcd_tile_3944,Atlantic mixed forests,European forest,,1103,0.4745,49,58,12,46,37,0.2069,0.2449,0.2243,0.3379,0.6831,0.4522
detectree2,tcd_tile_3945,Sarmatic mixed forests,European forest,,3018,0.4745,1,16,1,15,0,0.0625,1.0,0.1176,0.1141,0.3837,0.1759
detectree2,tcd_tile_3946,Southern Zanzibar-Inhambane coastal forest mosaic,African tropical forest,,562,0.4745,6,15,1,14,5,0.0667,0.1667,0.0952,0.0153,0.5344,0.0297
detectree2,tcd_tile_3947,Sulawesi lowland rain forests,SE Asian & Pacific rainforest,,4791,0.4745,154,135,55,80,99,0.4074,0.3571,0.3806,0.3615,0.5511,0.4366
detectree2,tcd_tile_3948,Mindanao-Eastern Visayas rain forests,SE Asian & Pacific rainforest,,2055,0.4745,46,76,6,70,40,0.0789,0.1304,0.0984,0.3044,0.3583,0.3292
detectree2,tcd_tile_3949,Tongan tropical moist forests,SE Asian & Pacific rainforest,,377,0.4745,130,63,12,51,118,0.1905,0.0923,0.1244,0.4069,0.1958,0.2643
detectree2,tcd_tile_395,Iquitos varzeá,Other,,4013,0.4745,39,94,14,80,25,0.1489,0.359,0.2105,0.5068,0.3949,0.4439
detectree2,tcd_tile_3950,Northern Zanzibar-Inhambane coastal forest mosaic,African tropical forest,,3697,0.4745,226,123,61,62,165,0.4959,0.2699,0.3496,0.6057,0.413,0.4911
detectree2,tcd_tile_3951,Peruvian Yungas,Latin American forest,,1457,0.4745,47,35,1,34,46,0.0286,0.0213,0.0244,0.0173,0.2592,0.0324
detectree2,tcd_tile_3952,Sarmatic mixed forests,European forest,,2589,0.4745,81,112,27,85,54,0.2411,0.3333,0.2798,0.2124,0.4995,0.2981
detectree2,tcd_tile_3953,Western European broadleaf forests,European forest,,4700,0.4745,2,14,1,13,1,0.0714,0.5,0.125,0.9094,0.0943,0.1708
detectree2,tcd_tile_3954,Northern Zanzibar-Inhambane coastal forest mosaic,African tropical forest,,751,0.4745,9,38,1,37,8,0.0263,0.1111,0.0426,0.5563,0.1782,0.27
detectree2,tcd_tile_3955,Crimean Submediterranean forest complex,Other,,3545,0.4745,133,114,39,75,94,0.3421,0.2932,0.3158,0.2923,0.4471,0.3535
detectree2,tcd_tile_3956,Cerrado,Latin American forest,,1040,0.4745,1,42,1,41,0,0.0238,1.0,0.0465,0.9845,0.3424,0.508
detectree2,tcd_tile_3957,,Other,,563,0.4745,24,6,1,5,23,0.1667,0.0417,0.0667,0.0198,0.4562,0.038
detectree2,tcd_tile_3958,Sumatran lowland rain forests,SE Asian & Pacific rainforest,,220,0.4745,362,37,10,27,352,0.2703,0.0276,0.0501,0.1329,0.1226,0.1275
detectree2,tcd_tile_3959,New England-Acadian forests,N. American forest,,3802,0.4745,63,97,14,83,49,0.1443,0.2222,0.175,0.5335,0.4694,0.4994
detectree2,tcd_tile_396,Southeast Australia temperate forests,Other,,694,0.4745,260,69,61,8,199,0.8841,0.2346,0.3708,0.8476,0.6201,0.7162
detectree2,tcd_tile_3960,Bolivian montane dry forests,Latin American forest,,4400,0.4745,0,1,0,1,0,0.0,0.0,0.0,0.0,0.0,0.0
detectree2,tcd_tile_3961,Northern Zanzibar-Inhambane coastal forest mosaic,African tropical forest,,1406,0.4745,38,29,4,25,34,0.1379,0.1053,0.1194,0.0819,0.4949,0.1405
detectree2,tcd_tile_3962,Mato Grosso seasonal forests,Latin American forest,,1961,0.4745,33,24,2,22,31,0.0833,0.0606,0.0702,0.3167,0.4311,0.3651
detectree2,tcd_tile_3963,Western Java montane rain forests,Other,,3701,0.4745,30,89,4,85,26,0.0449,0.1333,0.0672,0.6901,0.4844,0.5692
detectree2,tcd_tile_3964,Northern Zanzibar-Inhambane coastal forest mosaic,African tropical forest,,843,0.4745,1,74,1,73,0,0.0135,1.0,0.0267,0.9968,0.3529,0.5212
detectree2,tcd_tile_3965,North Central Rockies forests,N. American forest,,3363,0.4745,1,150,1,149,0,0.0067,1.0,0.0132,0.9798,0.384,0.5518
detectree2,tcd_tile_3966,Upper Midwest forest-savanna transition,N. American forest,,4076,0.4745,75,117,34,83,41,0.2906,0.4533,0.3542,0.5952,0.6179,0.6063
detectree2,tcd_tile_3967,Central European mixed forests,European forest,,2252,0.4745,68,49,23,26,45,0.4694,0.3382,0.3932,0.5392,0.6471,0.5882
detectree2,tcd_tile_3968,Celtic broadleaf forests,European forest,,3916,0.4745,25,72,10,62,15,0.1389,0.4,0.2062,0.4381,0.3811,0.4076
detectree2,tcd_tile_3969,Northern Anatolian conifer and deciduous forests,Other,,77,0.4745,1,3,0,3,1,0.0,0.0,0.0,0.0,0.0,0.0
detectree2,tcd_tile_397,Luzon rain forests,SE Asian & Pacific rainforest,,3924,0.4745,3,37,2,35,1,0.0541,0.6667,0.1,0.0884,0.3865,0.1439
detectree2,tcd_tile_3970,Taiwan subtropical evergreen forests,SE Asian & Pacific rainforest,,1911,0.4745,115,41,13,28,102,0.3171,0.113,0.1667,0.2617,0.3793,0.3097
detectree2,tcd_tile_3971,Peruvian Yungas,Latin American forest,,3754,0.4745,86,92,4,88,82,0.0435,0.0465,0.0449,0.0323,0.5158,0.0609
detectree2,tcd_tile_3972,Nigerian lowland forests,African tropical forest,,4491,0.4745,13,97,1,96,12,0.0103,0.0769,0.0182,0.0084,0.4527,0.0165
detectree2,tcd_tile_3973,Sarmatic mixed forests,European forest,,4799,0.4745,4,22,2,20,2,0.0909,0.5,0.1538,0.0192,0.5172,0.037
detectree2,tcd_tile_3974,East European forest steppe,European forest,,1165,0.4745,21,33,6,27,15,0.1818,0.2857,0.2222,0.5559,0.383,0.4535
detectree2,tcd_tile_3975,Celtic broadleaf forests,European forest,,1694,0.4745,54,62,3,59,51,0.0484,0.0556,0.0517,0.1114,0.429,0.1769
detectree2,tcd_tile_3976,Lesser Sundas deciduous forests,SE Asian & Pacific rainforest,,1900,0.4745,30,116,7,109,23,0.0603,0.2333,0.0959,0.6936,0.3739,0.4859
detectree2,tcd_tile_3977,Cerrado,Latin American forest,,820,0.4745,102,16,1,15,101,0.0625,0.0098,0.0169,0.0391,0.0632,0.0483
detectree2,tcd_tile_3978,Northern Zanzibar-Inhambane coastal forest mosaic,African tropical forest,,2837,0.4745,229,101,25,76,204,0.2475,0.1092,0.1515,0.4865,0.2337,0.3157
detectree2,tcd_tile_3979,Taiheiyo evergreen forests,Other,,4006,0.4745,37,38,12,26,25,0.3158,0.3243,0.32,0.2529,0.7604,0.3795
detectree2,tcd_tile_398,,Other,,1068,0.4745,13,21,5,16,8,0.2381,0.3846,0.2941,0.0526,0.3036,0.0896
detectree2,tcd_tile_3980,Southern Great Lakes forests,N. American forest,,4620,0.4745,18,42,14,28,4,0.3333,0.7778,0.4667,0.4372,0.4811,0.4581
detectree2,tcd_tile_3981,,Other,,4385,0.4745,23,100,10,90,13,0.1,0.4348,0.1626,0.795,0.4874,0.6043
detectree2,tcd_tile_3982,Northeastern coastal forests,N. American forest,,2520,0.4745,90,132,41,91,49,0.3106,0.4556,0.3694,0.5029,0.7339,0.5968
detectree2,tcd_tile_3983,Eastern Guinean forests,African tropical forest,,2973,0.4745,94,50,11,39,83,0.22,0.117,0.1528,0.1456,0.4784,0.2232
detectree2,tcd_tile_3984,Upper Midwest forest-savanna transition,N. American forest,,4032,0.4745,24,25,14,11,10,0.56,0.5833,0.5714,0.5158,0.6131,0.5602
detectree2,tcd_tile_3985,Atlantic mixed forests,European forest,,4668,0.4745,10,169,4,165,6,0.0237,0.4,0.0447,0.5989,0.4455,0.5109
detectree2,tcd_tile_3986,"Sao Tome, Principe and Annobon moist lowland forests",Other,,4145,0.4745,87,115,43,72,44,0.3739,0.4943,0.4257,0.4626,0.5804,0.5149
detectree2,tcd_tile_3987,Huang He Plain mixed forests,Other,,3137,0.4745,148,59,17,42,131,0.2881,0.1149,0.1643,0.0855,0.1921,0.1183
detectree2,tcd_tile_3988,Willamette Valley forests,N. American forest,,3466,0.4745,51,26,5,21,46,0.1923,0.098,0.1299,0.0897,0.2212,0.1277
detectree2,tcd_tile_3989,Upper Midwest forest-savanna transition,N. American forest,,2290,0.4745,67,66,18,48,49,0.2727,0.2687,0.2707,0.5906,0.5777,0.5841
detectree2,tcd_tile_399,Southern Great Lakes forests,N. American forest,,5017,0.4745,31,27,8,19,23,0.2963,0.2581,0.2759,0.531,0.1084,0.1801
detectree2,tcd_tile_3990,Taiheiyo evergreen forests,Other,,1632,0.4745,43,26,12,14,31,0.4615,0.2791,0.3478,0.3718,0.4252,0.3967
detectree2,tcd_tile_3991,Willamette Valley forests,N. American forest,,2870,0.4745,23,14,7,7,16,0.5,0.3043,0.3784,0.3166,0.4451,0.37
detectree2,tcd_tile_3992,Tumbes-Piura dry forests,Other,,2490,0.4745,78,111,34,77,44,0.3063,0.4359,0.3598,0.4129,0.6184,0.4952
detectree2,tcd_tile_3993,Changjiang Plain evergreen forests,Other,,3293,0.4745,123,32,12,20,111,0.375,0.0976,0.1548,0.0643,0.1887,0.0959
detectree2,tcd_tile_3994,North Central Rockies forests,N. American forest,,2247,0.4745,2,37,1,36,1,0.027,0.5,0.0513,0.9716,0.1926,0.3215
detectree2,tcd_tile_3995,English Lowlands beech forests,European forest,,207,0.4745,7,5,0,5,7,0.0,0.0,0.0,0.002,0.0661,0.0038
detectree2,tcd_tile_3996,Western Guinean lowland forests,African tropical forest,,1248,0.4745,74,138,14,124,60,0.1014,0.1892,0.1321,0.0423,0.3874,0.0763
detectree2,tcd_tile_3997,Central European mixed forests,European forest,,278,0.4745,49,57,23,34,26,0.4035,0.4694,0.434,0.3899,0.6328,0.4825
detectree2,tcd_tile_3998,Luzon rain forests,SE Asian & Pacific rainforest,,185,0.4745,204,186,46,140,158,0.2473,0.2255,0.2359,0.151,0.4939,0.2313
detectree2,tcd_tile_3999,Eastern Guinean forests,African tropical forest,,2606,0.4745,1,18,1,17,0,0.0556,1.0,0.1053,0.834,0.4608,0.5936
detectree2,tcd_tile_4,West Sudanian savanna,Arid / dryland,,1194,0.4745,121,50,14,36,107,0.28,0.1157,0.1637,0.1964,0.339,0.2487
detectree2,tcd_tile_40,West Sudanian savanna,Arid / dryland,,656,0.4745,134,149,78,71,56,0.5235,0.5821,0.5512,0.3909,0.7801,0.5208
detectree2,tcd_tile_400,Northern Zanzibar-Inhambane coastal forest mosaic,African tropical forest,,690,0.4745,187,86,33,53,154,0.3837,0.1765,0.2418,0.3831,0.4355,0.4076
detectree2,tcd_tile_4000,Alps conifer and mixed forests,European forest,,4809,0.4745,2,7,0,7,2,0.0,0.0,0.0,0.0,0.0,0.0
detectree2,tcd_tile_4001,North Island temperate forests,Other,,3352,0.4745,6,10,0,10,6,0.0,0.0,0.0,0.0,0.0,0.0
detectree2,tcd_tile_4002,Bahamian-Antillean mangroves,Other,,317,0.4745,30,75,13,62,17,0.1733,0.4333,0.2476,0.1387,0.4418,0.2111
detectree2,tcd_tile_4003,Cerrado,Latin American forest,,101,0.4745,148,97,33,64,115,0.3402,0.223,0.2694,0.3039,0.6136,0.4065
detectree2,tcd_tile_4004,Central European mixed forests,European forest,,4419,0.4745,0,47,0,47,0,0.0,0.0,0.0,0.0,0.0,0.0
detectree2,tcd_tile_4005,Palawan rain forests,SE Asian & Pacific rainforest,,2757,0.4745,21,33,5,28,16,0.1515,0.2381,0.1852,0.4408,0.4623,0.4513
detectree2,tcd_tile_4006,Mizoram-Manipur-Kachin rain forests,SE Asian & Pacific rainforest,,5054,0.4745,87,48,6,42,81,0.125,0.069,0.0889,0.0269,0.4413,0.0506
detectree2,tcd_tile_4007,Eastern Himalayan broadleaf forests,Other,,4051,0.4745,125,86,28,58,97,0.3256,0.224,0.2654,0.3656,0.4809,0.4154
detectree2,tcd_tile_4008,Hispaniolan moist forests,SE Asian & Pacific rainforest,,1931,0.4745,8,38,1,37,7,0.0263,0.125,0.0435,0.0065,0.4621,0.0128
detectree2,tcd_tile_4009,Central European mixed forests,European forest,,2560,0.4745,106,71,18,53,88,0.2535,0.1698,0.2034,0.5067,0.3743,0.4305
detectree2,tcd_tile_401,Alto Paraná Atlantic forests,Other,,2188,0.4745,107,77,22,55,85,0.2857,0.2056,0.2391,0.1325,0.4687,0.2066
detectree2,tcd_tile_4010,East European forest steppe,European forest,,1204,0.4745,21,35,12,23,9,0.3429,0.5714,0.4286,0.2488,0.555,0.3436
detectree2,tcd_tile_4011,Southeastern mixed forests,N. American forest,,2682,0.4745,59,39,7,32,52,0.1795,0.1186,0.1429,0.4257,0.3163,0.363
detectree2,tcd_tile_4012,Western Guinean lowland forests,African tropical forest,,743,0.4745,68,181,9,172,59,0.0497,0.1324,0.0723,0.031,0.5333,0.0585
detectree2,tcd_tile_4013,East African montane forests,African tropical forest,,2312,0.4745,114,65,16,49,98,0.2462,0.1404,0.1788,0.5591,0.2495,0.345
detectree2,tcd_tile_4014,Celtic broadleaf forests,European forest,,3620,0.4745,35,84,13,71,22,0.1548,0.3714,0.2185,0.3519,0.4308,0.3874
detectree2,tcd_tile_4015,Palawan rain forests,SE Asian & Pacific rainforest,,3944,0.4745,45,61,6,55,39,0.0984,0.1333,0.1132,0.4454,0.2673,0.3341
detectree2,tcd_tile_4016,Baltic mixed forests,European forest,,1922,0.4745,2,12,2,10,0,0.1667,1.0,0.2857,0.4843,0.1648,0.2459
detectree2,tcd_tile_4017,Peruvian Yungas,Latin American forest,,1827,0.4745,69,46,5,41,64,0.1087,0.0725,0.087,0.0674,0.6507,0.1222
detectree2,tcd_tile_4018,Madeira-Tapajós moist forests,Latin American forest,,1108,0.4745,1,204,1,203,0,0.0049,1.0,0.0098,1.0,0.4281,0.5995
detectree2,tcd_tile_4019,Northern Zanzibar-Inhambane coastal forest mosaic,African tropical forest,,1603,0.4745,1,180,1,179,0,0.0056,1.0,0.011,0.9999,0.3839,0.5548
detectree2,tcd_tile_402,Northern Zanzibar-Inhambane coastal forest mosaic,African tropical forest,,1002,0.4745,152,125,48,77,104,0.384,0.3158,0.3466,0.5267,0.6418,0.5786
detectree2,tcd_tile_4020,Vanuatu rain forests,Other,,3263,0.4745,17,25,3,22,14,0.12,0.1765,0.1429,0.2883,0.1307,0.1799
detectree2,tcd_tile_4021,Central European mixed forests,European forest,,3998,0.4745,86,79,29,50,57,0.3671,0.3372,0.3515,0.4199,0.4458,0.4324
detectree2,tcd_tile_4022,Western European broadleaf forests,European forest,,4242,0.4745,36,141,26,115,10,0.1844,0.7222,0.2938,0.8699,0.4496,0.5928
detectree2,tcd_tile_4023,Sulawesi lowland rain forests,SE Asian & Pacific rainforest,,682,0.4745,8,36,5,31,3,0.1389,0.625,0.2273,0.0889,0.4001,0.1455
detectree2,tcd_tile_4024,Hispaniolan moist forests,SE Asian & Pacific rainforest,,3661,0.4745,120,69,13,56,107,0.1884,0.1083,0.1376,0.0454,0.3728,0.0809
detectree2,tcd_tile_4025,Northern Zanzibar-Inhambane coastal forest mosaic,African tropical forest,,1360,0.4745,1,82,1,81,0,0.0122,1.0,0.0241,0.9999,0.3345,0.5013
detectree2,tcd_tile_4026,Timor and Wetar deciduous forests,SE Asian & Pacific rainforest,,2144,0.4745,127,70,33,37,94,0.4714,0.2598,0.335,0.5384,0.2763,0.3652
detectree2,tcd_tile_4027,Northern Zanzibar-Inhambane coastal forest mosaic,African tropical forest,,3020,0.4745,262,120,52,68,210,0.4333,0.1985,0.2723,0.2762,0.477,0.3498
detectree2,tcd_tile_4028,Palawan rain forests,SE Asian & Pacific rainforest,,1414,0.4745,22,17,4,13,18,0.2353,0.1818,0.2051,0.1327,0.4475,0.2047
detectree2,tcd_tile_4029,Southern Zanzibar-Inhambane coastal forest mosaic,African tropical forest,,1988,0.4745,164,102,52,50,112,0.5098,0.3171,0.391,0.4241,0.5797,0.4899
detectree2,tcd_tile_403,Western European broadleaf forests,European forest,,4340,0.4745,9,119,6,113,3,0.0504,0.6667,0.0938,0.9333,0.4489,0.6062
detectree2,tcd_tile_4030,Sulawesi lowland rain forests,SE Asian & Pacific rainforest,,4417,0.4745,177,100,31,69,146,0.31,0.1751,0.2238,0.2622,0.2873,0.2742
detectree2,tcd_tile_4031,Luzon rain forests,SE Asian & Pacific rainforest,,2064,0.4745,70,101,9,92,61,0.0891,0.1286,0.1053,0.387,0.2807,0.3254
detectree2,tcd_tile_4032,Sierra Nevada forests,N. American forest,,1091,0.4745,200,129,98,31,102,0.7597,0.49,0.5957,0.6322,0.649,0.6405
detectree2,tcd_tile_4033,East European forest steppe,European forest,,4304,0.4745,24,34,4,30,20,0.1176,0.1667,0.1379,0.3068,0.2775,0.2914
detectree2,tcd_tile_4034,Sulawesi lowland rain forests,SE Asian & Pacific rainforest,,4563,0.4745,172,52,25,27,147,0.4808,0.1453,0.2232,0.3255,0.321,0.3233
detectree2,tcd_tile_4035,Northeastern coastal forests,N. American forest,,3234,0.4745,4,30,2,28,2,0.0667,0.5,0.1176,0.864,0.1166,0.2055
detectree2,tcd_tile_4036,Sarmatic mixed forests,European forest,,808,0.4745,6,90,3,87,3,0.0333,0.5,0.0625,0.0722,0.5578,0.1278
detectree2,tcd_tile_4037,Northern Zanzibar-Inhambane coastal forest mosaic,African tropical forest,,1506,0.4745,150,131,24,107,126,0.1832,0.16,0.1708,0.2787,0.4475,0.3435
detectree2,tcd_tile_4038,Himalayan subtropical broadleaf forests,Other,,2811,0.4745,43,89,10,79,33,0.1124,0.2326,0.1515,0.8605,0.3439,0.4914
detectree2,tcd_tile_4039,Palawan rain forests,SE Asian & Pacific rainforest,,2463,0.4745,113,62,31,31,82,0.5,0.2743,0.3543,0.5239,0.2032,0.2928
detectree2,tcd_tile_404,North Central Rockies forests,N. American forest,,2805,0.4745,54,161,7,154,47,0.0435,0.1296,0.0651,0.929,0.2332,0.3729
detectree2,tcd_tile_4040,Sarmatic mixed forests,European forest,,3221,0.4745,3,98,2,96,1,0.0204,0.6667,0.0396,0.9391,0.283,0.4349
detectree2,tcd_tile_4041,East European forest steppe,European forest,,3088,0.4745,55,51,17,34,38,0.3333,0.3091,0.3208,0.7298,0.4358,0.5457
detectree2,tcd_tile_4042,Southeastern conifer forests,N. American forest,,2806,0.4745,1,6,1,5,0,0.1667,1.0,0.2857,0.4616,0.2551,0.3286
detectree2,tcd_tile_4043,Northern Zanzibar-Inhambane coastal forest mosaic,African tropical forest,,854,0.4745,157,71,28,43,129,0.3944,0.1783,0.2456,0.1619,0.5541,0.2505
detectree2,tcd_tile_4044,East European forest steppe,European forest,,2659,0.4745,83,69,18,51,65,0.2609,0.2169,0.2368,0.1457,0.491,0.2248
detectree2,tcd_tile_4045,Balkan mixed forests,European forest,,2631,0.4745,57,35,6,29,51,0.1714,0.1053,0.1304,0.2598,0.2542,0.257
detectree2,tcd_tile_4046,Northern Zanzibar-Inhambane coastal forest mosaic,African tropical forest,,4900,0.4745,337,154,67,87,270,0.4351,0.1988,0.2729,0.2508,0.4384,0.3191
detectree2,tcd_tile_4047,Northern Zanzibar-Inhambane coastal forest mosaic,African tropical forest,,2841,0.4745,39,25,7,18,32,0.28,0.1795,0.2188,0.2918,0.5689,0.3858
detectree2,tcd_tile_4048,Madeira-Tapajós moist forests,Latin American forest,,1576,0.4745,1,206,1,205,0,0.0049,1.0,0.0097,0.9723,0.4485,0.6139
detectree2,tcd_tile_4049,Vanuatu rain forests,Other,,3226,0.4745,10,43,2,41,8,0.0465,0.2,0.0755,0.654,0.2095,0.3174
detectree2,tcd_tile_405,Northern Zanzibar-Inhambane coastal forest mosaic,African tropical forest,,944,0.4745,94,56,17,39,77,0.3036,0.1809,0.2267,0.3117,0.5552,0.3993
detectree2,tcd_tile_4050,Northeastern coastal forests,N. American forest,,3553,0.4745,3,21,1,20,2,0.0476,0.3333,0.0833,0.2632,0.2639,0.2636
detectree2,tcd_tile_4051,Tongan tropical moist forests,SE Asian & Pacific rainforest,,4636,0.4745,226,44,10,34,216,0.2273,0.0442,0.0741,0.3241,0.1129,0.1674
detectree2,tcd_tile_4052,Granitic Seychelles forests,Other,,3204,0.4745,0,38,0,38,0,0.0,0.0,0.0,0.0,0.0,0.0
detectree2,tcd_tile_4053,Northern Zanzibar-Inhambane coastal forest mosaic,African tropical forest,,4921,0.4745,268,153,62,91,206,0.4052,0.2313,0.2945,0.4993,0.3648,0.4216
detectree2,tcd_tile_4054,Irrawaddy moist deciduous forests,Other,,1095,0.4745,61,35,16,19,45,0.4571,0.2623,0.3333,0.5444,0.4387,0.4859
detectree2,tcd_tile_4055,Southern Great Lakes forests,N. American forest,,445,0.4745,38,34,15,19,23,0.4412,0.3947,0.4167,0.4637,0.2711,0.3421
detectree2,tcd_tile_4056,Caucasus mixed forests,European forest,,4842,0.4745,34,62,14,48,20,0.2258,0.4118,0.2917,0.4946,0.5457,0.5189
detectree2,tcd_tile_4057,Celtic broadleaf forests,European forest,,1444,0.4745,82,57,13,44,69,0.2281,0.1585,0.1871,0.1962,0.7007,0.3066
detectree2,tcd_tile_4058,Lesser Sundas deciduous forests,SE Asian & Pacific rainforest,,1107,0.4745,7,7,1,6,6,0.1429,0.1429,0.1429,0.0276,0.1685,0.0474
detectree2,tcd_tile_4059,Lesser Sundas deciduous forests,SE Asian & Pacific rainforest,,3089,0.4745,17,20,2,18,15,0.1,0.1176,0.1081,0.0409,0.0594,0.0484
detectree2,tcd_tile_406,Northern Zanzibar-Inhambane coastal forest mosaic,African tropical forest,,4951,0.4745,187,115,35,80,152,0.3043,0.1872,0.2318,0.6309,0.3161,0.4211
detectree2,tcd_tile_4060,Madeira-Tapajós moist forests,Latin American forest,,1284,0.4745,1,230,1,229,0,0.0043,1.0,0.0087,1.0,0.4641,0.6339
detectree2,tcd_tile_4061,,Other,,1232,0.4745,173,81,12,69,161,0.1481,0.0694,0.0945,0.0891,0.4074,0.1462
detectree2,tcd_tile_4062,Western Guinean lowland forests,African tropical forest,,2293,0.4745,49,34,5,29,44,0.1471,0.102,0.1205,0.0637,0.4614,0.112
detectree2,tcd_tile_4063,Mindanao-Eastern Visayas rain forests,SE Asian & Pacific rainforest,,1168,0.4745,243,204,61,143,182,0.299,0.251,0.2729,0.2626,0.5605,0.3576
detectree2,tcd_tile_4064,Western Java montane rain forests,Other,,2562,0.4745,8,41,3,38,5,0.0732,0.375,0.1224,0.8004,0.4494,0.5756
detectree2,tcd_tile_4065,Pannonian mixed forests,European forest,,5058,0.4745,90,84,16,68,74,0.1905,0.1778,0.1839,0.5113,0.4021,0.4502
detectree2,tcd_tile_4066,Southern Zanzibar-Inhambane coastal forest mosaic,African tropical forest,,4502,0.4745,302,139,58,81,244,0.4173,0.1921,0.263,0.4812,0.4629,0.4719
detectree2,tcd_tile_4067,Northern Congolian forest-savanna mosaic,African tropical forest,,25,0.4745,58,51,3,48,55,0.0588,0.0517,0.055,0.0103,0.2449,0.0198
detectree2,tcd_tile_4068,Lake,Other,,81,0.4745,30,51,22,29,8,0.4314,0.7333,0.5432,0.5263,0.7062,0.6031
detectree2,tcd_tile_4069,Timor and Wetar deciduous forests,SE Asian & Pacific rainforest,,3770,0.4745,63,42,9,33,54,0.2143,0.1429,0.1714,0.0959,0.4441,0.1577
detectree2,tcd_tile_407,Greater Negros-Panay rain forests,SE Asian & Pacific rainforest,,2832,0.4745,62,76,12,64,50,0.1579,0.1935,0.1739,0.0999,0.5017,0.1666
detectree2,tcd_tile_4070,Pannonian mixed forests,European forest,,3593,0.4745,123,70,37,33,86,0.5286,0.3008,0.3834,0.6743,0.5638,0.6141
detectree2,tcd_tile_4071,Taiheiyo montane deciduous forests,Other,,4749,0.4745,0,5,0,5,0,0.0,0.0,0.0,0.0,0.0,0.0
detectree2,tcd_tile_4072,Celtic broadleaf forests,European forest,,3030,0.4745,16,41,7,34,9,0.1707,0.4375,0.2456,0.1182,0.5122,0.1921
detectree2,tcd_tile_4073,Western Guinean lowland forests,African tropical forest,,3277,0.4745,87,128,20,108,67,0.1562,0.2299,0.186,0.1173,0.5685,0.1945
detectree2,tcd_tile_4074,East European forest steppe,European forest,,4258,0.4745,18,13,3,10,15,0.2308,0.1667,0.1935,0.1244,0.0543,0.0757
detectree2,tcd_tile_4075,North Central Rockies forests,N. American forest,,4033,0.4745,17,193,7,186,10,0.0363,0.4118,0.0667,0.9663,0.4739,0.6359
detectree2,tcd_tile_4076,Northern Zanzibar-Inhambane coastal forest mosaic,African tropical forest,,2718,0.4745,367,120,54,66,313,0.45,0.1471,0.2218,0.4108,0.4562,0.4323
detectree2,tcd_tile_4077,Eastern Java-Bali montane rain forests,Other,,2159,0.4745,32,38,10,28,22,0.2632,0.3125,0.2857,0.4479,0.3535,0.3951
detectree2,tcd_tile_4078,Lake,Other,,554,0.4745,21,13,7,6,14,0.5385,0.3333,0.4118,0.0879,0.2789,0.1337
detectree2,tcd_tile_4079,Changjiang Plain evergreen forests,Other,,3786,0.4745,75,10,1,9,74,0.1,0.0133,0.0235,0.0337,0.0368,0.0352
detectree2,tcd_tile_408,Western Java rain forests,Other,,324,0.4745,51,13,5,8,46,0.3846,0.098,0.1563,0.1701,0.1787,0.1743
detectree2,tcd_tile_4080,Southern Great Lakes forests,N. American forest,,4675,0.4745,11,8,4,4,7,0.5,0.3636,0.4211,0.5124,0.1559,0.239
detectree2,tcd_tile_4081,Scandinavian Montane Birch forest and grasslands,Other,,663,0.4745,13,70,6,64,7,0.0857,0.4615,0.1446,0.6109,0.5015,0.5508
detectree2,tcd_tile_4082,Luzon rain forests,SE Asian & Pacific rainforest,,3027,0.4745,21,54,7,47,14,0.1296,0.3333,0.1867,0.2533,0.3163,0.2814
detectree2,tcd_tile_4083,Changjiang Plain evergreen forests,Other,,2261,0.4745,150,19,1,18,149,0.0526,0.0067,0.0118,0.0443,0.0734,0.0553
detectree2,tcd_tile_4084,Southern Great Lakes forests,N. American forest,,2720,0.4745,3,12,1,11,2,0.0833,0.3333,0.1333,0.4375,0.0975,0.1595
detectree2,tcd_tile_4085,Tongan tropical moist forests,SE Asian & Pacific rainforest,,4846,0.4745,111,62,3,59,108,0.0484,0.027,0.0347,0.1271,0.4705,0.2002
detectree2,tcd_tile_4086,Northern Zanzibar-Inhambane coastal forest mosaic,African tropical forest,,1527,0.4745,150,134,38,96,112,0.2836,0.2533,0.2676,0.1996,0.3759,0.2607
detectree2,tcd_tile_4087,Changjiang Plain evergreen forests,Other,,2265,0.4745,154,76,29,47,125,0.3816,0.1883,0.2522,0.158,0.3457,0.2169
detectree2,tcd_tile_4088,,Other,,979,0.4745,87,35,2,33,85,0.0571,0.023,0.0328,0.0313,0.1418,0.0513
detectree2,tcd_tile_4089,Northern Zanzibar-Inhambane coastal forest mosaic,African tropical forest,,2774,0.4745,58,80,7,73,51,0.0875,0.1207,0.1014,0.2413,0.2786,0.2586
detectree2,tcd_tile_409,Bolivian montane dry forests,Latin American forest,,4607,0.4745,128,61,12,49,116,0.1967,0.0938,0.127,0.1218,0.3421,0.1797
detectree2,tcd_tile_4090,Northern Zanzibar-Inhambane coastal forest mosaic,African tropical forest,,1745,0.4745,106,60,32,28,74,0.5333,0.3019,0.3855,0.4917,0.5244,0.5075
detectree2,tcd_tile_4091,Northern Zanzibar-Inhambane coastal forest mosaic,African tropical forest,,3207,0.4745,169,34,14,20,155,0.4118,0.0828,0.1379,0.2687,0.3299,0.2962
detectree2,tcd_tile_4092,Pontic steppe,Other,,1264,0.4745,192,94,32,62,160,0.3404,0.1667,0.2238,0.4291,0.6001,0.5004
detectree2,tcd_tile_4093,Vanuatu rain forests,Other,,2492,0.4745,34,18,1,17,33,0.0556,0.0294,0.0385,0.753,0.0806,0.1457
detectree2,tcd_tile_4094,Mato Grosso seasonal forests,Latin American forest,,1935,0.4745,93,77,40,37,53,0.5195,0.4301,0.4706,0.3472,0.7491,0.4745
detectree2,tcd_tile_4095,Northern Zanzibar-Inhambane coastal forest mosaic,African tropical forest,,3485,0.4745,152,143,29,114,123,0.2028,0.1908,0.1966,0.7665,0.3626,0.4923
detectree2,tcd_tile_4096,Northern Zanzibar-Inhambane coastal forest mosaic,African tropical forest,,1658,0.4745,328,124,69,55,259,0.5565,0.2104,0.3053,0.493,0.4145,0.4504
detectree2,tcd_tile_4097,Mindanao-Eastern Visayas rain forests,SE Asian & Pacific rainforest,,3414,0.4745,200,84,11,73,189,0.131,0.055,0.0775,0.3685,0.2851,0.3215
detectree2,tcd_tile_4098,Eastern Guinean forests,African tropical forest,,2534,0.4745,33,19,1,18,32,0.0526,0.0303,0.0385,0.0111,0.0327,0.0166
detectree2,tcd_tile_4099,Southern Great Lakes forests,N. American forest,,4543,0.4745,66,51,23,28,43,0.451,0.3485,0.3932,0.4598,0.4011,0.4285
detectree2,tcd_tile_41,West Sudanian savanna,Arid / dryland,,108,0.4745,127,141,69,72,58,0.4894,0.5433,0.5149,0.4394,0.7875,0.5641
detectree2,tcd_tile_410,Northern Zanzibar-Inhambane coastal forest mosaic,African tropical forest,,2999,0.4745,183,84,42,42,141,0.5,0.2295,0.3146,0.4531,0.3919,0.4202
detectree2,tcd_tile_4100,Northeastern coastal forests,N. American forest,,3133,0.4745,119,137,46,91,73,0.3358,0.3866,0.3594,0.4283,0.6582,0.519
detectree2,tcd_tile_4101,Northern Zanzibar-Inhambane coastal forest mosaic,African tropical forest,,749,0.4745,92,89,11,78,81,0.1236,0.1196,0.1215,0.462,0.3645,0.4075
detectree2,tcd_tile_4102,Central U.S. hardwood forests,N. American forest,,1894,0.4745,25,44,8,36,17,0.1818,0.32,0.2319,0.5107,0.4363,0.4706
detectree2,tcd_tile_4103,Western Java rain forests,Other,,4993,0.4745,195,156,56,100,139,0.359,0.2872,0.3191,0.4292,0.5091,0.4657
detectree2,tcd_tile_4104,Southern Zanzibar-Inhambane coastal forest mosaic,African tropical forest,,2929,0.4745,45,48,6,42,39,0.125,0.1333,0.129,0.0589,0.4144,0.1031
detectree2,tcd_tile_4105,Northern Zanzibar-Inhambane coastal forest mosaic,African tropical forest,,1940,0.4745,8,5,1,4,7,0.2,0.125,0.1538,0.0039,0.2131,0.0077
detectree2,tcd_tile_4106,Northern Zanzibar-Inhambane coastal forest mosaic,African tropical forest,,2227,0.4745,15,54,6,48,9,0.1111,0.4,0.1739,0.1798,0.5293,0.2684
detectree2,tcd_tile_4107,Northern Zanzibar-Inhambane coastal forest mosaic,African tropical forest,,4403,0.4745,44,71,10,61,34,0.1408,0.2273,0.1739,0.3792,0.3792,0.3792
detectree2,tcd_tile_4108,Central European mixed forests,European forest,,4573,0.4745,90,63,11,52,79,0.1746,0.1222,0.1438,0.1468,0.3757,0.2112
detectree2,tcd_tile_4109,Northern Zanzibar-Inhambane coastal forest mosaic,African tropical forest,,1573,0.4745,33,21,5,16,28,0.2381,0.1515,0.1852,0.0593,0.5387,0.1069
detectree2,tcd_tile_411,Northern Zanzibar-Inhambane coastal forest mosaic,African tropical forest,,4578,0.4745,1,77,1,76,0,0.013,1.0,0.0256,0.9458,0.3559,0.5172
detectree2,tcd_tile_4110,Peruvian Yungas,Latin American forest,,1432,0.4745,35,50,3,47,32,0.06,0.0857,0.0706,0.0197,0.2024,0.0359
detectree2,tcd_tile_4111,Atlantic coastal pine barrens,Other,,1519,0.4745,22,21,8,13,14,0.381,0.3636,0.3721,0.5598,0.2938,0.3853
detectree2,tcd_tile_4112,Western Java rain forests,Other,,109,0.4745,45,60,5,55,40,0.0833,0.1111,0.0952,0.039,0.5138,0.0725
detectree2,tcd_tile_4113,Nihonkai montane deciduous forests,Other,,4650,0.4745,1,179,1,178,0,0.0056,1.0,0.0111,0.9887,0.4529,0.6212
detectree2,tcd_tile_4114,East European forest steppe,European forest,,1102,0.4745,47,76,23,53,24,0.3026,0.4894,0.374,0.588,0.3501,0.4389
detectree2,tcd_tile_4115,Atlantic dry forests,Other,,1242,0.4745,205,82,35,47,170,0.4268,0.1707,0.2439,0.1892,0.4968,0.274
detectree2,tcd_tile_4116,Nihonkai montane deciduous forests,Other,,4536,0.4745,2,65,1,64,1,0.0154,0.5,0.0299,1.0,0.1908,0.3205
detectree2,tcd_tile_4117,Tongan tropical moist forests,SE Asian & Pacific rainforest,,4179,0.4745,143,44,5,39,138,0.1136,0.035,0.0535,0.1007,0.3142,0.1525
detectree2,tcd_tile_4118,Northern Zanzibar-Inhambane coastal forest mosaic,African tropical forest,,4670,0.4745,279,98,60,38,219,0.6122,0.2151,0.3183,0.5588,0.5267,0.5423
detectree2,tcd_tile_4119,Sierra Nevada forests,N. American forest,,2633,0.4745,167,44,21,23,146,0.4773,0.1257,0.1991,0.2645,0.2059,0.2316
detectree2,tcd_tile_412,"Sao Tome, Principe and Annobon moist lowland forests",Other,,2221,0.4745,74,75,21,54,53,0.28,0.2838,0.2819,0.3036,0.5303,0.3862
detectree2,tcd_tile_4120,,Other,,2322,0.4745,0,33,0,33,0,0.0,0.0,0.0,0.0,0.0,0.0
detectree2,tcd_tile_4121,Northern Zanzibar-Inhambane coastal forest mosaic,African tropical forest,,1680,0.4745,11,53,1,52,10,0.0189,0.0909,0.0312,0.0059,0.6911,0.0117
detectree2,tcd_tile_4122,Northeastern coastal forests,N. American forest,,2970,0.4745,1,25,1,24,0,0.04,1.0,0.0769,0.5846,0.1055,0.1787
detectree2,tcd_tile_4123,Central European mixed forests,European forest,,181,0.4745,88,117,55,62,33,0.4701,0.625,0.5366,0.6882,0.4981,0.5779
detectree2,tcd_tile_4124,Greater Negros-Panay rain forests,SE Asian & Pacific rainforest,,3258,0.4745,13,19,4,15,9,0.2105,0.3077,0.25,0.0226,0.4122,0.0429
detectree2,tcd_tile_4125,Balkan mixed forests,European forest,,1795,0.4745,30,91,19,72,11,0.2088,0.6333,0.314,0.6669,0.5871,0.6245
detectree2,tcd_tile_4126,Veracruz moist forests,Other,,1298,0.4745,277,54,35,19,242,0.6481,0.1264,0.2115,0.261,0.2345,0.2471
detectree2,tcd_tile_4127,Pannonian mixed forests,European forest,,2393,0.4745,143,76,29,47,114,0.3816,0.2028,0.2648,0.432,0.5173,0.4708
detectree2,tcd_tile_4128,Eastern Mediterranean conifer-sclerophyllous-broadleaf forests,Other,,1342,0.4745,208,53,47,6,161,0.8868,0.226,0.3602,0.726,0.2878,0.4122
detectree2,tcd_tile_4129,Greater Negros-Panay rain forests,SE Asian & Pacific rainforest,,4112,0.4745,55,99,9,90,46,0.0909,0.1636,0.1169,0.4662,0.3871,0.423
detectree2,tcd_tile_413,Sulawesi lowland rain forests,SE Asian & Pacific rainforest,,4529,0.4745,189,119,19,100,170,0.1597,0.1005,0.1234,0.5771,0.3353,0.4241
detectree2,tcd_tile_4130,Western European broadleaf forests,European forest,,4484,0.4745,17,160,8,152,9,0.05,0.4706,0.0904,0.8853,0.4428,0.5903
detectree2,tcd_tile_4131,Celtic broadleaf forests,European forest,,2628,0.4745,6,47,3,44,3,0.0638,0.5,0.1132,0.5648,0.3259,0.4133
detectree2,tcd_tile_4132,Sarmatic mixed forests,European forest,,4028,0.4745,110,40,4,36,106,0.1,0.0364,0.0533,0.429,0.3681,0.3963
detectree2,tcd_tile_4133,Eastern Himalayan broadleaf forests,Other,,3585,0.4745,153,68,17,51,136,0.25,0.1111,0.1538,0.1373,0.36,0.1988
detectree2,tcd_tile_4134,Western Java rain forests,Other,,4583,0.4745,230,183,60,123,170,0.3279,0.2609,0.2906,0.431,0.5413,0.4799
detectree2,tcd_tile_4135,California interior chaparral and woodlands,Other,,774,0.4745,262,35,23,12,239,0.6571,0.0878,0.1549,0.6057,0.4711,0.53
detectree2,tcd_tile_4136,Balkan mixed forests,European forest,,4870,0.4745,0,30,0,30,0,0.0,0.0,0.0,0.0,0.0,0.0
detectree2,tcd_tile_4137,Cerrado,Latin American forest,,849,0.4745,81,43,9,34,72,0.2093,0.1111,0.1452,0.097,0.4867,0.1618
detectree2,tcd_tile_4138,Northern Zanzibar-Inhambane coastal forest mosaic,African tropical forest,,1986,0.4745,123,44,10,34,113,0.2273,0.0813,0.1198,0.0563,0.5532,0.1022
detectree2,tcd_tile_4139,Lesser Sundas deciduous forests,SE Asian & Pacific rainforest,,3166,0.4745,10,62,3,59,7,0.0484,0.3,0.0833,0.9705,0.1704,0.29
detectree2,tcd_tile_414,Central African mangroves,African tropical forest,,2339,0.4745,0,136,0,136,0,0.0,0.0,0.0,0.0,0.0,0.0
detectree2,tcd_tile_4140,Northern Zanzibar-Inhambane coastal forest mosaic,African tropical forest,,2807,0.4745,21,7,3,4,18,0.4286,0.1429,0.2143,0.1224,0.1378,0.1296
detectree2,tcd_tile_4141,Southeastern mixed forests,N. American forest,,4615,0.4745,3,45,2,43,1,0.0444,0.6667,0.0833,0.7239,0.2939,0.418
detectree2,tcd_tile_4142,New England-Acadian forests,N. American forest,,4140,0.4745,5,55,3,52,2,0.0545,0.6,0.1,0.886,0.3301,0.481
detectree2,tcd_tile_4143,Mato Grosso seasonal forests,Latin American forest,,2969,0.4745,239,96,30,66,209,0.3125,0.1255,0.1791,0.1546,0.4582,0.2312
detectree2,tcd_tile_4144,Southeastern mixed forests,N. American forest,,2547,0.4745,12,10,3,7,9,0.3,0.25,0.2727,0.6819,0.1654,0.2663
detectree2,tcd_tile_4145,Atlantic mixed forests,European forest,,1458,0.4745,3,116,2,114,1,0.0172,0.6667,0.0336,0.5827,0.4166,0.4858
detectree2,tcd_tile_4146,Central European mixed forests,European forest,,5049,0.4745,67,47,15,32,52,0.3191,0.2239,0.2632,0.1669,0.219,0.1894
detectree2,tcd_tile_4147,Central African mangroves,African tropical forest,,4962,0.4745,0,196,0,196,0,0.0,0.0,0.0,0.0,0.0,0.0
detectree2,tcd_tile_4148,Changjiang Plain evergreen forests,Other,,679,0.4745,240,68,34,34,206,0.5,0.1417,0.2208,0.2525,0.364,0.2982
detectree2,tcd_tile_4149,Central Indochina dry forests,Other,,4864,0.4745,129,73,23,50,106,0.3151,0.1783,0.2277,0.5025,0.2626,0.345
detectree2,tcd_tile_415,Western European broadleaf forests,European forest,,2066,0.4745,93,66,20,46,73,0.303,0.2151,0.2516,0.2928,0.479,0.3634
detectree2,tcd_tile_4150,Eastern Great Lakes lowland forests,N. American forest,,3698,0.4745,17,21,2,19,15,0.0952,0.1176,0.1053,0.1617,0.2024,0.1797
detectree2,tcd_tile_4151,California coastal sage and chaparral,Other,,1333,0.4745,0,13,0,13,0,0.0,0.0,0.0,0.0,0.0,0.0
detectree2,tcd_tile_4152,Appalachian-Blue Ridge forests,N. American forest,,3843,0.4745,32,30,5,25,27,0.1667,0.1562,0.1613,0.1676,0.4802,0.2485
detectree2,tcd_tile_4153,Sarmatic mixed forests,European forest,,315,0.4745,35,47,19,28,16,0.4043,0.5429,0.4634,0.4936,0.4207,0.4543
detectree2,tcd_tile_4154,Madeira-Tapajós moist forests,Latin American forest,,721,0.4745,1,210,1,209,0,0.0048,1.0,0.0095,1.0,0.4378,0.609
detectree2,tcd_tile_4155,Madeira-Tapajós moist forests,Latin American forest,,3421,0.4745,4,110,3,107,1,0.0273,0.75,0.0526,0.9999,0.3787,0.5494
detectree2,tcd_tile_4156,Himalayan subtropical broadleaf forests,Other,,4189,0.4745,76,76,11,65,65,0.1447,0.1447,0.1447,0.1143,0.3192,0.1683
detectree2,tcd_tile_4157,Northern Zanzibar-Inhambane coastal forest mosaic,African tropical forest,,3138,0.4745,147,128,52,76,95,0.4062,0.3537,0.3782,0.5004,0.4721,0.4858
detectree2,tcd_tile_4158,Central European mixed forests,European forest,,5002,0.4745,2,10,0,10,2,0.0,0.0,0.0,0.0,0.0,0.0
detectree2,tcd_tile_4159,Eastern Australian temperate forests,Other,,3744,0.4745,11,8,1,7,10,0.125,0.0909,0.1053,0.0756,0.5383,0.1326
detectree2,tcd_tile_416,Changjiang Plain evergreen forests,Other,,4719,0.4745,85,60,25,35,60,0.4167,0.2941,0.3448,0.738,0.484,0.5846
detectree2,tcd_tile_4160,Sarmatic mixed forests,European forest,,2694,0.4745,39,86,18,68,21,0.2093,0.4615,0.288,0.3491,0.3885,0.3677
detectree2,tcd_tile_4161,Sulawesi lowland rain forests,SE Asian & Pacific rainforest,,709,0.4745,81,72,13,59,68,0.1806,0.1605,0.1699,0.3142,0.3195,0.3169
detectree2,tcd_tile_4162,Sulawesi lowland rain forests,SE Asian & Pacific rainforest,,4397,0.4745,165,175,24,151,141,0.1371,0.1455,0.1412,0.6479,0.4173,0.5077
detectree2,tcd_tile_4163,East European forest steppe,European forest,,1627,0.4745,30,73,14,59,16,0.1918,0.4667,0.2718,0.1705,0.5033,0.2547
detectree2,tcd_tile_4164,Sumatran lowland rain forests,SE Asian & Pacific rainforest,,1997,0.4745,80,104,12,92,68,0.1154,0.15,0.1304,0.471,0.4109,0.4389
detectree2,tcd_tile_4165,Taiwan subtropical evergreen forests,SE Asian & Pacific rainforest,,2950,0.4745,37,50,6,44,31,0.12,0.1622,0.1379,0.1507,0.2206,0.1791
detectree2,tcd_tile_4166,Madeira-Tapajós moist forests,Latin American forest,,2652,0.4745,1,154,1,153,0,0.0065,1.0,0.0129,0.9985,0.4334,0.6044
detectree2,tcd_tile_4167,Hispaniolan moist forests,SE Asian & Pacific rainforest,,4240,0.4745,0,56,0,56,0,0.0,0.0,0.0,0.0,0.0,0.0
detectree2,tcd_tile_4168,Central European mixed forests,European forest,,1985,0.4745,37,107,16,91,21,0.1495,0.4324,0.2222,0.4659,0.5425,0.5013
detectree2,tcd_tile_4169,Greater Negros-Panay rain forests,SE Asian & Pacific rainforest,,2373,0.4745,79,87,16,71,63,0.1839,0.2025,0.1928,0.0865,0.4145,0.1431
detectree2,tcd_tile_417,Northern Zanzibar-Inhambane coastal forest mosaic,African tropical forest,,2637,0.4745,20,43,1,42,19,0.0233,0.05,0.0317,0.0121,0.2556,0.0232
detectree2,tcd_tile_4170,Western European broadleaf forests,European forest,,525,0.4745,27,18,13,5,14,0.7222,0.4815,0.5778,0.7125,0.3951,0.5083
detectree2,tcd_tile_4171,Western Java rain forests,Other,,4518,0.4745,275,211,81,130,194,0.3839,0.2945,0.3333,0.4534,0.4857,0.469
detectree2,tcd_tile_4172,Pontic steppe,Other,,916,0.4745,64,64,10,54,54,0.1562,0.1562,0.1562,0.1996,0.5652,0.295
detectree2,tcd_tile_4173,Baltic mixed forests,European forest,,4635,0.4745,32,109,7,102,25,0.0642,0.2188,0.0993,0.6971,0.5736,0.6293
detectree2,tcd_tile_4174,Northern Zanzibar-Inhambane coastal forest mosaic,African tropical forest,,4111,0.4745,107,51,22,29,85,0.4314,0.2056,0.2785,0.1301,0.4881,0.2055
detectree2,tcd_tile_4175,Bolivian montane dry forests,Latin American forest,,4740,0.4745,57,18,3,15,54,0.1667,0.0526,0.08,0.0606,0.2927,0.1004
detectree2,tcd_tile_4176,Hispaniolan moist forests,SE Asian & Pacific rainforest,,4997,0.4745,0,71,0,71,0,0.0,0.0,0.0,0.0,0.0,0.0
detectree2,tcd_tile_4177,Bolivian montane dry forests,Latin American forest,,4508,0.4745,59,15,3,12,56,0.2,0.0508,0.0811,0.3208,0.222,0.2624
detectree2,tcd_tile_4178,Upper Gangetic Plains moist deciduous forests,Other,,3695,0.4745,64,58,17,41,47,0.2931,0.2656,0.2787,0.4629,0.4729,0.4678
detectree2,tcd_tile_4179,Bolivian montane dry forests,Latin American forest,,1619,0.4745,84,31,6,25,78,0.1935,0.0714,0.1043,0.3085,0.3135,0.311
detectree2,tcd_tile_418,Hispaniolan moist forests,SE Asian & Pacific rainforest,,2002,0.4745,94,78,5,73,89,0.0641,0.0532,0.0581,0.0477,0.456,0.0864
detectree2,tcd_tile_4180,Magdalena Valley montane forests,Other,,3082,0.4745,157,103,49,54,108,0.4757,0.3121,0.3769,0.3016,0.7992,0.4379
detectree2,tcd_tile_4181,Luzon rain forests,SE Asian & Pacific rainforest,,2598,0.4745,64,55,24,31,40,0.4364,0.375,0.4034,0.2534,0.6235,0.3603
detectree2,tcd_tile_4182,Sarmatic mixed forests,European forest,,3713,0.4745,1,1,0,1,1,0.0,0.0,0.0,0.0,0.0,0.0
detectree2,tcd_tile_4183,Northeastern coastal forests,N. American forest,,1705,0.4745,74,61,23,38,51,0.377,0.3108,0.3407,0.5024,0.6302,0.5591
detectree2,tcd_tile_4184,,Other,,362,0.4745,0,1,0,1,0,0.0,0.0,0.0,0.0,0.0,0.0
detectree2,tcd_tile_4185,Central European mixed forests,European forest,,4618,0.4745,95,53,20,33,75,0.3774,0.2105,0.2703,0.2319,0.3675,0.2844
detectree2,tcd_tile_4186,Ecuadorian dry forests,Other,,830,0.4745,60,18,3,15,57,0.1667,0.05,0.0769,0.1632,0.452,0.2398
detectree2,tcd_tile_4187,Northeastern Spain and Southern France Mediterranean forests,Other,,754,0.4745,50,48,24,24,26,0.5,0.48,0.4898,0.5011,0.3913,0.4395
detectree2,tcd_tile_4188,Luzon rain forests,SE Asian & Pacific rainforest,,5016,0.4745,199,152,32,120,167,0.2105,0.1608,0.1823,0.3533,0.3248,0.3384
detectree2,tcd_tile_4189,Atlantic coastal pine barrens,Other,,3584,0.4745,260,10,1,9,259,0.1,0.0038,0.0074,0.1367,0.1694,0.1513
detectree2,tcd_tile_419,Hispaniolan moist forests,SE Asian & Pacific rainforest,,4331,0.4745,15,36,1,35,14,0.0278,0.0667,0.0392,0.0186,0.2304,0.0344
detectree2,tcd_tile_4190,East European forest steppe,European forest,,4349,0.4745,20,15,4,11,16,0.2667,0.2,0.2286,0.389,0.4807,0.43
detectree2,tcd_tile_4191,Northern Zanzibar-Inhambane coastal forest mosaic,African tropical forest,,3517,0.4745,6,179,3,176,3,0.0168,0.5,0.0324,0.959,0.4088,0.5733
detectree2,tcd_tile_4192,Granitic Seychelles forests,Other,,3817,0.4745,115,105,40,65,75,0.381,0.3478,0.3636,0.7009,0.3819,0.4944
detectree2,tcd_tile_4193,Balkan mixed forests,European forest,,5065,0.4745,140,72,26,46,114,0.3611,0.1857,0.2453,0.2315,0.5309,0.3224
detectree2,tcd_tile_4194,Nigerian lowland forests,African tropical forest,,5050,0.4745,0,110,0,110,0,0.0,0.0,0.0,0.0,0.0,0.0
detectree2,tcd_tile_4195,Northeastern coastal forests,N. American forest,,2077,0.4745,7,54,3,51,4,0.0556,0.4286,0.0984,0.7309,0.2709,0.3953
detectree2,tcd_tile_4196,Sumatran lowland rain forests,SE Asian & Pacific rainforest,,19,0.4745,1,73,1,72,0,0.0137,1.0,0.027,0.8854,0.2728,0.4171
detectree2,tcd_tile_4197,Snake-Columbia shrub steppe,Other,,736,0.4745,8,152,8,144,0,0.0526,1.0,0.1,0.7314,0.4517,0.5585
detectree2,tcd_tile_4198,Baltic mixed forests,European forest,,1767,0.4745,4,11,3,8,1,0.2727,0.75,0.4,0.0656,0.6267,0.1187
detectree2,tcd_tile_4199,Chiquitano dry forests,Other,,1340,0.4745,60,42,15,27,45,0.3571,0.25,0.2941,0.13,0.4496,0.2017
detectree2,tcd_tile_42,West Sudanian savanna,Arid / dryland,,675,0.4745,50,62,29,33,21,0.4677,0.58,0.5179,0.2332,0.626,0.3398
detectree2,tcd_tile_420,Hokkaido deciduous forests,Other,,3563,0.4745,30,34,1,33,29,0.0294,0.0333,0.0312,0.2196,0.3647,0.2741
detectree2,tcd_tile_4200,Mindanao-Eastern Visayas rain forests,SE Asian & Pacific rainforest,,4879,0.4745,9,25,1,24,8,0.04,0.1111,0.0588,0.0102,0.4925,0.0199
detectree2,tcd_tile_4201,,Other,,303,0.4745,118,59,13,46,105,0.2203,0.1102,0.1469,0.1099,0.2342,0.1496
detectree2,tcd_tile_4202,Northern mixed grasslands,Other,,356,0.4745,19,25,12,13,7,0.48,0.6316,0.5455,0.194,0.6238,0.2959
detectree2,tcd_tile_4203,Cerrado,Latin American forest,,117,0.4745,2,3,0,3,2,0.0,0.0,0.0,0.0329,0.9826,0.0637
detectree2,tcd_tile_4204,Sarmatic mixed forests,European forest,,2149,0.4745,12,38,7,31,5,0.1842,0.5833,0.28,0.3159,0.3466,0.3305
detectree2,tcd_tile_4205,Sarmatic mixed forests,European forest,,326,0.4745,38,93,20,73,18,0.2151,0.5263,0.3053,0.6819,0.5666,0.619
detectree2,tcd_tile_4206,Pontic steppe,Other,,1353,0.4745,79,44,19,25,60,0.4318,0.2405,0.3089,0.3103,0.6072,0.4107
detectree2,tcd_tile_4207,Nigerian lowland forests,African tropical forest,,4270,0.4745,0,98,0,98,0,0.0,0.0,0.0,0.0,0.0,0.0
detectree2,tcd_tile_4208,Northeastern coastal forests,N. American forest,,2148,0.4745,8,48,6,42,2,0.125,0.75,0.2143,0.4801,0.2131,0.2952
detectree2,tcd_tile_4209,Peruvian Yungas,Latin American forest,,2521,0.4745,50,71,4,67,46,0.0563,0.08,0.0661,0.0227,0.4506,0.0432
detectree2,tcd_tile_421,Caucasus mixed forests,European forest,,5053,0.4745,20,130,11,119,9,0.0846,0.55,0.1467,0.6951,0.5485,0.6131
detectree2,tcd_tile_4210,Central European mixed forests,European forest,,4531,0.4745,64,53,16,37,48,0.3019,0.25,0.2735,0.1443,0.3198,0.1988
detectree2,tcd_tile_4211,,Other,,86,0.4745,17,64,8,56,9,0.125,0.4706,0.1975,0.3259,0.3835,0.3524
detectree2,tcd_tile_4212,Northern Zanzibar-Inhambane coastal forest mosaic,African tropical forest,,1904,0.4745,4,124,3,121,1,0.0242,0.75,0.0469,0.9879,0.3493,0.5161
detectree2,tcd_tile_4213,Po Basin mixed forests,Other,,3808,0.4745,30,20,3,17,27,0.15,0.1,0.12,0.1908,0.5788,0.287
detectree2,tcd_tile_4214,Celtic broadleaf forests,European forest,,1843,0.4745,10,27,4,23,6,0.1481,0.4,0.2162,0.0572,0.9153,0.1076
detectree2,tcd_tile_4215,Madeira-Tapajós moist forests,Latin American forest,,2389,0.4745,1,102,1,101,0,0.0098,1.0,0.0194,0.9999,0.3078,0.4707
detectree2,tcd_tile_4216,Sarmatic mixed forests,European forest,,4354,0.4745,7,180,4,176,3,0.0222,0.5714,0.0428,0.8537,0.5743,0.6866
detectree2,tcd_tile_4217,Southern Zanzibar-Inhambane coastal forest mosaic,African tropical forest,,4237,0.4745,79,77,14,63,65,0.1818,0.1772,0.1795,0.1017,0.4503,0.1659
detectree2,tcd_tile_4218,Western Guinean lowland forests,African tropical forest,,3875,0.4745,102,131,30,101,72,0.229,0.2941,0.2575,0.109,0.5037,0.1792
detectree2,tcd_tile_4219,Southeastern mixed forests,N. American forest,,1395,0.4745,4,101,3,98,1,0.0297,0.75,0.0571,0.7461,0.3504,0.4768
detectree2,tcd_tile_422,Celtic broadleaf forests,European forest,,2354,0.4745,97,57,14,43,83,0.2456,0.1443,0.1818,0.443,0.5986,0.5092
detectree2,tcd_tile_4220,Pannonian mixed forests,European forest,,1669,0.4745,8,112,4,108,4,0.0357,0.5,0.0667,0.8807,0.3631,0.5142
detectree2,tcd_tile_4221,Northern Zanzibar-Inhambane coastal forest mosaic,African tropical forest,,1205,0.4745,94,79,25,54,69,0.3165,0.266,0.289,0.2314,0.381,0.2879
detectree2,tcd_tile_4222,Western Guinean lowland forests,African tropical forest,,1077,0.4745,44,34,13,21,31,0.3824,0.2955,0.3333,0.1867,0.2831,0.225
detectree2,tcd_tile_4223,Snake-Columbia shrub steppe,Other,,257,0.4745,38,15,1,14,37,0.0667,0.0263,0.0377,0.0249,0.4621,0.0472
detectree2,tcd_tile_4224,Hokkaido deciduous forests,Other,,2885,0.4745,11,35,4,31,7,0.1143,0.3636,0.1739,0.2293,0.2515,0.2399
detectree2,tcd_tile_4225,Caucasus mixed forests,European forest,,1343,0.4745,108,122,48,74,60,0.3934,0.4444,0.4174,0.2748,0.6253,0.3818
detectree2,tcd_tile_4226,Timor and Wetar deciduous forests,SE Asian & Pacific rainforest,,1322,0.4745,111,83,50,33,61,0.6024,0.4505,0.5155,0.7029,0.28,0.4005
detectree2,tcd_tile_4227,Upper Midwest forest-savanna transition,N. American forest,,2404,0.4745,39,32,7,25,32,0.2188,0.1795,0.1972,0.3632,0.1918,0.251
detectree2,tcd_tile_4228,Sarmatic mixed forests,European forest,,4537,0.4745,12,43,2,41,10,0.0465,0.1667,0.0727,0.2481,0.2593,0.2536
detectree2,tcd_tile_4229,Southern Zanzibar-Inhambane coastal forest mosaic,African tropical forest,,2943,0.4745,93,130,43,87,50,0.3308,0.4624,0.3857,0.4188,0.4569,0.437
detectree2,tcd_tile_423,Pannonian mixed forests,European forest,,3428,0.4745,199,146,61,85,138,0.4178,0.3065,0.3536,0.5553,0.623,0.5872
detectree2,tcd_tile_4230,Lesser Sundas deciduous forests,SE Asian & Pacific rainforest,,2542,0.4745,46,153,10,143,36,0.0654,0.2174,0.1005,0.8377,0.4256,0.5645
detectree2,tcd_tile_4231,Hispaniolan moist forests,SE Asian & Pacific rainforest,,4370,0.4745,69,82,6,76,63,0.0732,0.087,0.0795,0.0254,0.3042,0.0469
detectree2,tcd_tile_4232,Southern Zanzibar-Inhambane coastal forest mosaic,African tropical forest,,3439,0.4745,85,47,22,25,63,0.4681,0.2588,0.3333,0.4168,0.7442,0.5343
detectree2,tcd_tile_4233,Mesopotamian shrub desert,Other,,39,0.4745,220,105,61,44,159,0.581,0.2773,0.3754,0.4578,0.3044,0.3657
detectree2,tcd_tile_4234,Granitic Seychelles forests,Other,,928,0.4745,71,143,12,131,59,0.0839,0.169,0.1121,0.8993,0.4476,0.5977
detectree2,tcd_tile_4235,Southern Zanzibar-Inhambane coastal forest mosaic,African tropical forest,,3437,0.4745,97,83,30,53,67,0.3614,0.3093,0.3333,0.1512,0.7537,0.2519
detectree2,tcd_tile_4236,Northern Zanzibar-Inhambane coastal forest mosaic,African tropical forest,,1842,0.4745,122,112,28,84,94,0.25,0.2295,0.2393,0.6195,0.509,0.5588
detectree2,tcd_tile_4237,Western Great Lakes forests,Other,,1493,0.4745,18,25,6,19,12,0.24,0.3333,0.2791,0.4681,0.5092,0.4878
detectree2,tcd_tile_4238,Central U.S. hardwood forests,N. American forest,,2142,0.4745,15,92,9,83,6,0.0978,0.6,0.1682,0.814,0.5614,0.6645
detectree2,tcd_tile_424,Sierra Nevada forests,N. American forest,,3211,0.4745,20,46,9,37,11,0.1957,0.45,0.2727,0.5087,0.1295,0.2064
detectree2,tcd_tile_425,Northern Zanzibar-Inhambane coastal forest mosaic,African tropical forest,,2875,0.4745,326,111,32,79,294,0.2883,0.0982,0.1465,0.1391,0.3689,0.2021
detectree2,tcd_tile_426,Upper Gangetic Plains moist deciduous forests,Other,,2919,0.4745,37,104,19,85,18,0.1827,0.5135,0.2695,0.7549,0.5296,0.6225
detectree2,tcd_tile_427,Lesser Sundas deciduous forests,SE Asian & Pacific rainforest,,1861,0.4745,51,108,31,77,20,0.287,0.6078,0.3899,0.4063,0.5045,0.4501
detectree2,tcd_tile_428,Mizoram-Manipur-Kachin rain forests,SE Asian & Pacific rainforest,,4744,0.4745,18,103,13,90,5,0.1262,0.7222,0.2149,0.9855,0.4262,0.5951
detectree2,tcd_tile_429,Northern Zanzibar-Inhambane coastal forest mosaic,African tropical forest,,1018,0.4745,111,58,28,30,83,0.4828,0.2523,0.3314,0.4234,0.5923,0.4938
detectree2,tcd_tile_43,East Sudanian savanna,Arid / dryland,,887,0.4745,16,19,0,19,16,0.0,0.0,0.0,0.0014,0.1032,0.0028
detectree2,tcd_tile_430,Sulawesi lowland rain forests,SE Asian & Pacific rainforest,,4489,0.4745,262,121,64,57,198,0.5289,0.2443,0.3342,0.4635,0.3833,0.4196
detectree2,tcd_tile_431,Madeira-Tapajós moist forests,Latin American forest,,2200,0.4745,9,185,9,176,0,0.0486,1.0,0.0928,1.0,0.4435,0.6145
detectree2,tcd_tile_432,Araucaria moist forests,Other,,411,0.4745,75,42,11,31,64,0.2619,0.1467,0.188,0.3642,0.2463,0.2939
detectree2,tcd_tile_433,Scandinavian Montane Birch forest and grasslands,Other,,164,0.4745,868,27,3,24,865,0.1111,0.0035,0.0067,0.4832,0.2822,0.3563
detectree2,tcd_tile_434,Bahia coastal forests,Latin American forest,,2100,0.4745,7,43,4,39,3,0.093,0.5714,0.16,0.9404,0.2527,0.3984
detectree2,tcd_tile_435,Appalachian mixed mesophytic forests,Other,,2097,0.4745,5,25,2,23,3,0.08,0.4,0.1333,0.1312,0.3839,0.1956
detectree2,tcd_tile_436,South Siberian forest steppe,Other,,712,0.4745,57,39,14,25,43,0.359,0.2456,0.2917,0.2748,0.4293,0.3351
detectree2,tcd_tile_437,Western Java montane rain forests,Other,,3524,0.4745,18,65,12,53,6,0.1846,0.6667,0.2892,0.9779,0.2989,0.4578
detectree2,tcd_tile_438,Hawaii tropical moist forests,Other,,3354,0.4745,5,129,2,127,3,0.0155,0.4,0.0299,0.9909,0.5442,0.7026
detectree2,tcd_tile_439,Northern Zanzibar-Inhambane coastal forest mosaic,African tropical forest,,2101,0.4745,149,131,77,54,72,0.5878,0.5168,0.55,0.4836,0.5819,0.5282
detectree2,tcd_tile_44,Chilean matorral,Arid / dryland,,410,0.4745,83,86,22,64,61,0.2558,0.2651,0.2604,0.4833,0.4345,0.4576
detectree2,tcd_tile_440,Eastern Himalayan broadleaf forests,Other,,2964,0.4745,131,89,19,70,112,0.2135,0.145,0.1727,0.157,0.3302,0.2128
detectree2,tcd_tile_441,Northern Congolian forest-savanna mosaic,African tropical forest,,1096,0.4745,108,32,11,21,97,0.3438,0.1019,0.1571,0.0808,0.4706,0.138
detectree2,tcd_tile_442,Upper Midwest forest-savanna transition,N. American forest,,3908,0.4745,66,53,5,48,61,0.0943,0.0758,0.084,0.0632,0.3323,0.1062
detectree2,tcd_tile_443,Eastern Java-Bali rain forests,SE Asian & Pacific rainforest,,4459,0.4745,25,28,7,21,18,0.25,0.28,0.2642,0.45,0.3115,0.3682
detectree2,tcd_tile_444,Northern Zanzibar-Inhambane coastal forest mosaic,African tropical forest,,130,0.4745,184,130,44,86,140,0.3385,0.2391,0.2803,0.4218,0.5433,0.4749
detectree2,tcd_tile_445,Central European mixed forests,European forest,,5003,0.4745,34,6,1,5,33,0.1667,0.0294,0.05,0.045,0.0142,0.0216
detectree2,tcd_tile_446,Western Guinean lowland forests,African tropical forest,,1104,0.4745,93,121,11,110,82,0.0909,0.1183,0.1028,0.0499,0.4495,0.0898
detectree2,tcd_tile_447,Cordillera Oriental montane forests,Other,,3643,0.4745,91,61,7,54,84,0.1148,0.0769,0.0921,0.0316,0.416,0.0587
detectree2,tcd_tile_448,Sumatran lowland rain forests,SE Asian & Pacific rainforest,,3834,0.4745,83,32,15,17,68,0.4688,0.1807,0.2609,0.2693,0.3975,0.3211
detectree2,tcd_tile_449,Sumatran lowland rain forests,SE Asian & Pacific rainforest,,1885,0.4745,435,62,4,58,431,0.0645,0.0092,0.0161,0.1158,0.1677,0.137
detectree2,tcd_tile_45,Zambezian and Mopane woodlands,Arid / dryland,,2524,0.4745,166,78,23,55,143,0.2949,0.1386,0.1885,0.2209,0.3785,0.279
detectree2,tcd_tile_450,Eastern forest-boreal transition,Other,,2421,0.4745,1,58,1,57,0,0.0172,1.0,0.0339,1.0,0.2635,0.417
detectree2,tcd_tile_451,Sulawesi lowland rain forests,SE Asian & Pacific rainforest,,3518,0.4745,107,121,31,90,76,0.2562,0.2897,0.2719,0.281,0.4531,0.3469
detectree2,tcd_tile_452,Sarmatic mixed forests,European forest,,4841,0.4745,1,81,1,80,0,0.0123,1.0,0.0244,0.5214,0.4588,0.4881
detectree2,tcd_tile_453,Sarmatic mixed forests,European forest,,4454,0.4745,0,51,0,51,0,0.0,0.0,0.0,0.0,0.0,0.0
detectree2,tcd_tile_454,East European forest steppe,European forest,,4602,0.4745,62,20,2,18,60,0.1,0.0323,0.0488,0.1916,0.3963,0.2583
detectree2,tcd_tile_455,Vanuatu rain forests,Other,,3807,0.4745,50,13,0,13,50,0.0,0.0,0.0,0.0128,0.0977,0.0227
detectree2,tcd_tile_456,Northern Zanzibar-Inhambane coastal forest mosaic,African tropical forest,,2744,0.4745,151,133,15,118,136,0.1128,0.0993,0.1056,0.7807,0.3495,0.4829
detectree2,tcd_tile_457,Mizoram-Manipur-Kachin rain forests,SE Asian & Pacific rainforest,,4226,0.4745,51,48,7,41,44,0.1458,0.1373,0.1414,0.1419,0.3421,0.2006
detectree2,tcd_tile_458,Northern Anatolian conifer and deciduous forests,Other,,4058,0.4745,448,53,21,32,427,0.3962,0.0469,0.0838,0.294,0.4075,0.3416
detectree2,tcd_tile_459,English Lowlands beech forests,European forest,,191,0.4745,10,16,0,16,10,0.0,0.0,0.0,0.0003,0.0213,0.0006
detectree2,tcd_tile_46,Chilean matorral,Arid / dryland,,1279,0.4745,69,86,20,66,49,0.2326,0.2899,0.2581,0.1321,0.4461,0.2039
detectree2,tcd_tile_460,Crimean Submediterranean forest complex,Other,,2122,0.4745,174,149,73,76,101,0.4899,0.4195,0.452,0.5805,0.4297,0.4939
detectree2,tcd_tile_461,Irrawaddy moist deciduous forests,Other,,668,0.4745,68,40,10,30,58,0.25,0.1471,0.1852,0.6012,0.2274,0.33
detectree2,tcd_tile_462,Northern Zanzibar-Inhambane coastal forest mosaic,African tropical forest,,3451,0.4745,189,127,32,95,157,0.252,0.1693,0.2025,0.3988,0.2951,0.3392
detectree2,tcd_tile_463,Sumatran lowland rain forests,SE Asian & Pacific rainforest,,1696,0.4745,252,27,0,27,252,0.0,0.0,0.0,0.0557,0.0551,0.0554
detectree2,tcd_tile_464,Northern Acacia-Commiphora bushlands and thickets,Other,,1350,0.4745,20,3,1,2,19,0.3333,0.05,0.087,0.0692,0.0959,0.0804
detectree2,tcd_tile_465,East European forest steppe,European forest,,1654,0.4745,36,59,13,46,23,0.2203,0.3611,0.2737,0.1237,0.4938,0.1979
detectree2,tcd_tile_466,Balsas dry forests,Other,,1990,0.4745,169,39,19,20,150,0.4872,0.1124,0.1827,0.2383,0.5781,0.3375
detectree2,tcd_tile_467,Lesser Sundas deciduous forests,SE Asian & Pacific rainforest,,2981,0.4745,49,154,21,133,28,0.1364,0.4286,0.2069,0.8032,0.3662,0.5031
detectree2,tcd_tile_468,Northern Zanzibar-Inhambane coastal forest mosaic,African tropical forest,,2673,0.4745,143,97,34,63,109,0.3505,0.2378,0.2833,0.2768,0.4063,0.3293
detectree2,tcd_tile_469,Atlantic mixed forests,European forest,,1551,0.4745,8,35,4,31,4,0.1143,0.5,0.186,0.545,0.4946,0.5186
detectree2,tcd_tile_47,Chilean matorral,Arid / dryland,,732,0.4745,16,15,0,15,16,0.0,0.0,0.0,0.0125,0.3283,0.024
detectree2,tcd_tile_470,Sarmatic mixed forests,European forest,,3077,0.4745,22,89,7,82,15,0.0787,0.3182,0.1261,0.8147,0.3121,0.4513
detectree2,tcd_tile_471,Central European mixed forests,European forest,,986,0.4745,57,96,38,58,19,0.3958,0.6667,0.4967,0.4405,0.5724,0.4979
detectree2,tcd_tile_472,Fiji tropical dry forests,Other,,2674,0.4745,54,126,6,120,48,0.0476,0.1111,0.0667,0.6356,0.284,0.3926
detectree2,tcd_tile_473,Western Guinean lowland forests,African tropical forest,,3956,0.4745,50,115,9,106,41,0.0783,0.18,0.1091,0.0416,0.4018,0.0754
detectree2,tcd_tile_474,Western European broadleaf forests,European forest,,120,0.4745,18,14,0,14,18,0.0,0.0,0.0,0.0008,0.0033,0.0012
detectree2,tcd_tile_475,Caucasus mixed forests,European forest,,1492,0.4745,5,6,3,3,2,0.5,0.6,0.5455,0.8683,0.2298,0.3634
detectree2,tcd_tile_476,Northern Congolian forest-savanna mosaic,African tropical forest,,685,0.4745,35,28,1,27,34,0.0357,0.0286,0.0317,0.0089,0.2365,0.0172
detectree2,tcd_tile_477,Maputaland coastal forest mosaic,African tropical forest,,3845,0.4745,33,21,7,14,26,0.3333,0.2121,0.2593,0.0613,0.5841,0.111
detectree2,tcd_tile_478,Northern Zanzibar-Inhambane coastal forest mosaic,African tropical forest,,1229,0.4745,217,80,30,50,187,0.375,0.1382,0.202,0.1474,0.4743,0.2249
detectree2,tcd_tile_479,East European forest steppe,European forest,,2796,0.4745,75,67,20,47,55,0.2985,0.2667,0.2817,0.3874,0.3805,0.3839
detectree2,tcd_tile_48,Zambezian and Mopane woodlands,Arid / dryland,,2400,0.4745,109,109,16,93,93,0.1468,0.1468,0.1468,0.6852,0.5167,0.5891
detectree2,tcd_tile_480,Northern Zanzibar-Inhambane coastal forest mosaic,African tropical forest,,3672,0.4745,347,198,167,31,180,0.8434,0.4813,0.6128,0.7368,0.618,0.6722
detectree2,tcd_tile_481,Lesser Sundas deciduous forests,SE Asian & Pacific rainforest,,2355,0.4745,16,100,4,96,12,0.04,0.25,0.069,0.7224,0.2995,0.4234
detectree2,tcd_tile_482,Hokkaido deciduous forests,Other,,1653,0.4745,2,11,1,10,1,0.0909,0.5,0.1538,0.3592,0.4185,0.3866
detectree2,tcd_tile_483,Changjiang Plain evergreen forests,Other,,4099,0.4745,178,16,4,12,174,0.25,0.0225,0.0412,0.0782,0.0449,0.0571
detectree2,tcd_tile_484,California coastal sage and chaparral,Other,,431,0.4745,0,9,0,9,0,0.0,0.0,0.0,0.0,0.0,0.0
detectree2,tcd_tile_485,East European forest steppe,European forest,,4116,0.4745,61,98,23,75,38,0.2347,0.377,0.2893,0.4536,0.5255,0.4869
detectree2,tcd_tile_486,Caucasus mixed forests,European forest,,2517,0.4745,2,1,1,0,1,1.0,0.5,0.6667,1.0,0.0096,0.019
detectree2,tcd_tile_487,,Other,,3203,0.4745,0,1,0,1,0,0.0,0.0,0.0,0.0,0.0,0.0
detectree2,tcd_tile_488,Central European mixed forests,European forest,,1465,0.4745,42,64,21,43,21,0.3281,0.5,0.3962,0.3913,0.4691,0.4267
detectree2,tcd_tile_489,Southeastern mixed forests,N. American forest,,4149,0.4745,39,12,1,11,38,0.0833,0.0256,0.0392,0.0069,0.0591,0.0123
detectree2,tcd_tile_49,West Sudanian savanna,Arid / dryland,,761,0.4745,85,35,23,12,62,0.6571,0.2706,0.3833,0.3404,0.428,0.3792
detectree2,tcd_tile_490,Changjiang Plain evergreen forests,Other,,4404,0.4745,136,113,51,62,85,0.4513,0.375,0.4096,0.4917,0.4875,0.4896
detectree2,tcd_tile_491,Southern Zanzibar-Inhambane coastal forest mosaic,African tropical forest,,2143,0.4745,52,70,19,51,33,0.2714,0.3654,0.3115,0.3582,0.5268,0.4264
detectree2,tcd_tile_492,Western Guinean lowland forests,African tropical forest,,2859,0.4745,38,68,6,62,32,0.0882,0.1579,0.1132,0.0376,0.4681,0.0696
detectree2,tcd_tile_493,Sumatran lowland rain forests,SE Asian & Pacific rainforest,,4611,0.4745,144,89,32,57,112,0.3596,0.2222,0.2747,0.4904,0.2417,0.3238
detectree2,tcd_tile_494,Northern Zanzibar-Inhambane coastal forest mosaic,African tropical forest,,4948,0.4745,334,143,91,52,243,0.6364,0.2725,0.3816,0.4619,0.4575,0.4597
detectree2,tcd_tile_495,Cerrado,Latin American forest,,906,0.4745,2,30,2,28,0,0.0667,1.0,0.125,0.6708,0.3514,0.4612
detectree2,tcd_tile_496,Taiheiyo evergreen forests,Other,,3562,0.4745,236,105,28,77,208,0.2667,0.1186,0.1642,0.125,0.5211,0.2017
detectree2,tcd_tile_497,Western European broadleaf forests,European forest,,930,0.4745,24,61,16,45,8,0.2623,0.6667,0.3765,0.7072,0.4767,0.5695
detectree2,tcd_tile_498,"Sao Tome, Principe and Annobon moist lowland forests",Other,,1782,0.4745,15,11,3,8,12,0.2727,0.2,0.2308,0.3189,0.3478,0.3327
detectree2,tcd_tile_499,Celtic broadleaf forests,European forest,,2801,0.4745,4,12,0,12,4,0.0,0.0,0.0,0.0015,0.0736,0.0029
detectree2,tcd_tile_5,West Sudanian savanna,Arid / dryland,,1058,0.4745,69,31,16,15,53,0.5161,0.2319,0.32,0.4001,0.3366,0.3656
detectree2,tcd_tile_50,West Sudanian savanna,Arid / dryland,,629,0.4745,132,127,53,74,79,0.4173,0.4015,0.4093,0.2528,0.6808,0.3687
detectree2,tcd_tile_500,Northern Zanzibar-Inhambane coastal forest mosaic,African tropical forest,,1623,0.4745,70,104,19,85,51,0.1827,0.2714,0.2184,0.1345,0.5505,0.2162
detectree2,tcd_tile_501,Celtic broadleaf forests,European forest,,3865,0.4745,79,58,13,45,66,0.2241,0.1646,0.1898,0.315,0.3658,0.3385
detectree2,tcd_tile_502,Western Guinean lowland forests,African tropical forest,,3684,0.4745,115,99,16,83,99,0.1616,0.1391,0.1495,0.0794,0.3452,0.1291
detectree2,tcd_tile_503,Cardamom Mountains rain forests,Other,,2306,0.4745,79,148,9,139,70,0.0608,0.1139,0.0793,0.7409,0.3931,0.5137
detectree2,tcd_tile_504,Hokkaido deciduous forests,Other,,3706,0.4745,10,3,1,2,9,0.3333,0.1,0.1538,0.7967,0.1449,0.2452
detectree2,tcd_tile_505,Central African mangroves,African tropical forest,,5060,0.4745,0,110,0,110,0,0.0,0.0,0.0,0.0,0.0,0.0
detectree2,tcd_tile_506,Celtic broadleaf forests,European forest,,2161,0.4745,21,12,4,8,17,0.3333,0.1905,0.2424,0.0979,0.2841,0.1456
detectree2,tcd_tile_507,"Sao Tome, Principe and Annobon moist lowland forests",Other,,1849,0.4745,36,66,2,64,34,0.0303,0.0556,0.0392,0.5079,0.3169,0.3903
detectree2,tcd_tile_508,Southeastern conifer forests,N. American forest,,3206,0.4745,25,49,3,46,22,0.0612,0.12,0.0811,0.3032,0.1039,0.1548
detectree2,tcd_tile_509,Hispaniolan moist forests,SE Asian & Pacific rainforest,,4763,0.4745,16,24,2,22,14,0.0833,0.125,0.1,0.0485,0.2439,0.081
detectree2,tcd_tile_51,Sonoran desert,Arid / dryland,,691,0.4745,133,38,24,14,109,0.6316,0.1805,0.2807,0.3826,0.5068,0.4361
detectree2,tcd_tile_510,Baltic mixed forests,European forest,,4751,0.4745,11,187,3,184,8,0.016,0.2727,0.0303,0.9479,0.5812,0.7206
detectree2,tcd_tile_511,Southern Great Lakes forests,N. American forest,,241,0.4745,62,53,22,31,40,0.4151,0.3548,0.3826,0.436,0.6326,0.5162
detectree2,tcd_tile_512,East European forest steppe,European forest,,3243,0.4745,9,28,3,25,6,0.1071,0.3333,0.1622,0.054,0.5729,0.0987
detectree2,tcd_tile_513,Luzon rain forests,SE Asian & Pacific rainforest,,2876,0.4745,42,96,8,88,34,0.0833,0.1905,0.1159,0.8845,0.4278,0.5766
detectree2,tcd_tile_514,English Lowlands beech forests,European forest,,1939,0.4745,6,15,3,12,3,0.2,0.5,0.2857,0.4717,0.3966,0.4309
detectree2,tcd_tile_515,Nihonkai montane deciduous forests,Other,,5010,0.4745,22,181,14,167,8,0.0773,0.6364,0.1379,0.9214,0.4226,0.5795
detectree2,tcd_tile_516,Eastern forest-boreal transition,Other,,3760,0.4745,6,122,3,119,3,0.0246,0.5,0.0469,0.8715,0.5061,0.6403
detectree2,tcd_tile_517,Sarmatic mixed forests,European forest,,2636,0.4745,27,36,14,22,13,0.3889,0.5185,0.4444,0.4927,0.3545,0.4123
detectree2,tcd_tile_518,Palawan rain forests,SE Asian & Pacific rainforest,,2072,0.4745,83,89,33,56,50,0.3708,0.3976,0.3837,0.3844,0.4298,0.4059
detectree2,tcd_tile_519,Atlantic mixed forests,European forest,,1056,0.4745,13,108,8,100,5,0.0741,0.6154,0.1322,0.6225,0.3386,0.4386
detectree2,tcd_tile_52,West Sudanian savanna,Arid / dryland,,630,0.4745,61,74,21,53,40,0.2838,0.3443,0.3111,0.1397,0.4254,0.2103
detectree2,tcd_tile_520,Maputaland coastal forest mosaic,African tropical forest,,2468,0.4745,2,36,1,35,1,0.0278,0.5,0.0526,0.0173,0.9,0.0339
detectree2,tcd_tile_521,Palawan rain forests,SE Asian & Pacific rainforest,,3017,0.4745,11,15,2,13,9,0.1333,0.1818,0.1538,0.0889,0.7061,0.158
detectree2,tcd_tile_522,Eastern Himalayan broadleaf forests,Other,,3618,0.4745,168,75,11,64,157,0.1467,0.0655,0.0905,0.1262,0.2998,0.1776
detectree2,tcd_tile_523,Sierra Nevada forests,N. American forest,,2289,0.4745,51,120,17,103,34,0.1417,0.3333,0.1988,0.5258,0.4047,0.4574
detectree2,tcd_tile_524,Northern Zanzibar-Inhambane coastal forest mosaic,African tropical forest,,4412,0.4745,228,167,77,90,151,0.4611,0.3377,0.3899,0.4964,0.4443,0.4689
detectree2,tcd_tile_525,Greater Negros-Panay rain forests,SE Asian & Pacific rainforest,,2214,0.4745,46,90,12,78,34,0.1333,0.2609,0.1765,0.2896,0.3921,0.3332
detectree2,tcd_tile_526,Southeastern mixed forests,N. American forest,,4708,0.4745,59,9,5,4,54,0.5556,0.0847,0.1471,0.189,0.2865,0.2277
detectree2,tcd_tile_527,Tongan tropical moist forests,SE Asian & Pacific rainforest,,4967,0.4745,30,25,3,22,27,0.12,0.1,0.1091,0.8294,0.0615,0.1145
detectree2,tcd_tile_528,Pannonian mixed forests,European forest,,2203,0.4745,85,98,14,84,71,0.1429,0.1647,0.153,0.6194,0.4313,0.5085
detectree2,tcd_tile_529,Northern Zanzibar-Inhambane coastal forest mosaic,African tropical forest,,2716,0.4745,139,88,37,51,102,0.4205,0.2662,0.326,0.287,0.5789,0.3837
detectree2,tcd_tile_53,Gulf of Oman desert and semi-desert,Arid / dryland,,22,0.4745,55,12,5,7,50,0.4167,0.0909,0.1493,0.0948,0.4197,0.1546
detectree2,tcd_tile_530,Maputaland coastal forest mosaic,African tropical forest,,948,0.4745,3,37,1,36,2,0.027,0.3333,0.05,0.0016,0.5639,0.0032
detectree2,tcd_tile_531,,Other,,2557,0.4745,1,56,1,55,0,0.0179,1.0,0.0351,0.6519,0.3189,0.4283
detectree2,tcd_tile_532,Northern Zanzibar-Inhambane coastal forest mosaic,African tropical forest,,1553,0.4745,413,153,117,36,296,0.7647,0.2833,0.4134,0.6188,0.5413,0.5775
detectree2,tcd_tile_533,Irrawaddy moist deciduous forests,Other,,398,0.4745,62,40,10,30,52,0.25,0.1613,0.1961,0.2807,0.3342,0.3051
detectree2,tcd_tile_534,Pontic steppe,Other,,539,0.4745,111,63,20,43,91,0.3175,0.1802,0.2299,0.2048,0.6765,0.3144
detectree2,tcd_tile_535,Southeastern mixed forests,N. American forest,,4519,0.4745,17,19,0,19,17,0.0,0.0,0.0,0.0015,0.0135,0.0027
detectree2,tcd_tile_536,Northern Zanzibar-Inhambane coastal forest mosaic,African tropical forest,,1073,0.4745,19,89,14,75,5,0.1573,0.7368,0.2593,0.821,0.5289,0.6433
detectree2,tcd_tile_537,Northern Zanzibar-Inhambane coastal forest mosaic,African tropical forest,,2178,0.4745,69,79,19,60,50,0.2405,0.2754,0.2568,0.0681,0.3436,0.1137
detectree2,tcd_tile_538,Pannonian mixed forests,European forest,,2431,0.4745,3,128,3,125,0,0.0234,1.0,0.0458,0.9847,0.3868,0.5554
detectree2,tcd_tile_539,Eastern Australian temperate forests,Other,,3842,0.4745,32,35,12,23,20,0.3429,0.375,0.3582,0.0906,0.4731,0.152
detectree2,tcd_tile_54,Zambezian and Mopane woodlands,Arid / dryland,,3668,0.4745,210,64,27,37,183,0.4219,0.1286,0.1971,0.2321,0.4733,0.3115
detectree2,tcd_tile_540,Northeastern coastal forests,N. American forest,,3434,0.4745,8,4,3,1,5,0.75,0.375,0.5,0.7483,0.4124,0.5318
detectree2,tcd_tile_541,Central European mixed forests,European forest,,2821,0.4745,34,54,6,48,28,0.1111,0.1765,0.1364,0.7277,0.3999,0.5162
detectree2,tcd_tile_542,Northern Zanzibar-Inhambane coastal forest mosaic,African tropical forest,,4662,0.4745,201,124,35,89,166,0.2823,0.1741,0.2154,0.4638,0.5228,0.4915
detectree2,tcd_tile_543,Central European mixed forests,European forest,,2905,0.4745,19,82,12,70,7,0.1463,0.6316,0.2376,0.6552,0.5496,0.5978
detectree2,tcd_tile_544,Central Indochina dry forests,Other,,3675,0.4745,2,108,1,107,1,0.0093,0.5,0.0182,0.9895,0.3218,0.4856
detectree2,tcd_tile_545,Sarmatic mixed forests,European forest,,2570,0.4745,174,144,45,99,129,0.3125,0.2586,0.283,0.2824,0.4996,0.3608
detectree2,tcd_tile_546,Hispaniolan moist forests,SE Asian & Pacific rainforest,,5051,0.4745,63,68,10,58,53,0.1471,0.1587,0.1527,0.0318,0.3099,0.0578
detectree2,tcd_tile_547,Northern Congolian forest-savanna mosaic,African tropical forest,,856,0.4745,43,58,9,49,34,0.1552,0.2093,0.1782,0.0687,0.6228,0.1238
detectree2,tcd_tile_548,Northern California coastal forests,N. American forest,,2416,0.4745,3,148,2,146,1,0.0135,0.6667,0.0265,1.0,0.4613,0.6314
detectree2,tcd_tile_549,Bolivian montane dry forests,Latin American forest,,3290,0.4745,18,20,2,18,16,0.1,0.1111,0.1053,0.0345,0.2143,0.0594
detectree2,tcd_tile_55,West Sudanian savanna,Arid / dryland,,405,0.4745,106,153,62,91,44,0.4052,0.5849,0.4788,0.3034,0.7387,0.4302
detectree2,tcd_tile_550,Sarmatic mixed forests,European forest,,4991,0.4745,4,85,3,82,1,0.0353,0.75,0.0674,0.767,0.47,0.5829
detectree2,tcd_tile_551,North Central Rockies forests,N. American forest,,3628,0.4745,0,13,0,13,0,0.0,0.0,0.0,0.0,0.0,0.0
detectree2,tcd_tile_552,Eastern Great Lakes lowland forests,N. American forest,,3965,0.4745,85,83,24,59,61,0.2892,0.2824,0.2857,0.5261,0.2806,0.366
detectree2,tcd_tile_553,Taiheiyo evergreen forests,Other,,1435,0.4745,28,13,2,11,26,0.1538,0.0714,0.0976,0.0416,0.2194,0.0699
detectree2,tcd_tile_554,Western Siberian hemiboreal forests,Other,,2399,0.4745,86,110,59,51,27,0.5364,0.686,0.602,0.6966,0.5229,0.5974
detectree2,tcd_tile_555,Southeastern mixed forests,N. American forest,,3869,0.4745,11,21,3,18,8,0.1429,0.2727,0.1875,0.2594,0.2167,0.2361
detectree2,tcd_tile_556,Timor and Wetar deciduous forests,SE Asian & Pacific rainforest,,2537,0.4745,152,130,34,96,118,0.2615,0.2237,0.2411,0.4833,0.3455,0.4029
detectree2,tcd_tile_557,Southern Zanzibar-Inhambane coastal forest mosaic,African tropical forest,,3868,0.4745,185,100,32,68,153,0.32,0.173,0.2246,0.2069,0.4242,0.2781
detectree2,tcd_tile_558,Atlantic mixed forests,European forest,,100,0.4745,21,60,12,48,9,0.2,0.5714,0.2963,0.088,0.8838,0.1601
detectree2,tcd_tile_559,Sierra Nevada forests,N. American forest,,3432,0.4745,77,82,18,64,59,0.2195,0.2338,0.2264,0.6387,0.351,0.453
detectree2,tcd_tile_56,Chilean matorral,Arid / dryland,,848,0.4745,32,37,4,33,28,0.1081,0.125,0.1159,0.058,0.1817,0.0879
detectree2,tcd_tile_560,Central European mixed forests,European forest,,309,0.4745,113,108,32,76,81,0.2963,0.2832,0.2896,0.5544,0.6203,0.5855
detectree2,tcd_tile_561,Luzon rain forests,SE Asian & Pacific rainforest,,3339,0.4745,53,51,25,26,28,0.4902,0.4717,0.4808,0.4651,0.699,0.5586
detectree2,tcd_tile_562,Northeastern coastal forests,N. American forest,,3751,0.4745,12,41,3,38,9,0.0732,0.25,0.1132,0.7535,0.2136,0.3329
detectree2,tcd_tile_563,Sulawesi lowland rain forests,SE Asian & Pacific rainforest,,4883,0.4745,195,80,24,56,171,0.3,0.1231,0.1745,0.1814,0.3782,0.2452
detectree2,tcd_tile_564,Huang He Plain mixed forests,Other,,2850,0.4745,92,37,6,31,86,0.1622,0.0652,0.093,0.1501,0.2698,0.1929
detectree2,tcd_tile_565,English Lowlands beech forests,European forest,,3740,0.4745,6,19,3,16,3,0.1579,0.5,0.24,0.187,0.2781,0.2236
detectree2,tcd_tile_566,Northeastern coastal forests,N. American forest,,2667,0.4745,2,30,1,29,1,0.0333,0.5,0.0625,0.2078,0.3146,0.2503
detectree2,tcd_tile_567,Valdivian temperate forests,Other,,2824,0.4745,7,10,0,10,7,0.0,0.0,0.0,0.0,0.0,0.0
detectree2,tcd_tile_568,Balkan mixed forests,European forest,,373,0.4745,59,182,26,156,33,0.1429,0.4407,0.2158,0.1226,0.4687,0.1944
detectree2,tcd_tile_569,Valdivian temperate forests,Other,,1152,0.4745,95,141,34,107,61,0.2411,0.3579,0.2881,0.4861,0.3695,0.4199
detectree2,tcd_tile_57,Central Mexican matorral,Arid / dryland,,140,0.4745,65,62,21,41,44,0.3387,0.3231,0.3307,0.6804,0.506,0.5804
detectree2,tcd_tile_570,Serra do Mar coastal forests,Latin American forest,,5012,0.4745,728,39,9,30,719,0.2308,0.0124,0.0235,0.1533,0.2482,0.1896
detectree2,tcd_tile_571,Eastern Guinean forests,African tropical forest,,1757,0.4745,3,21,2,19,1,0.0952,0.6667,0.1667,0.0248,0.9252,0.0484
detectree2,tcd_tile_572,Baltic mixed forests,European forest,,4485,0.4745,4,141,3,138,1,0.0213,0.75,0.0414,0.9547,0.674,0.7901
detectree2,tcd_tile_573,,Other,,1037,0.4745,17,9,1,8,16,0.1111,0.0588,0.0769,0.0342,0.1636,0.0566
detectree2,tcd_tile_574,Southeastern mixed forests,N. American forest,,4867,0.4745,45,52,17,35,28,0.3269,0.3778,0.3505,0.2671,0.2152,0.2384
detectree2,tcd_tile_575,Eastern Java-Bali rain forests,SE Asian & Pacific rainforest,,4246,0.4745,183,80,19,61,164,0.2375,0.1038,0.1445,0.3881,0.1997,0.2638
detectree2,tcd_tile_576,Luzon rain forests,SE Asian & Pacific rainforest,,2895,0.4745,11,44,6,38,5,0.1364,0.5455,0.2182,0.0281,0.6292,0.0538
detectree2,tcd_tile_577,Sierra Nevada forests,N. American forest,,3955,0.4745,59,46,17,29,42,0.3696,0.2881,0.3238,0.3165,0.3025,0.3093
detectree2,tcd_tile_578,Southern Annamites montane rain forests,Other,,2938,0.4745,3,71,2,69,1,0.0282,0.6667,0.0541,0.8167,0.3181,0.4579
detectree2,tcd_tile_579,Taiwan subtropical evergreen forests,SE Asian & Pacific rainforest,,3515,0.4745,57,18,7,11,50,0.3889,0.1228,0.1867,0.0591,0.3936,0.1028
detectree2,tcd_tile_58,Zambezian and Mopane woodlands,Arid / dryland,,2621,0.4745,128,38,6,32,122,0.1579,0.0469,0.0723,0.0696,0.3368,0.1154
detectree2,tcd_tile_580,Northern Zanzibar-Inhambane coastal forest mosaic,African tropical forest,,3818,0.4745,90,86,37,49,53,0.4302,0.4111,0.4205,0.3892,0.4163,0.4023
detectree2,tcd_tile_581,Northern Zanzibar-Inhambane coastal forest mosaic,African tropical forest,,5035,0.4745,178,147,28,119,150,0.1905,0.1573,0.1723,0.649,0.3191,0.4278
detectree2,tcd_tile_582,Central Andean puna,Other,,66,0.4745,29,7,2,5,27,0.2857,0.069,0.1111,0.1232,0.1747,0.1445
detectree2,tcd_tile_583,North Central Rockies forests,N. American forest,,4356,0.4745,15,27,1,26,14,0.037,0.0667,0.0476,0.3003,0.3266,0.3129
detectree2,tcd_tile_584,Hispaniolan dry forests,Other,,4926,0.4745,105,59,27,32,78,0.4576,0.2571,0.3293,0.4575,0.4345,0.4457
detectree2,tcd_tile_585,Northern Zanzibar-Inhambane coastal forest mosaic,African tropical forest,,2566,0.4745,289,127,82,45,207,0.6457,0.2837,0.3942,0.5724,0.4734,0.5182
detectree2,tcd_tile_586,Appalachian-Blue Ridge forests,N. American forest,,2666,0.4745,6,35,4,31,2,0.1143,0.6667,0.1951,0.5807,0.4992,0.5368
detectree2,tcd_tile_587,,Other,,3846,0.4745,0,33,0,33,0,0.0,0.0,0.0,0.0,0.0,0.0
detectree2,tcd_tile_588,Northern Zanzibar-Inhambane coastal forest mosaic,African tropical forest,,3310,0.4745,1,66,1,65,0,0.0152,1.0,0.0299,0.9963,0.3062,0.4685
detectree2,tcd_tile_589,Alps conifer and mixed forests,European forest,,4579,0.4745,4,5,2,3,2,0.4,0.5,0.4444,0.3406,0.1939,0.2471
detectree2,tcd_tile_59,West Sudanian savanna,Arid / dryland,,1191,0.4745,47,94,15,79,32,0.1596,0.3191,0.2128,0.0948,0.3421,0.1485
detectree2,tcd_tile_590,Southeastern Indochina dry evergreen forests,Other,,2510,0.4745,208,64,7,57,201,0.1094,0.0337,0.0515,0.308,0.4321,0.3596
detectree2,tcd_tile_591,Central U.S. hardwood forests,N. American forest,,1855,0.4745,20,68,10,58,10,0.1471,0.5,0.2273,0.727,0.4506,0.5563
detectree2,tcd_tile_592,Palawan rain forests,SE Asian & Pacific rainforest,,3835,0.4745,147,126,32,94,115,0.254,0.2177,0.2344,0.4231,0.3929,0.4074
detectree2,tcd_tile_593,Southern Great Lakes forests,N. American forest,,633,0.4745,60,29,13,16,47,0.4483,0.2167,0.2921,0.2743,0.4197,0.3318
detectree2,tcd_tile_594,Araucaria moist forests,Other,,301,0.4745,214,148,46,102,168,0.3108,0.215,0.2541,0.1401,0.6389,0.2299
detectree2,tcd_tile_595,Northern Zanzibar-Inhambane coastal forest mosaic,African tropical forest,,1809,0.4745,110,89,27,62,83,0.3034,0.2455,0.2714,0.1708,0.5077,0.2556
detectree2,tcd_tile_596,Palawan rain forests,SE Asian & Pacific rainforest,,3249,0.4745,139,172,54,118,85,0.314,0.3885,0.3473,0.6323,0.4806,0.5461
detectree2,tcd_tile_597,Sierra Nevada forests,N. American forest,,2088,0.4745,267,96,33,63,234,0.3438,0.1236,0.1818,0.2751,0.4505,0.3416
detectree2,tcd_tile_598,South Siberian forest steppe,Other,,18,0.4745,15,8,0,8,15,0.0,0.0,0.0,0.0008,0.002,0.0012
detectree2,tcd_tile_599,Northern Zanzibar-Inhambane coastal forest mosaic,African tropical forest,,3560,0.4745,76,60,11,49,65,0.1833,0.1447,0.1618,0.2317,0.604,0.3349
detectree2,tcd_tile_6,West Sudanian savanna,Arid / dryland,,402,0.4745,38,28,6,22,32,0.2143,0.1579,0.1818,0.1223,0.4035,0.1876
detectree2,tcd_tile_60,East Sudanian savanna,Arid / dryland,,844,0.4745,36,6,2,4,34,0.3333,0.0556,0.0952,0.0206,0.1061,0.0345
detectree2,tcd_tile_600,Serra do Mar coastal forests,Latin American forest,,4660,0.4745,0,40,0,40,0,0.0,0.0,0.0,0.0,0.0,0.0
detectree2,tcd_tile_601,Magdalena Valley montane forests,Other,,3488,0.4745,20,33,7,26,13,0.2121,0.35,0.2642,0.1958,0.3103,0.2401
detectree2,tcd_tile_602,Timor and Wetar deciduous forests,SE Asian & Pacific rainforest,,3700,0.4745,178,113,57,56,121,0.5044,0.3202,0.3918,0.3093,0.5294,0.3905
detectree2,tcd_tile_603,Central European mixed forests,European forest,,4264,0.4745,41,50,9,41,32,0.18,0.2195,0.1978,0.2544,0.536,0.345
detectree2,tcd_tile_604,Western Guinean lowland forests,African tropical forest,,536,0.4745,66,123,24,99,42,0.1951,0.3636,0.254,0.0609,0.6993,0.1121
detectree2,tcd_tile_605,Caucasus mixed forests,European forest,,4192,0.4745,3,127,1,126,2,0.0079,0.3333,0.0154,0.9393,0.4729,0.6291
detectree2,tcd_tile_606,Central Indochina dry forests,Other,,4839,0.4745,91,122,42,80,49,0.3443,0.4615,0.3944,0.7159,0.5382,0.6145
detectree2,tcd_tile_607,Balkan mixed forests,European forest,,1437,0.4745,152,54,5,49,147,0.0926,0.0329,0.0485,0.0686,0.3994,0.1171
detectree2,tcd_tile_608,California interior chaparral and woodlands,Other,,657,0.4745,32,71,22,49,10,0.3099,0.6875,0.4272,0.4506,0.4828,0.4661
detectree2,tcd_tile_609,Sarmatic mixed forests,European forest,,3121,0.4745,46,118,20,98,26,0.1695,0.4348,0.2439,0.4801,0.5558,0.5152
detectree2,tcd_tile_61,Chilean matorral,Arid / dryland,,901,0.4745,58,55,15,40,43,0.2727,0.2586,0.2655,0.2983,0.5022,0.3743
detectree2,tcd_tile_610,Northern Zanzibar-Inhambane coastal forest mosaic,African tropical forest,,3127,0.4745,6,68,0,68,6,0.0,0.0,0.0,0.0,0.0,0.0
detectree2,tcd_tile_611,Eastern Great Lakes lowland forests,N. American forest,,3370,0.4745,18,5,3,2,15,0.6,0.1667,0.2609,0.7185,0.1386,0.2324
detectree2,tcd_tile_612,Northern Anatolian conifer and deciduous forests,Other,,1200,0.4745,8,3,2,1,6,0.6667,0.25,0.3636,0.0922,0.2569,0.1357
detectree2,tcd_tile_613,Northeastern coastal forests,N. American forest,,3735,0.4745,3,3,0,3,3,0.0,0.0,0.0,0.0,0.0,0.0
detectree2,tcd_tile_614,English Lowlands beech forests,European forest,,3570,0.4745,1,9,1,8,0,0.1111,1.0,0.2,0.2523,0.649,0.3633
detectree2,tcd_tile_615,Taiwan subtropical evergreen forests,SE Asian & Pacific rainforest,,3928,0.4745,65,61,16,45,49,0.2623,0.2462,0.254,0.1669,0.3182,0.2189
detectree2,tcd_tile_616,Scandinavian Montane Birch forest and grasslands,Other,,1181,0.4745,26,29,4,25,22,0.1379,0.1538,0.1455,0.276,0.2192,0.2443
detectree2,tcd_tile_617,Sulawesi lowland rain forests,SE Asian & Pacific rainforest,,4247,0.4745,79,39,10,29,69,0.2564,0.1266,0.1695,0.1299,0.437,0.2003
detectree2,tcd_tile_618,Caucasus mixed forests,European forest,,4154,0.4745,2,200,2,198,0,0.01,1.0,0.0198,1.0,0.512,0.6772
detectree2,tcd_tile_619,Southern Zanzibar-Inhambane coastal forest mosaic,African tropical forest,,2839,0.4745,124,82,36,46,88,0.439,0.2903,0.3495,0.2706,0.3192,0.2929
detectree2,tcd_tile_62,East European forest steppe,European forest,,661,0.4745,52,105,26,79,26,0.2476,0.5,0.3312,0.6245,0.5538,0.587
detectree2,tcd_tile_620,Northern Zanzibar-Inhambane coastal forest mosaic,African tropical forest,,1164,0.4745,2,11,1,10,1,0.0909,0.5,0.1538,0.0104,0.1098,0.0191
detectree2,tcd_tile_621,Northern Zanzibar-Inhambane coastal forest mosaic,African tropical forest,,1047,0.4745,405,110,32,78,373,0.2909,0.079,0.1243,0.2584,0.3001,0.2777
detectree2,tcd_tile_622,Baltic mixed forests,European forest,,3756,0.4745,24,17,10,7,14,0.5882,0.4167,0.4878,0.4921,0.6543,0.5618
detectree2,tcd_tile_623,Scandinavian and Russian taiga,Other,,701,0.4745,36,80,16,64,20,0.2,0.4444,0.2759,0.3396,0.6965,0.4566
detectree2,tcd_tile_624,Sierra Nevada forests,N. American forest,,1169,0.4745,87,32,25,7,62,0.7812,0.2874,0.4202,0.6067,0.3431,0.4383
detectree2,tcd_tile_625,Lesser Sundas deciduous forests,SE Asian & Pacific rainforest,,3429,0.4745,152,163,39,124,113,0.2393,0.2566,0.2476,0.8297,0.5068,0.6292
detectree2,tcd_tile_626,North Island temperate forests,Other,,956,0.4745,25,70,14,56,11,0.2,0.56,0.2947,0.0915,0.7262,0.1625
detectree2,tcd_tile_627,Upper Midwest forest-savanna transition,N. American forest,,3080,0.4745,31,29,8,21,23,0.2759,0.2581,0.2667,0.3693,0.6379,0.4678
detectree2,tcd_tile_628,Lake,Other,,9,0.4745,26,37,13,24,13,0.3514,0.5,0.4127,0.4437,0.6189,0.5168
detectree2,tcd_tile_629,Hispaniolan moist forests,SE Asian & Pacific rainforest,,2653,0.4745,26,52,2,50,24,0.0385,0.0769,0.0513,0.0394,0.2062,0.0661
detectree2,tcd_tile_63,Eastern Guinean forests,African tropical forest,,2039,0.4745,61,47,6,41,55,0.1277,0.0984,0.1111,0.2567,0.3171,0.2837
detectree2,tcd_tile_630,Northern Zanzibar-Inhambane coastal forest mosaic,African tropical forest,,1190,0.4745,35,38,12,26,23,0.3158,0.3429,0.3288,0.4822,0.6096,0.5384
detectree2,tcd_tile_631,Lesser Sundas deciduous forests,SE Asian & Pacific rainforest,,2025,0.4745,227,55,18,37,209,0.3273,0.0793,0.1277,0.2441,0.3311,0.281
detectree2,tcd_tile_632,Southern Great Lakes forests,N. American forest,,1396,0.4745,14,40,4,36,10,0.1,0.2857,0.1481,0.0799,0.5027,0.1379
detectree2,tcd_tile_633,Sarmatic mixed forests,European forest,,1946,0.4745,4,150,2,148,2,0.0133,0.5,0.026,0.9822,0.4186,0.5871
detectree2,tcd_tile_634,Northern Zanzibar-Inhambane coastal forest mosaic,African tropical forest,,4318,0.4745,0,67,0,67,0,0.0,0.0,0.0,0.0,0.0,0.0
detectree2,tcd_tile_635,Palawan rain forests,SE Asian & Pacific rainforest,,1428,0.4745,58,72,17,55,41,0.2361,0.2931,0.2615,0.6129,0.2936,0.397
detectree2,tcd_tile_636,,Other,,3856,0.4745,1,129,1,128,0,0.0078,1.0,0.0154,1.0,0.2784,0.4355
detectree2,tcd_tile_637,Central European mixed forests,European forest,,4296,0.4745,50,59,15,44,35,0.2542,0.3,0.2752,0.1116,0.501,0.1825
detectree2,tcd_tile_638,Appalachian-Blue Ridge forests,N. American forest,,3659,0.4745,38,44,3,41,35,0.0682,0.0789,0.0732,0.0709,0.3902,0.12
detectree2,tcd_tile_639,Luzon rain forests,SE Asian & Pacific rainforest,,476,0.4745,24,115,2,113,22,0.0174,0.0833,0.0288,0.6533,0.4029,0.4984
detectree2,tcd_tile_640,Southeastern Indochina dry evergreen forests,Other,,1786,0.4745,19,75,8,67,11,0.1067,0.4211,0.1702,0.5074,0.2535,0.3381
detectree2,tcd_tile_641,Central Andean puna,Other,,677,0.4745,26,16,7,9,19,0.4375,0.2692,0.3333,0.3392,0.4443,0.3847
detectree2,tcd_tile_642,Eastern Great Lakes lowland forests,N. American forest,,2330,0.4745,1,11,1,10,0,0.0909,1.0,0.1667,0.1563,0.5289,0.2413
detectree2,tcd_tile_643,Southern Great Lakes forests,N. American forest,,2724,0.4745,4,47,2,45,2,0.0426,0.5,0.0784,0.0221,0.6032,0.0426
detectree2,tcd_tile_644,Northern Zanzibar-Inhambane coastal forest mosaic,African tropical forest,,1521,0.4745,23,45,1,44,22,0.0222,0.0435,0.0294,0.0077,0.3123,0.015
detectree2,tcd_tile_645,Northern Zanzibar-Inhambane coastal forest mosaic,African tropical forest,,3216,0.4745,123,56,23,33,100,0.4107,0.187,0.257,0.3562,0.3076,0.3301
detectree2,tcd_tile_646,Crimean Submediterranean forest complex,Other,,2599,0.4745,83,110,46,64,37,0.4182,0.5542,0.4767,0.595,0.428,0.4979
detectree2,tcd_tile_647,Sarmatic mixed forests,European forest,,2549,0.4745,7,74,2,72,5,0.027,0.2857,0.0494,0.2198,0.4315,0.2913
detectree2,tcd_tile_648,Valdivian temperate forests,Other,,1024,0.4745,86,85,24,61,62,0.2824,0.2791,0.2807,0.2126,0.4765,0.294
detectree2,tcd_tile_649,Luzon rain forests,SE Asian & Pacific rainforest,,3435,0.4745,34,14,3,11,31,0.2143,0.0882,0.125,0.2281,0.3171,0.2653
detectree2,tcd_tile_65,Northern Zanzibar-Inhambane coastal forest mosaic,African tropical forest,,543,0.4745,271,146,52,94,219,0.3562,0.1919,0.2494,0.533,0.3109,0.3927
detectree2,tcd_tile_650,Sierra Nevada forests,N. American forest,,524,0.4745,40,36,21,15,19,0.5833,0.525,0.5526,0.4753,0.4502,0.4624
detectree2,tcd_tile_651,Northern Anatolian conifer and deciduous forests,Other,,3327,0.4745,254,61,20,41,234,0.3279,0.0787,0.127,0.1859,0.3484,0.2424
detectree2,tcd_tile_652,Southern Anatolian montane conifer and deciduous forests,Other,,990,0.4745,51,62,9,53,42,0.1452,0.1765,0.1593,0.3636,0.1472,0.2096
detectree2,tcd_tile_653,Eastern Great Lakes lowland forests,N. American forest,,2496,0.4745,87,99,28,71,59,0.2828,0.3218,0.3011,0.3383,0.4294,0.3784
detectree2,tcd_tile_654,Magdalena Valley montane forests,Other,,1530,0.4745,81,108,41,67,40,0.3796,0.5062,0.4339,0.2382,0.7962,0.3666
detectree2,tcd_tile_655,Veracruz moist forests,Other,,1324,0.4745,18,37,10,27,8,0.2703,0.5556,0.3636,0.1957,0.4852,0.2789
detectree2,tcd_tile_656,,Other,,3009,0.4745,12,33,1,32,11,0.0303,0.0833,0.0444,0.4681,0.3817,0.4205
detectree2,tcd_tile_657,Northern Zanzibar-Inhambane coastal forest mosaic,African tropical forest,,2419,0.4745,55,78,13,65,42,0.1667,0.2364,0.1955,0.3434,0.3907,0.3655
detectree2,tcd_tile_658,Vanuatu rain forests,Other,,3200,0.4745,11,36,2,34,9,0.0556,0.1818,0.0851,0.8554,0.3442,0.4908
detectree2,tcd_tile_659,Ucayali moist forests,Latin American forest,,3652,0.4745,57,98,7,91,50,0.0714,0.1228,0.0903,0.5719,0.3241,0.4137
detectree2,tcd_tile_66,Ucayali moist forests,Latin American forest,,2333,0.4745,310,146,62,84,248,0.4247,0.2,0.2719,0.3741,0.3907,0.3822
detectree2,tcd_tile_660,Northeastern coastal forests,N. American forest,,3838,0.4745,4,8,0,8,4,0.0,0.0,0.0,0.0051,0.1698,0.0098
detectree2,tcd_tile_661,Sulawesi lowland rain forests,SE Asian & Pacific rainforest,,4224,0.4745,117,192,16,176,101,0.0833,0.1368,0.1036,0.811,0.4714,0.5962
detectree2,tcd_tile_662,Taiwan subtropical evergreen forests,SE Asian & Pacific rainforest,,3840,0.4745,37,61,5,56,32,0.082,0.1351,0.102,0.6768,0.3859,0.4915
detectree2,tcd_tile_663,Central Andean puna,Other,,1133,0.4745,16,8,4,4,12,0.5,0.25,0.3333,0.25,0.3444,0.2897
detectree2,tcd_tile_664,Irrawaddy moist deciduous forests,Other,,253,0.4745,66,54,17,37,49,0.3148,0.2576,0.2833,0.5258,0.3944,0.4507
detectree2,tcd_tile_665,Upper Midwest forest-savanna transition,N. American forest,,3636,0.4745,62,88,15,73,47,0.1705,0.2419,0.2,0.7121,0.5275,0.6061
detectree2,tcd_tile_666,Araucaria moist forests,Other,,552,0.4745,239,134,52,82,187,0.3881,0.2176,0.2788,0.2749,0.4967,0.3539
detectree2,tcd_tile_667,Northern Zanzibar-Inhambane coastal forest mosaic,African tropical forest,,1405,0.4745,174,157,65,92,109,0.414,0.3736,0.3927,0.1713,0.6597,0.272
detectree2,tcd_tile_668,Northern Zanzibar-Inhambane coastal forest mosaic,African tropical forest,,2900,0.4745,10,88,1,87,9,0.0114,0.1,0.0204,0.857,0.2638,0.4034
detectree2,tcd_tile_669,Western European broadleaf forests,European forest,,2854,0.4745,13,64,5,59,8,0.0781,0.3846,0.1299,0.4165,0.3787,0.3967
detectree2,tcd_tile_67,Southern Zanzibar-Inhambane coastal forest mosaic,African tropical forest,,3458,0.4745,208,61,30,31,178,0.4918,0.1442,0.223,0.2404,0.681,0.3554
detectree2,tcd_tile_670,Northeastern coastal forests,N. American forest,,2825,0.4745,12,8,5,3,7,0.625,0.4167,0.5,0.3697,0.3954,0.3821
detectree2,tcd_tile_671,Tongan tropical moist forests,SE Asian & Pacific rainforest,,5028,0.4745,134,23,9,14,125,0.3913,0.0672,0.1146,0.5762,0.3767,0.4555
detectree2,tcd_tile_672,Madeira-Tapajós moist forests,Latin American forest,,688,0.4745,1,141,1,140,0,0.0071,1.0,0.0141,1.0,0.404,0.5755
detectree2,tcd_tile_673,Northern Zanzibar-Inhambane coastal forest mosaic,African tropical forest,,3590,0.4745,61,146,20,126,41,0.137,0.3279,0.1932,0.6541,0.5058,0.5705
detectree2,tcd_tile_674,Southern Great Lakes forests,N. American forest,,4637,0.4745,10,5,2,3,8,0.4,0.2,0.2667,0.2493,0.2558,0.2525
detectree2,tcd_tile_675,Southern Zanzibar-Inhambane coastal forest mosaic,African tropical forest,,4904,0.4745,150,112,39,73,111,0.3482,0.26,0.2977,0.4191,0.4417,0.4301
detectree2,tcd_tile_676,Tongan tropical moist forests,SE Asian & Pacific rainforest,,4360,0.4745,131,94,30,64,101,0.3191,0.229,0.2667,0.612,0.3284,0.4274
detectree2,tcd_tile_677,Atlantic coastal pine barrens,Other,,1411,0.4745,15,14,1,13,14,0.0714,0.0667,0.069,0.1463,0.0414,0.0645
detectree2,tcd_tile_678,Southeastern mixed forests,N. American forest,,3288,0.4745,14,8,3,5,11,0.375,0.2143,0.2727,0.5594,0.0164,0.0319
detectree2,tcd_tile_679,Central African mangroves,African tropical forest,,4457,0.4745,1,312,1,311,0,0.0032,1.0,0.0064,0.0009,0.972,0.0018
detectree2,tcd_tile_680,Northern Zanzibar-Inhambane coastal forest mosaic,African tropical forest,,280,0.4745,34,88,11,77,23,0.125,0.3235,0.1803,0.8449,0.2747,0.4146
detectree2,tcd_tile_681,Brigalow tropical savanna,Other,,79,0.4745,16,33,2,31,14,0.0606,0.125,0.0816,0.0158,0.3699,0.0303
detectree2,tcd_tile_682,Hispaniolan moist forests,SE Asian & Pacific rainforest,,4865,0.4745,0,37,0,37,0,0.0,0.0,0.0,0.0,0.0,0.0
detectree2,tcd_tile_683,Timor and Wetar deciduous forests,SE Asian & Pacific rainforest,,68,0.4745,156,70,36,34,120,0.5143,0.2308,0.3186,0.217,0.3919,0.2793
detectree2,tcd_tile_684,Changjiang Plain evergreen forests,Other,,3800,0.4745,87,14,6,8,81,0.4286,0.069,0.1188,0.1278,0.0974,0.1105
detectree2,tcd_tile_685,Sarmatic mixed forests,European forest,,394,0.4745,18,66,9,57,9,0.1364,0.5,0.2143,0.8096,0.4106,0.5449
detectree2,tcd_tile_686,Taiheiyo montane deciduous forests,Other,,4916,0.4745,24,38,7,31,17,0.1842,0.2917,0.2258,0.5124,0.2203,0.3082
detectree2,tcd_tile_687,Central European mixed forests,European forest,,3595,0.4745,5,15,0,15,5,0.0,0.0,0.0,0.0,0.0,0.0
detectree2,tcd_tile_688,Himalayan subtropical broadleaf forests,Other,,2223,0.4745,6,67,1,66,5,0.0149,0.1667,0.0274,0.9862,0.2994,0.4594
detectree2,tcd_tile_689,Northern Anatolian conifer and deciduous forests,Other,,3171,0.4745,90,48,11,37,79,0.2292,0.1222,0.1594,0.3718,0.2854,0.3229
detectree2,tcd_tile_690,Cerrado,Latin American forest,,436,0.4745,0,0,0,0,0,0.0,0.0,0.0,0.0,0.0,0.0
detectree2,tcd_tile_691,Northern Zanzibar-Inhambane coastal forest mosaic,African tropical forest,,3007,0.4745,66,66,19,47,47,0.2879,0.2879,0.2879,0.374,0.3624,0.3681
detectree2,tcd_tile_692,Western Siberian hemiboreal forests,Other,,3431,0.4745,3,144,2,142,1,0.0139,0.6667,0.0272,0.8305,0.3803,0.5217
detectree2,tcd_tile_693,East European forest steppe,European forest,,4642,0.4745,0,1,0,1,0,0.0,0.0,0.0,0.0,0.0,0.0
detectree2,tcd_tile_694,Luzon rain forests,SE Asian & Pacific rainforest,,2752,0.4745,37,81,3,78,34,0.037,0.0811,0.0508,0.8243,0.339,0.4804
detectree2,tcd_tile_695,Lesser Sundas deciduous forests,SE Asian & Pacific rainforest,,3266,0.4745,1,42,1,41,0,0.0238,1.0,0.0465,0.949,0.2269,0.3662
detectree2,tcd_tile_696,Central European mixed forests,European forest,,608,0.4745,74,40,17,23,57,0.425,0.2297,0.2982,0.4903,0.4276,0.4568
detectree2,tcd_tile_697,Willamette Valley forests,N. American forest,,1419,0.4745,62,28,7,21,55,0.25,0.1129,0.1556,0.162,0.3147,0.2138
detectree2,tcd_tile_698,Lesser Sundas deciduous forests,SE Asian & Pacific rainforest,,4582,0.4745,11,36,2,34,9,0.0556,0.1818,0.0851,0.5149,0.1473,0.2291
detectree2,tcd_tile_699,Tongan tropical moist forests,SE Asian & Pacific rainforest,,4777,0.4745,244,85,43,42,201,0.5059,0.1762,0.2614,0.5007,0.2128,0.2987
detectree2,tcd_tile_7,Chilean matorral,Arid / dryland,,358,0.4745,1,1,0,1,1,0.0,0.0,0.0,0.0,0.0,0.0
detectree2,tcd_tile_70,English Lowlands beech forests,European forest,,24,0.4745,1,24,1,23,0,0.0417,1.0,0.08,0.002,0.8232,0.004
detectree2,tcd_tile_700,Pannonian mixed forests,European forest,,2130,0.4745,157,142,57,85,100,0.4014,0.3631,0.3813,0.5493,0.6074,0.5769
detectree2,tcd_tile_701,Po Basin mixed forests,Other,,196,0.4745,40,36,14,22,26,0.3889,0.35,0.3684,0.2359,0.524,0.3253
detectree2,tcd_tile_702,Eastern Great Lakes lowland forests,N. American forest,,2048,0.4745,111,65,10,55,101,0.1538,0.0901,0.1136,0.1241,0.1814,0.1474
detectree2,tcd_tile_703,Southeastern conifer forests,N. American forest,,4774,0.4745,0,9,0,9,0,0.0,0.0,0.0,0.0,0.0,0.0
detectree2,tcd_tile_704,Sarmatic mixed forests,European forest,,1319,0.4745,11,3,1,2,10,0.3333,0.0909,0.1429,0.4006,0.0133,0.0258
detectree2,tcd_tile_705,Southern Great Lakes forests,N. American forest,,4188,0.4745,34,16,3,13,31,0.1875,0.0882,0.12,0.574,0.0652,0.1171
detectree2,tcd_tile_706,Central Zambezian Miombo woodlands,Other,,1351,0.4745,45,32,3,29,42,0.0938,0.0667,0.0779,0.0219,0.6042,0.0422
detectree2,tcd_tile_707,East European forest steppe,European forest,,4902,0.4745,29,43,7,36,22,0.1628,0.2414,0.1944,0.3076,0.2895,0.2983
detectree2,tcd_tile_708,Changjiang Plain evergreen forests,Other,,1050,0.4745,216,43,14,29,202,0.3256,0.0648,0.1081,0.5278,0.2716,0.3587
detectree2,tcd_tile_709,Northeastern coastal forests,N. American forest,,2713,0.4745,24,5,2,3,22,0.4,0.0833,0.1379,0.3285,0.2293,0.2701
detectree2,tcd_tile_71,Northern Zanzibar-Inhambane coastal forest mosaic,African tropical forest,,2091,0.4745,90,117,24,93,66,0.2051,0.2667,0.2319,0.2481,0.5252,0.337
detectree2,tcd_tile_710,Iquitos varzeá,Other,,4118,0.4745,17,103,8,95,9,0.0777,0.4706,0.1333,0.4992,0.3173,0.388
detectree2,tcd_tile_711,East European forest steppe,European forest,,3935,0.4745,120,98,33,65,87,0.3367,0.275,0.3028,0.321,0.5886,0.4155
detectree2,tcd_tile_712,East European forest steppe,European forest,,254,0.4745,81,78,27,51,54,0.3462,0.3333,0.3396,0.3434,0.5656,0.4274
detectree2,tcd_tile_713,Northern Zanzibar-Inhambane coastal forest mosaic,African tropical forest,,1735,0.4745,3,18,1,17,2,0.0556,0.3333,0.0952,0.9809,0.1438,0.2508
detectree2,tcd_tile_714,English Lowlands beech forests,European forest,,1119,0.4745,27,31,15,16,12,0.4839,0.5556,0.5172,0.4326,0.6881,0.5312
detectree2,tcd_tile_715,East European forest steppe,European forest,,232,0.4745,1,117,1,116,0,0.0085,1.0,0.0169,1.0,0.2979,0.4591
detectree2,tcd_tile_716,Eastern Guinean forests,African tropical forest,,2706,0.4745,32,44,8,36,24,0.1818,0.25,0.2105,0.4241,0.2258,0.2947
detectree2,tcd_tile_717,Upper Midwest forest-savanna transition,N. American forest,,1685,0.4745,21,41,12,29,9,0.2927,0.5714,0.3871,0.5074,0.7367,0.6009
detectree2,tcd_tile_718,Northern Zanzibar-Inhambane coastal forest mosaic,African tropical forest,,733,0.4745,117,137,63,74,54,0.4599,0.5385,0.4961,0.5713,0.4557,0.507
detectree2,tcd_tile_719,Celtic broadleaf forests,European forest,,4288,0.4745,0,22,0,22,0,0.0,0.0,0.0,0.0,0.0,0.0
detectree2,tcd_tile_72,Himalayan subtropical broadleaf forests,Other,,4300,0.4745,134,140,42,98,92,0.3,0.3134,0.3066,0.1596,0.4252,0.2321
detectree2,tcd_tile_720,Northern Zanzibar-Inhambane coastal forest mosaic,African tropical forest,,1359,0.4745,117,95,36,59,81,0.3789,0.3077,0.3396,0.4993,0.4231,0.458
detectree2,tcd_tile_721,Middle Atlantic coastal forests,Other,,1881,0.4745,78,76,16,60,62,0.2105,0.2051,0.2078,0.4189,0.3648,0.39
detectree2,tcd_tile_722,East European forest steppe,European forest,,3306,0.4745,24,2,1,1,23,0.5,0.0417,0.0769,0.1944,0.0098,0.0187
detectree2,tcd_tile_723,Serra do Mar coastal forests,Latin American forest,,4506,0.4745,197,107,4,103,193,0.0374,0.0203,0.0263,0.7011,0.2373,0.3546
detectree2,tcd_tile_724,Tongan tropical moist forests,SE Asian & Pacific rainforest,,4388,0.4745,226,86,20,66,206,0.2326,0.0885,0.1282,0.1719,0.2888,0.2156
detectree2,tcd_tile_725,Sumatran lowland rain forests,SE Asian & Pacific rainforest,,4812,0.4745,178,110,27,83,151,0.2455,0.1517,0.1875,0.2646,0.2845,0.2742
detectree2,tcd_tile_726,Appalachian-Blue Ridge forests,N. American forest,,1476,0.4745,53,28,6,22,47,0.2143,0.1132,0.1481,0.035,0.2565,0.0615
detectree2,tcd_tile_727,Timor and Wetar deciduous forests,SE Asian & Pacific rainforest,,1905,0.4745,138,128,41,87,97,0.3203,0.2971,0.3083,0.4853,0.4555,0.4699
detectree2,tcd_tile_728,Northern Zanzibar-Inhambane coastal forest mosaic,African tropical forest,,1876,0.4745,220,62,26,36,194,0.4194,0.1182,0.1844,0.5941,0.3878,0.4693
detectree2,tcd_tile_729,Changjiang Plain evergreen forests,Other,,4803,0.4745,114,61,27,34,87,0.4426,0.2368,0.3086,0.2611,0.2471,0.2539
detectree2,tcd_tile_730,Atlantic mixed forests,European forest,,5033,0.4745,15,47,5,42,10,0.1064,0.3333,0.1613,0.3003,0.2605,0.279
detectree2,tcd_tile_731,Caucasus mixed forests,European forest,,3827,0.4745,56,93,25,68,31,0.2688,0.4464,0.3356,0.6935,0.6227,0.6562
detectree2,tcd_tile_732,Mesopotamian shrub desert,Other,,809,0.4745,108,40,26,14,82,0.65,0.2407,0.3514,0.5834,0.2879,0.3855
detectree2,tcd_tile_733,Lesser Sundas deciduous forests,SE Asian & Pacific rainforest,,4641,0.4745,11,56,2,54,9,0.0357,0.1818,0.0597,0.4742,0.244,0.3222
detectree2,tcd_tile_734,Southern Great Lakes forests,N. American forest,,2297,0.4745,10,49,8,41,2,0.1633,0.8,0.2712,0.4956,0.3754,0.4272
detectree2,tcd_tile_735,Fiji tropical dry forests,Other,,3677,0.4745,81,91,1,90,80,0.011,0.0123,0.0116,0.3779,0.214,0.2732
detectree2,tcd_tile_736,Northern Zanzibar-Inhambane coastal forest mosaic,African tropical forest,,3083,0.4745,84,97,32,65,52,0.3299,0.381,0.3536,0.2561,0.4367,0.3228
detectree2,tcd_tile_737,Veracruz moist forests,Other,,3476,0.4745,24,28,10,18,14,0.3571,0.4167,0.3846,0.2527,0.2053,0.2265
detectree2,tcd_tile_738,Caucasus mixed forests,European forest,,641,0.4745,27,80,8,72,19,0.1,0.2963,0.1495,0.7284,0.254,0.3766
detectree2,tcd_tile_739,North Central Rockies forests,N. American forest,,1920,0.4745,0,4,0,4,0,0.0,0.0,0.0,0.0,0.0,0.0
detectree2,tcd_tile_740,Southern Zanzibar-Inhambane coastal forest mosaic,African tropical forest,,1686,0.4745,19,46,7,39,12,0.1522,0.3684,0.2154,0.2805,0.2897,0.285
detectree2,tcd_tile_741,Pannonian mixed forests,European forest,,2302,0.4745,16,3,0,3,16,0.0,0.0,0.0,0.0004,0.1642,0.0008
detectree2,tcd_tile_742,Southeastern conifer forests,N. American forest,,5037,0.4745,0,33,0,33,0,0.0,0.0,0.0,0.0,0.0,0.0
detectree2,tcd_tile_743,Central European mixed forests,European forest,,1815,0.4745,14,25,9,16,5,0.36,0.6429,0.4615,0.3253,0.5949,0.4206
detectree2,tcd_tile_744,Taiheiyo montane deciduous forests,Other,,4754,0.4745,10,14,2,12,8,0.1429,0.2,0.1667,0.1842,0.5105,0.2707
detectree2,tcd_tile_745,Petén-Veracruz moist forests,Latin American forest,,2083,0.4745,87,89,14,75,73,0.1573,0.1609,0.1591,0.572,0.3147,0.4061
detectree2,tcd_tile_746,Sarmatic mixed forests,European forest,,4760,0.4745,3,122,2,120,1,0.0164,0.6667,0.032,0.8443,0.4612,0.5966
detectree2,tcd_tile_747,Northern Zanzibar-Inhambane coastal forest mosaic,African tropical forest,,4039,0.4745,19,8,2,6,17,0.25,0.1053,0.1481,0.0993,0.89,0.1786
detectree2,tcd_tile_748,Central European mixed forests,European forest,,275,0.4745,82,149,40,109,42,0.2685,0.4878,0.3463,0.694,0.5812,0.6326
detectree2,tcd_tile_749,Northern Anatolian conifer and deciduous forests,Other,,3073,0.4745,312,46,14,32,298,0.3043,0.0449,0.0782,0.1269,0.2931,0.1771
detectree2,tcd_tile_750,Central Indochina dry forests,Other,,4549,0.4745,156,116,40,76,116,0.3448,0.2564,0.2941,0.5044,0.6019,0.5489
detectree2,tcd_tile_751,Sierra Nevada forests,N. American forest,,3619,0.4745,146,64,20,44,126,0.3125,0.137,0.1905,0.1014,0.3216,0.1542
detectree2,tcd_tile_752,Sulawesi lowland rain forests,SE Asian & Pacific rainforest,,4987,0.4745,125,140,27,113,98,0.1929,0.216,0.2038,0.3826,0.3567,0.3692
detectree2,tcd_tile_753,Sarmatic mixed forests,European forest,,1821,0.4745,30,35,7,28,23,0.2,0.2333,0.2154,0.1619,0.1439,0.1524
detectree2,tcd_tile_754,Hokkaido deciduous forests,Other,,3164,0.4745,8,33,5,28,3,0.1515,0.625,0.2439,0.3577,0.2855,0.3175
detectree2,tcd_tile_755,Western Java rain forests,Other,,4463,0.4745,151,77,36,41,115,0.4675,0.2384,0.3158,0.2797,0.4146,0.3341
detectree2,tcd_tile_756,Luzon rain forests,SE Asian & Pacific rainforest,,3722,0.4745,34,49,12,37,22,0.2449,0.3529,0.2892,0.4691,0.5462,0.5047
detectree2,tcd_tile_757,Sarmatic mixed forests,European forest,,4411,0.4745,2,8,1,7,1,0.125,0.5,0.2,0.0101,0.496,0.0198
detectree2,tcd_tile_758,Eastern Guinean forests,African tropical forest,,4092,0.4745,17,17,4,13,13,0.2353,0.2353,0.2353,0.1573,0.7543,0.2603
detectree2,tcd_tile_759,Northern Zanzibar-Inhambane coastal forest mosaic,African tropical forest,,2310,0.4745,286,107,27,80,259,0.2523,0.0944,0.1374,0.5235,0.3992,0.453
detectree2,tcd_tile_76,Madeira-Tapajós moist forests,Latin American forest,,3471,0.4745,2,180,2,178,0,0.0111,1.0,0.022,0.8849,0.4386,0.5865
detectree2,tcd_tile_760,Bahia coastal forests,Latin American forest,,3624,0.4745,7,153,4,149,3,0.0261,0.5714,0.05,0.9205,0.288,0.4387
detectree2,tcd_tile_761,Middle Atlantic coastal forests,Other,,3195,0.4745,84,47,5,42,79,0.1064,0.0595,0.0763,0.0354,0.2098,0.0606
detectree2,tcd_tile_762,Pannonian mixed forests,European forest,,3579,0.4745,15,25,1,24,14,0.04,0.0667,0.05,0.2201,0.1021,0.1395
detectree2,tcd_tile_763,Caucasus mixed forests,European forest,,2195,0.4745,14,173,10,163,4,0.0578,0.7143,0.107,0.9994,0.4035,0.5749
detectree2,tcd_tile_764,Northeastern coastal forests,N. American forest,,2705,0.4745,209,76,34,42,175,0.4474,0.1627,0.2386,0.3931,0.6886,0.5005
detectree2,tcd_tile_765,Appalachian-Blue Ridge forests,N. American forest,,2605,0.4745,140,35,4,31,136,0.1143,0.0286,0.0457,0.0818,0.3014,0.1287
detectree2,tcd_tile_766,Balkan mixed forests,European forest,,3614,0.4745,28,65,19,46,9,0.2923,0.6786,0.4086,0.7857,0.489,0.6028
detectree2,tcd_tile_767,Cerrado,Latin American forest,,1211,0.4745,20,69,4,65,16,0.058,0.2,0.0899,0.5325,0.2194,0.3108
detectree2,tcd_tile_768,Tongan tropical moist forests,SE Asian & Pacific rainforest,,4260,0.4745,108,63,12,51,96,0.1905,0.1111,0.1404,0.2471,0.302,0.2718
detectree2,tcd_tile_769,Lesser Sundas deciduous forests,SE Asian & Pacific rainforest,,2991,0.4745,8,140,7,133,1,0.05,0.875,0.0946,0.9862,0.4709,0.6374
detectree2,tcd_tile_77,Taiwan subtropical evergreen forests,SE Asian & Pacific rainforest,,3539,0.4745,172,58,17,41,155,0.2931,0.0988,0.1478,0.072,0.3524,0.1196
detectree2,tcd_tile_770,Taiheiyo evergreen forests,Other,,467,0.4745,46,39,11,28,35,0.2821,0.2391,0.2588,0.162,0.4644,0.2402
detectree2,tcd_tile_771,Bolivian montane dry forests,Latin American forest,,4957,0.4745,49,57,6,51,43,0.1053,0.1224,0.1132,0.0247,0.4033,0.0465
detectree2,tcd_tile_772,Celtic broadleaf forests,European forest,,3806,0.4745,14,21,4,17,10,0.1905,0.2857,0.2286,0.079,0.2839,0.1236
detectree2,tcd_tile_773,Northern Zanzibar-Inhambane coastal forest mosaic,African tropical forest,,2712,0.4745,46,159,19,140,27,0.1195,0.413,0.1854,0.5757,0.3556,0.4396
detectree2,tcd_tile_774,Nigerian lowland forests,African tropical forest,,4472,0.4745,0,132,0,132,0,0.0,0.0,0.0,0.0,0.0,0.0
detectree2,tcd_tile_775,Pontic steppe,Other,,1358,0.4745,165,92,36,56,129,0.3913,0.2182,0.2802,0.4319,0.4504,0.4409
detectree2,tcd_tile_776,Mizoram-Manipur-Kachin rain forests,SE Asian & Pacific rainforest,,4276,0.4745,0,48,0,48,0,0.0,0.0,0.0,0.0,0.0,0.0
detectree2,tcd_tile_777,Mindanao-Eastern Visayas rain forests,SE Asian & Pacific rainforest,,3872,0.4745,28,35,2,33,26,0.0571,0.0714,0.0635,0.0299,0.1184,0.0477
detectree2,tcd_tile_778,Hispaniolan dry forests,Other,,4804,0.4745,107,95,31,64,76,0.3263,0.2897,0.3069,0.5527,0.4845,0.5164
detectree2,tcd_tile_779,Eastern forest-boreal transition,Other,,2084,0.4745,12,161,4,157,8,0.0248,0.3333,0.0462,0.7152,0.5433,0.6175
detectree2,tcd_tile_78,Madeira-Tapajós moist forests,Latin American forest,,1113,0.4745,1,189,1,188,0,0.0053,1.0,0.0105,1.0,0.4474,0.6183
detectree2,tcd_tile_780,Northwestern Andean montane forests,Latin American forest,,3711,0.4745,77,75,15,60,62,0.2,0.1948,0.1974,0.2235,0.6691,0.3351
detectree2,tcd_tile_781,Sarmatic mixed forests,European forest,,522,0.4745,146,126,35,91,111,0.2778,0.2397,0.2574,0.215,0.533,0.3064
detectree2,tcd_tile_782,,Other,,5072,0.4745,0,6,0,6,0,0.0,0.0,0.0,0.0,0.0,0.0
detectree2,tcd_tile_783,Sumatran lowland rain forests,SE Asian & Pacific rainforest,,1591,0.4745,20,161,10,151,10,0.0621,0.5,0.1105,0.867,0.3109,0.4577
detectree2,tcd_tile_784,Southern Great Lakes forests,N. American forest,,1255,0.4745,15,15,5,10,10,0.3333,0.3333,0.3333,0.1109,0.4641,0.179
detectree2,tcd_tile_785,Western Java montane rain forests,Other,,1546,0.4745,219,64,8,56,211,0.125,0.0365,0.0565,0.7433,0.5595,0.6385
detectree2,tcd_tile_786,Scandinavian coastal conifer forests,Other,,2604,0.4745,12,35,6,29,6,0.1714,0.5,0.2553,0.2477,0.2899,0.2672
detectree2,tcd_tile_787,Granitic Seychelles forests,Other,,1203,0.4745,151,144,13,131,138,0.0903,0.0861,0.0881,0.6887,0.5391,0.6048
detectree2,tcd_tile_788,Northern Zanzibar-Inhambane coastal forest mosaic,African tropical forest,,4143,0.4745,104,118,42,76,62,0.3559,0.4038,0.3784,0.2253,0.6699,0.3372
detectree2,tcd_tile_789,Western European broadleaf forests,European forest,,4768,0.4745,5,96,4,92,1,0.0417,0.8,0.0792,0.9281,0.449,0.6052
detectree2,tcd_tile_79,Greater Negros-Panay rain forests,SE Asian & Pacific rainforest,,3056,0.4745,75,47,10,37,65,0.2128,0.1333,0.1639,0.1181,0.3213,0.1728
detectree2,tcd_tile_790,Northern California coastal forests,N. American forest,,3743,0.4745,5,126,5,121,0,0.0397,1.0,0.0763,0.9465,0.4858,0.6421
detectree2,tcd_tile_791,Southern Zanzibar-Inhambane coastal forest mosaic,African tropical forest,,2623,0.4745,90,63,19,44,71,0.3016,0.2111,0.2484,0.1867,0.5275,0.2758
detectree2,tcd_tile_792,Eastern Great Lakes lowland forests,N. American forest,,2845,0.4745,75,39,8,31,67,0.2051,0.1067,0.1404,0.2966,0.3739,0.3308
detectree2,tcd_tile_793,Western European broadleaf forests,European forest,,2508,0.4745,37,36,12,24,25,0.3333,0.3243,0.3288,0.2409,0.3855,0.2965
detectree2,tcd_tile_794,Northeastern coastal forests,N. American forest,,2047,0.4745,98,11,6,5,92,0.5455,0.0612,0.1101,0.8094,0.6624,0.7285
detectree2,tcd_tile_795,Sierra Nevada forests,N. American forest,,997,0.4745,151,101,71,30,80,0.703,0.4702,0.5635,0.5938,0.585,0.5894
detectree2,tcd_tile_796,Luzon rain forests,SE Asian & Pacific rainforest,,729,0.4745,202,207,55,152,147,0.2657,0.2723,0.2689,0.2203,0.5645,0.3169
detectree2,tcd_tile_797,Palawan rain forests,SE Asian & Pacific rainforest,,4207,0.4745,6,55,4,51,2,0.0727,0.6667,0.1311,0.9467,0.1695,0.2875
detectree2,tcd_tile_798,North Central Rockies forests,N. American forest,,1388,0.4745,1,35,1,34,0,0.0286,1.0,0.0556,0.9286,0.0882,0.1612
detectree2,tcd_tile_799,Vanuatu rain forests,Other,,1513,0.4745,20,31,4,27,16,0.129,0.2,0.1569,0.2473,0.2771,0.2614
detectree2,tcd_tile_8,West Sudanian savanna,Arid / dryland,,336,0.4745,111,78,20,58,91,0.2564,0.1802,0.2116,0.2092,0.5218,0.2987
detectree2,tcd_tile_800,Tongan tropical moist forests,SE Asian & Pacific rainforest,,4922,0.4745,137,85,24,61,113,0.2824,0.1752,0.2162,0.2483,0.2394,0.2438
detectree2,tcd_tile_801,Mesopotamian shrub desert,Other,,1059,0.4745,328,135,89,46,239,0.6593,0.2713,0.3844,0.6577,0.3329,0.442
detectree2,tcd_tile_802,East European forest steppe,European forest,,3925,0.4745,124,76,24,52,100,0.3158,0.1935,0.24,0.2439,0.4945,0.3266
detectree2,tcd_tile_803,Celtic broadleaf forests,European forest,,4020,0.4745,14,25,9,16,5,0.36,0.6429,0.4615,0.4919,0.8406,0.6207
detectree2,tcd_tile_804,Taiheiyo evergreen forests,Other,,2136,0.4745,150,32,13,19,137,0.4062,0.0867,0.1429,0.177,0.3415,0.2332
detectree2,tcd_tile_805,Northern Zanzibar-Inhambane coastal forest mosaic,African tropical forest,,2197,0.4745,1,174,1,173,0,0.0057,1.0,0.0114,0.9956,0.3797,0.5497
detectree2,tcd_tile_806,Northeastern coastal forests,N. American forest,,1817,0.4745,35,21,9,12,26,0.4286,0.2571,0.3214,0.2199,0.2999,0.2538
detectree2,tcd_tile_807,Southern Zanzibar-Inhambane coastal forest mosaic,African tropical forest,,1514,0.4745,60,48,19,29,41,0.3958,0.3167,0.3519,0.2994,0.3413,0.319
detectree2,tcd_tile_808,Himalayan subtropical broadleaf forests,Other,,4314,0.4745,56,78,15,63,41,0.1923,0.2679,0.2239,0.1071,0.471,0.1745
detectree2,tcd_tile_809,Vanuatu rain forests,Other,,3050,0.4745,12,16,5,11,7,0.3125,0.4167,0.3571,0.592,0.0729,0.1299
detectree2,tcd_tile_810,Mindanao-Eastern Visayas rain forests,SE Asian & Pacific rainforest,,4787,0.4745,19,58,4,54,15,0.069,0.2105,0.1039,0.7474,0.3416,0.4689
detectree2,tcd_tile_811,Celtic broadleaf forests,European forest,,3974,0.4745,37,42,9,33,28,0.2143,0.2432,0.2278,0.6896,0.6062,0.6452
detectree2,tcd_tile_812,Cerrado,Latin American forest,,47,0.4745,0,1,0,1,0,0.0,0.0,0.0,0.0,0.0,0.0
detectree2,tcd_tile_813,Northern California coastal forests,N. American forest,,1442,0.4745,1,17,1,16,0,0.0588,1.0,0.1111,0.3989,0.4763,0.4342
detectree2,tcd_tile_814,Northern Zanzibar-Inhambane coastal forest mosaic,African tropical forest,,541,0.4745,216,93,25,68,191,0.2688,0.1157,0.1618,0.2673,0.5744,0.3648
detectree2,tcd_tile_815,Northern Zanzibar-Inhambane coastal forest mosaic,African tropical forest,,451,0.4745,309,198,90,108,219,0.4545,0.2913,0.355,0.5423,0.4551,0.4949
detectree2,tcd_tile_816,Eastern Guinean forests,African tropical forest,,4321,0.4745,127,48,9,39,118,0.1875,0.0709,0.1029,0.4426,0.3712,0.4038
detectree2,tcd_tile_817,Central European mixed forests,European forest,,3271,0.4745,44,83,19,64,25,0.2289,0.4318,0.2992,0.4302,0.7858,0.556
detectree2,tcd_tile_818,,Other,,1862,0.4745,55,38,13,25,42,0.3421,0.2364,0.2796,0.1867,0.388,0.252
detectree2,tcd_tile_819,Caucasus mixed forests,European forest,,4817,0.4745,45,186,25,161,20,0.1344,0.5556,0.2165,0.8182,0.4651,0.593
detectree2,tcd_tile_820,Magdalena Valley montane forests,Other,,2597,0.4745,255,114,62,52,193,0.5439,0.2431,0.336,0.4427,0.7071,0.5445
detectree2,tcd_tile_821,Northeastern coastal forests,N. American forest,,2137,0.4745,4,63,4,59,0,0.0635,1.0,0.1194,0.8236,0.2409,0.3728
detectree2,tcd_tile_822,North Island temperate forests,Other,,673,0.4745,3,35,3,32,0,0.0857,1.0,0.1579,0.2762,0.2073,0.2369
detectree2,tcd_tile_823,Uatuma-Trombetas moist forests,Latin American forest,,1410,0.4745,1,40,1,39,0,0.025,1.0,0.0488,0.8622,0.1885,0.3093
detectree2,tcd_tile_824,Luzon rain forests,SE Asian & Pacific rainforest,,3417,0.4745,9,7,1,6,8,0.1429,0.1111,0.125,0.0474,0.5838,0.0877
detectree2,tcd_tile_825,Northern Zanzibar-Inhambane coastal forest mosaic,African tropical forest,,4262,0.4745,4,60,0,60,4,0.0,0.0,0.0,0.0,0.0227,0.0001
detectree2,tcd_tile_826,Changjiang Plain evergreen forests,Other,,583,0.4745,294,85,57,28,237,0.6706,0.1939,0.3008,0.3253,0.3048,0.3147
detectree2,tcd_tile_827,North Central Rockies forests,N. American forest,,4283,0.4745,5,6,2,4,3,0.3333,0.4,0.3636,0.0832,0.4115,0.1384
detectree2,tcd_tile_828,Northern Zanzibar-Inhambane coastal forest mosaic,African tropical forest,,1800,0.4745,196,57,24,33,172,0.4211,0.1224,0.1897,0.1979,0.2613,0.2252
detectree2,tcd_tile_829,Bajío dry forests,Other,,1797,0.4745,301,41,22,19,279,0.5366,0.0731,0.1287,0.3069,0.3981,0.3466
detectree2,tcd_tile_83,Northern Zanzibar-Inhambane coastal forest mosaic,African tropical forest,,654,0.4745,102,158,26,132,76,0.1646,0.2549,0.2,0.5902,0.404,0.4796
detectree2,tcd_tile_830,,Other,,224,0.4745,6,17,4,13,2,0.2353,0.6667,0.3478,0.333,0.353,0.3427
detectree2,tcd_tile_831,Mindanao-Eastern Visayas rain forests,SE Asian & Pacific rainforest,,1613,0.4745,134,94,15,79,119,0.1596,0.1119,0.1316,0.4828,0.2288,0.3105
detectree2,tcd_tile_832,California coastal sage and chaparral,Other,,143,0.4745,52,28,13,15,39,0.4643,0.25,0.325,0.3926,0.2829,0.3288
detectree2,tcd_tile_833,Bahia coastal forests,Latin American forest,,4127,0.4745,2,149,2,147,0,0.0134,1.0,0.0265,0.9998,0.2898,0.4494
detectree2,tcd_tile_834,Nigerian lowland forests,African tropical forest,,4748,0.4745,18,79,4,75,14,0.0506,0.2222,0.0825,0.0087,0.6643,0.0172
detectree2,tcd_tile_835,Luzon rain forests,SE Asian & Pacific rainforest,,3093,0.4745,0,3,0,3,0,0.0,0.0,0.0,0.0,0.0,0.0
detectree2,tcd_tile_836,Northern Zanzibar-Inhambane coastal forest mosaic,African tropical forest,,2120,0.4745,166,109,22,87,144,0.2018,0.1325,0.16,0.1885,0.5513,0.2809
detectree2,tcd_tile_837,Southeastern mixed forests,N. American forest,,1352,0.4745,161,41,15,26,146,0.3659,0.0932,0.1485,0.3434,0.4657,0.3953
detectree2,tcd_tile_838,Atlantic mixed forests,European forest,,1790,0.4745,5,17,2,15,3,0.1176,0.4,0.1818,0.0897,0.1043,0.0965
detectree2,tcd_tile_839,California coastal sage and chaparral,Other,,969,0.4745,15,40,10,30,5,0.25,0.6667,0.3636,0.0923,0.4054,0.1504
detectree2,tcd_tile_84,Southern Zanzibar-Inhambane coastal forest mosaic,African tropical forest,,3371,0.4745,128,123,51,72,77,0.4146,0.3984,0.4064,0.4043,0.5228,0.4559
detectree2,tcd_tile_840,Atlantic mixed forests,European forest,,236,0.4745,49,86,31,55,18,0.3605,0.6327,0.4593,0.2442,0.67,0.358
detectree2,tcd_tile_841,Vanuatu rain forests,Other,,3328,0.4745,73,61,11,50,62,0.1803,0.1507,0.1642,0.3646,0.1508,0.2133
detectree2,tcd_tile_842,Balkan mixed forests,European forest,,2787,0.4745,119,96,45,51,74,0.4688,0.3782,0.4186,0.1974,0.603,0.2975
detectree2,tcd_tile_843,Sierra Nevada forests,N. American forest,,3275,0.4745,25,53,2,51,23,0.0377,0.08,0.0513,0.0134,0.5545,0.0261
detectree2,tcd_tile_844,Appalachian mixed mesophytic forests,Other,,3268,0.4745,0,50,0,50,0,0.0,0.0,0.0,0.0,0.0,0.0
detectree2,tcd_tile_845,Caucasus mixed forests,European forest,,2378,0.4745,3,163,3,160,0,0.0184,1.0,0.0361,0.9883,0.379,0.5479
detectree2,tcd_tile_846,Balkan mixed forests,European forest,,4784,0.4745,96,90,39,51,57,0.4333,0.4062,0.4194,0.3798,0.6242,0.4722
detectree2,tcd_tile_847,Bolivian Yungas,Other,,4011,0.4745,80,34,16,18,64,0.4706,0.2,0.2807,0.2689,0.4057,0.3235
detectree2,tcd_tile_848,Central U.S. hardwood forests,N. American forest,,3286,0.4745,43,107,14,93,29,0.1308,0.3256,0.1867,0.7682,0.6092,0.6795
detectree2,tcd_tile_849,Caucasus mixed forests,European forest,,899,0.4745,120,110,32,78,88,0.2909,0.2667,0.2783,0.8333,0.2983,0.4393
detectree2,tcd_tile_85,Mato Grosso seasonal forests,Latin American forest,,3779,0.4745,37,65,18,47,19,0.2769,0.4865,0.3529,0.4351,0.4861,0.4592
detectree2,tcd_tile_850,Northeastern coastal forests,N. American forest,,4049,0.4745,74,60,26,34,48,0.4333,0.3514,0.3881,0.5168,0.5227,0.5198
detectree2,tcd_tile_851,Bolivian montane dry forests,Latin American forest,,4552,0.4745,70,24,1,23,69,0.0417,0.0143,0.0213,0.06,0.0941,0.0733
detectree2,tcd_tile_852,Tigris-Euphrates alluvial salt marsh,Other,,458,0.4745,59,22,5,17,54,0.2273,0.0847,0.1235,0.1165,0.4684,0.1865
detectree2,tcd_tile_853,Nigerian lowland forests,African tropical forest,,2559,0.4745,31,67,5,62,26,0.0746,0.1613,0.102,0.1138,0.5684,0.1896
detectree2,tcd_tile_854,Alps conifer and mixed forests,European forest,,4483,0.4745,1,4,0,4,1,0.0,0.0,0.0,0.0,0.0,0.0
detectree2,tcd_tile_855,Nigerian lowland forests,African tropical forest,,4381,0.4745,25,95,12,83,13,0.1263,0.48,0.2,0.0393,0.5783,0.0735
detectree2,tcd_tile_856,New England-Acadian forests,N. American forest,,1397,0.4745,14,45,4,41,10,0.0889,0.2857,0.1356,0.9702,0.3204,0.4817
detectree2,tcd_tile_857,Celtic broadleaf forests,European forest,,3367,0.4745,35,28,9,19,26,0.3214,0.2571,0.2857,0.2622,0.771,0.3913
detectree2,tcd_tile_858,Central U.S. hardwood forests,N. American forest,,3183,0.4745,76,67,27,40,49,0.403,0.3553,0.3776,0.5476,0.6016,0.5734
detectree2,tcd_tile_859,Southeastern mixed forests,N. American forest,,3763,0.4745,15,23,1,22,14,0.0435,0.0667,0.0526,0.1958,0.0675,0.1003
detectree2,tcd_tile_860,Luzon rain forests,SE Asian & Pacific rainforest,,1851,0.4745,1,13,1,12,0,0.0769,1.0,0.1429,0.0685,0.9104,0.1274
detectree2,tcd_tile_861,Tongan tropical moist forests,SE Asian & Pacific rainforest,,4810,0.4745,286,41,0,41,286,0.0,0.0,0.0,0.0347,0.28,0.0618
detectree2,tcd_tile_862,South Siberian forest steppe,Other,,571,0.4745,39,25,6,19,33,0.24,0.1538,0.1875,0.3075,0.4253,0.3569
detectree2,tcd_tile_863,Northern Zanzibar-Inhambane coastal forest mosaic,African tropical forest,,1253,0.4745,126,73,46,27,80,0.6301,0.3651,0.4623,0.6085,0.5406,0.5725
detectree2,tcd_tile_864,Araucaria moist forests,Other,,3247,0.4745,71,86,21,65,50,0.2442,0.2958,0.2675,0.5346,0.415,0.4673
detectree2,tcd_tile_865,Balkan mixed forests,European forest,,3815,0.4745,94,148,40,108,54,0.2703,0.4255,0.3306,0.4387,0.5673,0.4948
detectree2,tcd_tile_866,Sarmatic mixed forests,European forest,,1826,0.4745,1,10,1,9,0,0.1,1.0,0.1818,0.8251,0.1176,0.2058
detectree2,tcd_tile_867,Northern Zanzibar-Inhambane coastal forest mosaic,African tropical forest,,1516,0.4745,44,149,23,126,21,0.1544,0.5227,0.2383,0.7109,0.4273,0.5338
detectree2,tcd_tile_868,Upper Midwest forest-savanna transition,N. American forest,,3654,0.4745,54,39,7,32,47,0.1795,0.1296,0.1505,0.2227,0.2064,0.2142
detectree2,tcd_tile_869,Luzon rain forests,SE Asian & Pacific rainforest,,2766,0.4745,0,2,0,2,0,0.0,0.0,0.0,0.0,0.0,0.0
detectree2,tcd_tile_87,Sumatran lowland rain forests,SE Asian & Pacific rainforest,,3403,0.4745,200,133,37,96,163,0.2782,0.185,0.2222,0.1628,0.4468,0.2386
detectree2,tcd_tile_870,Taiheiyo evergreen forests,Other,,2095,0.4745,107,109,10,99,97,0.0917,0.0935,0.0926,0.6006,0.3451,0.4383
detectree2,tcd_tile_871,Peruvian Yungas,Latin American forest,,2780,0.4745,24,47,1,46,23,0.0213,0.0417,0.0282,0.0084,0.5998,0.0165
detectree2,tcd_tile_872,East European forest steppe,European forest,,2035,0.4745,10,89,3,86,7,0.0337,0.3,0.0606,0.493,0.4499,0.4705
detectree2,tcd_tile_873,Nihonkai montane deciduous forests,Other,,4750,0.4745,10,144,5,139,5,0.0347,0.5,0.0649,0.9501,0.3672,0.5297
detectree2,tcd_tile_874,Greater Negros-Panay rain forests,SE Asian & Pacific rainforest,,3302,0.4745,99,46,21,25,78,0.4565,0.2121,0.2897,0.1945,0.6117,0.2952
detectree2,tcd_tile_875,Northeastern Spain and Southern France Mediterranean forests,Other,,925,0.4745,529,42,24,18,505,0.5714,0.0454,0.0841,0.3792,0.1641,0.2291
detectree2,tcd_tile_876,Luzon rain forests,SE Asian & Pacific rainforest,,1902,0.4745,101,103,42,61,59,0.4078,0.4158,0.4118,0.4509,0.684,0.5435
detectree2,tcd_tile_877,,Other,,898,0.4745,28,8,4,4,24,0.5,0.1429,0.2222,0.2955,0.3963,0.3386
detectree2,tcd_tile_878,Central Indochina dry forests,Other,,5062,0.4745,100,96,44,52,56,0.4583,0.44,0.449,0.514,0.4649,0.4882
detectree2,tcd_tile_879,Nigerian lowland forests,African tropical forest,,2150,0.4745,1,105,0,105,1,0.0,0.0,0.0,0.0,0.0,0.0
detectree2,tcd_tile_880,Northern Zanzibar-Inhambane coastal forest mosaic,African tropical forest,,3314,0.4745,1,130,1,129,0,0.0077,1.0,0.0153,1.0,0.3568,0.5259
detectree2,tcd_tile_881,Eastern forest-boreal transition,Other,,2677,0.4745,1,164,1,163,0,0.0061,1.0,0.0121,1.0,0.3994,0.5708
detectree2,tcd_tile_882,"Sao Tome, Principe and Annobon moist lowland forests",Other,,2595,0.4745,3,89,1,88,2,0.0112,0.3333,0.0217,0.847,0.3096,0.4534
detectree2,tcd_tile_883,,Other,,1941,0.4745,0,24,0,24,0,0.0,0.0,0.0,0.0,0.0,0.0
detectree2,tcd_tile_884,Luzon rain forests,SE Asian & Pacific rainforest,,487,0.4745,52,62,16,46,36,0.2581,0.3077,0.2807,0.0654,0.6331,0.1186
detectree2,tcd_tile_885,Serra do Mar coastal forests,Latin American forest,,4963,0.4745,120,103,5,98,115,0.0485,0.0417,0.0448,0.325,0.2909,0.307
detectree2,tcd_tile_886,Northern Zanzibar-Inhambane coastal forest mosaic,African tropical forest,,4138,0.4745,73,150,15,135,58,0.1,0.2055,0.1345,0.5743,0.5039,0.5368
detectree2,tcd_tile_887,Central Indochina dry forests,Other,,4291,0.4745,82,117,33,84,49,0.2821,0.4024,0.3317,0.568,0.375,0.4517
detectree2,tcd_tile_888,Northern Zanzibar-Inhambane coastal forest mosaic,African tropical forest,,2314,0.4745,90,78,21,57,69,0.2692,0.2333,0.25,0.0778,0.4252,0.1315
detectree2,tcd_tile_889,Luzon rain forests,SE Asian & Pacific rainforest,,13,0.4745,27,78,10,68,17,0.1282,0.3704,0.1905,0.8823,0.336,0.4867
detectree2,tcd_tile_89,Balkan mixed forests,European forest,,2879,0.4745,91,164,37,127,54,0.2256,0.4066,0.2902,0.7291,0.5553,0.6304
detectree2,tcd_tile_890,Northern Zanzibar-Inhambane coastal forest mosaic,African tropical forest,,2612,0.4745,173,93,23,70,150,0.2473,0.1329,0.1729,0.1329,0.6053,0.218
detectree2,tcd_tile_891,Timor and Wetar deciduous forests,SE Asian & Pacific rainforest,,3587,0.4745,191,43,12,31,179,0.2791,0.0628,0.1026,0.0725,0.3676,0.1211
detectree2,tcd_tile_892,Sulawesi lowland rain forests,SE Asian & Pacific rainforest,,3660,0.4745,110,66,18,48,92,0.2727,0.1636,0.2045,0.2174,0.316,0.2576
detectree2,tcd_tile_893,Balkan mixed forests,European forest,,4366,0.4745,37,41,18,23,19,0.439,0.4865,0.4615,0.4677,0.5255,0.4949
detectree2,tcd_tile_894,Southern Zanzibar-Inhambane coastal forest mosaic,African tropical forest,,4622,0.4745,117,95,36,59,81,0.3789,0.3077,0.3396,0.1335,0.6704,0.2226
detectree2,tcd_tile_895,Balkan mixed forests,European forest,,1481,0.4745,49,76,26,50,23,0.3421,0.5306,0.416,0.8027,0.5527,0.6546
detectree2,tcd_tile_896,Central European mixed forests,European forest,,3945,0.4745,36,58,18,40,18,0.3103,0.5,0.383,0.5064,0.5439,0.5245
detectree2,tcd_tile_897,,Other,,720,0.4745,62,32,3,29,59,0.0938,0.0484,0.0638,0.0227,0.1838,0.0404
detectree2,tcd_tile_898,Lake,Other,,378,0.4745,0,3,0,3,0,0.0,0.0,0.0,0.0,0.0,0.0
detectree2,tcd_tile_899,Changjiang Plain evergreen forests,Other,,3155,0.4745,113,76,24,52,89,0.3158,0.2124,0.254,0.2875,0.3068,0.2969
detectree2,tcd_tile_9,West Sudanian savanna,Arid / dryland,,659,0.4745,48,108,29,79,19,0.2685,0.6042,0.3718,0.3159,0.5583,0.4035
detectree2,tcd_tile_90,Eastern Java-Bali rain forests,SE Asian & Pacific rainforest,,4852,0.4745,92,52,8,44,84,0.1538,0.087,0.1111,0.4902,0.2295,0.3126
detectree2,tcd_tile_900,Western Guinean lowland forests,African tropical forest,,423,0.4745,85,173,19,154,66,0.1098,0.2235,0.1473,0.0444,0.5805,0.0824
detectree2,tcd_tile_901,Northeastern coastal forests,N. American forest,,3147,0.4745,98,107,46,61,52,0.4299,0.4694,0.4488,0.5075,0.779,0.6146
detectree2,tcd_tile_902,Hokkaido deciduous forests,Other,,3253,0.4745,10,33,2,31,8,0.0606,0.2,0.093,0.023,0.2332,0.0419
detectree2,tcd_tile_903,Southern Zanzibar-Inhambane coastal forest mosaic,African tropical forest,,270,0.4745,68,57,16,41,52,0.2807,0.2353,0.256,0.202,0.568,0.298
detectree2,tcd_tile_904,Northern Zanzibar-Inhambane coastal forest mosaic,African tropical forest,,5059,0.4745,398,149,75,74,323,0.5034,0.1884,0.2742,0.3307,0.2862,0.3068
detectree2,tcd_tile_905,Sarmatic mixed forests,European forest,,233,0.4745,5,2,0,2,5,0.0,0.0,0.0,0.0,0.0,0.0
detectree2,tcd_tile_906,Southern Pacific dry forests,Other,,2939,0.4745,86,60,22,38,64,0.3667,0.2558,0.3014,0.4597,0.1922,0.2711
detectree2,tcd_tile_907,,Other,,6,0.4745,106,85,25,60,81,0.2941,0.2358,0.2618,0.152,0.6178,0.2439
detectree2,tcd_tile_908,Southern Annamites montane rain forests,Other,,975,0.4745,11,48,2,46,9,0.0417,0.1818,0.0678,0.7737,0.3044,0.4369
detectree2,tcd_tile_909,Luzon rain forests,SE Asian & Pacific rainforest,,2394,0.4745,0,14,0,14,0,0.0,0.0,0.0,0.0,0.0,0.0
detectree2,tcd_tile_91,Caucasus mixed forests,European forest,,2946,0.4745,1,102,1,101,0,0.0098,1.0,0.0194,0.9998,0.3342,0.5009
detectree2,tcd_tile_910,Caucasus mixed forests,European forest,,2124,0.4745,6,5,4,1,2,0.8,0.6667,0.7273,0.809,0.0581,0.1085
detectree2,tcd_tile_911,Nigerian lowland forests,African tropical forest,,4505,0.4745,31,61,5,56,26,0.082,0.1613,0.1087,0.0204,0.5295,0.0393
detectree2,tcd_tile_912,Timor and Wetar deciduous forests,SE Asian & Pacific rainforest,,2963,0.4745,141,138,65,73,76,0.471,0.461,0.4659,0.3961,0.4561,0.424
detectree2,tcd_tile_913,Lake,Other,,698,0.4745,8,36,6,30,2,0.1667,0.75,0.2727,0.2796,0.7673,0.4098
detectree2,tcd_tile_914,North Central Rockies forests,N. American forest,,2873,0.4745,151,7,5,2,146,0.7143,0.0331,0.0633,0.6319,0.0883,0.1549
detectree2,tcd_tile_915,Eastern forest-boreal transition,Other,,1943,0.4745,11,124,3,121,8,0.0242,0.2727,0.0444,0.8582,0.3168,0.4628
detectree2,tcd_tile_916,Taiwan subtropical evergreen forests,SE Asian & Pacific rainforest,,2245,0.4745,56,59,6,53,50,0.1017,0.1071,0.1043,0.3947,0.4989,0.4407
detectree2,tcd_tile_917,Northern Zanzibar-Inhambane coastal forest mosaic,African tropical forest,,3270,0.4745,74,133,13,120,61,0.0977,0.1757,0.1256,0.8441,0.3903,0.5338
detectree2,tcd_tile_918,Humid Pampas,Other,,511,0.4745,17,29,7,22,10,0.2414,0.4118,0.3043,0.0752,0.6633,0.1351
detectree2,tcd_tile_919,Irrawaddy moist deciduous forests,Other,,1128,0.4745,33,66,11,55,22,0.1667,0.3333,0.2222,0.3928,0.3703,0.3813
detectree2,tcd_tile_92,Eastern Guinean forests,African tropical forest,,1424,0.4745,67,87,2,85,65,0.023,0.0299,0.026,0.8694,0.3807,0.5296
detectree2,tcd_tile_920,Sundaland heath forests,Other,,3228,0.4745,338,100,23,77,315,0.23,0.068,0.105,0.2197,0.3156,0.2591
detectree2,tcd_tile_921,East European forest steppe,European forest,,391,0.4745,128,162,61,101,67,0.3765,0.4766,0.4207,0.4243,0.5542,0.4806
detectree2,tcd_tile_922,Iquitos varzeá,Other,,3281,0.4745,7,92,4,88,3,0.0435,0.5714,0.0808,0.8603,0.2709,0.412
detectree2,tcd_tile_923,Northern Zanzibar-Inhambane coastal forest mosaic,African tropical forest,,1320,0.4745,119,18,4,14,115,0.2222,0.0336,0.0584,0.1792,0.3153,0.2285
detectree2,tcd_tile_924,Sierra Nevada forests,N. American forest,,4728,0.4745,60,56,22,34,38,0.3929,0.3667,0.3793,0.2574,0.563,0.3533
detectree2,tcd_tile_925,Balkan mixed forests,European forest,,768,0.4745,21,62,8,54,13,0.129,0.381,0.1928,0.5928,0.3172,0.4132
detectree2,tcd_tile_926,Hispaniolan moist forests,SE Asian & Pacific rainforest,,4373,0.4745,13,38,2,36,11,0.0526,0.1538,0.0784,0.0107,0.1747,0.0202
detectree2,tcd_tile_927,Central Indochina dry forests,Other,,1877,0.4745,1,87,1,86,0,0.0115,1.0,0.0227,0.9998,0.3165,0.4808
detectree2,tcd_tile_928,Central U.S. hardwood forests,N. American forest,,3583,0.4745,8,32,1,31,7,0.0312,0.125,0.05,0.5143,0.4305,0.4687
detectree2,tcd_tile_929,Northern Zanzibar-Inhambane coastal forest mosaic,African tropical forest,,918,0.4745,1,43,1,42,0,0.0233,1.0,0.0455,0.7862,0.1911,0.3075
detectree2,tcd_tile_93,Upper Midwest forest-savanna transition,N. American forest,,3687,0.4745,10,52,6,46,4,0.1154,0.6,0.1935,0.3416,0.4775,0.3983
detectree2,tcd_tile_930,Western Siberian hemiboreal forests,Other,,4152,0.4745,1,153,1,152,0,0.0065,1.0,0.013,0.8669,0.4365,0.5807
detectree2,tcd_tile_931,Celtic broadleaf forests,European forest,,3473,0.4745,43,37,15,22,28,0.4054,0.3488,0.375,0.3026,0.3073,0.305
detectree2,tcd_tile_932,Celtic broadleaf forests,European forest,,2408,0.4745,28,62,13,49,15,0.2097,0.4643,0.2889,0.1553,0.7152,0.2551
detectree2,tcd_tile_933,Atlantic mixed forests,European forest,,2417,0.4745,30,9,5,4,25,0.5556,0.1667,0.2564,0.3515,0.3267,0.3386
detectree2,tcd_tile_934,Central Andean puna,Other,,125,0.4745,2,3,0,3,2,0.0,0.0,0.0,0.0,0.0,0.0
detectree2,tcd_tile_935,Northwestern Andean montane forests,Latin American forest,,2422,0.4745,58,97,16,81,42,0.1649,0.2759,0.2065,0.1891,0.5265,0.2783
detectree2,tcd_tile_936,Northern Zanzibar-Inhambane coastal forest mosaic,African tropical forest,,4525,0.4745,59,87,19,68,40,0.2184,0.322,0.2603,0.5896,0.4369,0.5019
detectree2,tcd_tile_937,Willamette Valley forests,N. American forest,,3933,0.4745,390,26,1,25,389,0.0385,0.0026,0.0048,0.0086,0.1306,0.0162
detectree2,tcd_tile_938,East European forest steppe,European forest,,1860,0.4745,1,78,1,77,0,0.0128,1.0,0.0253,0.9623,0.3968,0.5619
detectree2,tcd_tile_939,Northern Zanzibar-Inhambane coastal forest mosaic,African tropical forest,,285,0.4745,0,1,0,1,0,0.0,0.0,0.0,0.0,0.0,0.0
detectree2,tcd_tile_94,Caucasus mixed forests,European forest,,2985,0.4745,1,111,1,110,0,0.009,1.0,0.0179,1.0,0.3663,0.5362
detectree2,tcd_tile_940,Western Siberian hemiboreal forests,Other,,2172,0.4745,9,16,3,13,6,0.1875,0.3333,0.24,0.1277,0.2728,0.174
detectree2,tcd_tile_941,Cardamom Mountains rain forests,Other,,2877,0.4745,23,18,5,13,18,0.2778,0.2174,0.2439,0.1627,0.2152,0.1853
detectree2,tcd_tile_942,Pannonian mixed forests,European forest,,3837,0.4745,2,47,2,45,0,0.0426,1.0,0.0816,0.9089,0.2832,0.4318
detectree2,tcd_tile_943,Humid Pampas,Other,,176,0.4745,44,22,7,15,37,0.3182,0.1591,0.2121,0.3992,0.3788,0.3887
detectree2,tcd_tile_944,Maputaland coastal forest mosaic,African tropical forest,,993,0.4745,18,46,1,45,17,0.0217,0.0556,0.0312,0.008,0.3098,0.0156
detectree2,tcd_tile_945,Western European broadleaf forests,European forest,,4268,0.4745,3,150,2,148,1,0.0133,0.6667,0.0261,0.9974,0.4793,0.6474
detectree2,tcd_tile_946,Greater Negros-Panay rain forests,SE Asian & Pacific rainforest,,1196,0.4745,5,28,2,26,3,0.0714,0.4,0.1212,0.0154,0.5579,0.0299
detectree2,tcd_tile_947,Madeira-Tapajós moist forests,Latin American forest,,3136,0.4745,3,88,3,85,0,0.0341,1.0,0.0659,0.7111,0.3123,0.434
detectree2,tcd_tile_948,Nihonkai montane deciduous forests,Other,,4213,0.4745,2,71,2,69,0,0.0282,1.0,0.0548,0.9706,0.3022,0.4609
detectree2,tcd_tile_949,Sarmatic mixed forests,European forest,,3644,0.4745,7,22,2,20,5,0.0909,0.2857,0.1379,0.129,0.4974,0.2049
detectree2,tcd_tile_95,Hispaniolan moist forests,SE Asian & Pacific rainforest,,4600,0.4745,0,52,0,52,0,0.0,0.0,0.0,0.0,0.0,0.0
detectree2,tcd_tile_950,Scandinavian and Russian taiga,Other,,71,0.4745,55,92,14,78,41,0.1522,0.2545,0.1905,0.4584,0.6422,0.535
detectree2,tcd_tile_951,North Central Rockies forests,N. American forest,,2476,0.4745,1,62,1,61,0,0.0161,1.0,0.0317,0.9752,0.092,0.1682
detectree2,tcd_tile_952,Upper Midwest forest-savanna transition,N. American forest,,4687,0.4745,72,36,17,19,55,0.4722,0.2361,0.3148,0.4726,0.4262,0.4482
detectree2,tcd_tile_953,Luzon rain forests,SE Asian & Pacific rainforest,,4447,0.4745,99,66,18,48,81,0.2727,0.1818,0.2182,0.4281,0.3957,0.4113
detectree2,tcd_tile_954,Luzon rain forests,SE Asian & Pacific rainforest,,1045,0.4745,224,219,68,151,156,0.3105,0.3036,0.307,0.2184,0.6242,0.3235
detectree2,tcd_tile_955,Caucasus mixed forests,European forest,,828,0.4745,103,185,51,134,52,0.2757,0.4951,0.3542,0.769,0.4516,0.5691
detectree2,tcd_tile_956,Western Guinean lowland forests,African tropical forest,,1703,0.4745,61,85,5,80,56,0.0588,0.082,0.0685,0.0333,0.2339,0.0583
detectree2,tcd_tile_957,Northern Zanzibar-Inhambane coastal forest mosaic,African tropical forest,,4103,0.4745,105,111,36,75,69,0.3243,0.3429,0.3333,0.4472,0.4064,0.4259
detectree2,tcd_tile_958,Baltic mixed forests,European forest,,4324,0.4745,4,116,3,113,1,0.0259,0.75,0.05,0.9501,0.4605,0.6203
detectree2,tcd_tile_959,Bajío dry forests,Other,,2858,0.4745,134,46,9,37,125,0.1957,0.0672,0.1,0.3622,0.2394,0.2883
detectree2,tcd_tile_96,Balkan mixed forests,European forest,,1402,0.4745,92,84,40,44,52,0.4762,0.4348,0.4545,0.4664,0.4669,0.4666
detectree2,tcd_tile_960,Northern Zanzibar-Inhambane coastal forest mosaic,African tropical forest,,1337,0.4745,136,122,37,85,99,0.3033,0.2721,0.2868,0.5413,0.4673,0.5016
detectree2,tcd_tile_961,Alps conifer and mixed forests,European forest,,4328,0.4745,23,31,8,23,15,0.2581,0.3478,0.2963,0.2085,0.7123,0.3226
detectree2,tcd_tile_962,Willamette Valley forests,N. American forest,,1393,0.4745,7,27,1,26,6,0.037,0.1429,0.0588,0.0095,0.117,0.0176
detectree2,tcd_tile_963,Malabar Coast moist forests,Other,,4589,0.4745,5,41,3,38,2,0.0732,0.6,0.1304,0.3248,0.3376,0.3311
detectree2,tcd_tile_964,Hispaniolan moist forests,SE Asian & Pacific rainforest,,228,0.4745,0,32,0,32,0,0.0,0.0,0.0,0.0,0.0,0.0
detectree2,tcd_tile_965,Central European mixed forests,European forest,,4731,0.4745,45,9,0,9,45,0.0,0.0,0.0,0.3381,0.3006,0.3183
detectree2,tcd_tile_966,Tigris-Euphrates alluvial salt marsh,Other,,496,0.4745,83,57,17,40,66,0.2982,0.2048,0.2429,0.1074,0.5327,0.1788
detectree2,tcd_tile_967,Appalachian-Blue Ridge forests,N. American forest,,4133,0.4745,20,13,7,6,13,0.5385,0.35,0.4242,0.2151,0.2667,0.2381
detectree2,tcd_tile_968,Northern Zanzibar-Inhambane coastal forest mosaic,African tropical forest,,3780,0.4745,157,68,19,49,138,0.2794,0.121,0.1689,0.2938,0.3681,0.3268
detectree2,tcd_tile_969,Atlantic mixed forests,European forest,,3757,0.4745,40,20,17,3,23,0.85,0.425,0.5667,0.7897,0.3536,0.4885
detectree2,tcd_tile_97,Northern Congolian forest-savanna mosaic,African tropical forest,,136,0.4745,123,47,8,39,115,0.1702,0.065,0.0941,0.0527,0.3251,0.0907
detectree2,tcd_tile_970,Uatuma-Trombetas moist forests,Latin American forest,,4095,0.4745,18,23,6,17,12,0.2609,0.3333,0.2927,0.473,0.2735,0.3466
detectree2,tcd_tile_971,Rodope montane mixed forests,European forest,,4368,0.4745,82,71,24,47,58,0.338,0.2927,0.3137,0.2935,0.4261,0.3476
detectree2,tcd_tile_972,Northern Zanzibar-Inhambane coastal forest mosaic,African tropical forest,,2747,0.4745,1,2,1,1,0,0.5,1.0,0.6667,0.0361,0.7929,0.069
detectree2,tcd_tile_973,Northern Zanzibar-Inhambane coastal forest mosaic,African tropical forest,,1697,0.4745,1,123,1,122,0,0.0081,1.0,0.0161,1.0,0.2924,0.4525
detectree2,tcd_tile_974,Western European broadleaf forests,European forest,,3688,0.4745,55,41,12,29,43,0.2927,0.2182,0.25,0.2233,0.4468,0.2978
detectree2,tcd_tile_975,Taiheiyo evergreen forests,Other,,1639,0.4745,42,69,13,56,29,0.1884,0.3095,0.2342,0.6038,0.3357,0.4315
detectree2,tcd_tile_976,Irrawaddy freshwater swamp forests,Other,,80,0.4745,4,56,4,52,0,0.0714,1.0,0.1333,0.5378,0.3018,0.3866
detectree2,tcd_tile_977,Iquitos varzeá,Other,,3000,0.4745,21,71,3,68,18,0.0423,0.1429,0.0652,0.8013,0.4547,0.5802
detectree2,tcd_tile_978,Appalachian-Blue Ridge forests,N. American forest,,4055,0.4745,33,26,8,18,25,0.3077,0.2424,0.2712,0.0722,0.4759,0.1253
detectree2,tcd_tile_979,Southern Great Lakes forests,N. American forest,,3197,0.4745,12,26,3,23,9,0.1154,0.25,0.1579,0.7154,0.0914,0.162
detectree2,tcd_tile_98,Celtic broadleaf forests,European forest,,1257,0.4745,71,65,23,42,48,0.3538,0.3239,0.3382,0.304,0.5666,0.3957
detectree2,tcd_tile_980,Uatuma-Trombetas moist forests,Latin American forest,,3442,0.4745,38,68,13,55,25,0.1912,0.3421,0.2453,0.332,0.3077,0.3194
detectree2,tcd_tile_981,Hispaniolan moist forests,SE Asian & Pacific rainforest,,4713,0.4745,119,63,8,55,111,0.127,0.0672,0.0879,0.0462,0.2636,0.0787
detectree2,tcd_tile_982,Baltic mixed forests,European forest,,852,0.4745,18,15,5,10,13,0.3333,0.2778,0.303,0.2701,0.2459,0.2575
detectree2,tcd_tile_983,,Other,,1563,0.4745,61,83,8,75,53,0.0964,0.1311,0.1111,0.1918,0.5025,0.2776
detectree2,tcd_tile_984,Central European mixed forests,European forest,,3532,0.4745,80,43,19,24,61,0.4419,0.2375,0.3089,0.3489,0.3744,0.3612
detectree2,tcd_tile_985,East European forest steppe,European forest,,4608,0.4745,5,33,2,31,3,0.0606,0.4,0.1053,0.5837,0.1489,0.2373
detectree2,tcd_tile_986,Western European broadleaf forests,European forest,,2251,0.4745,10,45,4,41,6,0.0889,0.4,0.1455,0.8676,0.3779,0.5265
detectree2,tcd_tile_987,Northern Zanzibar-Inhambane coastal forest mosaic,African tropical forest,,1250,0.4745,8,11,4,7,4,0.3636,0.5,0.4211,0.0132,0.5193,0.0257
detectree2,tcd_tile_988,Greater Negros-Panay rain forests,SE Asian & Pacific rainforest,,742,0.4745,15,21,10,11,5,0.4762,0.6667,0.5556,0.292,0.7994,0.4277
detectree2,tcd_tile_989,Northern Zanzibar-Inhambane coastal forest mosaic,African tropical forest,,486,0.4745,24,43,1,42,23,0.0233,0.0417,0.0299,0.0061,0.2737,0.0119
detectree2,tcd_tile_990,Northern Zanzibar-Inhambane coastal forest mosaic,African tropical forest,,3782,0.4745,141,134,25,109,116,0.1866,0.1773,0.1818,0.7725,0.5001,0.6072
detectree2,tcd_tile_991,Central European mixed forests,European forest,,4709,0.4745,57,49,3,46,54,0.0612,0.0526,0.0566,0.0527,0.2025,0.0837
detectree2,tcd_tile_992,Eastern Java-Bali rain forests,SE Asian & Pacific rainforest,,4857,0.4745,103,59,8,51,95,0.1356,0.0777,0.0988,0.119,0.2474,0.1608
detectree2,tcd_tile_993,Po Basin mixed forests,Other,,532,0.4745,25,7,0,7,25,0.0,0.0,0.0,0.0366,0.065,0.0468
detectree2,tcd_tile_994,Sarmatic mixed forests,European forest,,3241,0.4745,24,89,14,75,10,0.1573,0.5833,0.2478,0.7191,0.5503,0.6235
detectree2,tcd_tile_995,Northern Zanzibar-Inhambane coastal forest mosaic,African tropical forest,,2886,0.4745,155,120,29,91,126,0.2417,0.1871,0.2109,0.6383,0.3759,0.4731
detectree2,tcd_tile_996,Cerrado,Latin American forest,,502,0.4745,0,2,0,2,0,0.0,0.0,0.0,0.0,0.0,0.0
detectree2,tcd_tile_997,Central European mixed forests,European forest,,1597,0.4745,3,8,0,8,3,0.0,0.0,0.0,0.0,0.0,0.0
detectree2,tcd_tile_998,Northern Zanzibar-Inhambane coastal forest mosaic,African tropical forest,,3605,0.4745,539,94,36,58,503,0.383,0.0668,0.1137,0.2323,0.3412,0.2764
detectree2,tcd_tile_999,Granitic Seychelles forests,Other,,2113,0.4745,237,121,45,76,192,0.3719,0.1899,0.2514,0.2716,0.5951,0.373
