model,tile_stem,biome_name,biome_group,country,image_id,threshold,n_gt,n_pred,tp,fp,fn,poly_precision,poly_recall,poly_f1,area_precision,area_recall,area_f1
phase21_B_λ4,tcd_tile_0,West Sudanian savanna,Arid / dryland,,1159,0.3507,42,250,20,230,22,0.08,0.4762,0.137,0.7852,0.5394,0.6395
phase21_B_λ4,tcd_tile_1,West Sudanian savanna,Arid / dryland,,1325,0.3507,43,88,34,54,9,0.3864,0.7907,0.5191,0.6848,0.5379,0.6025
phase21_B_λ4,tcd_tile_10,West Sudanian savanna,Arid / dryland,,775,0.3507,34,66,19,47,15,0.2879,0.5588,0.38,0.6069,0.5854,0.596
phase21_B_λ4,tcd_tile_100,Northern Zanzibar-Inhambane coastal forest mosaic,African tropical forest,,2591,0.3507,177,152,52,100,125,0.3421,0.2938,0.3161,0.8463,0.1772,0.293
phase21_B_λ4,tcd_tile_1000,Western Java montane rain forests,Other,,2944,0.3507,20,151,7,144,13,0.0464,0.35,0.0819,0.8847,0.2054,0.3335
phase21_B_λ4,tcd_tile_1001,,Other,,1378,0.3507,67,46,20,26,47,0.4348,0.2985,0.354,0.657,0.5457,0.5962
phase21_B_λ4,tcd_tile_1002,Northern Zanzibar-Inhambane coastal forest mosaic,African tropical forest,,337,0.3507,77,41,31,10,46,0.7561,0.4026,0.5254,0.881,0.0877,0.1595
phase21_B_λ4,tcd_tile_1003,Huang He Plain mixed forests,Other,,2828,0.3507,106,112,53,59,53,0.4732,0.5,0.4862,0.4265,0.6589,0.5178
phase21_B_λ4,tcd_tile_1004,Sulawesi lowland rain forests,SE Asian & Pacific rainforest,,4869,0.3507,257,134,74,60,183,0.5522,0.2879,0.3785,0.627,0.3855,0.4774
phase21_B_λ4,tcd_tile_1005,Luzon rain forests,SE Asian & Pacific rainforest,,4989,0.3507,162,258,96,162,66,0.3721,0.5926,0.4571,0.8391,0.4635,0.5972
phase21_B_λ4,tcd_tile_1006,Cerrado,Latin American forest,,1227,0.3507,0,0,0,0,0,0.0,0.0,0.0,0.0,0.0,0.0
phase21_B_λ4,tcd_tile_1007,Northern Zanzibar-Inhambane coastal forest mosaic,African tropical forest,,2869,0.3507,188,294,118,176,70,0.4014,0.6277,0.4896,0.7125,0.4567,0.5566
phase21_B_λ4,tcd_tile_1008,Central U.S. hardwood forests,N. American forest,,2872,0.3507,44,70,9,61,35,0.1286,0.2045,0.1579,0.1576,0.3515,0.2176
phase21_B_λ4,tcd_tile_1009,North Central Rockies forests,N. American forest,,576,0.3507,102,512,77,435,25,0.1504,0.7549,0.2508,0.6654,0.3042,0.4175
phase21_B_λ4,tcd_tile_101,Sulawesi lowland rain forests,SE Asian & Pacific rainforest,,4396,0.3507,98,41,19,22,79,0.4634,0.1939,0.2734,0.6247,0.4859,0.5466
phase21_B_λ4,tcd_tile_1010,Willamette Valley forests,N. American forest,,1636,0.3507,30,13,4,9,26,0.3077,0.1333,0.186,0.4142,0.0536,0.095
phase21_B_λ4,tcd_tile_1011,Northern Zanzibar-Inhambane coastal forest mosaic,African tropical forest,,2209,0.3507,129,203,78,125,51,0.3842,0.6047,0.4699,0.6159,0.4044,0.4882
phase21_B_λ4,tcd_tile_1012,Greater Negros-Panay rain forests,SE Asian & Pacific rainforest,,3507,0.3507,140,48,14,34,126,0.2917,0.1,0.1489,0.8663,0.145,0.2485
phase21_B_λ4,tcd_tile_1013,Southern Zanzibar-Inhambane coastal forest mosaic,African tropical forest,,1853,0.3507,133,103,64,39,69,0.6214,0.4812,0.5424,0.8748,0.4419,0.5872
phase21_B_λ4,tcd_tile_1014,Western Guinean lowland forests,African tropical forest,,3016,0.3507,51,30,23,7,28,0.7667,0.451,0.5679,0.7434,0.3329,0.4599
phase21_B_λ4,tcd_tile_1015,Atlantic mixed forests,European forest,,4201,0.3507,25,114,10,104,15,0.0877,0.4,0.1439,0.4154,0.3348,0.3707
phase21_B_λ4,tcd_tile_1016,Nihonkai montane deciduous forests,Other,,4832,0.3507,3,83,2,81,1,0.0241,0.6667,0.0465,0.9951,0.0632,0.1189
phase21_B_λ4,tcd_tile_1017,South Central Rockies forests,Other,,3033,0.3507,113,174,89,85,24,0.5115,0.7876,0.6202,0.6983,0.7447,0.7208
phase21_B_λ4,tcd_tile_1018,Himalayan subtropical pine forests,Other,,5042,0.3507,269,572,102,470,167,0.1783,0.3792,0.2426,0.7851,0.4659,0.5848
phase21_B_λ4,tcd_tile_1019,,Other,,3115,0.3507,0,62,0,62,0,0.0,0.0,0.0,0.0,0.0,0.0
phase21_B_λ4,tcd_tile_102,Rodope montane mixed forests,European forest,,4562,0.3507,47,80,23,57,24,0.2875,0.4894,0.3622,0.7439,0.2996,0.4272
phase21_B_λ4,tcd_tile_1020,Central European mixed forests,European forest,,3976,0.3507,1,6,1,5,0,0.1667,1.0,0.2857,0.743,0.9387,0.8295
phase21_B_λ4,tcd_tile_1021,Northwestern Andean montane forests,Latin American forest,,3230,0.3507,200,115,42,73,158,0.3652,0.21,0.2667,0.4847,0.1609,0.2416
phase21_B_λ4,tcd_tile_1022,Balkan mixed forests,European forest,,1156,0.3507,87,133,55,78,32,0.4135,0.6322,0.5,0.6604,0.4871,0.5607
phase21_B_λ4,tcd_tile_1023,Hispaniolan moist forests,SE Asian & Pacific rainforest,,465,0.3507,0,0,0,0,0,0.0,0.0,0.0,0.0,0.0,0.0
phase21_B_λ4,tcd_tile_1024,Southern Zanzibar-Inhambane coastal forest mosaic,African tropical forest,,2500,0.3507,113,16,15,1,98,0.9375,0.1327,0.2326,0.93,0.3064,0.461
phase21_B_λ4,tcd_tile_1025,Western Java montane rain forests,Other,,1677,0.3507,12,91,7,84,5,0.0769,0.5833,0.1359,0.9996,0.1461,0.255
phase21_B_λ4,tcd_tile_1026,North Island temperate forests,Other,,776,0.3507,6,4,3,1,3,0.75,0.5,0.6,0.9239,0.174,0.2928
phase21_B_λ4,tcd_tile_1027,Changjiang Plain evergreen forests,Other,,2241,0.3507,32,3,0,3,32,0.0,0.0,0.0,0.0,0.0,0.0
phase21_B_λ4,tcd_tile_1028,Central European mixed forests,European forest,,1992,0.3507,88,96,44,52,44,0.4583,0.5,0.4783,0.7206,0.3428,0.4646
phase21_B_λ4,tcd_tile_1029,Southern Great Lakes forests,N. American forest,,4941,0.3507,9,201,7,194,2,0.0348,0.7778,0.0667,0.95,0.3344,0.4947
phase21_B_λ4,tcd_tile_103,Southeastern mixed forests,N. American forest,,833,0.3507,24,20,14,6,10,0.7,0.5833,0.6364,0.7594,0.0786,0.1425
phase21_B_λ4,tcd_tile_1030,Lesser Sundas deciduous forests,SE Asian & Pacific rainforest,,3810,0.3507,47,196,23,173,24,0.1173,0.4894,0.1893,0.7186,0.2717,0.3943
phase21_B_λ4,tcd_tile_1031,Atlantic coastal pine barrens,Other,,2413,0.3507,46,69,15,54,31,0.2174,0.3261,0.2609,0.5363,0.1703,0.2585
phase21_B_λ4,tcd_tile_1032,,Other,,1237,0.3507,7,13,5,8,2,0.3846,0.7143,0.5,0.5522,0.3069,0.3946
phase21_B_λ4,tcd_tile_1033,Sarmatic mixed forests,European forest,,3060,0.3507,38,300,26,274,12,0.0867,0.6842,0.1538,0.9796,0.4722,0.6373
phase21_B_λ4,tcd_tile_1034,Southern Anatolian montane conifer and deciduous forests,Other,,730,0.3507,80,87,40,47,40,0.4598,0.5,0.479,0.8179,0.4401,0.5723
phase21_B_λ4,tcd_tile_1035,Granitic Seychelles forests,Other,,3964,0.3507,1,312,1,311,0,0.0032,1.0,0.0064,0.1561,0.5854,0.2465
phase21_B_λ4,tcd_tile_1036,Central African mangroves,African tropical forest,,615,0.3507,127,358,98,260,29,0.2737,0.7717,0.4041,0.8424,0.5207,0.6436
phase21_B_λ4,tcd_tile_1037,Tigris-Euphrates alluvial salt marsh,Other,,1084,0.3507,25,65,16,49,9,0.2462,0.64,0.3556,0.3312,0.8648,0.479
phase21_B_λ4,tcd_tile_1038,Northeastern coastal forests,N. American forest,,4796,0.3507,41,166,17,149,24,0.1024,0.4146,0.1643,0.7935,0.3577,0.4931
phase21_B_λ4,tcd_tile_1039,Tumbes-Piura dry forests,Other,,1401,0.3507,24,113,7,106,17,0.0619,0.2917,0.1022,0.9899,0.1207,0.2152
phase21_B_λ4,tcd_tile_104,Sarmatic mixed forests,European forest,,2868,0.3507,6,30,3,27,3,0.1,0.5,0.1667,0.9884,0.3785,0.5474
phase21_B_λ4,tcd_tile_1040,Uatuma-Trombetas moist forests,Latin American forest,,2017,0.3507,79,123,32,91,47,0.2602,0.4051,0.3168,0.9118,0.2045,0.3341
phase21_B_λ4,tcd_tile_1041,Alps conifer and mixed forests,European forest,,4862,0.3507,1,35,1,34,0,0.0286,1.0,0.0556,0.994,0.0329,0.0636
phase21_B_λ4,tcd_tile_1042,Northern Congolian forest-savanna mosaic,African tropical forest,,607,0.3507,217,89,63,26,154,0.7079,0.2903,0.4118,0.6687,0.3335,0.445
phase21_B_λ4,tcd_tile_1043,Hispaniolan moist forests,SE Asian & Pacific rainforest,,2111,0.3507,13,57,5,52,8,0.0877,0.3846,0.1429,0.0454,0.3157,0.0795
phase21_B_λ4,tcd_tile_1044,Central European mixed forests,European forest,,2024,0.3507,104,150,53,97,51,0.3533,0.5096,0.4173,0.8408,0.4129,0.5538
phase21_B_λ4,tcd_tile_1045,Upper Midwest forest-savanna transition,N. American forest,,3548,0.3507,33,0,0,0,33,0.0,0.0,0.0,0.0,0.0,0.0
phase21_B_λ4,tcd_tile_1046,Cerrado,Latin American forest,,84,0.3507,136,160,41,119,95,0.2562,0.3015,0.277,0.7943,0.3876,0.521
phase21_B_λ4,tcd_tile_1047,Northern Congolian forest-savanna mosaic,African tropical forest,,43,0.3507,42,36,8,28,34,0.2222,0.1905,0.2051,0.2471,0.4228,0.312
phase21_B_λ4,tcd_tile_1048,Taiwan subtropical evergreen forests,SE Asian & Pacific rainforest,,1408,0.3507,159,145,66,79,93,0.4552,0.4151,0.4342,0.8784,0.4838,0.624
phase21_B_λ4,tcd_tile_1049,Northeastern coastal forests,N. American forest,,206,0.3507,52,119,30,89,22,0.2521,0.5769,0.3509,0.7083,0.4091,0.5186
phase21_B_λ4,tcd_tile_105,Luzon rain forests,SE Asian & Pacific rainforest,,1290,0.3507,3,516,3,513,0,0.0058,1.0,0.0116,0.9961,0.3147,0.4782
phase21_B_λ4,tcd_tile_1050,Northern Zanzibar-Inhambane coastal forest mosaic,African tropical forest,,1422,0.3507,231,277,138,139,93,0.4982,0.5974,0.5433,0.6076,0.499,0.548
phase21_B_λ4,tcd_tile_1051,Eastern Guinean forests,African tropical forest,,4766,0.3507,32,450,17,433,15,0.0378,0.5312,0.0705,0.9834,0.3369,0.5019
phase21_B_λ4,tcd_tile_1052,Pannonian mixed forests,European forest,,4990,0.3507,98,164,50,114,48,0.3049,0.5102,0.3817,0.524,0.4758,0.4987
phase21_B_λ4,tcd_tile_1053,Southern Great Lakes forests,N. American forest,,3689,0.3507,15,20,6,14,9,0.3,0.4,0.3429,0.9437,0.0501,0.0952
phase21_B_λ4,tcd_tile_1054,Hispaniolan moist forests,SE Asian & Pacific rainforest,,4269,0.3507,0,174,0,174,0,0.0,0.0,0.0,0.0,0.0,0.0
phase21_B_λ4,tcd_tile_1055,Rodope montane mixed forests,European forest,,4308,0.3507,56,90,33,57,23,0.3667,0.5893,0.4521,0.7467,0.5927,0.6608
phase21_B_λ4,tcd_tile_1056,Central European mixed forests,European forest,,430,0.3507,46,125,38,87,8,0.304,0.8261,0.4444,0.7398,0.6315,0.6813
phase21_B_λ4,tcd_tile_1057,East European forest steppe,European forest,,98,0.3507,9,309,7,302,2,0.0227,0.7778,0.044,0.9321,0.3418,0.5002
phase21_B_λ4,tcd_tile_1058,Atlantic coastal pine barrens,Other,,2364,0.3507,6,186,1,185,5,0.0054,0.1667,0.0104,0.9768,0.2642,0.4158
phase21_B_λ4,tcd_tile_1059,Balkan mixed forests,European forest,,3775,0.3507,113,96,43,53,70,0.4479,0.3805,0.4115,0.6396,0.5432,0.5875
phase21_B_λ4,tcd_tile_106,Upper Midwest forest-savanna transition,N. American forest,,1833,0.3507,19,57,17,40,2,0.2982,0.8947,0.4474,0.6309,0.643,0.6369
phase21_B_λ4,tcd_tile_1060,Southeastern mixed forests,N. American forest,,4464,0.3507,92,103,36,67,56,0.3495,0.3913,0.3692,0.6927,0.4158,0.5196
phase21_B_λ4,tcd_tile_1061,Southern Atlantic mangroves,Other,,614,0.3507,156,78,39,39,117,0.5,0.25,0.3333,0.6722,0.4721,0.5546
phase21_B_λ4,tcd_tile_1062,Northern Zanzibar-Inhambane coastal forest mosaic,African tropical forest,,3764,0.3507,343,246,237,9,106,0.9634,0.691,0.8048,0.8362,0.7603,0.7964
phase21_B_λ4,tcd_tile_1063,Rodope montane mixed forests,European forest,,5032,0.3507,341,253,148,105,193,0.585,0.434,0.4983,0.7526,0.4075,0.5287
phase21_B_λ4,tcd_tile_1064,Central Zambezian Miombo woodlands,Other,,789,0.3507,268,591,178,413,90,0.3012,0.6642,0.4144,0.7937,0.3504,0.4862
phase21_B_λ4,tcd_tile_1065,Central European mixed forests,European forest,,3639,0.3507,16,79,6,73,10,0.0759,0.375,0.1263,0.7452,0.1233,0.2115
phase21_B_λ4,tcd_tile_1066,Lesser Sundas deciduous forests,SE Asian & Pacific rainforest,,3042,0.3507,175,338,78,260,97,0.2308,0.4457,0.3041,0.82,0.2867,0.4249
phase21_B_λ4,tcd_tile_1067,Upper Midwest forest-savanna transition,N. American forest,,3991,0.3507,31,19,14,5,17,0.7368,0.4516,0.56,0.9201,0.315,0.4693
phase21_B_λ4,tcd_tile_1068,Scandinavian Montane Birch forest and grasslands,Other,,951,0.3507,5,18,1,17,4,0.0556,0.2,0.087,0.3801,0.098,0.1558
phase21_B_λ4,tcd_tile_1069,Northern Zanzibar-Inhambane coastal forest mosaic,African tropical forest,,3502,0.3507,212,74,59,15,153,0.7973,0.2783,0.4126,0.7501,0.3356,0.4637
phase21_B_λ4,tcd_tile_107,Taiwan subtropical evergreen forests,SE Asian & Pacific rainforest,,2527,0.3507,63,97,24,73,39,0.2474,0.381,0.3,0.5934,0.279,0.3796
phase21_B_λ4,tcd_tile_1070,Richmond temperate forests,Other,,3769,0.3507,7,6,4,2,3,0.6667,0.5714,0.6154,0.5666,0.9471,0.7091
phase21_B_λ4,tcd_tile_1071,Central European mixed forests,European forest,,5014,0.3507,166,65,22,43,144,0.3385,0.1325,0.1905,0.6044,0.2868,0.389
phase21_B_λ4,tcd_tile_1072,Atlantic mixed forests,European forest,,3889,0.3507,27,11,9,2,18,0.8182,0.3333,0.4737,0.8908,0.1399,0.2418
phase21_B_λ4,tcd_tile_1073,,Other,,308,0.3507,125,37,24,13,101,0.6486,0.192,0.2963,0.4494,0.3458,0.3909
phase21_B_λ4,tcd_tile_1074,Eastern Guinean forests,African tropical forest,,1993,0.3507,81,16,10,6,71,0.625,0.1235,0.2062,0.6715,0.1613,0.2602
phase21_B_λ4,tcd_tile_1075,Madeira-Tapajós moist forests,Latin American forest,,2406,0.3507,7,208,3,205,4,0.0144,0.4286,0.0279,0.9989,0.3199,0.4846
phase21_B_λ4,tcd_tile_1076,Sierra Nevada forests,N. American forest,,2800,0.3507,3,36,2,34,1,0.0556,0.6667,0.1026,0.847,0.0745,0.137
phase21_B_λ4,tcd_tile_1077,Luzon rain forests,SE Asian & Pacific rainforest,,3604,0.3507,50,195,33,162,17,0.1692,0.66,0.2694,0.8958,0.3704,0.524
phase21_B_λ4,tcd_tile_1078,Bahia coastal forests,Latin American forest,,4643,0.3507,102,127,27,100,75,0.2126,0.2647,0.2358,0.7097,0.113,0.195
phase21_B_λ4,tcd_tile_1079,Caucasus mixed forests,European forest,,3443,0.3507,54,0,0,0,54,0.0,0.0,0.0,0.0,0.0,0.0
phase21_B_λ4,tcd_tile_108,Tongan tropical moist forests,SE Asian & Pacific rainforest,,4466,0.3507,96,20,8,12,88,0.4,0.0833,0.1379,0.29,0.072,0.1154
phase21_B_λ4,tcd_tile_1080,Upper Midwest forest-savanna transition,N. American forest,,1674,0.3507,31,75,19,56,12,0.2533,0.6129,0.3585,0.8659,0.3215,0.4689
phase21_B_λ4,tcd_tile_1081,Sumatran lowland rain forests,SE Asian & Pacific rainforest,,3153,0.3507,544,207,158,49,386,0.7633,0.2904,0.4208,0.7203,0.2359,0.3555
phase21_B_λ4,tcd_tile_1082,Timor and Wetar deciduous forests,SE Asian & Pacific rainforest,,845,0.3507,109,38,21,17,88,0.5526,0.1927,0.2857,0.7228,0.4025,0.5171
phase21_B_λ4,tcd_tile_1083,Huang He Plain mixed forests,Other,,3272,0.3507,222,157,81,76,141,0.5159,0.3649,0.4274,0.5454,0.451,0.4937
phase21_B_λ4,tcd_tile_1084,Central African mangroves,African tropical forest,,4711,0.3507,0,78,0,78,0,0.0,0.0,0.0,0.0,0.0,0.0
phase21_B_λ4,tcd_tile_1085,Himalayan subtropical broadleaf forests,Other,,5029,0.3507,145,157,69,88,76,0.4395,0.4759,0.457,0.5312,0.5984,0.5628
phase21_B_λ4,tcd_tile_1086,Tongan tropical moist forests,SE Asian & Pacific rainforest,,569,0.3507,170,159,62,97,108,0.3899,0.3647,0.3769,0.5229,0.2985,0.3801
phase21_B_λ4,tcd_tile_1087,Southeastern mixed forests,N. American forest,,2349,0.3507,22,3,1,2,21,0.3333,0.0455,0.08,0.4589,0.042,0.077
phase21_B_λ4,tcd_tile_1088,Sierra Nevada forests,N. American forest,,2282,0.3507,153,294,123,171,30,0.4184,0.8039,0.5503,0.7054,0.6465,0.6747
phase21_B_λ4,tcd_tile_1089,Ecuadorian dry forests,Other,,435,0.3507,29,42,19,23,10,0.4524,0.6552,0.5352,0.6555,0.1077,0.185
phase21_B_λ4,tcd_tile_109,Celtic broadleaf forests,European forest,,4770,0.3507,20,38,7,31,13,0.1842,0.35,0.2414,0.2564,0.7328,0.3798
phase21_B_λ4,tcd_tile_1090,Sarmatic mixed forests,European forest,,1590,0.3507,4,264,1,263,3,0.0038,0.25,0.0075,0.99,0.3985,0.5682
phase21_B_λ4,tcd_tile_1091,Atlantic mixed forests,European forest,,865,0.3507,44,26,9,17,35,0.3462,0.2045,0.2571,0.6619,0.2551,0.3682
phase21_B_λ4,tcd_tile_1092,Northern Zanzibar-Inhambane coastal forest mosaic,African tropical forest,,3784,0.3507,9,10,4,6,5,0.4,0.4444,0.4211,0.3165,0.669,0.4297
phase21_B_λ4,tcd_tile_1093,Sulawesi lowland rain forests,SE Asian & Pacific rainforest,,4838,0.3507,208,172,60,112,148,0.3488,0.2885,0.3158,0.5901,0.2554,0.3565
phase21_B_λ4,tcd_tile_1094,Sarmatic mixed forests,European forest,,1863,0.3507,59,110,27,83,32,0.2455,0.4576,0.3195,0.7376,0.4182,0.5338
phase21_B_λ4,tcd_tile_1095,Taiheiyo evergreen forests,Other,,3418,0.3507,2,17,1,16,1,0.0588,0.5,0.1053,0.845,0.086,0.1561
phase21_B_λ4,tcd_tile_1096,Northern Zanzibar-Inhambane coastal forest mosaic,African tropical forest,,3546,0.3507,190,26,22,4,168,0.8462,0.1158,0.2037,0.7906,0.1239,0.2142
phase21_B_λ4,tcd_tile_1097,Northern Zanzibar-Inhambane coastal forest mosaic,African tropical forest,,3447,0.3507,359,449,283,166,76,0.6303,0.7883,0.7005,0.7545,0.6527,0.6999
phase21_B_λ4,tcd_tile_1098,Caucasus mixed forests,European forest,,924,0.3507,119,130,63,67,56,0.4846,0.5294,0.506,0.9499,0.3898,0.5528
phase21_B_λ4,tcd_tile_1099,Southern Great Lakes forests,N. American forest,,2997,0.3507,17,30,5,25,12,0.1667,0.2941,0.2128,0.8431,0.0418,0.0797
phase21_B_λ4,tcd_tile_11,Low Monte,Arid / dryland,,573,0.3507,302,210,136,74,166,0.6476,0.4503,0.5313,0.8652,0.548,0.671
phase21_B_λ4,tcd_tile_1100,Southeastern mixed forests,N. American forest,,55,0.3507,53,31,20,11,33,0.6452,0.3774,0.4762,0.7744,0.2217,0.3447
phase21_B_λ4,tcd_tile_1101,Irrawaddy moist deciduous forests,Other,,231,0.3507,31,26,18,8,13,0.6923,0.5806,0.6316,0.8275,0.2597,0.3953
phase21_B_λ4,tcd_tile_1102,Lesser Sundas deciduous forests,SE Asian & Pacific rainforest,,2116,0.3507,7,364,6,358,1,0.0165,0.8571,0.0323,0.9397,0.2021,0.3327
phase21_B_λ4,tcd_tile_1103,Central Indochina dry forests,Other,,4831,0.3507,199,272,126,146,73,0.4632,0.6332,0.535,0.864,0.2817,0.4248
phase21_B_λ4,tcd_tile_1104,Northern Zanzibar-Inhambane coastal forest mosaic,African tropical forest,,3454,0.3507,88,185,69,116,19,0.373,0.7841,0.5055,0.7895,0.1411,0.2394
phase21_B_λ4,tcd_tile_1105,Petén-Veracruz moist forests,Latin American forest,,1438,0.3507,88,97,39,58,49,0.4021,0.4432,0.4216,0.7879,0.2929,0.427
phase21_B_λ4,tcd_tile_1106,Palawan rain forests,SE Asian & Pacific rainforest,,4277,0.3507,47,629,26,603,21,0.0413,0.5532,0.0769,0.9653,0.5125,0.6695
phase21_B_λ4,tcd_tile_1107,Mesopotamian shrub desert,Other,,914,0.3507,89,313,77,236,12,0.246,0.8652,0.3831,0.8251,0.573,0.6763
phase21_B_λ4,tcd_tile_1108,Changjiang Plain evergreen forests,Other,,2162,0.3507,38,33,11,22,27,0.3333,0.2895,0.3099,0.9311,0.0879,0.1606
phase21_B_λ4,tcd_tile_1109,Timor and Wetar deciduous forests,SE Asian & Pacific rainforest,,1044,0.3507,101,150,52,98,49,0.3467,0.5149,0.4143,0.5164,0.644,0.5732
phase21_B_λ4,tcd_tile_1110,Southeastern mixed forests,N. American forest,,4443,0.3507,58,48,27,21,31,0.5625,0.4655,0.5094,0.9022,0.3339,0.4875
phase21_B_λ4,tcd_tile_1111,Carpathian montane forests,Other,,2656,0.3507,15,191,7,184,8,0.0366,0.4667,0.068,0.9937,0.5095,0.6736
phase21_B_λ4,tcd_tile_1112,Sierra Nevada forests,N. American forest,,246,0.3507,86,79,51,28,35,0.6456,0.593,0.6182,0.7288,0.8161,0.77
phase21_B_λ4,tcd_tile_1113,Luzon rain forests,SE Asian & Pacific rainforest,,1345,0.3507,144,44,31,13,113,0.7045,0.2153,0.3298,0.7252,0.1411,0.2363
phase21_B_λ4,tcd_tile_1114,Cerrado,Latin American forest,,716,0.3507,1,62,1,61,0,0.0161,1.0,0.0317,1.0,0.0844,0.1556
phase21_B_λ4,tcd_tile_1115,North Central Rockies forests,N. American forest,,3732,0.3507,1,354,1,353,0,0.0028,1.0,0.0056,0.9154,0.3454,0.5016
phase21_B_λ4,tcd_tile_1116,Hispaniolan moist forests,SE Asian & Pacific rainforest,,4833,0.3507,190,196,44,152,146,0.2245,0.2316,0.228,0.2316,0.5825,0.3315
phase21_B_λ4,tcd_tile_1117,,Other,,3878,0.3507,150,173,69,104,81,0.3988,0.46,0.4272,0.7541,0.3161,0.4454
phase21_B_λ4,tcd_tile_1118,Balkan mixed forests,European forest,,3019,0.3507,76,68,43,25,33,0.6324,0.5658,0.5972,0.9634,0.4613,0.6239
phase21_B_λ4,tcd_tile_1119,Southern Zanzibar-Inhambane coastal forest mosaic,African tropical forest,,803,0.3507,9,279,9,270,0,0.0323,1.0,0.0625,0.9445,0.4357,0.5963
phase21_B_λ4,tcd_tile_112,Northern Zanzibar-Inhambane coastal forest mosaic,African tropical forest,,4203,0.3507,296,614,152,462,144,0.2476,0.5135,0.3341,0.8357,0.6047,0.7017
phase21_B_λ4,tcd_tile_1120,Upper Midwest forest-savanna transition,N. American forest,,2740,0.3507,30,84,25,59,5,0.2976,0.8333,0.4386,0.6496,0.34,0.4463
phase21_B_λ4,tcd_tile_1121,Sumatran lowland rain forests,SE Asian & Pacific rainforest,,2571,0.3507,123,202,59,143,64,0.2921,0.4797,0.3631,0.876,0.3521,0.5023
phase21_B_λ4,tcd_tile_1122,Sierra Nevada forests,N. American forest,,2457,0.3507,0,3,0,3,0,0.0,0.0,0.0,0.0,0.0,0.0
phase21_B_λ4,tcd_tile_1123,Sarmatic mixed forests,European forest,,3894,0.3507,3,18,0,18,3,0.0,0.0,0.0,0.1139,0.7533,0.1979
phase21_B_λ4,tcd_tile_1124,Northern Zanzibar-Inhambane coastal forest mosaic,African tropical forest,,498,0.3507,141,196,77,119,64,0.3929,0.5461,0.457,0.7206,0.487,0.5812
phase21_B_λ4,tcd_tile_1125,Northern Zanzibar-Inhambane coastal forest mosaic,African tropical forest,,3361,0.3507,37,61,15,46,22,0.2459,0.4054,0.3061,0.9148,0.1251,0.2201
phase21_B_λ4,tcd_tile_1126,Southeastern mixed forests,N. American forest,,3012,0.3507,36,2,0,2,36,0.0,0.0,0.0,0.0,0.0,0.0
phase21_B_λ4,tcd_tile_1127,Araucaria moist forests,Other,,1003,0.3507,175,98,49,49,126,0.5,0.28,0.359,0.6851,0.3845,0.4926
phase21_B_λ4,tcd_tile_1128,Western Java montane rain forests,Other,,3196,0.3507,8,65,2,63,6,0.0308,0.25,0.0548,0.9609,0.1212,0.2153
phase21_B_λ4,tcd_tile_1129,Changjiang Plain evergreen forests,Other,,4392,0.3507,77,136,54,82,23,0.3971,0.7013,0.507,0.9375,0.4443,0.6029
phase21_B_λ4,tcd_tile_113,East European forest steppe,European forest,,1897,0.3507,48,150,28,122,20,0.1867,0.5833,0.2828,0.4835,0.111,0.1805
phase21_B_λ4,tcd_tile_1130,Balkan mixed forests,European forest,,1818,0.3507,12,415,8,407,4,0.0193,0.6667,0.0375,0.9799,0.3602,0.5268
phase21_B_λ4,tcd_tile_1131,Sarmatic mixed forests,European forest,,3340,0.3507,100,240,36,204,64,0.15,0.36,0.2118,0.9492,0.3965,0.5594
phase21_B_λ4,tcd_tile_1132,Northern Zanzibar-Inhambane coastal forest mosaic,African tropical forest,,2538,0.3507,17,370,14,356,3,0.0378,0.8235,0.0724,0.9663,0.4128,0.5785
phase21_B_λ4,tcd_tile_1133,Northern Zanzibar-Inhambane coastal forest mosaic,African tropical forest,,4239,0.3507,273,589,208,381,65,0.3531,0.7619,0.4826,0.8649,0.5743,0.6903
phase21_B_λ4,tcd_tile_1134,Sulawesi lowland rain forests,SE Asian & Pacific rainforest,,1183,0.3507,62,24,9,15,53,0.375,0.1452,0.2093,0.5496,0.2382,0.3324
phase21_B_λ4,tcd_tile_1135,Luzon rain forests,SE Asian & Pacific rainforest,,3633,0.3507,17,174,5,169,12,0.0287,0.2941,0.0524,0.9705,0.1725,0.2929
phase21_B_λ4,tcd_tile_1136,East European forest steppe,European forest,,110,0.3507,0,11,0,11,0,0.0,0.0,0.0,0.0,0.0,0.0
phase21_B_λ4,tcd_tile_1137,Baltic mixed forests,European forest,,3747,0.3507,63,137,41,96,22,0.2993,0.6508,0.41,0.8007,0.4438,0.5711
phase21_B_λ4,tcd_tile_1138,Atlantic mixed forests,European forest,,3841,0.3507,15,59,1,58,14,0.0169,0.0667,0.027,0.0109,0.1154,0.02
phase21_B_λ4,tcd_tile_1139,North Island temperate forests,Other,,17,0.3507,13,11,6,5,7,0.5455,0.4615,0.5,0.8774,0.0575,0.108
phase21_B_λ4,tcd_tile_114,Central European mixed forests,European forest,,3112,0.3507,81,82,45,37,36,0.5488,0.5556,0.5521,0.7292,0.3747,0.4951
phase21_B_λ4,tcd_tile_1140,Central Indochina dry forests,Other,,4781,0.3507,179,171,76,95,103,0.4444,0.4246,0.4343,0.8137,0.6627,0.7305
phase21_B_λ4,tcd_tile_1141,Himalayan subtropical broadleaf forests,Other,,4734,0.3507,116,140,58,82,58,0.4143,0.5,0.4531,0.8437,0.3585,0.5032
phase21_B_λ4,tcd_tile_1142,Central European mixed forests,European forest,,2456,0.3507,33,144,23,121,10,0.1597,0.697,0.2599,0.9296,0.4011,0.5604
phase21_B_λ4,tcd_tile_1143,Sierra Nevada forests,N. American forest,,3602,0.3507,75,17,10,7,65,0.5882,0.1333,0.2174,0.56,0.1737,0.2652
phase21_B_λ4,tcd_tile_1144,Eastern Guinean forests,African tropical forest,,1522,0.3507,45,11,2,9,43,0.1818,0.0444,0.0714,0.8715,0.0231,0.0451
phase21_B_λ4,tcd_tile_1145,Cerrado,Latin American forest,,622,0.3507,0,3,0,3,0,0.0,0.0,0.0,0.0,0.0,0.0
phase21_B_λ4,tcd_tile_1146,Northeastern coastal forests,N. American forest,,700,0.3507,59,113,27,86,32,0.2389,0.4576,0.314,0.6272,0.711,0.6664
phase21_B_λ4,tcd_tile_1147,Sarmatic mixed forests,European forest,,4250,0.3507,5,97,4,93,1,0.0412,0.8,0.0784,0.9043,0.2976,0.4478
phase21_B_λ4,tcd_tile_1148,,Other,,3561,0.3507,178,278,108,170,70,0.3885,0.6067,0.4737,0.7957,0.4228,0.5522
phase21_B_λ4,tcd_tile_1149,Sarmatic mixed forests,European forest,,2829,0.3507,6,66,2,64,4,0.0303,0.3333,0.0556,0.8107,0.3776,0.5152
phase21_B_λ4,tcd_tile_115,Northern Zanzibar-Inhambane coastal forest mosaic,African tropical forest,,1978,0.3507,228,133,84,49,144,0.6316,0.3684,0.4654,0.6976,0.3583,0.4735
phase21_B_λ4,tcd_tile_1150,,Other,,113,0.3507,64,62,2,60,62,0.0323,0.0312,0.0317,0.3922,0.0687,0.1169
phase21_B_λ4,tcd_tile_1151,,Other,,3487,0.3507,5,92,3,89,2,0.0326,0.6,0.0619,0.0901,0.3812,0.1458
phase21_B_λ4,tcd_tile_1152,North Central Rockies forests,N. American forest,,2032,0.3507,0,0,0,0,0,0.0,0.0,0.0,0.0,0.0,0.0
phase21_B_λ4,tcd_tile_1153,Sarmatic mixed forests,European forest,,4759,0.3507,21,56,2,54,19,0.0357,0.0952,0.0519,0.0485,0.0711,0.0577
phase21_B_λ4,tcd_tile_1154,Central European mixed forests,European forest,,2979,0.3507,46,71,24,47,22,0.338,0.5217,0.4103,0.5929,0.6161,0.6043
phase21_B_λ4,tcd_tile_1155,Atlantic mixed forests,European forest,,96,0.3507,3,608,3,605,0,0.0049,1.0,0.0098,0.9876,0.374,0.5425
phase21_B_λ4,tcd_tile_1156,Western European broadleaf forests,European forest,,2851,0.3507,1,6,1,5,0,0.1667,1.0,0.2857,0.8734,0.054,0.1016
phase21_B_λ4,tcd_tile_1157,Bajío dry forests,Other,,2070,0.3507,132,138,53,85,79,0.3841,0.4015,0.3926,0.477,0.5579,0.5143
phase21_B_λ4,tcd_tile_1158,Celtic broadleaf forests,European forest,,4795,0.3507,0,3,0,3,0,0.0,0.0,0.0,0.0,0.0,0.0
phase21_B_λ4,tcd_tile_1159,Upper Midwest forest-savanna transition,N. American forest,,3503,0.3507,29,112,16,96,13,0.1429,0.5517,0.227,0.8596,0.5523,0.6725
phase21_B_λ4,tcd_tile_1160,Changjiang Plain evergreen forests,Other,,1269,0.3507,117,134,62,72,55,0.4627,0.5299,0.494,0.7077,0.2116,0.3258
phase21_B_λ4,tcd_tile_1161,Northern Zanzibar-Inhambane coastal forest mosaic,African tropical forest,,3631,0.3507,155,100,59,41,96,0.59,0.3806,0.4627,0.8079,0.1679,0.278
phase21_B_λ4,tcd_tile_1162,Southeastern mixed forests,N. American forest,,4606,0.3507,66,168,37,131,29,0.2202,0.5606,0.3162,0.8883,0.3196,0.47
phase21_B_λ4,tcd_tile_1163,Balkan mixed forests,European forest,,212,0.3507,47,305,29,276,18,0.0951,0.617,0.1648,0.8634,0.3894,0.5367
phase21_B_λ4,tcd_tile_1164,Northern Zanzibar-Inhambane coastal forest mosaic,African tropical forest,,635,0.3507,35,19,12,7,23,0.6316,0.3429,0.4444,0.8509,0.4788,0.6128
phase21_B_λ4,tcd_tile_1165,Pontic steppe,Other,,38,0.3507,95,114,43,71,52,0.3772,0.4526,0.4115,0.7572,0.6792,0.7161
phase21_B_λ4,tcd_tile_1166,Northern Zanzibar-Inhambane coastal forest mosaic,African tropical forest,,1179,0.3507,243,479,160,319,83,0.334,0.6584,0.4432,0.7367,0.428,0.5414
phase21_B_λ4,tcd_tile_1167,English Lowlands beech forests,European forest,,3464,0.3507,1,68,1,67,0,0.0147,1.0,0.029,0.9683,0.1418,0.2473
phase21_B_λ4,tcd_tile_1168,Northern Anatolian conifer and deciduous forests,Other,,1464,0.3507,69,123,9,114,60,0.0732,0.1304,0.0938,0.8135,0.1079,0.1906
phase21_B_λ4,tcd_tile_1169,Eastern forest-boreal transition,Other,,2533,0.3507,65,289,22,267,43,0.0761,0.3385,0.1243,0.8838,0.5257,0.6593
phase21_B_λ4,tcd_tile_117,Northern Zanzibar-Inhambane coastal forest mosaic,African tropical forest,,1728,0.3507,193,87,69,18,124,0.7931,0.3575,0.4929,0.7528,0.2787,0.4068
phase21_B_λ4,tcd_tile_1170,Tongan tropical moist forests,SE Asian & Pacific rainforest,,4806,0.3507,90,126,12,114,78,0.0952,0.1333,0.1111,0.8407,0.1662,0.2776
phase21_B_λ4,tcd_tile_1171,Hispaniolan moist forests,SE Asian & Pacific rainforest,,5034,0.3507,94,134,24,110,70,0.1791,0.2553,0.2105,0.1664,0.6122,0.2617
phase21_B_λ4,tcd_tile_1172,Petén-Veracruz moist forests,Latin American forest,,1780,0.3507,97,196,51,145,46,0.2602,0.5258,0.3481,0.9162,0.2719,0.4194
phase21_B_λ4,tcd_tile_1173,Central European mixed forests,European forest,,1711,0.3507,1,0,0,0,1,0.0,0.0,0.0,0.0,0.0,0.0
phase21_B_λ4,tcd_tile_1174,Taiheiyo evergreen forests,Other,,2196,0.3507,145,149,36,113,109,0.2416,0.2483,0.2449,0.6328,0.2627,0.3712
phase21_B_λ4,tcd_tile_1175,Luzon rain forests,SE Asian & Pacific rainforest,,697,0.3507,4,215,4,211,0,0.0186,1.0,0.0365,0.8978,0.1628,0.2756
phase21_B_λ4,tcd_tile_1176,Northern Zanzibar-Inhambane coastal forest mosaic,African tropical forest,,2368,0.3507,67,48,37,11,30,0.7708,0.5522,0.6435,0.8417,0.3634,0.5077
phase21_B_λ4,tcd_tile_1177,Celtic broadleaf forests,European forest,,1596,0.3507,3,17,2,15,1,0.1176,0.6667,0.2,0.0971,0.2645,0.142
phase21_B_λ4,tcd_tile_1178,Central Indochina dry forests,Other,,1637,0.3507,1,364,1,363,0,0.0027,1.0,0.0055,0.9967,0.4804,0.6483
phase21_B_λ4,tcd_tile_1179,Bahia coastal forests,Latin American forest,,922,0.3507,5,39,2,37,3,0.0513,0.4,0.0909,0.944,0.293,0.4472
phase21_B_λ4,tcd_tile_118,Northern Zanzibar-Inhambane coastal forest mosaic,African tropical forest,,1145,0.3507,93,280,70,210,23,0.25,0.7527,0.3753,0.7965,0.5091,0.6212
phase21_B_λ4,tcd_tile_1180,Madeira-Tapajós moist forests,Latin American forest,,3821,0.3507,24,400,14,386,10,0.035,0.5833,0.066,0.9295,0.2674,0.4154
phase21_B_λ4,tcd_tile_1181,Maputaland coastal forest mosaic,African tropical forest,,2575,0.3507,3,5,0,5,3,0.0,0.0,0.0,0.0,0.0,0.0
phase21_B_λ4,tcd_tile_1182,Northeastern coastal forests,N. American forest,,2489,0.3507,2,6,1,5,1,0.1667,0.5,0.25,0.224,0.3405,0.2702
phase21_B_λ4,tcd_tile_1183,Central American pine-oak forests,Other,,1796,0.3507,222,68,45,23,177,0.6618,0.2027,0.3103,0.6368,0.3366,0.4404
phase21_B_λ4,tcd_tile_1184,Bahamian pine mosaic,Other,,4289,0.3507,2,16,1,15,1,0.0625,0.5,0.1111,0.2417,0.0119,0.0226
phase21_B_λ4,tcd_tile_1185,East European forest steppe,European forest,,591,0.3507,73,128,43,85,30,0.3359,0.589,0.4279,0.6339,0.6248,0.6293
phase21_B_λ4,tcd_tile_1186,Western European broadleaf forests,European forest,,1870,0.3507,34,13,10,3,24,0.7692,0.2941,0.4255,0.8813,0.2435,0.3816
phase21_B_λ4,tcd_tile_1187,Northeastern coastal forests,N. American forest,,1918,0.3507,75,71,35,36,40,0.493,0.4667,0.4795,0.9151,0.2448,0.3863
phase21_B_λ4,tcd_tile_1188,Bahia coastal forests,Latin American forest,,4221,0.3507,171,153,47,106,124,0.3072,0.2749,0.2901,0.6871,0.2785,0.3963
phase21_B_λ4,tcd_tile_1189,Eastern forest-boreal transition,Other,,3879,0.3507,4,116,3,113,1,0.0259,0.75,0.05,0.9666,0.3832,0.5488
phase21_B_λ4,tcd_tile_1190,Northern Zanzibar-Inhambane coastal forest mosaic,African tropical forest,,1485,0.3507,137,194,74,120,63,0.3814,0.5401,0.4471,0.8332,0.443,0.5785
phase21_B_λ4,tcd_tile_1191,Eastern forest-boreal transition,Other,,2007,0.3507,5,980,3,977,2,0.0031,0.6,0.0061,0.9718,0.4862,0.6481
phase21_B_λ4,tcd_tile_1192,Northern Zanzibar-Inhambane coastal forest mosaic,African tropical forest,,2152,0.3507,97,111,24,87,73,0.2162,0.2474,0.2308,0.6759,0.1469,0.2413
phase21_B_λ4,tcd_tile_1193,Northern Zanzibar-Inhambane coastal forest mosaic,African tropical forest,,1272,0.3507,124,160,58,102,66,0.3625,0.4677,0.4085,0.9224,0.1947,0.3215
phase21_B_λ4,tcd_tile_1194,Sierra Nevada forests,N. American forest,,145,0.3507,128,126,88,38,40,0.6984,0.6875,0.6929,0.7393,0.672,0.704
phase21_B_λ4,tcd_tile_1195,Northern Zanzibar-Inhambane coastal forest mosaic,African tropical forest,,4745,0.3507,307,223,209,14,98,0.9372,0.6808,0.7887,0.9249,0.5234,0.6685
phase21_B_λ4,tcd_tile_1196,Eastern Java-Bali rain forests,SE Asian & Pacific rainforest,,4992,0.3507,0,78,0,78,0,0.0,0.0,0.0,0.0,0.0,0.0
phase21_B_λ4,tcd_tile_1197,Northern Zanzibar-Inhambane coastal forest mosaic,African tropical forest,,2696,0.3507,10,184,5,179,5,0.0272,0.5,0.0515,0.9107,0.3918,0.5479
phase21_B_λ4,tcd_tile_1198,Hispaniolan moist forests,SE Asian & Pacific rainforest,,4312,0.3507,0,117,0,117,0,0.0,0.0,0.0,0.0,0.0,0.0
phase21_B_λ4,tcd_tile_1199,Sarmatic mixed forests,European forest,,2466,0.3507,16,430,12,418,4,0.0279,0.75,0.0538,0.9866,0.4802,0.646
phase21_B_λ4,tcd_tile_12,Sechura desert,Arid / dryland,,152,0.3507,52,10,4,6,48,0.4,0.0769,0.129,0.6944,0.0281,0.054
phase21_B_λ4,tcd_tile_120,Caucasus mixed forests,European forest,,33,0.3507,81,56,25,31,56,0.4464,0.3086,0.365,0.9614,0.0858,0.1575
phase21_B_λ4,tcd_tile_1200,Northern Congolian forest-savanna mosaic,African tropical forest,,787,0.3507,70,62,41,21,29,0.6613,0.5857,0.6212,0.3688,0.6855,0.4796
phase21_B_λ4,tcd_tile_1201,Celtic broadleaf forests,European forest,,1508,0.3507,7,1,1,0,6,1.0,0.1429,0.25,0.9809,0.0296,0.0575
phase21_B_λ4,tcd_tile_1202,Madeira-Tapajós moist forests,Latin American forest,,1328,0.3507,1,1064,1,1063,0,0.0009,1.0,0.0019,0.9987,0.4964,0.6632
phase21_B_λ4,tcd_tile_1203,Mesopotamian shrub desert,Other,,243,0.3507,402,524,352,172,50,0.6718,0.8756,0.7603,0.8614,0.8142,0.8371
phase21_B_λ4,tcd_tile_1204,California coastal sage and chaparral,Other,,321,0.3507,125,100,49,51,76,0.49,0.392,0.4356,0.5606,0.6021,0.5806
phase21_B_λ4,tcd_tile_1205,,Other,,2582,0.3507,11,37,6,31,5,0.1622,0.5455,0.25,0.9292,0.0767,0.1417
phase21_B_λ4,tcd_tile_1206,Northern Anatolian conifer and deciduous forests,Other,,2717,0.3507,269,209,124,85,145,0.5933,0.461,0.5188,0.5362,0.3712,0.4387
phase21_B_λ4,tcd_tile_1207,Sierra Nevada forests,N. American forest,,4863,0.3507,100,78,55,23,45,0.7051,0.55,0.618,0.8838,0.5718,0.6944
phase21_B_λ4,tcd_tile_1208,Caucasus mixed forests,European forest,,4153,0.3507,1,1,1,0,0,1.0,1.0,1.0,1.0,0.0032,0.0064
phase21_B_λ4,tcd_tile_1209,Madeira-Tapajós moist forests,Latin American forest,,3920,0.3507,13,584,1,583,12,0.0017,0.0769,0.0034,0.991,0.4181,0.5881
phase21_B_λ4,tcd_tile_121,Northern Zanzibar-Inhambane coastal forest mosaic,African tropical forest,,3674,0.3507,131,287,74,213,57,0.2578,0.5649,0.3541,0.7274,0.4552,0.56
phase21_B_λ4,tcd_tile_1210,Northern Zanzibar-Inhambane coastal forest mosaic,African tropical forest,,247,0.3507,206,10,7,3,199,0.7,0.034,0.0648,0.6364,0.0372,0.0703
phase21_B_λ4,tcd_tile_1211,Changjiang Plain evergreen forests,Other,,1483,0.3507,58,51,29,22,29,0.5686,0.5,0.5321,0.8279,0.2243,0.353
phase21_B_λ4,tcd_tile_1212,Mato Grosso seasonal forests,Latin American forest,,1585,0.3507,50,55,11,44,39,0.2,0.22,0.2095,0.8625,0.2664,0.4071
phase21_B_λ4,tcd_tile_1213,Northern Zanzibar-Inhambane coastal forest mosaic,African tropical forest,,4042,0.3507,253,381,159,222,94,0.4173,0.6285,0.5016,0.8516,0.3988,0.5432
phase21_B_λ4,tcd_tile_1214,,Other,,3215,0.3507,115,177,54,123,61,0.3051,0.4696,0.3699,0.8336,0.3906,0.5319
phase21_B_λ4,tcd_tile_1215,Northern Zanzibar-Inhambane coastal forest mosaic,African tropical forest,,1138,0.3507,195,291,81,210,114,0.2784,0.4154,0.3333,0.8337,0.3032,0.4446
phase21_B_λ4,tcd_tile_1216,Southeastern mixed forests,N. American forest,,2827,0.3507,13,7,3,4,10,0.4286,0.2308,0.3,0.8528,0.0122,0.024
phase21_B_λ4,tcd_tile_1217,Baltic mixed forests,European forest,,3950,0.3507,110,33,17,16,93,0.5152,0.1545,0.2378,0.645,0.236,0.3456
phase21_B_λ4,tcd_tile_1218,,Other,,277,0.3507,67,73,30,43,37,0.411,0.4478,0.4286,0.4841,0.3179,0.3838
phase21_B_λ4,tcd_tile_1219,Yucatán moist forests,Other,,205,0.3507,133,125,33,92,100,0.264,0.2481,0.2558,0.7074,0.2627,0.3831
phase21_B_λ4,tcd_tile_122,Southern Zanzibar-Inhambane coastal forest mosaic,African tropical forest,,5008,0.3507,186,106,74,32,112,0.6981,0.3978,0.5068,0.7991,0.6548,0.7198
phase21_B_λ4,tcd_tile_1220,Northern Zanzibar-Inhambane coastal forest mosaic,African tropical forest,,1721,0.3507,188,149,101,48,87,0.6779,0.5372,0.5994,0.7561,0.5143,0.6122
phase21_B_λ4,tcd_tile_1221,Northern Zanzibar-Inhambane coastal forest mosaic,African tropical forest,,452,0.3507,58,89,33,56,25,0.3708,0.569,0.449,0.7084,0.644,0.6747
phase21_B_λ4,tcd_tile_1222,Araucaria moist forests,Other,,858,0.3507,233,188,94,94,139,0.5,0.4034,0.4466,0.6898,0.3119,0.4295
phase21_B_λ4,tcd_tile_1223,Upper Midwest forest-savanna transition,N. American forest,,1565,0.3507,47,72,22,50,25,0.3056,0.4681,0.3697,0.9538,0.3655,0.5285
phase21_B_λ4,tcd_tile_1224,Southern Zanzibar-Inhambane coastal forest mosaic,African tropical forest,,3001,0.3507,19,8,2,6,17,0.25,0.1053,0.1481,0.1514,0.0981,0.1191
phase21_B_λ4,tcd_tile_1225,Balkan mixed forests,European forest,,1060,0.3507,51,92,24,68,27,0.2609,0.4706,0.3357,0.5668,0.3816,0.4561
phase21_B_λ4,tcd_tile_1226,Eastern Java-Bali rain forests,SE Asian & Pacific rainforest,,4301,0.3507,31,92,6,86,25,0.0652,0.1935,0.0976,0.9353,0.1214,0.2148
phase21_B_λ4,tcd_tile_1227,Luzon rain forests,SE Asian & Pacific rainforest,,4572,0.3507,127,194,82,112,45,0.4227,0.6457,0.5109,0.8216,0.4791,0.6052
phase21_B_λ4,tcd_tile_1228,Crimean Submediterranean forest complex,Other,,3725,0.3507,96,116,46,70,50,0.3966,0.4792,0.434,0.7465,0.4643,0.5725
phase21_B_λ4,tcd_tile_1229,Southern Zanzibar-Inhambane coastal forest mosaic,African tropical forest,,3608,0.3507,45,12,10,2,35,0.8333,0.2222,0.3509,0.866,0.3893,0.5371
phase21_B_λ4,tcd_tile_1230,Upper Midwest forest-savanna transition,N. American forest,,3860,0.3507,0,18,0,18,0,0.0,0.0,0.0,0.0,0.0,0.0
phase21_B_λ4,tcd_tile_1231,California interior chaparral and woodlands,Other,,263,0.3507,120,165,48,117,72,0.2909,0.4,0.3368,0.6654,0.6857,0.6754
phase21_B_λ4,tcd_tile_1232,Northern Zanzibar-Inhambane coastal forest mosaic,African tropical forest,,3185,0.3507,331,270,193,77,138,0.7148,0.5831,0.6423,0.7951,0.4429,0.5689
phase21_B_λ4,tcd_tile_1233,Northern Zanzibar-Inhambane coastal forest mosaic,African tropical forest,,3588,0.3507,223,270,98,172,125,0.363,0.4395,0.3976,0.7109,0.355,0.4735
phase21_B_λ4,tcd_tile_1234,Madeira-Tapajós moist forests,Latin American forest,,261,0.3507,1,646,1,645,0,0.0015,1.0,0.0031,0.9998,0.4689,0.6384
phase21_B_λ4,tcd_tile_1235,East African montane forests,African tropical forest,,3907,0.3507,79,90,20,70,59,0.2222,0.2532,0.2367,0.876,0.1783,0.2963
phase21_B_λ4,tcd_tile_1236,Sarmatic mixed forests,European forest,,838,0.3507,1,66,1,65,0,0.0152,1.0,0.0299,0.9997,0.0511,0.0972
phase21_B_λ4,tcd_tile_1237,Nihonkai montane deciduous forests,Other,,4822,0.3507,44,47,15,32,29,0.3191,0.3409,0.3297,0.8309,0.0464,0.0879
phase21_B_λ4,tcd_tile_1238,Northern Zanzibar-Inhambane coastal forest mosaic,African tropical forest,,1831,0.3507,209,151,115,36,94,0.7616,0.5502,0.6389,0.7359,0.4117,0.528
phase21_B_λ4,tcd_tile_1239,North Central Rockies forests,N. American forest,,3880,0.3507,9,564,6,558,3,0.0106,0.6667,0.0209,0.993,0.3808,0.5504
phase21_B_λ4,tcd_tile_124,Southern Zanzibar-Inhambane coastal forest mosaic,African tropical forest,,4433,0.3507,141,135,52,83,89,0.3852,0.3688,0.3768,0.9222,0.3685,0.5266
phase21_B_λ4,tcd_tile_1240,Vanuatu rain forests,Other,,2611,0.3507,52,25,8,17,44,0.32,0.1538,0.2078,0.4964,0.0288,0.0544
phase21_B_λ4,tcd_tile_1241,Central European mixed forests,European forest,,1385,0.3507,63,101,36,65,27,0.3564,0.5714,0.439,0.855,0.3989,0.544
phase21_B_λ4,tcd_tile_1242,Central Zambezian Miombo woodlands,Other,,349,0.3507,74,70,15,55,59,0.2143,0.2027,0.2083,0.2398,0.212,0.225
phase21_B_λ4,tcd_tile_1243,Scandinavian coastal conifer forests,Other,,2794,0.3507,0,18,0,18,0,0.0,0.0,0.0,0.0,0.0,0.0
phase21_B_λ4,tcd_tile_1244,Hispaniolan moist forests,SE Asian & Pacific rainforest,,3603,0.3507,59,111,19,92,40,0.1712,0.322,0.2235,0.132,0.3437,0.1907
phase21_B_λ4,tcd_tile_1245,Northeastern coastal forests,N. American forest,,3326,0.3507,2,23,1,22,1,0.0435,0.5,0.08,0.9981,0.0705,0.1317
phase21_B_λ4,tcd_tile_1246,Southern Zanzibar-Inhambane coastal forest mosaic,African tropical forest,,3412,0.3507,46,91,23,68,23,0.2527,0.5,0.3358,0.9314,0.2013,0.3311
phase21_B_λ4,tcd_tile_1247,Luzon rain forests,SE Asian & Pacific rainforest,,2874,0.3507,19,11,7,4,12,0.6364,0.3684,0.4667,0.851,0.1815,0.2992
phase21_B_λ4,tcd_tile_1248,Lesser Sundas deciduous forests,SE Asian & Pacific rainforest,,2849,0.3507,34,552,12,540,22,0.0217,0.3529,0.041,0.9401,0.2819,0.4337
phase21_B_λ4,tcd_tile_1249,,Other,,3594,0.3507,0,329,0,329,0,0.0,0.0,0.0,0.0,0.0,0.0
phase21_B_λ4,tcd_tile_1250,Northern Zanzibar-Inhambane coastal forest mosaic,African tropical forest,,815,0.3507,116,331,18,313,98,0.0544,0.1552,0.0805,0.9555,0.2529,0.3999
phase21_B_λ4,tcd_tile_1251,Northern Zanzibar-Inhambane coastal forest mosaic,African tropical forest,,1347,0.3507,1,1,0,1,1,0.0,0.0,0.0,0.1829,1.0,0.3093
phase21_B_λ4,tcd_tile_1252,Upper Gangetic Plains moist deciduous forests,Other,,4061,0.3507,32,71,16,55,16,0.2254,0.5,0.3107,0.9448,0.3304,0.4896
phase21_B_λ4,tcd_tile_1253,Central European mixed forests,European forest,,2174,0.3507,38,36,12,24,26,0.3333,0.3158,0.3243,0.7323,0.3374,0.462
phase21_B_λ4,tcd_tile_1254,,Other,,5011,0.3507,3,258,1,257,2,0.0039,0.3333,0.0077,0.0212,0.2601,0.0393
phase21_B_λ4,tcd_tile_1255,,Other,,1562,0.3507,6,130,3,127,3,0.0231,0.5,0.0441,0.6857,0.0487,0.091
phase21_B_λ4,tcd_tile_1256,East European forest steppe,European forest,,1792,0.3507,24,73,13,60,11,0.1781,0.5417,0.268,0.8956,0.2852,0.4327
phase21_B_λ4,tcd_tile_1257,Southern Zanzibar-Inhambane coastal forest mosaic,African tropical forest,,4995,0.3507,285,87,56,31,229,0.6437,0.1965,0.3011,0.9205,0.3576,0.5151
phase21_B_λ4,tcd_tile_1258,East European forest steppe,European forest,,3577,0.3507,28,175,16,159,12,0.0914,0.5714,0.1576,0.5169,0.1098,0.1812
phase21_B_λ4,tcd_tile_1259,Central European mixed forests,European forest,,4971,0.3507,0,68,0,68,0,0.0,0.0,0.0,0.0,0.0,0.0
phase21_B_λ4,tcd_tile_126,Central European mixed forests,European forest,,4195,0.3507,0,119,0,119,0,0.0,0.0,0.0,0.0,0.0,0.0
phase21_B_λ4,tcd_tile_1260,Northern Zanzibar-Inhambane coastal forest mosaic,African tropical forest,,3975,0.3507,18,25,14,11,4,0.56,0.7778,0.6512,0.7696,0.2272,0.3508
phase21_B_λ4,tcd_tile_1261,Western European broadleaf forests,European forest,,1304,0.3507,50,69,22,47,28,0.3188,0.44,0.3697,0.7849,0.4253,0.5517
phase21_B_λ4,tcd_tile_1262,Northern Zanzibar-Inhambane coastal forest mosaic,African tropical forest,,4180,0.3507,184,257,74,183,110,0.2879,0.4022,0.3356,0.9498,0.3407,0.5015
phase21_B_λ4,tcd_tile_1263,Western European broadleaf forests,European forest,,731,0.3507,11,70,7,63,4,0.1,0.6364,0.1728,0.3557,0.251,0.2943
phase21_B_λ4,tcd_tile_1264,Changjiang Plain evergreen forests,Other,,1650,0.3507,77,14,3,11,74,0.2143,0.039,0.0659,0.0786,0.0271,0.0403
phase21_B_λ4,tcd_tile_1265,Granitic Seychelles forests,Other,,2202,0.3507,0,415,0,415,0,0.0,0.0,0.0,0.0,0.0,0.0
phase21_B_λ4,tcd_tile_1266,,Other,,3504,0.3507,0,69,0,69,0,0.0,0.0,0.0,0.0,0.0,0.0
phase21_B_λ4,tcd_tile_1267,East European forest steppe,European forest,,1252,0.3507,0,4,0,4,0,0.0,0.0,0.0,0.0,0.0,0.0
phase21_B_λ4,tcd_tile_1268,Central Indochina dry forests,Other,,4322,0.3507,102,483,85,398,17,0.176,0.8333,0.2906,0.8554,0.5973,0.7034
phase21_B_λ4,tcd_tile_1269,Luzon rain forests,SE Asian & Pacific rainforest,,4594,0.3507,211,338,86,252,125,0.2544,0.4076,0.3133,0.8577,0.3621,0.5092
phase21_B_λ4,tcd_tile_1270,Mato Grosso seasonal forests,Latin American forest,,2680,0.3507,281,196,93,103,188,0.4745,0.331,0.3899,0.7993,0.5381,0.6432
phase21_B_λ4,tcd_tile_1271,Petén-Veracruz moist forests,Latin American forest,,4098,0.3507,14,15,3,12,11,0.2,0.2143,0.2069,0.1193,0.1186,0.119
phase21_B_λ4,tcd_tile_1272,Maputaland coastal forest mosaic,African tropical forest,,3470,0.3507,101,19,9,10,92,0.4737,0.0891,0.15,0.8797,0.1572,0.2667
phase21_B_λ4,tcd_tile_1273,Balkan mixed forests,European forest,,819,0.3507,85,91,26,65,59,0.2857,0.3059,0.2955,0.3986,0.2756,0.3259
phase21_B_λ4,tcd_tile_1274,Celtic broadleaf forests,European forest,,3621,0.3507,15,32,5,27,10,0.1562,0.3333,0.2128,0.9977,0.1306,0.2309
phase21_B_λ4,tcd_tile_1275,Northern Zanzibar-Inhambane coastal forest mosaic,African tropical forest,,941,0.3507,89,53,48,5,41,0.9057,0.5393,0.6761,0.8415,0.5091,0.6344
phase21_B_λ4,tcd_tile_1276,Greater Negros-Panay rain forests,SE Asian & Pacific rainforest,,1472,0.3507,100,62,23,39,77,0.371,0.23,0.284,0.8146,0.1219,0.2121
phase21_B_λ4,tcd_tile_1277,Central European mixed forests,European forest,,2992,0.3507,24,74,11,63,13,0.1486,0.4583,0.2245,0.5709,0.1986,0.2947
phase21_B_λ4,tcd_tile_1278,Western Java montane rain forests,Other,,3094,0.3507,22,58,8,50,14,0.1379,0.3636,0.2,0.7887,0.0794,0.1443
phase21_B_λ4,tcd_tile_1279,Northern Zanzibar-Inhambane coastal forest mosaic,African tropical forest,,2134,0.3507,7,149,4,145,3,0.0268,0.5714,0.0513,0.9959,0.1013,0.1839
phase21_B_λ4,tcd_tile_128,Northern Zanzibar-Inhambane coastal forest mosaic,African tropical forest,,2671,0.3507,140,215,44,171,96,0.2047,0.3143,0.2479,0.755,0.2369,0.3606
phase21_B_λ4,tcd_tile_1280,Central African mangroves,African tropical forest,,3960,0.3507,2,51,1,50,1,0.0196,0.5,0.0377,0.0031,0.8213,0.0062
phase21_B_λ4,tcd_tile_1281,Sarmatic mixed forests,European forest,,3657,0.3507,152,147,65,82,87,0.4422,0.4276,0.4348,0.6096,0.4126,0.4921
phase21_B_λ4,tcd_tile_1282,Southern Zanzibar-Inhambane coastal forest mosaic,African tropical forest,,4197,0.3507,0,2,0,2,0,0.0,0.0,0.0,0.0,0.0,0.0
phase21_B_λ4,tcd_tile_1283,Southern Great Lakes forests,N. American forest,,307,0.3507,61,100,22,78,39,0.22,0.3607,0.2733,0.5757,0.4,0.4721
phase21_B_λ4,tcd_tile_1284,Western Java rain forests,Other,,153,0.3507,206,174,115,59,91,0.6609,0.5583,0.6053,0.807,0.6987,0.7489
phase21_B_λ4,tcd_tile_1285,Central European mixed forests,European forest,,4379,0.3507,36,34,9,25,27,0.2647,0.25,0.2571,0.4109,0.2757,0.33
phase21_B_λ4,tcd_tile_1286,Central European mixed forests,European forest,,1431,0.3507,96,112,56,56,40,0.5,0.5833,0.5385,0.7663,0.3391,0.4702
phase21_B_λ4,tcd_tile_1287,Timor and Wetar deciduous forests,SE Asian & Pacific rainforest,,1429,0.3507,108,27,0,27,108,0.0,0.0,0.0,0.0395,0.3164,0.0703
phase21_B_λ4,tcd_tile_1288,Himalayan subtropical broadleaf forests,Other,,3789,0.3507,49,168,36,132,13,0.2143,0.7347,0.3318,0.6973,0.1938,0.3033
phase21_B_λ4,tcd_tile_1289,,Other,,1999,0.3507,1,111,1,110,0,0.009,1.0,0.0179,0.9995,0.0879,0.1616
phase21_B_λ4,tcd_tile_129,Palawan rain forests,SE Asian & Pacific rainforest,,2967,0.3507,82,377,47,330,35,0.1247,0.5732,0.2048,0.9145,0.3925,0.5493
phase21_B_λ4,tcd_tile_1290,Northern Zanzibar-Inhambane coastal forest mosaic,African tropical forest,,2608,0.3507,50,330,44,286,6,0.1333,0.88,0.2316,0.9378,0.5606,0.7017
phase21_B_λ4,tcd_tile_1291,Northern Zanzibar-Inhambane coastal forest mosaic,African tropical forest,,609,0.3507,1,107,1,106,0,0.0093,1.0,0.0185,0.999,0.0905,0.166
phase21_B_λ4,tcd_tile_1292,Western Siberian hemiboreal forests,Other,,3208,0.3507,2,62,1,61,1,0.0161,0.5,0.0312,0.0851,0.0099,0.0177
phase21_B_λ4,tcd_tile_1293,Madeira-Tapajós moist forests,Latin American forest,,3557,0.3507,2,512,2,510,0,0.0039,1.0,0.0078,0.9976,0.3829,0.5534
phase21_B_λ4,tcd_tile_1294,Tongan tropical moist forests,SE Asian & Pacific rainforest,,4327,0.3507,70,111,18,93,52,0.1622,0.2571,0.1989,0.9163,0.133,0.2322
phase21_B_λ4,tcd_tile_1295,Taiheiyo evergreen forests,Other,,417,0.3507,184,119,60,59,124,0.5042,0.3261,0.396,0.6853,0.5924,0.6355
phase21_B_λ4,tcd_tile_1296,Northern Acacia-Commiphora bushlands and thickets,Other,,864,0.3507,7,0,0,0,7,0.0,0.0,0.0,0.0,0.0,0.0
phase21_B_λ4,tcd_tile_1297,Upper Midwest forest-savanna transition,N. American forest,,1942,0.3507,58,60,27,33,31,0.45,0.4655,0.4576,0.4009,0.7183,0.5146
phase21_B_λ4,tcd_tile_1298,Sierra Nevada forests,N. American forest,,1313,0.3507,161,167,135,32,26,0.8084,0.8385,0.8232,0.856,0.4824,0.617
phase21_B_λ4,tcd_tile_1299,Hispaniolan moist forests,SE Asian & Pacific rainforest,,1400,0.3507,52,123,33,90,19,0.2683,0.6346,0.3771,0.3057,0.509,0.382
phase21_B_λ4,tcd_tile_13,Chilean matorral,Arid / dryland,,746,0.3507,12,13,1,12,11,0.0769,0.0833,0.08,0.0656,0.2024,0.0991
phase21_B_λ4,tcd_tile_1300,,Other,,1824,0.3507,175,289,120,169,55,0.4152,0.6857,0.5172,0.632,0.5597,0.5936
phase21_B_λ4,tcd_tile_1301,Nihonkai montane deciduous forests,Other,,4828,0.3507,20,9,5,4,15,0.5556,0.25,0.3448,0.7568,0.0072,0.0142
phase21_B_λ4,tcd_tile_1302,Maputaland coastal forest mosaic,African tropical forest,,801,0.3507,33,33,17,16,16,0.5152,0.5152,0.5152,0.8046,0.5784,0.673
phase21_B_λ4,tcd_tile_1303,Upper Midwest forest-savanna transition,N. American forest,,3499,0.3507,25,43,8,35,17,0.186,0.32,0.2353,0.2684,0.6584,0.3813
phase21_B_λ4,tcd_tile_1304,Baltic mixed forests,European forest,,2914,0.3507,16,10,5,5,11,0.5,0.3125,0.3846,0.9727,0.1096,0.1971
phase21_B_λ4,tcd_tile_1305,Balkan mixed forests,European forest,,1213,0.3507,26,166,10,156,16,0.0602,0.3846,0.1042,0.7944,0.4368,0.5637
phase21_B_λ4,tcd_tile_1306,Peruvian Yungas,Latin American forest,,2640,0.3507,29,35,5,30,24,0.1429,0.1724,0.1562,0.4843,0.2729,0.3491
phase21_B_λ4,tcd_tile_1307,Scandinavian coastal conifer forests,Other,,2835,0.3507,13,596,6,590,7,0.0101,0.4615,0.0197,0.9647,0.3198,0.4803
phase21_B_λ4,tcd_tile_1308,Hokkaido deciduous forests,Other,,3178,0.3507,5,40,4,36,1,0.1,0.8,0.1778,0.8849,0.2462,0.3852
phase21_B_λ4,tcd_tile_1309,Pannonian mixed forests,European forest,,1974,0.3507,15,411,9,402,6,0.0219,0.6,0.0423,0.6897,0.3932,0.5008
phase21_B_λ4,tcd_tile_1310,Madeira-Tapajós moist forests,Latin American forest,,53,0.3507,1,646,1,645,0,0.0015,1.0,0.0031,1.0,0.4583,0.6285
phase21_B_λ4,tcd_tile_1311,Baltic mixed forests,European forest,,4561,0.3507,69,47,7,40,62,0.1489,0.1014,0.1207,0.7596,0.0289,0.0557
phase21_B_λ4,tcd_tile_1312,Petén-Veracruz moist forests,Latin American forest,,2836,0.3507,68,335,50,285,18,0.1493,0.7353,0.2481,0.7427,0.3454,0.4716
phase21_B_λ4,tcd_tile_1313,Northeastern coastal forests,N. American forest,,471,0.3507,50,113,21,92,29,0.1858,0.42,0.2577,0.836,0.2906,0.4312
phase21_B_λ4,tcd_tile_1314,Atlantic mixed forests,European forest,,1069,0.3507,43,47,18,29,25,0.383,0.4186,0.4,0.6955,0.3586,0.4732
phase21_B_λ4,tcd_tile_1315,Eastern Mediterranean conifer-sclerophyllous-broadleaf forests,Other,,1171,0.3507,319,398,277,121,42,0.696,0.8683,0.7727,0.7704,0.8155,0.7923
phase21_B_λ4,tcd_tile_1316,Himalayan subtropical broadleaf forests,Other,,4393,0.3507,94,135,37,98,57,0.2741,0.3936,0.3231,0.6781,0.3691,0.4781
phase21_B_λ4,tcd_tile_1317,Hispaniolan moist forests,SE Asian & Pacific rainforest,,3034,0.3507,36,89,16,73,20,0.1798,0.4444,0.256,0.1751,0.6812,0.2786
phase21_B_λ4,tcd_tile_1318,Eastern Great Lakes lowland forests,N. American forest,,1448,0.3507,9,141,8,133,1,0.0567,0.8889,0.1067,0.6461,0.3542,0.4576
phase21_B_λ4,tcd_tile_1319,Central Andean puna,Other,,255,0.3507,15,0,0,0,15,0.0,0.0,0.0,0.0,0.0,0.0
phase21_B_λ4,tcd_tile_1320,Western Java rain forests,Other,,32,0.3507,69,73,19,54,50,0.2603,0.2754,0.2676,0.2092,0.6166,0.3124
phase21_B_λ4,tcd_tile_1321,,Other,,1723,0.3507,0,114,0,114,0,0.0,0.0,0.0,0.0,0.0,0.0
phase21_B_λ4,tcd_tile_1322,Atlantic dry forests,Other,,150,0.3507,325,153,94,59,231,0.6144,0.2892,0.3933,0.726,0.4112,0.525
phase21_B_λ4,tcd_tile_1323,Sierra Nevada forests,N. American forest,,1535,0.3507,73,72,26,46,47,0.3611,0.3562,0.3586,0.6874,0.3009,0.4186
phase21_B_λ4,tcd_tile_1324,Taiheiyo evergreen forests,Other,,4307,0.3507,20,98,11,87,9,0.1122,0.55,0.1864,0.9984,0.0605,0.114
phase21_B_λ4,tcd_tile_1325,Central European mixed forests,European forest,,3535,0.3507,0,32,0,32,0,0.0,0.0,0.0,0.0,0.0,0.0
phase21_B_λ4,tcd_tile_1326,Central Andean puna,Other,,489,0.3507,32,12,10,2,22,0.8333,0.3125,0.4545,0.6801,0.5319,0.5969
phase21_B_λ4,tcd_tile_1327,Celtic broadleaf forests,European forest,,5064,0.3507,12,31,8,23,4,0.2581,0.6667,0.3721,0.6146,0.6727,0.6424
phase21_B_λ4,tcd_tile_1328,Central European mixed forests,European forest,,4866,0.3507,0,71,0,71,0,0.0,0.0,0.0,0.0,0.0,0.0
phase21_B_λ4,tcd_tile_1329,,Other,,660,0.3507,159,360,98,262,61,0.2722,0.6164,0.3776,0.9141,0.3024,0.4545
phase21_B_λ4,tcd_tile_133,East European forest steppe,European forest,,1466,0.3507,23,49,14,35,9,0.2857,0.6087,0.3889,0.9318,0.2435,0.3861
phase21_B_λ4,tcd_tile_1330,Balkan mixed forests,European forest,,567,0.3507,73,162,39,123,34,0.2407,0.5342,0.3319,0.8253,0.4072,0.5453
phase21_B_λ4,tcd_tile_1331,Northern Zanzibar-Inhambane coastal forest mosaic,African tropical forest,,61,0.3507,272,140,66,74,206,0.4714,0.2426,0.3204,0.8124,0.4157,0.55
phase21_B_λ4,tcd_tile_1332,Changjiang Plain evergreen forests,Other,,1601,0.3507,177,50,44,6,133,0.88,0.2486,0.3877,0.7963,0.2575,0.3891
phase21_B_λ4,tcd_tile_1333,California coastal sage and chaparral,Other,,1370,0.3507,0,27,0,27,0,0.0,0.0,0.0,0.0,0.0,0.0
phase21_B_λ4,tcd_tile_1334,Sulawesi lowland rain forests,SE Asian & Pacific rainforest,,4856,0.3507,129,191,59,132,70,0.3089,0.4574,0.3687,0.394,0.4853,0.4349
phase21_B_λ4,tcd_tile_1335,Willamette Valley forests,N. American forest,,2613,0.3507,17,15,6,9,11,0.4,0.3529,0.375,0.755,0.0583,0.1083
phase21_B_λ4,tcd_tile_1336,Petén-Veracruz moist forests,Latin American forest,,2539,0.3507,123,229,73,156,50,0.3188,0.5935,0.4148,0.7003,0.4499,0.5479
phase21_B_λ4,tcd_tile_1337,Petén-Veracruz moist forests,Latin American forest,,2353,0.3507,45,201,26,175,19,0.1294,0.5778,0.2114,0.9411,0.3594,0.5201
phase21_B_λ4,tcd_tile_1338,Serra do Mar coastal forests,Latin American forest,,4955,0.3507,0,392,0,392,0,0.0,0.0,0.0,0.0,0.0,0.0
phase21_B_λ4,tcd_tile_1339,New England-Acadian forests,N. American forest,,3087,0.3507,7,104,5,99,2,0.0481,0.7143,0.0901,0.9895,0.1577,0.272
phase21_B_λ4,tcd_tile_1340,Tasmanian temperate forests,Other,,1426,0.3507,24,105,10,95,14,0.0952,0.4167,0.155,0.9571,0.141,0.2458
phase21_B_λ4,tcd_tile_1341,Willamette Valley forests,N. American forest,,4117,0.3507,377,55,32,23,345,0.5818,0.0849,0.1481,0.3992,0.1565,0.2249
phase21_B_λ4,tcd_tile_1342,Irrawaddy moist deciduous forests,Other,,1187,0.3507,28,58,24,34,4,0.4138,0.8571,0.5581,0.8697,0.2684,0.4102
phase21_B_λ4,tcd_tile_1343,Luzon rain forests,SE Asian & Pacific rainforest,,4950,0.3507,97,129,43,86,54,0.3333,0.4433,0.3805,0.7754,0.5219,0.6239
phase21_B_λ4,tcd_tile_1344,Southeastern mixed forests,N. American forest,,4441,0.3507,0,27,0,27,0,0.0,0.0,0.0,0.0,0.0,0.0
phase21_B_λ4,tcd_tile_1345,Sulawesi lowland rain forests,SE Asian & Pacific rainforest,,1746,0.3507,49,276,12,264,37,0.0435,0.2449,0.0738,0.9779,0.2776,0.4325
phase21_B_λ4,tcd_tile_1346,Hispaniolan moist forests,SE Asian & Pacific rainforest,,4614,0.3507,171,79,21,58,150,0.2658,0.1228,0.168,0.1784,0.1743,0.1764
phase21_B_λ4,tcd_tile_1347,Vanuatu rain forests,Other,,2462,0.3507,27,24,5,19,22,0.2083,0.1852,0.1961,0.5914,0.0081,0.016
phase21_B_λ4,tcd_tile_1348,New England-Acadian forests,N. American forest,,3132,0.3507,2,348,2,346,0,0.0057,1.0,0.0114,0.9885,0.3217,0.4854
phase21_B_λ4,tcd_tile_1349,Mato Grosso seasonal forests,Latin American forest,,2099,0.3507,165,288,74,214,91,0.2569,0.4485,0.3267,0.7412,0.7101,0.7253
phase21_B_λ4,tcd_tile_135,Northern Zanzibar-Inhambane coastal forest mosaic,African tropical forest,,1315,0.3507,58,46,29,17,29,0.6304,0.5,0.5577,0.8519,0.1803,0.2976
phase21_B_λ4,tcd_tile_1350,East European forest steppe,European forest,,860,0.3507,22,448,18,430,4,0.0402,0.8182,0.0766,0.9481,0.3673,0.5295
phase21_B_λ4,tcd_tile_1351,Taiheiyo evergreen forests,Other,,4142,0.3507,9,597,5,592,4,0.0084,0.5556,0.0165,0.99,0.4616,0.6296
phase21_B_λ4,tcd_tile_1352,,Other,,970,0.3507,127,98,56,42,71,0.5714,0.4409,0.4978,0.864,0.1801,0.2981
phase21_B_λ4,tcd_tile_1353,Willamette Valley forests,N. American forest,,3404,0.3507,15,29,2,27,13,0.069,0.1333,0.0909,0.1477,0.0852,0.108
phase21_B_λ4,tcd_tile_1354,Peruvian Yungas,Latin American forest,,3379,0.3507,62,58,14,44,48,0.2414,0.2258,0.2333,0.5903,0.0181,0.0352
phase21_B_λ4,tcd_tile_1355,Changjiang Plain evergreen forests,Other,,4030,0.3507,120,95,47,48,73,0.4947,0.3917,0.4372,0.834,0.1869,0.3053
phase21_B_λ4,tcd_tile_1356,Northern Zanzibar-Inhambane coastal forest mosaic,African tropical forest,,4135,0.3507,155,78,47,31,108,0.6026,0.3032,0.4034,0.7337,0.386,0.5059
phase21_B_λ4,tcd_tile_1357,Southeast Australia temperate forests,Other,,516,0.3507,103,127,48,79,55,0.378,0.466,0.4174,0.8173,0.3917,0.5296
phase21_B_λ4,tcd_tile_1358,Central Andean puna,Other,,1243,0.3507,28,7,7,0,21,1.0,0.25,0.4,0.6486,0.3923,0.4889
phase21_B_λ4,tcd_tile_1359,Luzon rain forests,SE Asian & Pacific rainforest,,441,0.3507,38,183,13,170,25,0.071,0.3421,0.1176,0.8738,0.3782,0.5279
phase21_B_λ4,tcd_tile_136,Central European mixed forests,European forest,,1131,0.3507,46,113,34,79,12,0.3009,0.7391,0.4277,0.74,0.5141,0.6067
phase21_B_λ4,tcd_tile_1360,Eastern Guinean forests,African tropical forest,,2996,0.3507,0,13,0,13,0,0.0,0.0,0.0,0.0,0.0,0.0
phase21_B_λ4,tcd_tile_1361,Northern Zanzibar-Inhambane coastal forest mosaic,African tropical forest,,341,0.3507,180,71,65,6,115,0.9155,0.3611,0.5179,0.834,0.2425,0.3758
phase21_B_λ4,tcd_tile_1362,East European forest steppe,European forest,,3526,0.3507,15,56,10,46,5,0.1786,0.6667,0.2817,0.6174,0.2181,0.3223
phase21_B_λ4,tcd_tile_1363,Cerrado,Latin American forest,,134,0.3507,0,4,0,4,0,0.0,0.0,0.0,0.0,0.0,0.0
phase21_B_λ4,tcd_tile_1364,Greater Negros-Panay rain forests,SE Asian & Pacific rainforest,,791,0.3507,55,77,35,42,20,0.4545,0.6364,0.5303,0.8601,0.2511,0.3888
phase21_B_λ4,tcd_tile_1365,East European forest steppe,European forest,,297,0.3507,99,211,68,143,31,0.3223,0.6869,0.4387,0.6966,0.642,0.6682
phase21_B_λ4,tcd_tile_1366,Iquitos varzeá,Other,,2936,0.3507,22,179,3,176,19,0.0168,0.1364,0.0299,0.9842,0.2336,0.3776
phase21_B_λ4,tcd_tile_1367,Northern Zanzibar-Inhambane coastal forest mosaic,African tropical forest,,1219,0.3507,137,99,97,2,40,0.9798,0.708,0.822,0.8193,0.5625,0.667
phase21_B_λ4,tcd_tile_1368,Central U.S. hardwood forests,N. American forest,,2897,0.3507,32,50,17,33,15,0.34,0.5312,0.4146,0.6048,0.5779,0.591
phase21_B_λ4,tcd_tile_1369,Ucayali moist forests,Latin American forest,,3481,0.3507,2,128,2,126,0,0.0156,1.0,0.0308,0.956,0.1965,0.326
phase21_B_λ4,tcd_tile_137,Northern Zanzibar-Inhambane coastal forest mosaic,African tropical forest,,2487,0.3507,143,214,82,132,61,0.3832,0.5734,0.4594,0.5212,0.6024,0.5589
phase21_B_λ4,tcd_tile_1370,Pannonian mixed forests,European forest,,1914,0.3507,96,617,55,562,41,0.0891,0.5729,0.1543,0.8352,0.4422,0.5782
phase21_B_λ4,tcd_tile_1371,Chiquitano dry forests,Other,,1341,0.3507,21,15,12,3,9,0.8,0.5714,0.6667,0.8842,0.2723,0.4163
phase21_B_λ4,tcd_tile_1372,Greater Negros-Panay rain forests,SE Asian & Pacific rainforest,,1258,0.3507,11,1,1,0,10,1.0,0.0909,0.1667,0.5963,0.0094,0.0186
phase21_B_λ4,tcd_tile_1373,Hokkaido deciduous forests,Other,,3257,0.3507,8,447,8,439,0,0.0179,1.0,0.0352,0.9646,0.57,0.7166
phase21_B_λ4,tcd_tile_1374,Balsas dry forests,Other,,3366,0.3507,363,53,26,27,337,0.4906,0.0716,0.125,0.5394,0.0831,0.1441
phase21_B_λ4,tcd_tile_1375,Araucaria moist forests,Other,,1471,0.3507,46,117,19,98,27,0.1624,0.413,0.2331,0.8999,0.3558,0.51
phase21_B_λ4,tcd_tile_1376,Taiwan subtropical evergreen forests,SE Asian & Pacific rainforest,,4119,0.3507,48,318,18,300,30,0.0566,0.375,0.0984,0.9643,0.2154,0.3521
phase21_B_λ4,tcd_tile_1377,Halmahera rain forests,Other,,658,0.3507,33,50,10,40,23,0.2,0.303,0.241,0.9609,0.1897,0.3169
phase21_B_λ4,tcd_tile_1378,Petén-Veracruz moist forests,Latin American forest,,2497,0.3507,50,187,33,154,17,0.1765,0.66,0.2785,0.9206,0.3417,0.4984
phase21_B_λ4,tcd_tile_1379,Mindanao-Eastern Visayas rain forests,SE Asian & Pacific rainforest,,4167,0.3507,5,419,1,418,4,0.0024,0.2,0.0047,0.9963,0.1356,0.2388
phase21_B_λ4,tcd_tile_1380,Northern Zanzibar-Inhambane coastal forest mosaic,African tropical forest,,1239,0.3507,154,107,55,52,99,0.514,0.3571,0.4215,0.685,0.4377,0.5341
phase21_B_λ4,tcd_tile_1381,Southern Zanzibar-Inhambane coastal forest mosaic,African tropical forest,,1668,0.3507,67,70,29,41,38,0.4143,0.4328,0.4234,0.9444,0.2546,0.4011
phase21_B_λ4,tcd_tile_1382,,Other,,861,0.3507,51,287,37,250,14,0.1289,0.7255,0.2189,0.7692,0.5158,0.6175
phase21_B_λ4,tcd_tile_1383,Veracruz moist forests,Other,,3360,0.3507,61,215,28,187,33,0.1302,0.459,0.2029,0.8093,0.187,0.3038
phase21_B_λ4,tcd_tile_1384,Balkan mixed forests,European forest,,1718,0.3507,152,115,86,29,66,0.7478,0.5658,0.6442,0.7957,0.5702,0.6643
phase21_B_λ4,tcd_tile_1385,Tongan tropical moist forests,SE Asian & Pacific rainforest,,103,0.3507,8,127,6,121,2,0.0472,0.75,0.0889,0.1612,0.4093,0.2313
phase21_B_λ4,tcd_tile_1386,Alps conifer and mixed forests,European forest,,4432,0.3507,0,1,0,1,0,0.0,0.0,0.0,0.0,0.0,0.0
phase21_B_λ4,tcd_tile_1387,Himalayan subtropical broadleaf forests,Other,,3031,0.3507,73,463,48,415,25,0.1037,0.6575,0.1791,0.9421,0.3341,0.4933
phase21_B_λ4,tcd_tile_1388,Luzon rain forests,SE Asian & Pacific rainforest,,105,0.3507,68,104,29,75,39,0.2788,0.4265,0.3372,0.3764,0.1477,0.2122
phase21_B_λ4,tcd_tile_1389,Serra do Mar coastal forests,Latin American forest,,4909,0.3507,77,78,16,62,61,0.2051,0.2078,0.2065,0.6432,0.303,0.412
phase21_B_λ4,tcd_tile_1390,East European forest steppe,European forest,,3235,0.3507,12,49,6,43,6,0.1224,0.5,0.1967,0.9048,0.1335,0.2326
phase21_B_λ4,tcd_tile_1391,Central European mixed forests,European forest,,2411,0.3507,23,57,10,47,13,0.1754,0.4348,0.25,0.525,0.1276,0.2053
phase21_B_λ4,tcd_tile_1392,Northern Zanzibar-Inhambane coastal forest mosaic,African tropical forest,,4688,0.3507,134,120,59,61,75,0.4917,0.4403,0.4646,0.9245,0.1485,0.2559
phase21_B_λ4,tcd_tile_1393,Northern Zanzibar-Inhambane coastal forest mosaic,African tropical forest,,3449,0.3507,112,34,26,8,86,0.7647,0.2321,0.3562,0.8945,0.2484,0.3888
phase21_B_λ4,tcd_tile_1394,Sarmatic mixed forests,European forest,,1874,0.3507,14,54,8,46,6,0.1481,0.5714,0.2353,0.5673,0.1951,0.2903
phase21_B_λ4,tcd_tile_1395,Northern Zanzibar-Inhambane coastal forest mosaic,African tropical forest,,3896,0.3507,85,156,35,121,50,0.2244,0.4118,0.2905,0.5144,0.1872,0.2745
phase21_B_λ4,tcd_tile_1396,Southeastern mixed forests,N. American forest,,4854,0.3507,94,45,5,40,89,0.1111,0.0532,0.0719,0.3261,0.1768,0.2292
phase21_B_λ4,tcd_tile_1397,Taiwan subtropical evergreen forests,SE Asian & Pacific rainforest,,3655,0.3507,176,105,41,64,135,0.3905,0.233,0.2918,0.7142,0.457,0.5573
phase21_B_λ4,tcd_tile_1398,Mindanao-Eastern Visayas rain forests,SE Asian & Pacific rainforest,,2450,0.3507,0,63,0,63,0,0.0,0.0,0.0,0.0,0.0,0.0
phase21_B_λ4,tcd_tile_1399,Eastern Java-Bali rain forests,SE Asian & Pacific rainforest,,4587,0.3507,24,299,9,290,15,0.0301,0.375,0.0557,0.7677,0.197,0.3135
phase21_B_λ4,tcd_tile_14,West Sudanian savanna,Arid / dryland,,116,0.3507,42,48,29,19,13,0.6042,0.6905,0.6444,0.8152,0.7301,0.7703
phase21_B_λ4,tcd_tile_140,Central European mixed forests,European forest,,2561,0.3507,39,77,18,59,21,0.2338,0.4615,0.3103,0.6812,0.2443,0.3597
phase21_B_λ4,tcd_tile_1400,Northern Zanzibar-Inhambane coastal forest mosaic,African tropical forest,,4045,0.3507,65,354,40,314,25,0.113,0.6154,0.1909,0.9369,0.2876,0.4401
phase21_B_λ4,tcd_tile_1401,East European forest steppe,European forest,,2572,0.3507,139,125,55,70,84,0.44,0.3957,0.4167,0.6743,0.2908,0.4064
phase21_B_λ4,tcd_tile_1402,Mindanao-Eastern Visayas rain forests,SE Asian & Pacific rainforest,,3529,0.3507,224,314,68,246,156,0.2166,0.3036,0.2528,0.6224,0.3066,0.4108
phase21_B_λ4,tcd_tile_1403,Maputaland coastal forest mosaic,African tropical forest,,2063,0.3507,51,14,12,2,39,0.8571,0.2353,0.3692,0.7717,0.3931,0.5209
phase21_B_λ4,tcd_tile_1404,Himalayan subtropical broadleaf forests,Other,,3107,0.3507,13,260,6,254,7,0.0231,0.4615,0.044,0.9917,0.1494,0.2596
phase21_B_λ4,tcd_tile_1405,Upper Midwest forest-savanna transition,N. American forest,,3256,0.3507,22,101,13,88,9,0.1287,0.5909,0.2114,0.6901,0.4794,0.5657
phase21_B_λ4,tcd_tile_1406,Madeira-Tapajós moist forests,Latin American forest,,1273,0.3507,1,589,1,588,0,0.0017,1.0,0.0034,1.0,0.4852,0.6534
phase21_B_λ4,tcd_tile_1407,Po Basin mixed forests,Other,,2228,0.3507,36,187,26,161,10,0.139,0.7222,0.2332,0.8102,0.6895,0.745
phase21_B_λ4,tcd_tile_1408,Sarmatic mixed forests,European forest,,2792,0.3507,18,140,7,133,11,0.05,0.3889,0.0886,0.9934,0.5001,0.6653
phase21_B_λ4,tcd_tile_1409,Taiwan subtropical evergreen forests,SE Asian & Pacific rainforest,,4156,0.3507,68,35,25,10,43,0.7143,0.3676,0.4854,0.7233,0.6422,0.6803
phase21_B_λ4,tcd_tile_141,Southern Zanzibar-Inhambane coastal forest mosaic,African tropical forest,,4425,0.3507,315,75,59,16,256,0.7867,0.1873,0.3026,0.7671,0.2566,0.3845
phase21_B_λ4,tcd_tile_1410,"Sao Tome, Principe and Annobon moist lowland forests",Other,,3446,0.3507,16,253,6,247,10,0.0237,0.375,0.0446,0.9755,0.3418,0.5062
phase21_B_λ4,tcd_tile_1411,Petén-Veracruz moist forests,Latin American forest,,2237,0.3507,95,127,45,82,50,0.3543,0.4737,0.4054,0.8109,0.5244,0.6369
phase21_B_λ4,tcd_tile_1412,Pannonian mixed forests,European forest,,4577,0.3507,149,263,109,154,40,0.4144,0.7315,0.5291,0.7055,0.5712,0.6313
phase21_B_λ4,tcd_tile_1413,Pontic steppe,Other,,1356,0.3507,42,105,24,81,18,0.2286,0.5714,0.3265,0.6438,0.5429,0.5891
phase21_B_λ4,tcd_tile_1414,Nihonkai montane deciduous forests,Other,,4290,0.3507,1,28,1,27,0,0.0357,1.0,0.069,0.7977,0.0279,0.054
phase21_B_λ4,tcd_tile_1415,Po Basin mixed forests,Other,,2567,0.3507,40,136,31,105,9,0.2279,0.775,0.3523,0.8722,0.5632,0.6844
phase21_B_λ4,tcd_tile_1416,Upper Gangetic Plains moist deciduous forests,Other,,1683,0.3507,58,103,31,72,27,0.301,0.5345,0.3851,0.9629,0.3084,0.4672
phase21_B_λ4,tcd_tile_1417,Cerrado,Latin American forest,,1287,0.3507,78,136,34,102,44,0.25,0.4359,0.3178,0.7155,0.4315,0.5384
phase21_B_λ4,tcd_tile_1418,Northern Zanzibar-Inhambane coastal forest mosaic,African tropical forest,,3904,0.3507,1,39,1,38,0,0.0256,1.0,0.05,0.9796,0.0552,0.1046
phase21_B_λ4,tcd_tile_1419,,Other,,2880,0.3507,51,90,32,58,19,0.3556,0.6275,0.4539,0.7229,0.4148,0.5271
phase21_B_λ4,tcd_tile_1420,Madeira-Tapajós moist forests,Latin American forest,,2255,0.3507,1,545,1,544,0,0.0018,1.0,0.0037,0.9995,0.3278,0.4937
phase21_B_λ4,tcd_tile_1421,Central European mixed forests,European forest,,2308,0.3507,53,44,20,24,33,0.4545,0.3774,0.4124,0.7812,0.4762,0.5917
phase21_B_λ4,tcd_tile_1422,"Sao Tome, Principe and Annobon moist lowland forests",Other,,1670,0.3507,59,114,47,67,12,0.4123,0.7966,0.5434,0.938,0.3785,0.5393
phase21_B_λ4,tcd_tile_1423,North Central Rockies forests,N. American forest,,4089,0.3507,45,128,16,112,29,0.125,0.3556,0.185,0.9915,0.1865,0.3139
phase21_B_λ4,tcd_tile_1424,Sarmatic mixed forests,European forest,,2523,0.3507,7,4,3,1,4,0.75,0.4286,0.5455,0.9592,0.2415,0.3859
phase21_B_λ4,tcd_tile_1425,East European forest steppe,European forest,,3378,0.3507,23,52,10,42,13,0.1923,0.4348,0.2667,0.5218,0.1805,0.2682
phase21_B_λ4,tcd_tile_1426,Alps conifer and mixed forests,European forest,,4704,0.3507,3,4,0,4,3,0.0,0.0,0.0,0.0,0.0,0.0
phase21_B_λ4,tcd_tile_1427,Atlantic mixed forests,European forest,,3811,0.3507,2,0,0,0,2,0.0,0.0,0.0,0.0,0.0,0.0
phase21_B_λ4,tcd_tile_1428,Sulawesi lowland rain forests,SE Asian & Pacific rainforest,,2928,0.3507,70,711,40,671,30,0.0563,0.5714,0.1024,0.99,0.4293,0.5989
phase21_B_λ4,tcd_tile_1429,Luzon rain forests,SE Asian & Pacific rainforest,,2102,0.3507,47,202,3,199,44,0.0149,0.0638,0.0241,0.9856,0.0612,0.1152
phase21_B_λ4,tcd_tile_143,Northeastern coastal forests,N. American forest,,2507,0.3507,75,73,20,53,55,0.274,0.2667,0.2703,0.5035,0.2428,0.3276
phase21_B_λ4,tcd_tile_1430,Celtic broadleaf forests,European forest,,2685,0.3507,74,60,15,45,59,0.25,0.2027,0.2239,0.6305,0.0746,0.1334
phase21_B_λ4,tcd_tile_1431,Sarmatic mixed forests,European forest,,2871,0.3507,21,341,10,331,11,0.0293,0.4762,0.0552,0.9894,0.5097,0.6728
phase21_B_λ4,tcd_tile_1432,Sarmatic mixed forests,European forest,,2603,0.3507,0,3,0,3,0,0.0,0.0,0.0,0.0,0.0,0.0
phase21_B_λ4,tcd_tile_1433,Southern Korea evergreen forests,Other,,3236,0.3507,117,149,58,91,59,0.3893,0.4957,0.4361,0.8045,0.3879,0.5234
phase21_B_λ4,tcd_tile_1434,Uatuma-Trombetas moist forests,Latin American forest,,2160,0.3507,82,66,31,35,51,0.4697,0.378,0.4189,0.5517,0.3206,0.4056
phase21_B_λ4,tcd_tile_1435,Southeastern mixed forests,N. American forest,,3255,0.3507,3,3,2,1,1,0.6667,0.6667,0.6667,0.9947,0.0114,0.0225
phase21_B_λ4,tcd_tile_1436,Madeira-Tapajós moist forests,Latin American forest,,4860,0.3507,1,382,1,381,0,0.0026,1.0,0.0052,1.0,0.3231,0.4884
phase21_B_λ4,tcd_tile_1437,,Other,,3076,0.3507,0,41,0,41,0,0.0,0.0,0.0,0.0,0.0,0.0
phase21_B_λ4,tcd_tile_1438,Scandinavian and Russian taiga,Other,,199,0.3507,3,11,1,10,2,0.0909,0.3333,0.1429,0.2743,0.1264,0.173
phase21_B_λ4,tcd_tile_1439,Himalayan subtropical broadleaf forests,Other,,3900,0.3507,141,145,57,88,84,0.3931,0.4043,0.3986,0.8559,0.334,0.4805
phase21_B_λ4,tcd_tile_144,Greater Negros-Panay rain forests,SE Asian & Pacific rainforest,,3015,0.3507,43,669,24,645,19,0.0359,0.5581,0.0674,0.9813,0.4407,0.6082
phase21_B_λ4,tcd_tile_1440,Sumatran lowland rain forests,SE Asian & Pacific rainforest,,3498,0.3507,199,220,113,107,86,0.5136,0.5678,0.5394,0.7574,0.5305,0.6239
phase21_B_λ4,tcd_tile_1441,Changjiang Plain evergreen forests,Other,,2076,0.3507,16,23,0,23,16,0.0,0.0,0.0,0.0001,0.0,0.0
phase21_B_λ4,tcd_tile_1442,Magdalena Valley montane forests,Other,,3483,0.3507,100,90,45,45,55,0.5,0.45,0.4737,0.7281,0.3543,0.4766
phase21_B_λ4,tcd_tile_1443,Northwestern Andean montane forests,Latin American forest,,3461,0.3507,98,113,26,87,72,0.2301,0.2653,0.2464,0.3723,0.4241,0.3965
phase21_B_λ4,tcd_tile_1444,Mizoram-Manipur-Kachin rain forests,SE Asian & Pacific rainforest,,3799,0.3507,32,28,2,26,30,0.0714,0.0625,0.0667,0.9103,0.0456,0.0868
phase21_B_λ4,tcd_tile_1445,Palawan rain forests,SE Asian & Pacific rainforest,,3552,0.3507,117,333,54,279,63,0.1622,0.4615,0.24,0.8817,0.3485,0.4995
phase21_B_λ4,tcd_tile_1446,Changjiang Plain evergreen forests,Other,,3467,0.3507,69,34,6,28,63,0.1765,0.087,0.1165,0.2583,0.0838,0.1265
phase21_B_λ4,tcd_tile_1447,Upper Midwest forest-savanna transition,N. American forest,,3582,0.3507,50,101,25,76,25,0.2475,0.5,0.3311,0.9413,0.2007,0.3308
phase21_B_λ4,tcd_tile_1448,Baltic mixed forests,European forest,,2932,0.3507,45,37,6,31,39,0.1622,0.1333,0.1463,0.4315,0.0866,0.1442
phase21_B_λ4,tcd_tile_1449,Northern Zanzibar-Inhambane coastal forest mosaic,African tropical forest,,4816,0.3507,24,5,3,2,21,0.6,0.125,0.2069,0.6594,0.3733,0.4768
phase21_B_λ4,tcd_tile_145,Luzon rain forests,SE Asian & Pacific rainforest,,3862,0.3507,5,75,1,74,4,0.0133,0.2,0.025,1.0,0.034,0.0658
phase21_B_λ4,tcd_tile_1450,Veracruz moist forests,Other,,488,0.3507,403,166,153,13,250,0.9217,0.3797,0.5378,0.9092,0.4212,0.5757
phase21_B_λ4,tcd_tile_1451,Eastern Java-Bali rain forests,SE Asian & Pacific rainforest,,4877,0.3507,54,49,1,48,53,0.0204,0.0185,0.0194,0.0354,0.0069,0.0115
phase21_B_λ4,tcd_tile_1452,Central European mixed forests,European forest,,4238,0.3507,0,58,0,58,0,0.0,0.0,0.0,0.0,0.0,0.0
phase21_B_λ4,tcd_tile_1453,Hispaniolan moist forests,SE Asian & Pacific rainforest,,1784,0.3507,118,119,30,89,88,0.2521,0.2542,0.2532,0.1927,0.2297,0.2096
phase21_B_λ4,tcd_tile_1454,Sarmatic mixed forests,European forest,,1642,0.3507,2,5,1,4,1,0.2,0.5,0.2857,0.5192,0.1182,0.1926
phase21_B_λ4,tcd_tile_1455,Southern Zanzibar-Inhambane coastal forest mosaic,African tropical forest,,2976,0.3507,5,2,0,2,5,0.0,0.0,0.0,0.2497,0.4148,0.3118
phase21_B_λ4,tcd_tile_1456,Timor and Wetar deciduous forests,SE Asian & Pacific rainforest,,646,0.3507,174,188,96,92,78,0.5106,0.5517,0.5304,0.6155,0.408,0.4907
phase21_B_λ4,tcd_tile_1457,Northern Zanzibar-Inhambane coastal forest mosaic,African tropical forest,,4823,0.3507,328,844,192,652,136,0.2275,0.5854,0.3276,0.9087,0.5344,0.673
phase21_B_λ4,tcd_tile_1458,Middle Atlantic coastal forests,Other,,2727,0.3507,10,217,7,210,3,0.0323,0.7,0.0617,0.9019,0.2988,0.4489
phase21_B_λ4,tcd_tile_1459,Sierra Nevada forests,N. American forest,,1572,0.3507,3,2,0,2,3,0.0,0.0,0.0,0.0,0.0,0.0
phase21_B_λ4,tcd_tile_146,Madeira-Tapajós moist forests,Latin American forest,,4691,0.3507,1,601,1,600,0,0.0017,1.0,0.0033,1.0,0.4624,0.6324
phase21_B_λ4,tcd_tile_1460,East European forest steppe,European forest,,2948,0.3507,36,149,22,127,14,0.1477,0.6111,0.2378,0.9074,0.2656,0.411
phase21_B_λ4,tcd_tile_1461,Mindanao-Eastern Visayas rain forests,SE Asian & Pacific rainforest,,3242,0.3507,212,455,105,350,107,0.2308,0.4953,0.3148,0.7171,0.3003,0.4233
phase21_B_λ4,tcd_tile_1462,Appalachian-Blue Ridge forests,N. American forest,,1479,0.3507,11,41,7,34,4,0.1707,0.6364,0.2692,0.843,0.5867,0.6919
phase21_B_λ4,tcd_tile_1463,Cerrado,Latin American forest,,684,0.3507,0,1,0,1,0,0.0,0.0,0.0,0.0,0.0,0.0
phase21_B_λ4,tcd_tile_1464,Granitic Seychelles forests,Other,,2655,0.3507,197,549,134,415,63,0.2441,0.6802,0.3592,0.8274,0.4819,0.6091
phase21_B_λ4,tcd_tile_1465,North Central Rockies forests,N. American forest,,1496,0.3507,10,102,5,97,5,0.049,0.5,0.0893,0.999,0.2738,0.4298
phase21_B_λ4,tcd_tile_1466,Pontic steppe,Other,,550,0.3507,46,73,28,45,18,0.3836,0.6087,0.4706,0.7192,0.6101,0.6602
phase21_B_λ4,tcd_tile_1467,Northern Zanzibar-Inhambane coastal forest mosaic,African tropical forest,,1022,0.3507,179,269,93,176,86,0.3457,0.5196,0.4152,0.8462,0.4934,0.6233
phase21_B_λ4,tcd_tile_1468,Central European mixed forests,European forest,,2402,0.3507,98,160,49,111,49,0.3063,0.5,0.3798,0.8557,0.5292,0.6539
phase21_B_λ4,tcd_tile_1469,Mindanao-Eastern Visayas rain forests,SE Asian & Pacific rainforest,,3269,0.3507,69,50,14,36,55,0.28,0.2029,0.2353,0.7153,0.0822,0.1474
phase21_B_λ4,tcd_tile_147,Southern Great Lakes forests,N. American forest,,413,0.3507,47,110,20,90,27,0.1818,0.4255,0.2548,0.6207,0.3429,0.4417
phase21_B_λ4,tcd_tile_1470,Mindanao-Eastern Visayas rain forests,SE Asian & Pacific rainforest,,683,0.3507,67,228,31,197,36,0.136,0.4627,0.2102,0.9414,0.1805,0.303
phase21_B_λ4,tcd_tile_1471,Mato Grosso seasonal forests,Latin American forest,,2785,0.3507,24,54,20,34,4,0.3704,0.8333,0.5128,0.66,0.4259,0.5178
phase21_B_λ4,tcd_tile_1472,Himalayan subtropical broadleaf forests,Other,,4762,0.3507,34,21,15,6,19,0.7143,0.4412,0.5455,0.7251,0.5042,0.5948
phase21_B_λ4,tcd_tile_1473,Baltic mixed forests,European forest,,4725,0.3507,25,111,7,104,18,0.0631,0.28,0.1029,0.9983,0.0978,0.1781
phase21_B_λ4,tcd_tile_1474,Northern Zanzibar-Inhambane coastal forest mosaic,African tropical forest,,3423,0.3507,7,11,5,6,2,0.4545,0.7143,0.5556,0.7564,0.6619,0.706
phase21_B_λ4,tcd_tile_1475,Changjiang Plain evergreen forests,Other,,1858,0.3507,68,38,11,27,57,0.2895,0.1618,0.2075,0.6117,0.1348,0.2209
phase21_B_λ4,tcd_tile_1476,Western European broadleaf forests,European forest,,4980,0.3507,40,9,6,3,34,0.6667,0.15,0.2449,0.9832,0.0775,0.1436
phase21_B_λ4,tcd_tile_1477,Mindanao-Eastern Visayas rain forests,SE Asian & Pacific rainforest,,5009,0.3507,57,21,6,15,51,0.2857,0.1053,0.1538,0.6441,0.1325,0.2198
phase21_B_λ4,tcd_tile_1478,Celtic broadleaf forests,European forest,,3373,0.3507,40,50,13,37,27,0.26,0.325,0.2889,0.458,0.2516,0.3248
phase21_B_λ4,tcd_tile_1479,Central European mixed forests,European forest,,1064,0.3507,94,253,64,189,30,0.253,0.6809,0.3689,0.8523,0.3869,0.5322
phase21_B_λ4,tcd_tile_148,Timor and Wetar deciduous forests,SE Asian & Pacific rainforest,,837,0.3507,183,102,62,40,121,0.6078,0.3388,0.4351,0.6072,0.2039,0.3052
phase21_B_λ4,tcd_tile_1480,Central European mixed forests,European forest,,3921,0.3507,26,54,10,44,16,0.1852,0.3846,0.25,0.888,0.2729,0.4175
phase21_B_λ4,tcd_tile_1481,Tongan tropical moist forests,SE Asian & Pacific rainforest,,4199,0.3507,85,128,25,103,60,0.1953,0.2941,0.2347,0.8547,0.1204,0.211
phase21_B_λ4,tcd_tile_1482,Central U.S. hardwood forests,N. American forest,,919,0.3507,74,71,30,41,44,0.4225,0.4054,0.4138,0.6066,0.2736,0.3771
phase21_B_λ4,tcd_tile_1483,Southeastern mixed forests,N. American forest,,4390,0.3507,51,409,17,392,34,0.0416,0.3333,0.0739,0.9764,0.5065,0.667
phase21_B_λ4,tcd_tile_1484,Northern Zanzibar-Inhambane coastal forest mosaic,African tropical forest,,2451,0.3507,169,237,96,141,73,0.4051,0.568,0.4729,0.8103,0.4326,0.5641
phase21_B_λ4,tcd_tile_1485,Bolivian montane dry forests,Latin American forest,,3478,0.3507,14,109,10,99,4,0.0917,0.7143,0.1626,0.8339,0.1964,0.3179
phase21_B_λ4,tcd_tile_1486,Hispaniolan moist forests,SE Asian & Pacific rainforest,,2596,0.3507,52,93,15,78,37,0.1613,0.2885,0.2069,0.1508,0.3075,0.2023
phase21_B_λ4,tcd_tile_1487,Alps conifer and mixed forests,European forest,,4868,0.3507,5,23,3,20,2,0.1304,0.6,0.2143,0.8478,0.1316,0.2278
phase21_B_λ4,tcd_tile_1488,Himalayan subtropical broadleaf forests,Other,,4190,0.3507,138,509,55,454,83,0.1081,0.3986,0.17,0.948,0.4418,0.6027
phase21_B_λ4,tcd_tile_1489,Northern Congolian forest-savanna mosaic,African tropical forest,,1373,0.3507,98,88,59,29,39,0.6705,0.602,0.6344,0.7771,0.6219,0.6909
phase21_B_λ4,tcd_tile_149,East European forest steppe,European forest,,1822,0.3507,37,46,16,30,21,0.3478,0.4324,0.3855,0.9763,0.2107,0.3466
phase21_B_λ4,tcd_tile_1490,Western European broadleaf forests,European forest,,1755,0.3507,9,15,4,11,5,0.2667,0.4444,0.3333,0.9581,0.5913,0.7313
phase21_B_λ4,tcd_tile_1491,Western European broadleaf forests,European forest,,4849,0.3507,1,9,1,8,0,0.1111,1.0,0.2,0.9723,0.0214,0.0418
phase21_B_λ4,tcd_tile_1492,Pannonian mixed forests,European forest,,3162,0.3507,7,176,5,171,2,0.0284,0.7143,0.0546,0.9635,0.3298,0.4914
phase21_B_λ4,tcd_tile_1493,Central European mixed forests,European forest,,3667,0.3507,1,8,0,8,1,0.0,0.0,0.0,0.0,0.0,0.0
phase21_B_λ4,tcd_tile_1494,Taiheiyo evergreen forests,Other,,1459,0.3507,38,170,28,142,10,0.1647,0.7368,0.2692,0.8035,0.3855,0.521
phase21_B_λ4,tcd_tile_1495,Trans-Mexican Volcanic Belt pine-oak forests,Other,,2345,0.3507,136,170,63,107,73,0.3706,0.4632,0.4118,0.8267,0.3354,0.4772
phase21_B_λ4,tcd_tile_1496,Eastern Java-Bali rain forests,SE Asian & Pacific rainforest,,5021,0.3507,0,41,0,41,0,0.0,0.0,0.0,0.0,0.0,0.0
phase21_B_λ4,tcd_tile_1497,,Other,,42,0.3507,214,94,34,60,180,0.3617,0.1589,0.2208,0.8261,0.1529,0.258
phase21_B_λ4,tcd_tile_1498,,Other,,4057,0.3507,65,121,8,113,57,0.0661,0.1231,0.086,0.9307,0.1357,0.2369
phase21_B_λ4,tcd_tile_1499,Middle Atlantic coastal forests,Other,,3126,0.3507,52,105,20,85,32,0.1905,0.3846,0.2548,0.7509,0.2253,0.3466
phase21_B_λ4,tcd_tile_15,West Sudanian savanna,Arid / dryland,,287,0.3507,7,27,7,20,0,0.2593,1.0,0.4118,0.3872,0.6114,0.4741
phase21_B_λ4,tcd_tile_150,Atlantic mixed forests,European forest,,4723,0.3507,22,336,14,322,8,0.0417,0.6364,0.0782,0.9141,0.4505,0.6036
phase21_B_λ4,tcd_tile_1500,English Lowlands beech forests,European forest,,1511,0.3507,12,55,6,49,6,0.1091,0.5,0.1791,0.5801,0.583,0.5816
phase21_B_λ4,tcd_tile_1501,Ucayali moist forests,Latin American forest,,3883,0.3507,111,294,49,245,62,0.1667,0.4414,0.242,0.8367,0.1973,0.3193
phase21_B_λ4,tcd_tile_1502,Granitic Seychelles forests,Other,,2793,0.3507,0,267,0,267,0,0.0,0.0,0.0,0.0,0.0,0.0
phase21_B_λ4,tcd_tile_1503,Caucasus mixed forests,European forest,,3173,0.3507,72,0,0,0,72,0.0,0.0,0.0,0.0,0.0,0.0
phase21_B_λ4,tcd_tile_1504,Iberian sclerophyllous and semi-deciduous forests,Other,,824,0.3507,876,662,647,15,229,0.9773,0.7386,0.8414,0.8607,0.7663,0.8108
phase21_B_λ4,tcd_tile_1505,Cardamom Mountains rain forests,Other,,3551,0.3507,121,513,33,480,88,0.0643,0.2727,0.1041,0.9895,0.3757,0.5446
phase21_B_λ4,tcd_tile_1506,Crimean Submediterranean forest complex,Other,,3979,0.3507,106,265,66,199,40,0.2491,0.6226,0.3558,0.9456,0.4246,0.5861
phase21_B_λ4,tcd_tile_1507,Cerrado,Latin American forest,,132,0.3507,0,0,0,0,0,0.0,0.0,0.0,0.0,0.0,0.0
phase21_B_λ4,tcd_tile_1508,Northern Zanzibar-Inhambane coastal forest mosaic,African tropical forest,,4596,0.3507,196,240,145,95,51,0.6042,0.7398,0.6651,0.8663,0.6347,0.7326
phase21_B_λ4,tcd_tile_1509,Northeastern Spain and Southern France Mediterranean forests,Other,,1283,0.3507,79,68,34,34,45,0.5,0.4304,0.4626,0.7162,0.1457,0.2421
phase21_B_λ4,tcd_tile_1510,Celtic broadleaf forests,European forest,,4274,0.3507,20,25,1,24,19,0.04,0.05,0.0444,0.0938,0.199,0.1275
phase21_B_λ4,tcd_tile_1511,Atlantic mixed forests,European forest,,4545,0.3507,13,105,7,98,6,0.0667,0.5385,0.1186,0.8709,0.4343,0.5796
phase21_B_λ4,tcd_tile_1512,Sumatran lowland rain forests,SE Asian & Pacific rainforest,,419,0.3507,246,92,59,33,187,0.6413,0.2398,0.3491,0.555,0.1962,0.2899
phase21_B_λ4,tcd_tile_1513,Upper Midwest forest-savanna transition,N. American forest,,4478,0.3507,68,60,29,31,39,0.4833,0.4265,0.4531,0.8671,0.3133,0.4603
phase21_B_λ4,tcd_tile_1514,Atlantic mixed forests,European forest,,418,0.3507,47,55,24,31,23,0.4364,0.5106,0.4706,0.8946,0.3831,0.5364
phase21_B_λ4,tcd_tile_1515,Timor and Wetar deciduous forests,SE Asian & Pacific rainforest,,667,0.3507,11,55,3,52,8,0.0545,0.2727,0.0909,0.3371,0.287,0.3101
phase21_B_λ4,tcd_tile_1516,Timor and Wetar deciduous forests,SE Asian & Pacific rainforest,,4460,0.3507,174,147,81,66,93,0.551,0.4655,0.5047,0.7832,0.4243,0.5504
phase21_B_λ4,tcd_tile_1517,Bolivian montane dry forests,Latin American forest,,3794,0.3507,17,123,5,118,12,0.0407,0.2941,0.0714,0.9649,0.1154,0.2061
phase21_B_λ4,tcd_tile_1518,Palawan rain forests,SE Asian & Pacific rainforest,,1433,0.3507,5,57,2,55,3,0.0351,0.4,0.0645,0.2898,0.119,0.1687
phase21_B_λ4,tcd_tile_1519,Jalisco dry forests,Other,,3382,0.3507,29,26,13,13,16,0.5,0.4483,0.4727,0.6345,0.3496,0.4508
phase21_B_λ4,tcd_tile_152,Northern Zanzibar-Inhambane coastal forest mosaic,African tropical forest,,1947,0.3507,217,171,100,71,117,0.5848,0.4608,0.5155,0.773,0.3324,0.4649
phase21_B_λ4,tcd_tile_1520,East European forest steppe,European forest,,4905,0.3507,39,59,21,38,18,0.3559,0.5385,0.4286,0.3494,0.2852,0.3141
phase21_B_λ4,tcd_tile_1521,Sarmatic mixed forests,European forest,,2380,0.3507,49,202,36,166,13,0.1782,0.7347,0.2869,0.8075,0.2234,0.3499
phase21_B_λ4,tcd_tile_1522,Sri Lanka dry-zone dry evergreen forests,Other,,2040,0.3507,159,195,93,102,66,0.4769,0.5849,0.5254,0.8004,0.6963,0.7447
phase21_B_λ4,tcd_tile_1523,Northern Zanzibar-Inhambane coastal forest mosaic,African tropical forest,,1663,0.3507,176,77,39,38,137,0.5065,0.2216,0.3083,0.716,0.0855,0.1527
phase21_B_λ4,tcd_tile_1524,Northern California coastal forests,N. American forest,,3893,0.3507,7,13,4,9,3,0.3077,0.5714,0.4,0.7613,0.5996,0.6708
phase21_B_λ4,tcd_tile_1525,Mindanao-Eastern Visayas rain forests,SE Asian & Pacific rainforest,,3342,0.3507,20,712,15,697,5,0.0211,0.75,0.041,0.9058,0.4242,0.5778
phase21_B_λ4,tcd_tile_1526,Madeira-Tapajós moist forests,Latin American forest,,2798,0.3507,11,393,6,387,5,0.0153,0.5455,0.0297,0.9073,0.3042,0.4556
phase21_B_λ4,tcd_tile_1527,Ucayali moist forests,Latin American forest,,3085,0.3507,2,240,2,238,0,0.0083,1.0,0.0165,0.9567,0.3326,0.4936
phase21_B_λ4,tcd_tile_1528,Luzon rain forests,SE Asian & Pacific rainforest,,3157,0.3507,104,147,58,89,46,0.3946,0.5577,0.4622,0.7086,0.5177,0.5983
phase21_B_λ4,tcd_tile_1529,Sulawesi lowland rain forests,SE Asian & Pacific rainforest,,2318,0.3507,26,47,9,38,17,0.1915,0.3462,0.2466,0.9538,0.0795,0.1468
phase21_B_λ4,tcd_tile_153,Northern Zanzibar-Inhambane coastal forest mosaic,African tropical forest,,3099,0.3507,342,278,198,80,144,0.7122,0.5789,0.6387,0.7921,0.4362,0.5626
phase21_B_λ4,tcd_tile_1530,East European forest steppe,European forest,,167,0.3507,16,769,2,767,14,0.0026,0.125,0.0051,0.9975,0.3229,0.4879
phase21_B_λ4,tcd_tile_1531,Sulawesi lowland rain forests,SE Asian & Pacific rainforest,,4309,0.3507,336,208,86,122,250,0.4135,0.256,0.3162,0.5657,0.4425,0.4966
phase21_B_λ4,tcd_tile_1532,Balkan mixed forests,European forest,,3891,0.3507,1,75,1,74,0,0.0133,1.0,0.0263,0.9689,0.1121,0.2009
phase21_B_λ4,tcd_tile_1533,Western Java rain forests,Other,,389,0.3507,64,148,19,129,45,0.1284,0.2969,0.1792,0.2348,0.4422,0.3067
phase21_B_λ4,tcd_tile_1534,Northern Zanzibar-Inhambane coastal forest mosaic,African tropical forest,,112,0.3507,112,83,32,51,80,0.3855,0.2857,0.3282,0.9586,0.094,0.1712
phase21_B_λ4,tcd_tile_1535,Central European mixed forests,European forest,,1178,0.3507,70,75,25,50,45,0.3333,0.3571,0.3448,0.9052,0.4862,0.6326
phase21_B_λ4,tcd_tile_1536,East European forest steppe,European forest,,2535,0.3507,30,70,14,56,16,0.2,0.4667,0.28,0.7546,0.1921,0.3063
phase21_B_λ4,tcd_tile_1537,Sierra Nevada forests,N. American forest,,133,0.3507,102,85,73,12,29,0.8588,0.7157,0.7807,0.8779,0.6523,0.7485
phase21_B_λ4,tcd_tile_1538,,Other,,2069,0.3507,0,7,0,7,0,0.0,0.0,0.0,0.0,0.0,0.0
phase21_B_λ4,tcd_tile_1539,Southeastern mixed forests,N. American forest,,2226,0.3507,6,56,6,50,0,0.1071,1.0,0.1935,0.8469,0.3504,0.4957
phase21_B_λ4,tcd_tile_1540,Sarmatic mixed forests,European forest,,831,0.3507,212,175,76,99,136,0.4343,0.3585,0.3928,0.5746,0.5238,0.548
phase21_B_λ4,tcd_tile_1541,Balkan mixed forests,European forest,,1614,0.3507,64,82,29,53,35,0.3537,0.4531,0.3973,0.8544,0.5018,0.6323
phase21_B_λ4,tcd_tile_1542,Fiji tropical dry forests,Other,,2043,0.3507,61,259,40,219,21,0.1544,0.6557,0.25,0.7809,0.1466,0.2468
phase21_B_λ4,tcd_tile_1543,Vanuatu rain forests,Other,,3184,0.3507,10,25,4,21,6,0.16,0.4,0.2286,0.5488,0.0059,0.0117
phase21_B_λ4,tcd_tile_1544,Sierra Nevada forests,N. American forest,,2211,0.3507,243,136,78,58,165,0.5735,0.321,0.4116,0.8387,0.329,0.4726
phase21_B_λ4,tcd_tile_1545,Madeira-Tapajós moist forests,Latin American forest,,3999,0.3507,2,578,2,576,0,0.0035,1.0,0.0069,0.994,0.4407,0.6107
phase21_B_λ4,tcd_tile_1546,Northern Zanzibar-Inhambane coastal forest mosaic,African tropical forest,,1123,0.3507,140,343,106,237,34,0.309,0.7571,0.4389,0.7776,0.4111,0.5378
phase21_B_λ4,tcd_tile_1547,Trans-Mexican Volcanic Belt pine-oak forests,Other,,3156,0.3507,160,285,98,187,62,0.3439,0.6125,0.4404,0.5298,0.4415,0.4817
phase21_B_λ4,tcd_tile_1548,Appalachian mixed mesophytic forests,Other,,2367,0.3507,8,217,2,215,6,0.0092,0.25,0.0178,0.8736,0.3647,0.5146
phase21_B_λ4,tcd_tile_1549,Northern Zanzibar-Inhambane coastal forest mosaic,African tropical forest,,3887,0.3507,145,273,121,152,24,0.4432,0.8345,0.5789,0.9146,0.5705,0.7027
phase21_B_λ4,tcd_tile_155,Western European broadleaf forests,European forest,,0,0.3507,48,41,14,27,34,0.3415,0.2917,0.3146,0.6999,0.5364,0.6073
phase21_B_λ4,tcd_tile_1550,Nigerian lowland forests,African tropical forest,,4586,0.3507,0,127,0,127,0,0.0,0.0,0.0,0.0,0.0,0.0
phase21_B_λ4,tcd_tile_1551,Mindanao-Eastern Visayas rain forests,SE Asian & Pacific rainforest,,3530,0.3507,101,269,53,216,48,0.197,0.5248,0.2865,0.9142,0.1517,0.2602
phase21_B_λ4,tcd_tile_1552,Northern Zanzibar-Inhambane coastal forest mosaic,African tropical forest,,4093,0.3507,94,34,28,6,66,0.8235,0.2979,0.4375,0.9144,0.2681,0.4146
phase21_B_λ4,tcd_tile_1553,Balsas dry forests,Other,,3490,0.3507,527,76,38,38,489,0.5,0.0721,0.126,0.6914,0.0664,0.1211
phase21_B_λ4,tcd_tile_1554,Southern Great Lakes forests,N. American forest,,2176,0.3507,4,209,4,205,0,0.0191,1.0,0.0376,0.3427,0.6467,0.448
phase21_B_λ4,tcd_tile_1555,Southern Zanzibar-Inhambane coastal forest mosaic,African tropical forest,,1673,0.3507,83,33,23,10,60,0.697,0.2771,0.3966,0.9161,0.2322,0.3705
phase21_B_λ4,tcd_tile_1556,East European forest steppe,European forest,,879,0.3507,8,53,5,48,3,0.0943,0.625,0.1639,0.6822,0.5393,0.6024
phase21_B_λ4,tcd_tile_1557,Central European mixed forests,European forest,,4693,0.3507,77,177,40,137,37,0.226,0.5195,0.315,0.4424,0.396,0.418
phase21_B_λ4,tcd_tile_1558,Southeastern mixed forests,N. American forest,,4521,0.3507,2,253,2,251,0,0.0079,1.0,0.0157,0.9309,0.5536,0.6943
phase21_B_λ4,tcd_tile_1559,,Other,,1744,0.3507,2,44,1,43,1,0.0227,0.5,0.0435,0.4149,0.0448,0.0808
phase21_B_λ4,tcd_tile_156,Mindanao-Eastern Visayas rain forests,SE Asian & Pacific rainforest,,1505,0.3507,56,282,29,253,27,0.1028,0.5179,0.1716,0.8588,0.2868,0.43
phase21_B_λ4,tcd_tile_1560,Bolivian montane dry forests,Latin American forest,,4676,0.3507,0,9,0,9,0,0.0,0.0,0.0,0.0,0.0,0.0
phase21_B_λ4,tcd_tile_1561,Pannonian mixed forests,European forest,,3918,0.3507,2,495,2,493,0,0.004,1.0,0.008,0.9976,0.3738,0.5438
phase21_B_λ4,tcd_tile_1562,Tongan tropical moist forests,SE Asian & Pacific rainforest,,4206,0.3507,114,245,38,207,76,0.1551,0.3333,0.2117,0.7802,0.1314,0.2249
phase21_B_λ4,tcd_tile_1563,Eastern forest-boreal transition,Other,,1635,0.3507,2,996,2,994,0,0.002,1.0,0.004,0.9929,0.4067,0.577
phase21_B_λ4,tcd_tile_1564,Eastern Java-Bali rain forests,SE Asian & Pacific rainforest,,5027,0.3507,73,85,13,72,60,0.1529,0.1781,0.1646,0.5802,0.2701,0.3686
phase21_B_λ4,tcd_tile_1565,Mindanao-Eastern Visayas rain forests,SE Asian & Pacific rainforest,,1524,0.3507,92,23,8,15,84,0.3478,0.087,0.1391,0.5171,0.063,0.1123
phase21_B_λ4,tcd_tile_1566,Hispaniolan moist forests,SE Asian & Pacific rainforest,,4495,0.3507,8,57,5,52,3,0.0877,0.625,0.1538,0.0491,0.3902,0.0873
phase21_B_λ4,tcd_tile_1567,Central Andean dry puna,Other,,363,0.3507,0,21,0,21,0,0.0,0.0,0.0,0.0,0.0,0.0
phase21_B_λ4,tcd_tile_1568,Northern Zanzibar-Inhambane coastal forest mosaic,African tropical forest,,2259,0.3507,169,131,81,50,88,0.6183,0.4793,0.54,0.8609,0.4934,0.6273
phase21_B_λ4,tcd_tile_1569,English Lowlands beech forests,European forest,,2708,0.3507,3,26,2,24,1,0.0769,0.6667,0.1379,0.9819,0.0604,0.1139
phase21_B_λ4,tcd_tile_157,Northern Zanzibar-Inhambane coastal forest mosaic,African tropical forest,,1645,0.3507,111,212,50,162,61,0.2358,0.4505,0.3096,0.941,0.3683,0.5294
phase21_B_λ4,tcd_tile_1570,Southeastern mixed forests,N. American forest,,4365,0.3507,46,43,11,32,35,0.2558,0.2391,0.2472,0.6161,0.4065,0.4898
phase21_B_λ4,tcd_tile_1571,North Island temperate forests,Other,,1134,0.3507,7,15,4,11,3,0.2667,0.5714,0.3636,0.9547,0.1612,0.2758
phase21_B_λ4,tcd_tile_1572,Western European broadleaf forests,European forest,,138,0.3507,4,14,1,13,3,0.0714,0.25,0.1111,0.2248,0.1622,0.1884
phase21_B_λ4,tcd_tile_1573,Central Indochina dry forests,Other,,4775,0.3507,139,664,79,585,60,0.119,0.5683,0.1968,0.9247,0.4659,0.6196
phase21_B_λ4,tcd_tile_1574,Changjiang Plain evergreen forests,Other,,3117,0.3507,14,24,6,18,8,0.25,0.4286,0.3158,0.0883,0.2034,0.1231
phase21_B_λ4,tcd_tile_1575,New England-Acadian forests,N. American forest,,3024,0.3507,9,75,1,74,8,0.0133,0.1111,0.0238,0.9803,0.1255,0.2225
phase21_B_λ4,tcd_tile_1576,Taiheiyo evergreen forests,Other,,72,0.3507,18,29,8,21,10,0.2759,0.4444,0.3404,0.4378,0.0705,0.1214
phase21_B_λ4,tcd_tile_1577,Central Indochina dry forests,Other,,4732,0.3507,83,225,46,179,37,0.2044,0.5542,0.2987,0.7929,0.4412,0.567
phase21_B_λ4,tcd_tile_1578,Hispaniolan dry forests,Other,,4767,0.3507,85,152,55,97,30,0.3618,0.6471,0.4641,0.6107,0.6909,0.6484
phase21_B_λ4,tcd_tile_1579,Madeira-Tapajós moist forests,Latin American forest,,4170,0.3507,15,922,10,912,5,0.0108,0.6667,0.0213,0.9867,0.5235,0.6841
phase21_B_λ4,tcd_tile_158,Sierra Nevada forests,N. American forest,,1484,0.3507,96,103,50,53,46,0.4854,0.5208,0.5025,0.8442,0.2087,0.3347
phase21_B_λ4,tcd_tile_1580,Bahamian pine mosaic,Other,,4972,0.3507,1,62,0,62,1,0.0,0.0,0.0,0.0004,0.0893,0.0007
phase21_B_λ4,tcd_tile_1581,Central European mixed forests,European forest,,3289,0.3507,122,92,46,46,76,0.5,0.377,0.4299,0.8267,0.1518,0.2565
phase21_B_λ4,tcd_tile_1582,English Lowlands beech forests,European forest,,3338,0.3507,11,36,3,33,8,0.0833,0.2727,0.1277,0.0693,0.3299,0.1145
phase21_B_λ4,tcd_tile_1583,Western European broadleaf forests,European forest,,1384,0.3507,28,117,21,96,7,0.1795,0.75,0.2897,0.6858,0.6149,0.6484
phase21_B_λ4,tcd_tile_1584,Taiheiyo evergreen forests,Other,,2495,0.3507,122,429,47,382,75,0.1096,0.3852,0.1706,0.9056,0.4197,0.5736
phase21_B_λ4,tcd_tile_1585,California interior chaparral and woodlands,Other,,937,0.3507,10,1,1,0,9,1.0,0.1,0.1818,1.0,0.0015,0.0031
phase21_B_λ4,tcd_tile_1586,Lesser Sundas deciduous forests,SE Asian & Pacific rainforest,,1557,0.3507,147,304,89,215,58,0.2928,0.6054,0.3947,0.2932,0.4456,0.3536
phase21_B_λ4,tcd_tile_1587,Hispaniolan moist forests,SE Asian & Pacific rainforest,,3313,0.3507,53,134,20,114,33,0.1493,0.3774,0.2139,0.1895,0.443,0.2655
phase21_B_λ4,tcd_tile_1588,Madeira-Tapajós moist forests,Latin American forest,,2233,0.3507,286,520,14,506,272,0.0269,0.049,0.0347,0.9874,0.3018,0.4623
phase21_B_λ4,tcd_tile_1589,English Lowlands beech forests,European forest,,781,0.3507,12,79,8,71,4,0.1013,0.6667,0.1758,0.9306,0.2251,0.3625
phase21_B_λ4,tcd_tile_1590,Baltic mixed forests,European forest,,1923,0.3507,1,60,1,59,0,0.0167,1.0,0.0328,0.9732,0.334,0.4973
phase21_B_λ4,tcd_tile_1591,Western European broadleaf forests,European forest,,5015,0.3507,10,7,5,2,5,0.7143,0.5,0.5882,0.8729,0.0395,0.0756
phase21_B_λ4,tcd_tile_1592,Palawan rain forests,SE Asian & Pacific rainforest,,4232,0.3507,43,454,11,443,32,0.0242,0.2558,0.0443,0.9741,0.2935,0.4511
phase21_B_λ4,tcd_tile_1593,Eastern Cordillera real montane forests,Other,,2138,0.3507,9,169,5,164,4,0.0296,0.5556,0.0562,0.7194,0.1471,0.2443
phase21_B_λ4,tcd_tile_1594,Scandinavian Montane Birch forest and grasslands,Other,,981,0.3507,205,12,5,7,200,0.4167,0.0244,0.0461,0.6321,0.0467,0.087
phase21_B_λ4,tcd_tile_1595,Western Java rain forests,Other,,4500,0.3507,297,279,141,138,156,0.5054,0.4747,0.4896,0.8404,0.4501,0.5863
phase21_B_λ4,tcd_tile_1596,Veracruz moist forests,Other,,2327,0.3507,83,252,27,225,56,0.1071,0.3253,0.1612,0.942,0.2493,0.3943
phase21_B_λ4,tcd_tile_1597,Caucasus mixed forests,European forest,,272,0.3507,111,6,5,1,106,0.8333,0.045,0.0855,0.607,0.0148,0.029
phase21_B_λ4,tcd_tile_1598,Balkan mixed forests,European forest,,650,0.3507,1,35,0,35,1,0.0,0.0,0.0,0.0,0.0,0.0
phase21_B_λ4,tcd_tile_1599,Mindanao-Eastern Visayas rain forests,SE Asian & Pacific rainforest,,2387,0.3507,41,39,8,31,33,0.2051,0.1951,0.2,0.859,0.17,0.2838
phase21_B_λ4,tcd_tile_16,West Sudanian savanna,Arid / dryland,,1126,0.3507,172,143,94,49,78,0.6573,0.5465,0.5968,0.8561,0.6165,0.7168
phase21_B_λ4,tcd_tile_1600,Rodope montane mixed forests,European forest,,4954,0.3507,182,283,75,208,107,0.265,0.4121,0.3226,0.8705,0.3939,0.5424
phase21_B_λ4,tcd_tile_1601,Sulawesi lowland rain forests,SE Asian & Pacific rainforest,,4449,0.3507,69,383,30,353,39,0.0783,0.4348,0.1327,0.9051,0.236,0.3744
phase21_B_λ4,tcd_tile_1602,,Other,,1010,0.3507,20,22,5,17,15,0.2273,0.25,0.2381,0.3771,0.2672,0.3128
phase21_B_λ4,tcd_tile_1603,Pannonian mixed forests,European forest,,1510,0.3507,42,158,13,145,29,0.0823,0.3095,0.13,0.9395,0.2625,0.4104
phase21_B_λ4,tcd_tile_1604,Mindanao-Eastern Visayas rain forests,SE Asian & Pacific rainforest,,4160,0.3507,8,249,5,244,3,0.0201,0.625,0.0389,0.8552,0.1192,0.2092
phase21_B_λ4,tcd_tile_1605,Hokkaido deciduous forests,Other,,3836,0.3507,2,516,2,514,0,0.0039,1.0,0.0077,0.9901,0.4863,0.6522
phase21_B_λ4,tcd_tile_1606,Madeira-Tapajós moist forests,Latin American forest,,1450,0.3507,2,734,2,732,0,0.0027,1.0,0.0054,0.9959,0.3824,0.5526
phase21_B_λ4,tcd_tile_1607,Northern Zanzibar-Inhambane coastal forest mosaic,African tropical forest,,1712,0.3507,70,81,41,40,29,0.5062,0.5857,0.543,0.7391,0.4968,0.5942
phase21_B_λ4,tcd_tile_1608,Eastern Great Lakes lowland forests,N. American forest,,1480,0.3507,11,25,5,20,6,0.2,0.4545,0.2778,0.0931,0.7286,0.1651
phase21_B_λ4,tcd_tile_1609,Nigerian lowland forests,African tropical forest,,4742,0.3507,24,104,9,95,15,0.0865,0.375,0.1406,0.0851,0.1291,0.1026
phase21_B_λ4,tcd_tile_161,Northern Zanzibar-Inhambane coastal forest mosaic,African tropical forest,,4025,0.3507,75,73,54,19,21,0.7397,0.72,0.7297,0.7258,0.606,0.6605
phase21_B_λ4,tcd_tile_1610,Southeastern mixed forests,N. American forest,,1495,0.3507,4,215,4,211,0,0.0186,1.0,0.0365,0.9109,0.451,0.6033
phase21_B_λ4,tcd_tile_1611,Eastern Australian temperate forests,Other,,4066,0.3507,152,29,17,12,135,0.5862,0.1118,0.1878,0.8005,0.0858,0.1549
phase21_B_λ4,tcd_tile_1612,Lesser Sundas deciduous forests,SE Asian & Pacific rainforest,,1407,0.3507,68,308,26,282,42,0.0844,0.3824,0.1383,0.6292,0.2079,0.3125
phase21_B_λ4,tcd_tile_1613,Eastern Guinean forests,African tropical forest,,2722,0.3507,64,18,10,8,54,0.5556,0.1562,0.2439,0.6045,0.0876,0.1531
phase21_B_λ4,tcd_tile_1614,Nihonkai montane deciduous forests,Other,,4942,0.3507,5,29,2,27,3,0.069,0.4,0.1176,0.9998,0.0182,0.0357
phase21_B_λ4,tcd_tile_1615,Southern Pacific dry forests,Other,,1462,0.3507,60,306,31,275,29,0.1013,0.5167,0.1694,0.9338,0.3032,0.4577
phase21_B_λ4,tcd_tile_1616,Hispaniolan moist forests,SE Asian & Pacific rainforest,,4295,0.3507,126,203,66,137,60,0.3251,0.5238,0.4012,0.3227,0.5993,0.4195
phase21_B_λ4,tcd_tile_1617,Sarmatic mixed forests,European forest,,2692,0.3507,29,167,14,153,15,0.0838,0.4828,0.1429,0.9001,0.3125,0.464
phase21_B_λ4,tcd_tile_1618,Alps conifer and mixed forests,European forest,,4439,0.3507,1,16,1,15,0,0.0625,1.0,0.1176,0.9489,0.0285,0.0553
phase21_B_λ4,tcd_tile_1619,Western Java rain forests,Other,,342,0.3507,86,122,54,68,32,0.4426,0.6279,0.5192,0.8104,0.7409,0.7741
phase21_B_λ4,tcd_tile_162,Eastern Java-Bali rain forests,SE Asian & Pacific rainforest,,4910,0.3507,152,285,58,227,94,0.2035,0.3816,0.2654,0.8281,0.1954,0.3162
phase21_B_λ4,tcd_tile_1620,Vanuatu rain forests,Other,,2363,0.3507,23,21,3,18,20,0.1429,0.1304,0.1364,0.0506,0.0574,0.0538
phase21_B_λ4,tcd_tile_1621,Sarmatic mixed forests,European forest,,3750,0.3507,40,301,29,272,11,0.0963,0.725,0.1701,0.6589,0.3406,0.4491
phase21_B_λ4,tcd_tile_1622,Po Basin mixed forests,Other,,4887,0.3507,5,39,4,35,1,0.1026,0.8,0.1818,0.071,0.9709,0.1324
phase21_B_λ4,tcd_tile_1623,Eastern Guinean forests,African tropical forest,,1615,0.3507,40,88,5,83,35,0.0568,0.125,0.0781,0.9459,0.1486,0.2568
phase21_B_λ4,tcd_tile_1624,"Sao Tome, Principe and Annobon moist lowland forests",Other,,1475,0.3507,139,275,97,178,42,0.3527,0.6978,0.4686,0.8214,0.5201,0.637
phase21_B_λ4,tcd_tile_1625,Sarmatic mixed forests,European forest,,1303,0.3507,116,101,33,68,83,0.3267,0.2845,0.3041,0.6968,0.3066,0.4258
phase21_B_λ4,tcd_tile_1626,Vanuatu rain forests,Other,,2285,0.3507,57,380,27,353,30,0.0711,0.4737,0.1236,0.9477,0.2951,0.45
phase21_B_λ4,tcd_tile_1627,Sierra Nevada forests,N. American forest,,3640,0.3507,74,24,20,4,54,0.8333,0.2703,0.4082,0.8323,0.235,0.3666
phase21_B_λ4,tcd_tile_1628,Cerrado,Latin American forest,,256,0.3507,2,17,2,15,0,0.1176,1.0,0.2105,0.3432,0.8813,0.494
phase21_B_λ4,tcd_tile_1629,Southern Great Lakes forests,N. American forest,,961,0.3507,16,31,4,27,12,0.129,0.25,0.1702,0.1439,0.1862,0.1623
phase21_B_λ4,tcd_tile_1630,Eastern Java-Bali rain forests,SE Asian & Pacific rainforest,,4891,0.3507,21,175,3,172,18,0.0171,0.1429,0.0306,0.9667,0.1456,0.2531
phase21_B_λ4,tcd_tile_1631,Sulawesi lowland rain forests,SE Asian & Pacific rainforest,,4107,0.3507,65,49,15,34,50,0.3061,0.2308,0.2632,0.4926,0.2835,0.3599
phase21_B_λ4,tcd_tile_1632,Northern Zanzibar-Inhambane coastal forest mosaic,African tropical forest,,178,0.3507,103,557,63,494,40,0.1131,0.6117,0.1909,0.9569,0.4658,0.6266
phase21_B_λ4,tcd_tile_1633,Hokkaido deciduous forests,Other,,3556,0.3507,1,2,0,2,1,0.0,0.0,0.0,0.0,0.0,0.0
phase21_B_λ4,tcd_tile_1634,Central European mixed forests,European forest,,1289,0.3507,30,158,21,137,9,0.1329,0.7,0.2234,0.8321,0.2519,0.3867
phase21_B_λ4,tcd_tile_1635,Celtic broadleaf forests,European forest,,2278,0.3507,32,27,18,9,14,0.6667,0.5625,0.6102,0.8317,0.5011,0.6254
phase21_B_λ4,tcd_tile_1636,Bolivian montane dry forests,Latin American forest,,4422,0.3507,0,78,0,78,0,0.0,0.0,0.0,0.0,0.0,0.0
phase21_B_λ4,tcd_tile_1637,South Central Rockies forests,Other,,4757,0.3507,74,211,65,146,9,0.3081,0.8784,0.4561,0.3966,0.5901,0.4744
phase21_B_λ4,tcd_tile_1638,Magdalena Valley montane forests,Other,,2016,0.3507,72,105,34,71,38,0.3238,0.4722,0.3842,0.7104,0.4343,0.539
phase21_B_λ4,tcd_tile_1639,Central European mixed forests,European forest,,3402,0.3507,36,49,13,36,23,0.2653,0.3611,0.3059,0.3133,0.1425,0.1959
phase21_B_λ4,tcd_tile_164,Hispaniolan moist forests,SE Asian & Pacific rainforest,,976,0.3507,14,11,4,7,10,0.3636,0.2857,0.32,0.371,0.1639,0.2273
phase21_B_λ4,tcd_tile_1640,Changjiang Plain evergreen forests,Other,,4516,0.3507,123,160,63,97,60,0.3937,0.5122,0.4452,0.8804,0.3657,0.5168
phase21_B_λ4,tcd_tile_1641,Mindanao-Eastern Visayas rain forests,SE Asian & Pacific rainforest,,3254,0.3507,32,426,12,414,20,0.0282,0.375,0.0524,0.9903,0.1846,0.3112
phase21_B_λ4,tcd_tile_1642,Central European mixed forests,European forest,,2220,0.3507,61,63,30,33,31,0.4762,0.4918,0.4839,0.4826,0.6081,0.5382
phase21_B_λ4,tcd_tile_1643,Sierra Nevada forests,N. American forest,,2346,0.3507,30,61,19,42,11,0.3115,0.6333,0.4176,0.8909,0.2123,0.3429
phase21_B_λ4,tcd_tile_1644,Luzon rain forests,SE Asian & Pacific rainforest,,531,0.3507,2,220,2,218,0,0.0091,1.0,0.018,0.9042,0.1785,0.2981
phase21_B_λ4,tcd_tile_1645,Southern Zanzibar-Inhambane coastal forest mosaic,African tropical forest,,4181,0.3507,243,85,65,20,178,0.7647,0.2675,0.3963,0.9229,0.3618,0.5198
phase21_B_λ4,tcd_tile_1646,Northern Zanzibar-Inhambane coastal forest mosaic,African tropical forest,,4372,0.3507,179,263,98,165,81,0.3726,0.5475,0.4434,0.9228,0.2833,0.4335
phase21_B_λ4,tcd_tile_1647,Petén-Veracruz moist forests,Latin American forest,,3316,0.3507,61,60,25,35,36,0.4167,0.4098,0.4132,0.8082,0.4137,0.5473
phase21_B_λ4,tcd_tile_1648,Changjiang Plain evergreen forests,Other,,3712,0.3507,23,45,21,24,2,0.4667,0.913,0.6176,0.4326,0.8817,0.5805
phase21_B_λ4,tcd_tile_1649,Granitic Seychelles forests,Other,,983,0.3507,15,509,11,498,4,0.0216,0.7333,0.042,0.985,0.2536,0.4034
phase21_B_λ4,tcd_tile_165,Central European mixed forests,European forest,,2803,0.3507,52,136,28,108,24,0.2059,0.5385,0.2979,0.7909,0.535,0.6382
phase21_B_λ4,tcd_tile_1650,Sarmatic mixed forests,European forest,,216,0.3507,3,20,2,18,1,0.1,0.6667,0.1739,0.3645,0.0491,0.0865
phase21_B_λ4,tcd_tile_1651,Western Guinean lowland forests,African tropical forest,,3219,0.3507,77,50,31,19,46,0.62,0.4026,0.4882,0.6581,0.3059,0.4177
phase21_B_λ4,tcd_tile_1652,Tigris-Euphrates alluvial salt marsh,Other,,634,0.3507,10,97,6,91,4,0.0619,0.6,0.1121,0.1947,0.6797,0.3027
phase21_B_λ4,tcd_tile_1653,Northern Zanzibar-Inhambane coastal forest mosaic,African tropical forest,,3334,0.3507,80,11,10,1,70,0.9091,0.125,0.2198,0.8467,0.2147,0.3425
phase21_B_λ4,tcd_tile_1654,Northeastern coastal forests,N. American forest,,4166,0.3507,11,21,1,20,10,0.0476,0.0909,0.0625,0.1149,0.1184,0.1166
phase21_B_λ4,tcd_tile_1655,Atlantic mixed forests,European forest,,4272,0.3507,11,271,5,266,6,0.0185,0.4545,0.0355,0.9757,0.4797,0.6432
phase21_B_λ4,tcd_tile_1656,Greater Negros-Panay rain forests,SE Asian & Pacific rainforest,,2085,0.3507,52,181,9,172,43,0.0497,0.1731,0.0773,0.9354,0.2939,0.4473
phase21_B_λ4,tcd_tile_1657,Caucasus mixed forests,European forest,,2947,0.3507,10,0,0,0,10,0.0,0.0,0.0,0.0,0.0,0.0
phase21_B_λ4,tcd_tile_1658,Valdivian temperate forests,Other,,1487,0.3507,242,97,46,51,196,0.4742,0.1901,0.2714,0.5418,0.3125,0.3964
phase21_B_λ4,tcd_tile_1659,Caucasus mixed forests,European forest,,3081,0.3507,2,0,0,0,2,0.0,0.0,0.0,0.0,0.0,0.0
phase21_B_λ4,tcd_tile_1660,Southeastern mixed forests,N. American forest,,4157,0.3507,92,37,20,17,72,0.5405,0.2174,0.3101,0.8453,0.188,0.3076
phase21_B_λ4,tcd_tile_1661,Southeastern mixed forests,N. American forest,,4755,0.3507,14,39,5,34,9,0.1282,0.3571,0.1887,0.181,0.8486,0.2983
phase21_B_λ4,tcd_tile_1662,Eastern Guinean forests,African tropical forest,,1515,0.3507,3,11,2,9,1,0.1818,0.6667,0.2857,0.4251,0.7814,0.5506
phase21_B_λ4,tcd_tile_1663,Southern Great Lakes forests,N. American forest,,4016,0.3507,46,35,7,28,39,0.2,0.1522,0.1728,0.9394,0.0629,0.1178
phase21_B_λ4,tcd_tile_1664,Bahia coastal forests,Latin American forest,,1671,0.3507,5,295,3,292,2,0.0102,0.6,0.02,0.9999,0.2622,0.4155
phase21_B_λ4,tcd_tile_1665,Atlantic dry forests,Other,,415,0.3507,349,181,146,35,203,0.8066,0.4183,0.5509,0.8787,0.6257,0.7309
phase21_B_λ4,tcd_tile_1666,Western Java rain forests,Other,,1189,0.3507,313,284,132,152,181,0.4648,0.4217,0.4422,0.8074,0.5176,0.6308
phase21_B_λ4,tcd_tile_1667,Balkan mixed forests,European forest,,475,0.3507,120,109,47,62,73,0.4312,0.3917,0.4105,0.7124,0.4161,0.5253
phase21_B_λ4,tcd_tile_1668,Sulawesi lowland rain forests,SE Asian & Pacific rainforest,,4497,0.3507,247,287,134,153,113,0.4669,0.5425,0.5019,0.6435,0.5013,0.5635
phase21_B_λ4,tcd_tile_1669,Northeastern coastal forests,N. American forest,,3783,0.3507,3,248,2,246,1,0.0081,0.6667,0.0159,0.9991,0.2666,0.4209
phase21_B_λ4,tcd_tile_167,Celtic broadleaf forests,European forest,,2190,0.3507,4,24,3,21,1,0.125,0.75,0.2143,0.9475,0.1096,0.1965
phase21_B_λ4,tcd_tile_1670,Northern Anatolian conifer and deciduous forests,Other,,1700,0.3507,40,89,30,59,10,0.3371,0.75,0.4651,0.7118,0.2141,0.3292
phase21_B_λ4,tcd_tile_1671,Scandinavian coastal conifer forests,Other,,3905,0.3507,27,189,17,172,10,0.0899,0.6296,0.1574,0.6136,0.2656,0.3708
phase21_B_λ4,tcd_tile_1672,New England-Acadian forests,N. American forest,,4163,0.3507,8,258,6,252,2,0.0233,0.75,0.0451,0.9545,0.3954,0.5591
phase21_B_λ4,tcd_tile_1673,English Lowlands beech forests,European forest,,291,0.3507,7,22,6,16,1,0.2727,0.8571,0.4138,0.346,0.7784,0.4791
phase21_B_λ4,tcd_tile_1674,Maputaland coastal forest mosaic,African tropical forest,,757,0.3507,0,3,0,3,0,0.0,0.0,0.0,0.0,0.0,0.0
phase21_B_λ4,tcd_tile_1675,Northern Zanzibar-Inhambane coastal forest mosaic,African tropical forest,,692,0.3507,21,42,10,32,11,0.2381,0.4762,0.3175,0.4033,0.3151,0.3538
phase21_B_λ4,tcd_tile_1676,Central European mixed forests,European forest,,4317,0.3507,0,53,0,53,0,0.0,0.0,0.0,0.0,0.0,0.0
phase21_B_λ4,tcd_tile_1677,Bahamian pine mosaic,Other,,5061,0.3507,2,12,1,11,1,0.0833,0.5,0.1429,0.2232,0.007,0.0136
phase21_B_λ4,tcd_tile_1678,Appalachian mixed mesophytic forests,Other,,1785,0.3507,23,236,14,222,9,0.0593,0.6087,0.1081,0.8824,0.459,0.6039
phase21_B_λ4,tcd_tile_1679,Carpathian montane forests,Other,,4682,0.3507,5,13,3,10,2,0.2308,0.6,0.3333,0.8271,0.3122,0.4533
phase21_B_λ4,tcd_tile_168,Caucasus mixed forests,European forest,,1271,0.3507,60,179,42,137,18,0.2346,0.7,0.3515,0.963,0.3474,0.5106
phase21_B_λ4,tcd_tile_1680,Sarmatic mixed forests,European forest,,2361,0.3507,12,38,4,34,8,0.1053,0.3333,0.16,0.7215,0.0778,0.1405
phase21_B_λ4,tcd_tile_1681,East European forest steppe,European forest,,3337,0.3507,27,12,9,3,18,0.75,0.3333,0.4615,0.7008,0.3833,0.4956
phase21_B_λ4,tcd_tile_1682,Southern Zanzibar-Inhambane coastal forest mosaic,African tropical forest,,4960,0.3507,209,141,89,52,120,0.6312,0.4258,0.5086,0.9285,0.4947,0.6455
phase21_B_λ4,tcd_tile_1683,Pontic steppe,Other,,156,0.3507,58,106,12,94,46,0.1132,0.2069,0.1463,0.9504,0.3827,0.5457
phase21_B_λ4,tcd_tile_1684,Caucasus mixed forests,European forest,,631,0.3507,81,8,7,1,74,0.875,0.0864,0.1573,0.7655,0.0113,0.0223
phase21_B_λ4,tcd_tile_1685,Tongan tropical moist forests,SE Asian & Pacific rainforest,,4175,0.3507,46,108,9,99,37,0.0833,0.1957,0.1169,0.3678,0.201,0.26
phase21_B_λ4,tcd_tile_1686,Irrawaddy moist deciduous forests,Other,,955,0.3507,51,47,30,17,21,0.6383,0.5882,0.6122,0.7893,0.4141,0.5432
phase21_B_λ4,tcd_tile_1687,Northern Zanzibar-Inhambane coastal forest mosaic,African tropical forest,,1245,0.3507,137,92,34,58,103,0.3696,0.2482,0.2969,0.6984,0.1845,0.2918
phase21_B_λ4,tcd_tile_1688,Northern Zanzibar-Inhambane coastal forest mosaic,African tropical forest,,3983,0.3507,40,80,21,59,19,0.2625,0.525,0.35,0.7391,0.237,0.3589
phase21_B_λ4,tcd_tile_1689,Pannonian mixed forests,European forest,,3090,0.3507,61,53,22,31,39,0.4151,0.3607,0.386,0.974,0.3472,0.5119
phase21_B_λ4,tcd_tile_1690,Sarmatic mixed forests,European forest,,1692,0.3507,48,51,22,29,26,0.4314,0.4583,0.4444,0.9467,0.3136,0.4711
phase21_B_λ4,tcd_tile_1691,Bahia interior forests,Other,,195,0.3507,124,115,46,69,78,0.4,0.371,0.3849,0.789,0.3525,0.4872
phase21_B_λ4,tcd_tile_1692,Changjiang Plain evergreen forests,Other,,2738,0.3507,8,30,2,28,6,0.0667,0.25,0.1053,0.1108,0.094,0.1017
phase21_B_λ4,tcd_tile_1693,Taiheiyo evergreen forests,Other,,4171,0.3507,63,74,20,54,43,0.2703,0.3175,0.292,0.4611,0.3698,0.4104
phase21_B_λ4,tcd_tile_1694,Northern Zanzibar-Inhambane coastal forest mosaic,African tropical forest,,366,0.3507,31,197,20,177,11,0.1015,0.6452,0.1754,0.7987,0.3869,0.5213
phase21_B_λ4,tcd_tile_1695,Western Java rain forests,Other,,793,0.3507,394,229,156,73,238,0.6812,0.3959,0.5008,0.7862,0.6345,0.7023
phase21_B_λ4,tcd_tile_1696,Tongan tropical moist forests,SE Asian & Pacific rainforest,,4297,0.3507,122,141,26,115,96,0.1844,0.2131,0.1977,0.8962,0.1164,0.2061
phase21_B_λ4,tcd_tile_1697,Richmond temperate forests,Other,,2236,0.3507,8,5,4,1,4,0.8,0.5,0.6154,0.8128,0.7714,0.7916
phase21_B_λ4,tcd_tile_1698,English Lowlands beech forests,European forest,,2231,0.3507,22,199,17,182,5,0.0854,0.7727,0.1538,0.8213,0.3617,0.5022
phase21_B_λ4,tcd_tile_1699,Northern Zanzibar-Inhambane coastal forest mosaic,African tropical forest,,2505,0.3507,132,121,30,91,102,0.2479,0.2273,0.2372,0.8689,0.0829,0.1513
phase21_B_λ4,tcd_tile_17,Chilean matorral,Arid / dryland,,618,0.3507,159,137,80,57,79,0.5839,0.5031,0.5405,0.6948,0.6067,0.6478
phase21_B_λ4,tcd_tile_170,Sarmatic mixed forests,European forest,,57,0.3507,15,166,14,152,1,0.0843,0.9333,0.1547,0.5964,0.2124,0.3133
phase21_B_λ4,tcd_tile_1700,Western European broadleaf forests,European forest,,797,0.3507,7,22,7,15,0,0.3182,1.0,0.4828,0.877,0.6607,0.7537
phase21_B_λ4,tcd_tile_1701,Vanuatu rain forests,Other,,2104,0.3507,23,19,2,17,21,0.1053,0.087,0.0952,0.0629,0.0113,0.0191
phase21_B_λ4,tcd_tile_1702,Western Siberian hemiboreal forests,Other,,1730,0.3507,21,72,4,68,17,0.0556,0.1905,0.086,0.1072,0.0364,0.0543
phase21_B_λ4,tcd_tile_1703,Atlantic mixed forests,European forest,,427,0.3507,61,304,43,261,18,0.1414,0.7049,0.2356,0.8535,0.3923,0.5375
phase21_B_λ4,tcd_tile_1704,Granitic Seychelles forests,Other,,917,0.3507,125,613,57,556,68,0.093,0.456,0.1545,0.9671,0.3362,0.499
phase21_B_λ4,tcd_tile_1705,Hispaniolan moist forests,SE Asian & Pacific rainforest,,2303,0.3507,51,168,32,136,19,0.1905,0.6275,0.2922,0.2132,0.3268,0.258
phase21_B_λ4,tcd_tile_1706,Northern Zanzibar-Inhambane coastal forest mosaic,African tropical forest,,361,0.3507,101,381,60,321,41,0.1575,0.5941,0.249,0.9008,0.4147,0.568
phase21_B_λ4,tcd_tile_1707,Upper Gangetic Plains moist deciduous forests,Other,,3411,0.3507,99,120,64,56,35,0.5333,0.6465,0.5845,0.8179,0.4539,0.5838
phase21_B_λ4,tcd_tile_1708,Vanuatu rain forests,Other,,2300,0.3507,114,60,31,29,83,0.5167,0.2719,0.3563,0.5776,0.0868,0.1508
phase21_B_λ4,tcd_tile_1709,Central European mixed forests,European forest,,3150,0.3507,67,71,31,40,36,0.4366,0.4627,0.4493,0.6856,0.3406,0.4552
phase21_B_λ4,tcd_tile_171,Sierra Nevada forests,N. American forest,,3071,0.3507,139,206,75,131,64,0.3641,0.5396,0.4348,0.9005,0.281,0.4283
phase21_B_λ4,tcd_tile_1710,Sarmatic mixed forests,European forest,,5066,0.3507,21,60,9,51,12,0.15,0.4286,0.2222,0.7833,0.2751,0.4072
phase21_B_λ4,tcd_tile_1711,Madeira-Tapajós moist forests,Latin American forest,,1259,0.3507,1,471,1,470,0,0.0021,1.0,0.0042,1.0,0.4986,0.6654
phase21_B_λ4,tcd_tile_1712,Serra do Mar coastal forests,Latin American forest,,4923,0.3507,328,314,81,233,247,0.258,0.247,0.2523,0.758,0.3789,0.5052
phase21_B_λ4,tcd_tile_1713,Eastern Java-Bali rain forests,SE Asian & Pacific rainforest,,5063,0.3507,51,58,16,42,35,0.2759,0.3137,0.2936,0.9463,0.111,0.1987
phase21_B_λ4,tcd_tile_1714,Appenine deciduous montane forests,Other,,364,0.3507,126,125,42,83,84,0.336,0.3333,0.3347,0.5982,0.5965,0.5974
phase21_B_λ4,tcd_tile_1715,Middle Atlantic coastal forests,Other,,2568,0.3507,34,284,18,266,16,0.0634,0.5294,0.1132,0.8547,0.3723,0.5187
phase21_B_λ4,tcd_tile_1716,Baltic mixed forests,European forest,,3401,0.3507,4,5,1,4,3,0.2,0.25,0.2222,0.718,0.2698,0.3922
phase21_B_λ4,tcd_tile_1717,Western Java montane rain forests,Other,,3969,0.3507,109,71,25,46,84,0.3521,0.2294,0.2778,0.7728,0.095,0.1692
phase21_B_λ4,tcd_tile_1718,Pannonian mixed forests,European forest,,2881,0.3507,25,266,20,246,5,0.0752,0.8,0.1375,0.9433,0.4101,0.5717
phase21_B_λ4,tcd_tile_1719,Snake-Columbia shrub steppe,Other,,780,0.3507,23,94,14,80,9,0.1489,0.6087,0.2393,0.7883,0.3964,0.5276
phase21_B_λ4,tcd_tile_172,Eastern Great Lakes lowland forests,N. American forest,,4647,0.3507,94,65,31,34,63,0.4769,0.3298,0.3899,0.8872,0.4409,0.5891
phase21_B_λ4,tcd_tile_1720,Sarmatic mixed forests,European forest,,4445,0.3507,6,210,6,204,0,0.0286,1.0,0.0556,0.954,0.3046,0.4618
phase21_B_λ4,tcd_tile_1721,Central American pine-oak forests,Other,,2114,0.3507,141,53,31,22,110,0.5849,0.2199,0.3196,0.8152,0.4474,0.5777
phase21_B_λ4,tcd_tile_1722,Madeira-Tapajós moist forests,Latin American forest,,4350,0.3507,1,398,1,397,0,0.0025,1.0,0.005,1.0,0.3427,0.5105
phase21_B_λ4,tcd_tile_1723,Northern Anatolian conifer and deciduous forests,Other,,3523,0.3507,125,119,67,52,58,0.563,0.536,0.5492,0.658,0.4894,0.5613
phase21_B_λ4,tcd_tile_1724,Caucasus mixed forests,European forest,,2153,0.3507,12,1,1,0,11,1.0,0.0833,0.1538,0.9997,0.0107,0.0211
phase21_B_λ4,tcd_tile_1725,Greater Negros-Panay rain forests,SE Asian & Pacific rainforest,,3635,0.3507,113,65,11,54,102,0.1692,0.0973,0.1236,0.9323,0.215,0.3494
phase21_B_λ4,tcd_tile_1726,,Other,,4148,0.3507,28,41,6,35,22,0.1463,0.2143,0.1739,0.1456,0.4565,0.2208
phase21_B_λ4,tcd_tile_1727,Central European mixed forests,European forest,,2438,0.3507,48,44,0,44,48,0.0,0.0,0.0,0.0,0.0003,0.0
phase21_B_λ4,tcd_tile_1728,Southern Pacific dry forests,Other,,3912,0.3507,11,131,8,123,3,0.0611,0.7273,0.1127,0.8033,0.2098,0.3327
phase21_B_λ4,tcd_tile_1729,Caucasus mixed forests,European forest,,449,0.3507,52,164,42,122,10,0.2561,0.8077,0.3889,0.9935,0.4381,0.6081
phase21_B_λ4,tcd_tile_173,Luzon rain forests,SE Asian & Pacific rainforest,,2541,0.3507,16,51,8,43,8,0.1569,0.5,0.2388,0.4372,0.2175,0.2904
phase21_B_λ4,tcd_tile_1730,Mizoram-Manipur-Kachin rain forests,SE Asian & Pacific rainforest,,2117,0.3507,95,35,5,30,90,0.1429,0.0526,0.0769,0.9213,0.0929,0.1688
phase21_B_λ4,tcd_tile_1731,Po Basin mixed forests,Other,,1665,0.3507,63,108,34,74,29,0.3148,0.5397,0.3977,0.4601,0.6861,0.5508
phase21_B_λ4,tcd_tile_1732,Hispaniolan moist forests,SE Asian & Pacific rainforest,,2902,0.3507,61,139,7,132,54,0.0504,0.1148,0.07,0.0752,0.1923,0.1082
phase21_B_λ4,tcd_tile_1733,Iquitos varzeá,Other,,1701,0.3507,11,85,7,78,4,0.0824,0.6364,0.1458,0.8479,0.1216,0.2127
phase21_B_λ4,tcd_tile_1734,Central European mixed forests,European forest,,4087,0.3507,27,68,10,58,17,0.1471,0.3704,0.2105,0.8621,0.0676,0.1254
phase21_B_λ4,tcd_tile_1735,Mindanao-Eastern Visayas rain forests,SE Asian & Pacific rainforest,,1185,0.3507,76,302,47,255,29,0.1556,0.6184,0.2487,0.8606,0.3414,0.4889
phase21_B_λ4,tcd_tile_1736,North Central Rockies forests,N. American forest,,4303,0.3507,40,52,2,50,38,0.0385,0.05,0.0435,0.7659,0.1375,0.2331
phase21_B_λ4,tcd_tile_1737,Northern Zanzibar-Inhambane coastal forest mosaic,African tropical forest,,4511,0.3507,243,227,142,85,101,0.6256,0.5844,0.6043,0.8922,0.3526,0.5055
phase21_B_λ4,tcd_tile_1738,Eastern Cordillera real montane forests,Other,,1477,0.3507,1,195,1,194,0,0.0051,1.0,0.0102,1.0,0.1907,0.3203
phase21_B_λ4,tcd_tile_1739,Southern Zanzibar-Inhambane coastal forest mosaic,African tropical forest,,4654,0.3507,183,28,21,7,162,0.75,0.1148,0.1991,0.9449,0.154,0.2649
phase21_B_λ4,tcd_tile_1740,Petén-Veracruz moist forests,Latin American forest,,3021,0.3507,128,88,43,45,85,0.4886,0.3359,0.3981,0.7205,0.2144,0.3305
phase21_B_λ4,tcd_tile_1741,Southern Zanzibar-Inhambane coastal forest mosaic,African tropical forest,,4100,0.3507,106,85,55,30,51,0.6471,0.5189,0.5759,0.8881,0.2079,0.3369
phase21_B_λ4,tcd_tile_1742,Southern Great Lakes forests,N. American forest,,1688,0.3507,2,114,2,112,0,0.0175,1.0,0.0345,0.0103,0.0519,0.0171
phase21_B_λ4,tcd_tile_1743,Changjiang Plain evergreen forests,Other,,3673,0.3507,40,41,14,27,26,0.3415,0.35,0.3457,0.3558,0.0555,0.096
phase21_B_λ4,tcd_tile_1744,Willamette Valley forests,N. American forest,,2115,0.3507,11,28,2,26,9,0.0714,0.1818,0.1026,0.1397,0.7149,0.2338
phase21_B_λ4,tcd_tile_1745,Upper Gangetic Plains moist deciduous forests,Other,,3356,0.3507,15,75,7,68,8,0.0933,0.4667,0.1556,0.9583,0.2994,0.4563
phase21_B_λ4,tcd_tile_1746,California coastal sage and chaparral,Other,,163,0.3507,96,72,42,30,54,0.5833,0.4375,0.5,0.7478,0.5419,0.6284
phase21_B_λ4,tcd_tile_1747,English Lowlands beech forests,European forest,,1155,0.3507,42,57,30,27,12,0.5263,0.7143,0.6061,0.9236,0.4558,0.6104
phase21_B_λ4,tcd_tile_1748,Greater Negros-Panay rain forests,SE Asian & Pacific rainforest,,3048,0.3507,86,97,25,72,61,0.2577,0.2907,0.2732,0.9214,0.1889,0.3135
phase21_B_λ4,tcd_tile_1749,Northeastern Spain and Southern France Mediterranean forests,Other,,311,0.3507,38,135,13,122,25,0.0963,0.3421,0.1503,0.8536,0.2601,0.3987
phase21_B_λ4,tcd_tile_175,Sumatran lowland rain forests,SE Asian & Pacific rainforest,,2472,0.3507,412,231,175,56,237,0.7576,0.4248,0.5443,0.8753,0.3335,0.4829
phase21_B_λ4,tcd_tile_1750,Northern Zanzibar-Inhambane coastal forest mosaic,African tropical forest,,2465,0.3507,60,201,26,175,34,0.1294,0.4333,0.1992,0.9422,0.1798,0.302
phase21_B_λ4,tcd_tile_1751,Magdalena Valley montane forests,Other,,3826,0.3507,57,43,25,18,32,0.5814,0.4386,0.5,0.7296,0.5631,0.6357
phase21_B_λ4,tcd_tile_1752,Southeastern mixed forests,N. American forest,,4851,0.3507,81,131,52,79,29,0.3969,0.642,0.4906,0.8497,0.4762,0.6104
phase21_B_λ4,tcd_tile_1753,Scandinavian coastal conifer forests,Other,,2011,0.3507,37,51,13,38,24,0.2549,0.3514,0.2955,0.3897,0.2487,0.3036
phase21_B_λ4,tcd_tile_1754,Eastern Cordillera real montane forests,Other,,3926,0.3507,46,109,15,94,31,0.1376,0.3261,0.1935,0.8127,0.3129,0.4519
phase21_B_λ4,tcd_tile_1755,Hispaniolan dry forests,Other,,4407,0.3507,195,226,99,127,96,0.4381,0.5077,0.4703,0.7356,0.6126,0.6685
phase21_B_λ4,tcd_tile_1756,Hispaniolan moist forests,SE Asian & Pacific rainforest,,4628,0.3507,173,139,48,91,125,0.3453,0.2775,0.3077,0.3183,0.2968,0.3072
phase21_B_λ4,tcd_tile_1757,Celtic broadleaf forests,European forest,,4844,0.3507,5,29,1,28,4,0.0345,0.2,0.0588,0.1061,0.9094,0.1901
phase21_B_λ4,tcd_tile_1758,Sarmatic mixed forests,European forest,,3927,0.3507,25,53,10,43,15,0.1887,0.4,0.2564,0.7896,0.2122,0.3345
phase21_B_λ4,tcd_tile_1759,Western Siberian hemiboreal forests,Other,,2642,0.3507,20,113,6,107,14,0.0531,0.3,0.0902,0.463,0.053,0.0951
phase21_B_λ4,tcd_tile_1760,Central European mixed forests,European forest,,2096,0.3507,94,106,56,50,38,0.5283,0.5957,0.56,0.733,0.3502,0.474
phase21_B_λ4,tcd_tile_1761,Northern Zanzibar-Inhambane coastal forest mosaic,African tropical forest,,2132,0.3507,164,95,63,32,101,0.6632,0.3841,0.4865,0.698,0.2614,0.3804
phase21_B_λ4,tcd_tile_1762,Northern Zanzibar-Inhambane coastal forest mosaic,African tropical forest,,3444,0.3507,123,92,45,47,78,0.4891,0.3659,0.4186,0.8416,0.1305,0.2259
phase21_B_λ4,tcd_tile_1763,Sulawesi lowland rain forests,SE Asian & Pacific rainforest,,2060,0.3507,4,347,2,345,2,0.0058,0.5,0.0114,0.9988,0.3551,0.524
phase21_B_λ4,tcd_tile_1764,Northern Zanzibar-Inhambane coastal forest mosaic,African tropical forest,,3699,0.3507,11,319,8,311,3,0.0251,0.7273,0.0485,0.8985,0.2211,0.3549
phase21_B_λ4,tcd_tile_1765,Northern Zanzibar-Inhambane coastal forest mosaic,African tropical forest,,3383,0.3507,1,602,1,601,0,0.0017,1.0,0.0033,0.9993,0.213,0.3512
phase21_B_λ4,tcd_tile_1766,Bahamian pine mosaic,Other,,4413,0.3507,19,7,2,5,17,0.2857,0.1053,0.1538,0.8403,0.0079,0.0157
phase21_B_λ4,tcd_tile_1767,New England-Acadian forests,N. American forest,,2453,0.3507,16,263,13,250,3,0.0494,0.8125,0.0932,0.9385,0.3098,0.4658
phase21_B_λ4,tcd_tile_1768,Sarmatic mixed forests,European forest,,4490,0.3507,13,282,12,270,1,0.0426,0.9231,0.0814,0.9132,0.4443,0.5978
phase21_B_λ4,tcd_tile_1769,Upper Midwest forest-savanna transition,N. American forest,,1957,0.3507,8,267,3,264,5,0.0112,0.375,0.0218,0.9632,0.5015,0.6596
phase21_B_λ4,tcd_tile_1770,Madeira-Tapajós moist forests,Latin American forest,,1661,0.3507,85,656,31,625,54,0.0473,0.3647,0.0837,0.9268,0.4064,0.565
phase21_B_λ4,tcd_tile_1771,Middle Atlantic coastal forests,Other,,2736,0.3507,53,116,18,98,35,0.1552,0.3396,0.213,0.303,0.1744,0.2214
phase21_B_λ4,tcd_tile_1772,Middle Atlantic coastal forests,Other,,1425,0.3507,229,151,57,94,172,0.3775,0.2489,0.3,0.4487,0.2783,0.3435
phase21_B_λ4,tcd_tile_1773,Southern Great Lakes forests,N. American forest,,5056,0.3507,11,15,10,5,1,0.6667,0.9091,0.7692,0.9081,0.448,0.6
phase21_B_λ4,tcd_tile_1774,Northern Zanzibar-Inhambane coastal forest mosaic,African tropical forest,,2844,0.3507,109,118,56,62,53,0.4746,0.5138,0.4934,0.8149,0.2812,0.4181
phase21_B_λ4,tcd_tile_1775,Northern Zanzibar-Inhambane coastal forest mosaic,African tropical forest,,602,0.3507,242,46,34,12,208,0.7391,0.1405,0.2361,0.8399,0.1244,0.2167
phase21_B_λ4,tcd_tile_1776,Sarmatic mixed forests,European forest,,2937,0.3507,1,209,1,208,0,0.0048,1.0,0.0095,0.9951,0.469,0.6375
phase21_B_λ4,tcd_tile_1777,Northern Zanzibar-Inhambane coastal forest mosaic,African tropical forest,,127,0.3507,90,52,22,30,68,0.4231,0.2444,0.3099,0.9233,0.2862,0.4369
phase21_B_λ4,tcd_tile_1778,Northern Acacia-Commiphora bushlands and thickets,Other,,595,0.3507,64,23,9,14,55,0.3913,0.1406,0.2069,0.3277,0.4857,0.3913
phase21_B_λ4,tcd_tile_1779,Northeastern coastal forests,N. American forest,,1583,0.3507,161,19,6,13,155,0.3158,0.0373,0.0667,0.6974,0.04,0.0756
phase21_B_λ4,tcd_tile_1780,Hawaii tropical moist forests,Other,,3962,0.3507,2,74,1,73,1,0.0135,0.5,0.0263,1.0,0.056,0.1061
phase21_B_λ4,tcd_tile_1781,Crimean Submediterranean forest complex,Other,,1394,0.3507,105,226,72,154,33,0.3186,0.6857,0.435,0.7906,0.3508,0.486
phase21_B_λ4,tcd_tile_1782,Timor and Wetar deciduous forests,SE Asian & Pacific rainforest,,1299,0.3507,163,173,67,106,96,0.3873,0.411,0.3988,0.4093,0.4241,0.4165
phase21_B_λ4,tcd_tile_1783,Northern Zanzibar-Inhambane coastal forest mosaic,African tropical forest,,927,0.3507,24,71,10,61,14,0.1408,0.4167,0.2105,0.7471,0.4285,0.5446
phase21_B_λ4,tcd_tile_1784,Appalachian-Blue Ridge forests,N. American forest,,3554,0.3507,87,82,10,72,77,0.122,0.1149,0.1183,0.6684,0.2759,0.3906
phase21_B_λ4,tcd_tile_1785,Iberian sclerophyllous and semi-deciduous forests,Other,,829,0.3507,193,115,96,19,97,0.8348,0.4974,0.6234,0.709,0.4053,0.5157
phase21_B_λ4,tcd_tile_1786,Southern Zanzibar-Inhambane coastal forest mosaic,African tropical forest,,4671,0.3507,146,21,19,2,127,0.9048,0.1301,0.2275,0.8793,0.0688,0.1276
phase21_B_λ4,tcd_tile_1787,East African montane forests,African tropical forest,,2556,0.3507,72,53,8,45,64,0.1509,0.1111,0.128,0.8697,0.0709,0.1311
phase21_B_λ4,tcd_tile_1788,Celtic broadleaf forests,European forest,,3730,0.3507,20,9,5,4,15,0.5556,0.25,0.3448,0.8447,0.1299,0.2251
phase21_B_λ4,tcd_tile_1789,Southern Great Lakes forests,N. American forest,,4575,0.3507,15,173,11,162,4,0.0636,0.7333,0.117,0.8593,0.5619,0.6795
phase21_B_λ4,tcd_tile_179,Southern Zanzibar-Inhambane coastal forest mosaic,African tropical forest,,2982,0.3507,113,126,9,117,104,0.0714,0.0796,0.0753,0.9925,0.2054,0.3403
phase21_B_λ4,tcd_tile_1790,Taiheiyo evergreen forests,Other,,2768,0.3507,225,162,68,94,157,0.4198,0.3022,0.3514,0.6116,0.3427,0.4393
phase21_B_λ4,tcd_tile_1791,Madeira-Tapajós moist forests,Latin American forest,,171,0.3507,1,697,1,696,0,0.0014,1.0,0.0029,1.0,0.5254,0.6889
phase21_B_λ4,tcd_tile_1792,Madeira-Tapajós moist forests,Latin American forest,,2151,0.3507,3,824,3,821,0,0.0036,1.0,0.0073,1.0,0.3954,0.5667
phase21_B_λ4,tcd_tile_1793,Central Indochina dry forests,Other,,4374,0.3507,111,678,67,611,44,0.0988,0.6036,0.1698,0.8744,0.4532,0.597
phase21_B_λ4,tcd_tile_1794,Western European broadleaf forests,European forest,,1474,0.3507,1,4,1,3,0,0.25,1.0,0.4,0.9952,0.3492,0.517
phase21_B_λ4,tcd_tile_1795,Sarmatic mixed forests,European forest,,3005,0.3507,33,94,16,78,17,0.1702,0.4848,0.252,0.4482,0.1275,0.1985
phase21_B_λ4,tcd_tile_1796,Northern California coastal forests,N. American forest,,2432,0.3507,1,9,1,8,0,0.1111,1.0,0.2,0.6757,0.0036,0.0072
phase21_B_λ4,tcd_tile_1797,Southern Great Lakes forests,N. American forest,,1497,0.3507,61,106,44,62,17,0.4151,0.7213,0.5269,0.8459,0.4072,0.5498
phase21_B_λ4,tcd_tile_1798,Vanuatu rain forests,Other,,2987,0.3507,0,44,0,44,0,0.0,0.0,0.0,0.0,0.0,0.0
phase21_B_λ4,tcd_tile_1799,Magdalena Valley montane forests,Other,,939,0.3507,61,116,29,87,32,0.25,0.4754,0.3277,0.2869,0.6186,0.392
phase21_B_λ4,tcd_tile_18,Chilean matorral,Arid / dryland,,1016,0.3507,0,1,0,1,0,0.0,0.0,0.0,0.0,0.0,0.0
phase21_B_λ4,tcd_tile_180,Maputaland coastal forest mosaic,African tropical forest,,504,0.3507,17,5,4,1,13,0.8,0.2353,0.3636,0.7244,0.4476,0.5533
phase21_B_λ4,tcd_tile_1800,Bahia coastal forests,Latin American forest,,4556,0.3507,135,153,48,105,87,0.3137,0.3556,0.3333,0.5694,0.2532,0.3505
phase21_B_λ4,tcd_tile_1801,Central U.S. hardwood forests,N. American forest,,3049,0.3507,116,53,22,31,94,0.4151,0.1897,0.2604,0.8612,0.1851,0.3046
phase21_B_λ4,tcd_tile_1802,Appalachian-Blue Ridge forests,N. American forest,,4387,0.3507,14,51,6,45,8,0.1176,0.4286,0.1846,0.3013,0.3356,0.3175
phase21_B_λ4,tcd_tile_1803,Central U.S. hardwood forests,N. American forest,,4017,0.3507,78,82,29,53,49,0.3537,0.3718,0.3625,0.8477,0.3754,0.5204
phase21_B_λ4,tcd_tile_1804,South Central Rockies forests,Other,,4275,0.3507,88,234,67,167,21,0.2863,0.7614,0.4161,0.5857,0.5836,0.5846
phase21_B_λ4,tcd_tile_1805,Nihonkai montane deciduous forests,Other,,4527,0.3507,1,13,1,12,0,0.0769,1.0,0.1429,0.9596,0.013,0.0257
phase21_B_λ4,tcd_tile_1806,Northern Zanzibar-Inhambane coastal forest mosaic,African tropical forest,,935,0.3507,225,112,58,54,167,0.5179,0.2578,0.3442,0.7889,0.4445,0.5686
phase21_B_λ4,tcd_tile_1807,Trans-Mexican Volcanic Belt pine-oak forests,Other,,1423,0.3507,149,112,59,53,90,0.5268,0.396,0.4521,0.6374,0.3808,0.4767
phase21_B_λ4,tcd_tile_1808,Scandinavian coastal conifer forests,Other,,3472,0.3507,66,91,9,82,57,0.0989,0.1364,0.1146,0.7016,0.2364,0.3536
phase21_B_λ4,tcd_tile_1809,Sarmatic mixed forests,European forest,,4773,0.3507,29,48,13,35,16,0.2708,0.4483,0.3377,0.2263,0.2153,0.2207
phase21_B_λ4,tcd_tile_181,Timor and Wetar deciduous forests,SE Asian & Pacific rainforest,,215,0.3507,7,48,0,48,7,0.0,0.0,0.0,0.0,0.0,0.0
phase21_B_λ4,tcd_tile_1810,Caucasus mixed forests,European forest,,2027,0.3507,5,5,2,3,3,0.4,0.4,0.4,0.9936,0.0142,0.0281
phase21_B_λ4,tcd_tile_1811,Western European broadleaf forests,European forest,,3568,0.3507,8,59,3,56,5,0.0508,0.375,0.0896,0.9843,0.1952,0.3258
phase21_B_λ4,tcd_tile_1812,,Other,,3100,0.3507,0,268,0,268,0,0.0,0.0,0.0,0.0,0.0,0.0
phase21_B_λ4,tcd_tile_1813,Central European mixed forests,European forest,,3829,0.3507,9,21,1,20,8,0.0476,0.1111,0.0667,0.1349,0.0396,0.0612
phase21_B_λ4,tcd_tile_1814,Uatuma-Trombetas moist forests,Latin American forest,,3004,0.3507,163,89,30,59,133,0.3371,0.184,0.2381,0.8544,0.2328,0.3659
phase21_B_λ4,tcd_tile_1815,,Other,,521,0.3507,80,8,6,2,74,0.75,0.075,0.1364,0.6355,0.09,0.1577
phase21_B_λ4,tcd_tile_1816,Iberian sclerophyllous and semi-deciduous forests,Other,,1034,0.3507,403,128,120,8,283,0.9375,0.2978,0.452,0.7758,0.3749,0.5055
phase21_B_λ4,tcd_tile_1817,Northern Zanzibar-Inhambane coastal forest mosaic,African tropical forest,,4598,0.3507,149,10,4,6,145,0.4,0.0268,0.0503,0.0842,0.0093,0.0167
phase21_B_λ4,tcd_tile_1818,Northern Zanzibar-Inhambane coastal forest mosaic,African tropical forest,,3746,0.3507,24,151,11,140,13,0.0728,0.4583,0.1257,0.9252,0.2095,0.3416
phase21_B_λ4,tcd_tile_1819,Peruvian Yungas,Latin American forest,,3218,0.3507,30,89,11,78,19,0.1236,0.3667,0.1849,0.9356,0.063,0.118
phase21_B_λ4,tcd_tile_1820,Southern Zanzibar-Inhambane coastal forest mosaic,African tropical forest,,4627,0.3507,102,58,44,14,58,0.7586,0.4314,0.55,0.8676,0.4731,0.6123
phase21_B_λ4,tcd_tile_1821,Hispaniolan moist forests,SE Asian & Pacific rainforest,,4961,0.3507,0,62,0,62,0,0.0,0.0,0.0,0.0,0.0,0.0
phase21_B_λ4,tcd_tile_1822,Mindanao-Eastern Visayas rain forests,SE Asian & Pacific rainforest,,3702,0.3507,5,52,0,52,5,0.0,0.0,0.0,0.0234,0.7584,0.0455
phase21_B_λ4,tcd_tile_1823,East European forest steppe,European forest,,938,0.3507,3,107,3,104,0,0.028,1.0,0.0545,0.9317,0.4835,0.6366
phase21_B_λ4,tcd_tile_1824,Scandinavian Montane Birch forest and grasslands,Other,,169,0.3507,50,19,4,15,46,0.2105,0.08,0.1159,0.5034,0.0606,0.1082
phase21_B_λ4,tcd_tile_1825,Scandinavian coastal conifer forests,Other,,2238,0.3507,50,367,31,336,19,0.0845,0.62,0.1487,0.9161,0.4079,0.5645
phase21_B_λ4,tcd_tile_1826,Northern Zanzibar-Inhambane coastal forest mosaic,African tropical forest,,2131,0.3507,100,53,36,17,64,0.6792,0.36,0.4706,0.7881,0.6118,0.6888
phase21_B_λ4,tcd_tile_1827,Northern Zanzibar-Inhambane coastal forest mosaic,African tropical forest,,2441,0.3507,228,171,131,40,97,0.7661,0.5746,0.6566,0.7454,0.4227,0.5395
phase21_B_λ4,tcd_tile_1828,Southern Zanzibar-Inhambane coastal forest mosaic,African tropical forest,,1667,0.3507,0,0,0,0,0,0.0,0.0,0.0,0.0,0.0,0.0
phase21_B_λ4,tcd_tile_1829,Atlantic dry forests,Other,,1067,0.3507,198,183,116,67,82,0.6339,0.5859,0.6089,0.8483,0.6292,0.7225
phase21_B_λ4,tcd_tile_183,Mindanao-Eastern Visayas rain forests,SE Asian & Pacific rainforest,,3070,0.3507,179,624,80,544,99,0.1282,0.4469,0.1993,0.8308,0.329,0.4713
phase21_B_λ4,tcd_tile_1830,Eastern Guinean forests,African tropical forest,,1930,0.3507,22,70,3,67,19,0.0429,0.1364,0.0652,0.9089,0.1139,0.2024
phase21_B_λ4,tcd_tile_1831,Southeastern mixed forests,N. American forest,,4658,0.3507,28,387,23,364,5,0.0594,0.8214,0.1108,0.9321,0.4532,0.6098
phase21_B_λ4,tcd_tile_1832,Willamette Valley forests,N. American forest,,2244,0.3507,2,9,0,9,2,0.0,0.0,0.0,0.0,0.0,0.0
phase21_B_λ4,tcd_tile_1833,Northern Zanzibar-Inhambane coastal forest mosaic,African tropical forest,,3819,0.3507,10,767,10,757,0,0.013,1.0,0.0257,1.0,0.4001,0.5715
phase21_B_λ4,tcd_tile_1834,Central Indochina dry forests,Other,,4570,0.3507,61,194,42,152,19,0.2165,0.6885,0.3294,0.6699,0.1057,0.1827
phase21_B_λ4,tcd_tile_1835,East European forest steppe,European forest,,2630,0.3507,114,105,27,78,87,0.2571,0.2368,0.2466,0.5386,0.1477,0.2318
phase21_B_λ4,tcd_tile_1836,Western European broadleaf forests,European forest,,4920,0.3507,5,35,2,33,3,0.0571,0.4,0.1,1.0,0.0784,0.1455
phase21_B_λ4,tcd_tile_1837,Northern Zanzibar-Inhambane coastal forest mosaic,African tropical forest,,2609,0.3507,1,595,1,594,0,0.0017,1.0,0.0034,0.9988,0.2922,0.4521
phase21_B_λ4,tcd_tile_1838,Baltic mixed forests,European forest,,59,0.3507,23,35,15,20,8,0.4286,0.6522,0.5172,0.9299,0.3883,0.5479
phase21_B_λ4,tcd_tile_1839,Northern Zanzibar-Inhambane coastal forest mosaic,African tropical forest,,2471,0.3507,222,106,73,33,149,0.6887,0.3288,0.4451,0.9357,0.1999,0.3294
phase21_B_λ4,tcd_tile_1840,Madeira-Tapajós moist forests,Latin American forest,,1651,0.3507,2,113,2,111,0,0.0177,1.0,0.0348,0.9886,0.228,0.3705
phase21_B_λ4,tcd_tile_1841,Northern Zanzibar-Inhambane coastal forest mosaic,African tropical forest,,1011,0.3507,32,224,21,203,11,0.0938,0.6562,0.1641,0.832,0.1183,0.2072
phase21_B_λ4,tcd_tile_1842,Balkan mixed forests,European forest,,4284,0.3507,121,28,23,5,98,0.8214,0.1901,0.3087,0.8811,0.4784,0.6201
phase21_B_λ4,tcd_tile_1843,North Central Rockies forests,N. American forest,,4185,0.3507,8,160,1,159,7,0.0063,0.125,0.0119,0.9913,0.2787,0.4351
phase21_B_λ4,tcd_tile_1844,Himalayan subtropical broadleaf forests,Other,,1794,0.3507,4,327,1,326,3,0.0031,0.25,0.006,0.9978,0.1763,0.2997
phase21_B_λ4,tcd_tile_1845,Valdivian temperate forests,Other,,3450,0.3507,26,34,10,24,16,0.2941,0.3846,0.3333,0.9592,0.5897,0.7304
phase21_B_λ4,tcd_tile_1846,Hokkaido deciduous forests,Other,,3772,0.3507,4,6,1,5,3,0.1667,0.25,0.2,0.0193,0.0003,0.0006
phase21_B_λ4,tcd_tile_1847,Atlantic mixed forests,European forest,,376,0.3507,60,130,45,85,15,0.3462,0.75,0.4737,0.7804,0.5566,0.6497
phase21_B_λ4,tcd_tile_1848,Southern Great Lakes forests,N. American forest,,4705,0.3507,32,74,28,46,4,0.3784,0.875,0.5283,0.5578,0.7042,0.6225
phase21_B_λ4,tcd_tile_1849,Northern Zanzibar-Inhambane coastal forest mosaic,African tropical forest,,149,0.3507,6,5,5,0,1,1.0,0.8333,0.9091,0.7868,0.9395,0.8564
phase21_B_λ4,tcd_tile_1850,Northern Zanzibar-Inhambane coastal forest mosaic,African tropical forest,,946,0.3507,156,749,121,628,35,0.1615,0.7756,0.2674,0.9197,0.6109,0.7342
phase21_B_λ4,tcd_tile_1851,Northern Zanzibar-Inhambane coastal forest mosaic,African tropical forest,,4036,0.3507,1,865,1,864,0,0.0012,1.0,0.0023,0.9997,0.4608,0.6308
phase21_B_λ4,tcd_tile_1852,Central European mixed forests,European forest,,1473,0.3507,1,30,1,29,0,0.0333,1.0,0.0645,0.8346,0.0159,0.0312
phase21_B_λ4,tcd_tile_1853,Sarmatic mixed forests,European forest,,2742,0.3507,82,405,62,343,20,0.1531,0.7561,0.2546,0.9431,0.516,0.667
phase21_B_λ4,tcd_tile_1854,Eastern Guinean forests,African tropical forest,,2502,0.3507,2,6,1,5,1,0.1667,0.5,0.25,0.518,0.1299,0.2077
phase21_B_λ4,tcd_tile_1855,Madeira-Tapajós moist forests,Latin American forest,,1357,0.3507,1,410,1,409,0,0.0024,1.0,0.0049,0.9991,0.3755,0.5458
phase21_B_λ4,tcd_tile_1856,Western European broadleaf forests,European forest,,193,0.3507,57,79,18,61,39,0.2278,0.3158,0.2647,0.7539,0.4778,0.5849
phase21_B_λ4,tcd_tile_1857,Northern Zanzibar-Inhambane coastal forest mosaic,African tropical forest,,931,0.3507,175,50,33,17,142,0.66,0.1886,0.2933,0.8123,0.1196,0.2084
phase21_B_λ4,tcd_tile_1858,Northern Zanzibar-Inhambane coastal forest mosaic,African tropical forest,,4121,0.3507,162,61,27,34,135,0.4426,0.1667,0.2422,0.5695,0.2521,0.3495
phase21_B_λ4,tcd_tile_1859,Mindanao-Eastern Visayas rain forests,SE Asian & Pacific rainforest,,3651,0.3507,327,248,55,193,272,0.2218,0.1682,0.1913,0.8423,0.2297,0.361
phase21_B_λ4,tcd_tile_186,Northern Zanzibar-Inhambane coastal forest mosaic,African tropical forest,,2675,0.3507,26,8,8,0,18,1.0,0.3077,0.4706,0.7816,0.2122,0.3338
phase21_B_λ4,tcd_tile_1860,Central African mangroves,African tropical forest,,1230,0.3507,142,116,70,46,72,0.6034,0.493,0.5426,0.8144,0.4943,0.6152
phase21_B_λ4,tcd_tile_1861,Timor and Wetar deciduous forests,SE Asian & Pacific rainforest,,4603,0.3507,105,138,35,103,70,0.2536,0.3333,0.2881,0.9156,0.1236,0.2178
phase21_B_λ4,tcd_tile_1862,Central European mixed forests,European forest,,2129,0.3507,52,79,8,71,44,0.1013,0.1538,0.1221,0.781,0.083,0.1501
phase21_B_λ4,tcd_tile_1863,Southern Great Lakes forests,N. American forest,,4253,0.3507,31,339,22,317,9,0.0649,0.7097,0.1189,0.9184,0.5183,0.6626
phase21_B_λ4,tcd_tile_1864,Huang He Plain mixed forests,Other,,2283,0.3507,142,123,45,78,97,0.3659,0.3169,0.3396,0.6492,0.3964,0.4922
phase21_B_λ4,tcd_tile_1865,Celtic broadleaf forests,European forest,,3531,0.3507,7,18,3,15,4,0.1667,0.4286,0.24,0.9984,0.0584,0.1104
phase21_B_λ4,tcd_tile_1866,Southern Great Lakes forests,N. American forest,,3971,0.3507,3,16,2,14,1,0.125,0.6667,0.2105,0.5631,0.0331,0.0625
phase21_B_λ4,tcd_tile_1867,Northern Anatolian conifer and deciduous forests,Other,,3199,0.3507,178,136,70,66,108,0.5147,0.3933,0.4459,0.6914,0.301,0.4194
phase21_B_λ4,tcd_tile_1868,,Other,,1246,0.3507,26,4,1,3,25,0.25,0.0385,0.0667,0.1766,0.0253,0.0442
phase21_B_λ4,tcd_tile_1869,New England-Acadian forests,N. American forest,,1434,0.3507,9,306,3,303,6,0.0098,0.3333,0.019,0.9997,0.345,0.513
phase21_B_λ4,tcd_tile_187,Northern Zanzibar-Inhambane coastal forest mosaic,African tropical forest,,2710,0.3507,180,210,109,101,71,0.519,0.6056,0.559,0.8351,0.4234,0.5619
phase21_B_λ4,tcd_tile_1870,California interior chaparral and woodlands,Other,,544,0.3507,20,10,8,2,12,0.8,0.4,0.5333,0.7282,0.6076,0.6625
phase21_B_λ4,tcd_tile_1871,Appalachian mixed mesophytic forests,Other,,2036,0.3507,1,11,0,11,1,0.0,0.0,0.0,0.0,0.0,0.0
phase21_B_λ4,tcd_tile_1872,Upper Midwest forest-savanna transition,N. American forest,,3104,0.3507,20,105,12,93,8,0.1143,0.6,0.192,0.8534,0.2498,0.3865
phase21_B_λ4,tcd_tile_1873,Northern Zanzibar-Inhambane coastal forest mosaic,African tropical forest,,3045,0.3507,70,47,16,31,54,0.3404,0.2286,0.2735,0.8851,0.0185,0.0361
phase21_B_λ4,tcd_tile_1874,,Other,,655,0.3507,89,120,41,79,48,0.3417,0.4607,0.3923,0.9146,0.1543,0.264
phase21_B_λ4,tcd_tile_1875,Timor and Wetar deciduous forests,SE Asian & Pacific rainforest,,3599,0.3507,114,137,49,88,65,0.3577,0.4298,0.3904,0.7365,0.3152,0.4414
phase21_B_λ4,tcd_tile_1876,Central U.S. hardwood forests,N. American forest,,2474,0.3507,86,66,38,28,48,0.5758,0.4419,0.5,0.6027,0.4095,0.4877
phase21_B_λ4,tcd_tile_1877,Northern Zanzibar-Inhambane coastal forest mosaic,African tropical forest,,868,0.3507,252,437,184,253,68,0.4211,0.7302,0.5341,0.615,0.516,0.5612
phase21_B_λ4,tcd_tile_1878,Sarmatic mixed forests,European forest,,1754,0.3507,4,175,4,171,0,0.0229,1.0,0.0447,0.9874,0.4602,0.6278
phase21_B_λ4,tcd_tile_1879,Luzon rain forests,SE Asian & Pacific rainforest,,4492,0.3507,376,356,163,193,213,0.4579,0.4335,0.4454,0.6318,0.514,0.5668
phase21_B_λ4,tcd_tile_188,Hispaniolan moist forests,SE Asian & Pacific rainforest,,3569,0.3507,21,59,7,52,14,0.1186,0.3333,0.175,0.1985,0.5691,0.2944
phase21_B_λ4,tcd_tile_1880,Irrawaddy moist deciduous forests,Other,,104,0.3507,32,31,14,17,18,0.4516,0.4375,0.4444,0.8318,0.1248,0.217
phase21_B_λ4,tcd_tile_1881,Baltic mixed forests,European forest,,1174,0.3507,1,119,1,118,0,0.0084,1.0,0.0167,0.9694,0.3609,0.526
phase21_B_λ4,tcd_tile_1882,Central European mixed forests,European forest,,1883,0.3507,32,181,23,158,9,0.1271,0.7188,0.216,0.9164,0.4028,0.5597
phase21_B_λ4,tcd_tile_1883,Northern Zanzibar-Inhambane coastal forest mosaic,African tropical forest,,1206,0.3507,6,33,4,29,2,0.1212,0.6667,0.2051,0.7467,0.0082,0.0163
phase21_B_λ4,tcd_tile_1884,Sumatran lowland rain forests,SE Asian & Pacific rainforest,,4038,0.3507,295,146,67,79,228,0.4589,0.2271,0.3039,0.6222,0.2773,0.3836
phase21_B_λ4,tcd_tile_1885,Appalachian mixed mesophytic forests,Other,,2128,0.3507,61,50,8,42,53,0.16,0.1311,0.1441,0.7825,0.319,0.4532
phase21_B_λ4,tcd_tile_1886,Central Andean dry puna,Other,,817,0.3507,1,20,1,19,0,0.05,1.0,0.0952,0.0286,0.9954,0.0557
phase21_B_λ4,tcd_tile_1887,Northern Zanzibar-Inhambane coastal forest mosaic,African tropical forest,,4541,0.3507,15,7,5,2,10,0.7143,0.3333,0.4545,0.9057,0.0036,0.0072
phase21_B_λ4,tcd_tile_1888,Tasmanian temperate forests,Other,,1693,0.3507,1,70,1,69,0,0.0143,1.0,0.0282,0.9754,0.0585,0.1103
phase21_B_λ4,tcd_tile_1889,Vanuatu rain forests,Other,,2163,0.3507,43,10,2,8,41,0.2,0.0465,0.0755,0.1458,0.0025,0.005
phase21_B_λ4,tcd_tile_189,Cerrado,Latin American forest,,1214,0.3507,1,11,1,10,0,0.0909,1.0,0.1667,0.2395,0.0626,0.0993
phase21_B_λ4,tcd_tile_1890,East European forest steppe,European forest,,490,0.3507,83,179,53,126,30,0.2961,0.6386,0.4046,0.6313,0.5784,0.6037
phase21_B_λ4,tcd_tile_1891,Luzon rain forests,SE Asian & Pacific rainforest,,4855,0.3507,223,175,70,105,153,0.4,0.3139,0.3518,0.5236,0.5415,0.5324
phase21_B_λ4,tcd_tile_1892,Southern Zanzibar-Inhambane coastal forest mosaic,African tropical forest,,2934,0.3507,64,20,15,5,49,0.75,0.2344,0.3571,0.7951,0.5318,0.6374
phase21_B_λ4,tcd_tile_1893,Southeastern mixed forests,N. American forest,,4736,0.3507,6,472,6,466,0,0.0127,1.0,0.0251,0.9631,0.4872,0.647
phase21_B_λ4,tcd_tile_1894,Caucasus mixed forests,European forest,,4243,0.3507,52,103,38,65,14,0.3689,0.7308,0.4903,0.9532,0.3818,0.5452
phase21_B_λ4,tcd_tile_1895,Southern Zanzibar-Inhambane coastal forest mosaic,African tropical forest,,4698,0.3507,160,115,62,53,98,0.5391,0.3875,0.4509,0.8728,0.4014,0.5499
phase21_B_λ4,tcd_tile_1896,Baltic mixed forests,European forest,,2564,0.3507,6,9,1,8,5,0.1111,0.1667,0.1333,0.673,0.1282,0.2154
phase21_B_λ4,tcd_tile_1897,Nigerian lowland forests,African tropical forest,,4701,0.3507,0,67,0,67,0,0.0,0.0,0.0,0.0,0.0,0.0
phase21_B_λ4,tcd_tile_1898,Nihonkai montane deciduous forests,Other,,4534,0.3507,45,63,18,45,27,0.2857,0.4,0.3333,0.9297,0.0862,0.1577
phase21_B_λ4,tcd_tile_1899,Sierra Nevada forests,N. American forest,,3871,0.3507,82,45,35,10,47,0.7778,0.4268,0.5512,0.8507,0.1389,0.2389
phase21_B_λ4,tcd_tile_19,West Sudanian savanna,Arid / dryland,,699,0.3507,101,80,58,22,43,0.725,0.5743,0.6409,0.8714,0.6313,0.7322
phase21_B_λ4,tcd_tile_190,Central U.S. hardwood forests,N. American forest,,1538,0.3507,48,107,25,82,23,0.2336,0.5208,0.3226,0.5078,0.3415,0.4084
phase21_B_λ4,tcd_tile_1900,Western Java montane rain forests,Other,,1713,0.3507,10,66,6,60,4,0.0909,0.6,0.1579,0.9999,0.2048,0.3399
phase21_B_λ4,tcd_tile_1901,Northeastern coastal forests,N. American forest,,1714,0.3507,40,29,18,11,22,0.6207,0.45,0.5217,0.8935,0.317,0.468
phase21_B_λ4,tcd_tile_1902,Northern Zanzibar-Inhambane coastal forest mosaic,African tropical forest,,1176,0.3507,227,235,92,143,135,0.3915,0.4053,0.3983,0.7574,0.4694,0.5796
phase21_B_λ4,tcd_tile_1903,Himalayan subtropical broadleaf forests,Other,,1609,0.3507,105,226,24,202,81,0.1062,0.2286,0.145,0.9602,0.1417,0.247
phase21_B_λ4,tcd_tile_1904,Western European broadleaf forests,European forest,,4928,0.3507,2,29,1,28,1,0.0345,0.5,0.0645,1.0,0.1121,0.2016
phase21_B_λ4,tcd_tile_1905,Lesser Sundas deciduous forests,SE Asian & Pacific rainforest,,2435,0.3507,15,102,8,94,7,0.0784,0.5333,0.1368,0.7013,0.2325,0.3492
phase21_B_λ4,tcd_tile_1906,Sarmatic mixed forests,European forest,,1966,0.3507,5,480,4,476,1,0.0083,0.8,0.0165,0.9887,0.4904,0.6556
phase21_B_λ4,tcd_tile_1907,Fiji tropical dry forests,Other,,2243,0.3507,27,678,16,662,11,0.0236,0.5926,0.0454,0.9211,0.2322,0.3708
phase21_B_λ4,tcd_tile_1908,Central Indochina dry forests,Other,,4429,0.3507,234,393,120,273,114,0.3053,0.5128,0.3828,0.7764,0.5208,0.6234
phase21_B_λ4,tcd_tile_1909,,Other,,491,0.3507,42,77,12,65,30,0.1558,0.2857,0.2017,0.2362,0.2513,0.2435
phase21_B_λ4,tcd_tile_191,Serra do Mar coastal forests,Latin American forest,,4347,0.3507,11,277,7,270,4,0.0253,0.6364,0.0486,0.97,0.2649,0.4162
phase21_B_λ4,tcd_tile_1910,Himalayan subtropical broadleaf forests,Other,,91,0.3507,206,28,17,11,189,0.6071,0.0825,0.1453,0.6841,0.169,0.271
phase21_B_λ4,tcd_tile_1911,Balkan mixed forests,European forest,,197,0.3507,89,136,50,86,39,0.3676,0.5618,0.4444,0.6887,0.3559,0.4693
phase21_B_λ4,tcd_tile_1912,Northern Zanzibar-Inhambane coastal forest mosaic,African tropical forest,,4060,0.3507,253,150,105,45,148,0.7,0.415,0.5211,0.746,0.3683,0.4931
phase21_B_λ4,tcd_tile_1913,Northern Zanzibar-Inhambane coastal forest mosaic,African tropical forest,,783,0.3507,199,49,40,9,159,0.8163,0.201,0.3226,0.8826,0.1304,0.2273
phase21_B_λ4,tcd_tile_1914,East European forest steppe,European forest,,786,0.3507,112,145,61,84,51,0.4207,0.5446,0.4747,0.5281,0.5589,0.5431
phase21_B_λ4,tcd_tile_1915,Northern Anatolian conifer and deciduous forests,Other,,1539,0.3507,46,58,24,34,22,0.4138,0.5217,0.4615,0.7638,0.2426,0.3682
phase21_B_λ4,tcd_tile_1916,Sierra Nevada forests,N. American forest,,1810,0.3507,138,124,59,65,79,0.4758,0.4275,0.4504,0.7319,0.2365,0.3575
phase21_B_λ4,tcd_tile_1917,Northern Congolian forest-savanna mosaic,African tropical forest,,910,0.3507,27,22,8,14,19,0.3636,0.2963,0.3265,0.1305,0.2921,0.1804
phase21_B_λ4,tcd_tile_1918,"Sao Tome, Principe and Annobon moist lowland forests",Other,,1447,0.3507,28,173,17,156,11,0.0983,0.6071,0.1692,0.9058,0.3115,0.4636
phase21_B_λ4,tcd_tile_1919,Northern Zanzibar-Inhambane coastal forest mosaic,African tropical forest,,518,0.3507,116,121,40,81,76,0.3306,0.3448,0.3376,0.7606,0.4473,0.5633
phase21_B_λ4,tcd_tile_1920,North Island temperate forests,Other,,2292,0.3507,58,26,12,14,46,0.4615,0.2069,0.2857,0.6446,0.3023,0.4116
phase21_B_λ4,tcd_tile_1921,Upper Midwest forest-savanna transition,N. American forest,,2898,0.3507,96,151,54,97,42,0.3576,0.5625,0.4372,0.5614,0.3758,0.4502
phase21_B_λ4,tcd_tile_1922,Baltic mixed forests,European forest,,3627,0.3507,38,102,29,73,9,0.2843,0.7632,0.4143,0.8456,0.6102,0.7089
phase21_B_λ4,tcd_tile_1923,Scandinavian and Russian taiga,Other,,371,0.3507,69,217,46,171,23,0.212,0.6667,0.3217,0.938,0.3615,0.5219
phase21_B_λ4,tcd_tile_1924,Celtic broadleaf forests,European forest,,4894,0.3507,0,33,0,33,0,0.0,0.0,0.0,0.0,0.0,0.0
phase21_B_λ4,tcd_tile_1925,Nihonkai montane deciduous forests,Other,,4431,0.3507,5,11,2,9,3,0.1818,0.4,0.25,0.9857,0.015,0.0296
phase21_B_λ4,tcd_tile_1926,Northern California coastal forests,N. American forest,,2530,0.3507,0,0,0,0,0,0.0,0.0,0.0,0.0,0.0,0.0
phase21_B_λ4,tcd_tile_1927,Luzon rain forests,SE Asian & Pacific rainforest,,1127,0.3507,21,122,10,112,11,0.082,0.4762,0.1399,0.7245,0.2054,0.3201
phase21_B_λ4,tcd_tile_1928,Central U.S. hardwood forests,N. American forest,,3981,0.3507,8,44,5,39,3,0.1136,0.625,0.1923,0.9178,0.1854,0.3085
phase21_B_λ4,tcd_tile_1929,Upper Gangetic Plains moist deciduous forests,Other,,3936,0.3507,66,81,22,59,44,0.2716,0.3333,0.2993,0.8797,0.2773,0.4217
phase21_B_λ4,tcd_tile_1930,Northern California coastal forests,N. American forest,,2892,0.3507,1,4,1,3,0,0.25,1.0,0.4,0.9682,0.1296,0.2286
phase21_B_λ4,tcd_tile_1931,Taiwan subtropical evergreen forests,SE Asian & Pacific rainforest,,1976,0.3507,117,96,27,69,90,0.2812,0.2308,0.2535,0.7149,0.3278,0.4495
phase21_B_λ4,tcd_tile_1932,Central Indochina dry forests,Other,,4609,0.3507,251,592,169,423,82,0.2855,0.6733,0.4009,0.8698,0.5129,0.6453
phase21_B_λ4,tcd_tile_1933,Granitic Seychelles forests,Other,,1529,0.3507,120,593,73,520,47,0.1231,0.6083,0.2048,0.953,0.4531,0.6142
phase21_B_λ4,tcd_tile_1934,Southern Great Lakes forests,N. American forest,,1369,0.3507,11,14,4,10,7,0.2857,0.3636,0.32,0.5832,0.1612,0.2526
phase21_B_λ4,tcd_tile_1935,Central Indochina dry forests,Other,,4565,0.3507,213,574,143,431,70,0.2491,0.6714,0.3634,0.8196,0.532,0.6452
phase21_B_λ4,tcd_tile_1936,Central European mixed forests,European forest,,3341,0.3507,52,81,31,50,21,0.3827,0.5962,0.4662,0.875,0.5771,0.6955
phase21_B_λ4,tcd_tile_1937,Northern Zanzibar-Inhambane coastal forest mosaic,African tropical forest,,492,0.3507,31,52,17,35,14,0.3269,0.5484,0.4096,0.5493,0.2083,0.3021
phase21_B_λ4,tcd_tile_1938,Sarmatic mixed forests,European forest,,4886,0.3507,19,127,10,117,9,0.0787,0.5263,0.137,0.9376,0.33,0.4882
phase21_B_λ4,tcd_tile_1939,Alto Paraná Atlantic forests,Other,,3390,0.3507,1,6,1,5,0,0.1667,1.0,0.2857,1.0,0.0055,0.0109
phase21_B_λ4,tcd_tile_1940,Taiheiyo evergreen forests,Other,,4000,0.3507,2,637,2,635,0,0.0031,1.0,0.0063,0.9873,0.4206,0.5899
phase21_B_λ4,tcd_tile_1941,Northern Zanzibar-Inhambane coastal forest mosaic,African tropical forest,,3102,0.3507,49,91,34,57,15,0.3736,0.6939,0.4857,0.8308,0.4243,0.5618
phase21_B_λ4,tcd_tile_1942,Upper Midwest forest-savanna transition,N. American forest,,3331,0.3507,1,63,1,62,0,0.0159,1.0,0.0312,0.9722,0.5373,0.6921
phase21_B_λ4,tcd_tile_1943,Willamette Valley forests,N. American forest,,2340,0.3507,14,32,0,32,14,0.0,0.0,0.0,0.0,0.0,0.0
phase21_B_λ4,tcd_tile_1944,Northern Zanzibar-Inhambane coastal forest mosaic,African tropical forest,,1989,0.3507,223,64,54,10,169,0.8438,0.2422,0.3763,0.8138,0.2048,0.3272
phase21_B_λ4,tcd_tile_1945,Celtic broadleaf forests,European forest,,3992,0.3507,36,33,9,24,27,0.2727,0.25,0.2609,0.4686,0.6146,0.5318
phase21_B_λ4,tcd_tile_1946,Appalachian-Blue Ridge forests,N. American forest,,2146,0.3507,17,24,7,17,10,0.2917,0.4118,0.3415,0.6543,0.319,0.4289
phase21_B_λ4,tcd_tile_1947,Northern Zanzibar-Inhambane coastal forest mosaic,African tropical forest,,2398,0.3507,74,252,48,204,26,0.1905,0.6486,0.2945,0.8825,0.3561,0.5074
phase21_B_λ4,tcd_tile_1948,Atlantic coastal pine barrens,Other,,2038,0.3507,27,82,3,79,24,0.0366,0.1111,0.055,0.7869,0.2552,0.3854
phase21_B_λ4,tcd_tile_1949,Pannonian mixed forests,European forest,,4911,0.3507,89,162,56,106,33,0.3457,0.6292,0.4462,0.5385,0.6342,0.5824
phase21_B_λ4,tcd_tile_1950,Sierra Nevada forests,N. American forest,,3011,0.3507,67,119,39,80,28,0.3277,0.5821,0.4194,0.7787,0.6085,0.6831
phase21_B_λ4,tcd_tile_1951,Lesser Sundas deciduous forests,SE Asian & Pacific rainforest,,2059,0.3507,14,36,8,28,6,0.2222,0.5714,0.32,0.3837,0.3801,0.3819
phase21_B_λ4,tcd_tile_1952,Caucasus mixed forests,European forest,,1679,0.3507,12,2,1,1,11,0.5,0.0833,0.1429,1.0,0.0053,0.0106
phase21_B_λ4,tcd_tile_1953,Sulawesi lowland rain forests,SE Asian & Pacific rainforest,,3762,0.3507,45,85,23,62,22,0.2706,0.5111,0.3538,0.7379,0.1833,0.2936
phase21_B_λ4,tcd_tile_1954,Northern Zanzibar-Inhambane coastal forest mosaic,African tropical forest,,1354,0.3507,45,236,17,219,28,0.072,0.3778,0.121,0.881,0.1531,0.2609
phase21_B_λ4,tcd_tile_1955,Southern Great Lakes forests,N. American forest,,331,0.3507,41,31,15,16,26,0.4839,0.3659,0.4167,0.7739,0.1214,0.2099
phase21_B_λ4,tcd_tile_1956,Balkan mixed forests,European forest,,2660,0.3507,134,111,92,19,42,0.8288,0.6866,0.751,0.8359,0.6092,0.7048
phase21_B_λ4,tcd_tile_1957,Southern Zanzibar-Inhambane coastal forest mosaic,African tropical forest,,2379,0.3507,140,109,31,78,109,0.2844,0.2214,0.249,0.922,0.2148,0.3485
phase21_B_λ4,tcd_tile_1958,Humid Pampas,Other,,1216,0.3507,36,97,24,73,12,0.2474,0.6667,0.3609,0.6502,0.52,0.5779
phase21_B_λ4,tcd_tile_1959,Mato Grosso seasonal forests,Latin American forest,,3043,0.3507,135,212,88,124,47,0.4151,0.6519,0.5072,0.7827,0.5015,0.6113
phase21_B_λ4,tcd_tile_1960,Celtic broadleaf forests,European forest,,1547,0.3507,87,56,30,26,57,0.5357,0.3448,0.4196,0.7709,0.3,0.4319
phase21_B_λ4,tcd_tile_1961,,Other,,4323,0.3507,33,66,28,38,5,0.4242,0.8485,0.5657,0.7467,0.7431,0.7449
phase21_B_λ4,tcd_tile_1962,Luzon rain forests,SE Asian & Pacific rainforest,,4229,0.3507,212,325,93,232,119,0.2862,0.4387,0.3464,0.784,0.4673,0.5856
phase21_B_λ4,tcd_tile_1963,New England-Acadian forests,N. American forest,,3888,0.3507,9,309,6,303,3,0.0194,0.6667,0.0377,0.9907,0.2737,0.429
phase21_B_λ4,tcd_tile_1964,Irrawaddy moist deciduous forests,Other,,734,0.3507,27,42,18,24,9,0.4286,0.6667,0.5217,0.8316,0.2714,0.4093
phase21_B_λ4,tcd_tile_1965,Central forest-grasslands transition,Other,,242,0.3507,37,17,13,4,24,0.7647,0.3514,0.4815,0.9136,0.1282,0.2248
phase21_B_λ4,tcd_tile_1966,Atlantic mixed forests,European forest,,1330,0.3507,23,267,22,245,1,0.0824,0.9565,0.1517,0.9506,0.3165,0.4748
phase21_B_λ4,tcd_tile_1967,Sarmatic mixed forests,European forest,,3580,0.3507,1,35,1,34,0,0.0286,1.0,0.0556,0.9751,0.2421,0.3879
phase21_B_λ4,tcd_tile_1968,Northern Zanzibar-Inhambane coastal forest mosaic,African tropical forest,,382,0.3507,386,446,219,227,167,0.491,0.5674,0.5264,0.7823,0.5061,0.6146
phase21_B_λ4,tcd_tile_1969,Northeastern coastal forests,N. American forest,,3229,0.3507,8,73,4,69,4,0.0548,0.5,0.0988,0.8643,0.1223,0.2143
phase21_B_λ4,tcd_tile_1970,North Island temperate forests,Other,,889,0.3507,11,0,0,0,11,0.0,0.0,0.0,0.0,0.0,0.0
phase21_B_λ4,tcd_tile_1971,Cerrado,Latin American forest,,964,0.3507,23,302,13,289,10,0.043,0.5652,0.08,0.9306,0.5049,0.6547
phase21_B_λ4,tcd_tile_1972,Atlantic coastal pine barrens,Other,,3118,0.3507,215,95,2,93,213,0.0211,0.0093,0.0129,0.9631,0.1904,0.318
phase21_B_λ4,tcd_tile_1973,,Other,,325,0.3507,29,42,12,30,17,0.2857,0.4138,0.338,0.822,0.1077,0.1904
phase21_B_λ4,tcd_tile_1974,Sarmatic mixed forests,European forest,,4907,0.3507,1,358,1,357,0,0.0028,1.0,0.0056,0.9703,0.3885,0.5548
phase21_B_λ4,tcd_tile_1975,Southeastern mixed forests,N. American forest,,4348,0.3507,98,120,58,62,40,0.4833,0.5918,0.5321,0.8296,0.2361,0.3676
phase21_B_λ4,tcd_tile_1976,Northeastern coastal forests,N. American forest,,3240,0.3507,9,73,6,67,3,0.0822,0.6667,0.1463,0.5725,0.1516,0.2397
phase21_B_λ4,tcd_tile_1977,Lesser Sundas deciduous forests,SE Asian & Pacific rainforest,,1682,0.3507,9,487,6,481,3,0.0123,0.6667,0.0242,0.9791,0.2658,0.4182
phase21_B_λ4,tcd_tile_1978,Madeira-Tapajós moist forests,Latin American forest,,3500,0.3507,78,894,33,861,45,0.0369,0.4231,0.0679,0.9698,0.443,0.6082
phase21_B_λ4,tcd_tile_1979,Northwestern Andean montane forests,Latin American forest,,752,0.3507,6,21,4,17,2,0.1905,0.6667,0.2963,0.2461,0.794,0.3757
phase21_B_λ4,tcd_tile_198,New England-Acadian forests,N. American forest,,2455,0.3507,2,173,2,171,0,0.0116,1.0,0.0229,0.9849,0.2752,0.4303
phase21_B_λ4,tcd_tile_1980,,Other,,3113,0.3507,129,194,80,114,49,0.4124,0.6202,0.4954,0.7032,0.5261,0.6019
phase21_B_λ4,tcd_tile_1981,Balsas dry forests,Other,,2585,0.3507,104,19,9,10,95,0.4737,0.0865,0.1463,0.6648,0.0641,0.1169
phase21_B_λ4,tcd_tile_1982,Hispaniolan moist forests,SE Asian & Pacific rainforest,,4829,0.3507,36,91,12,79,24,0.1319,0.3333,0.189,0.2888,0.4679,0.3571
phase21_B_λ4,tcd_tile_1983,Bahamian pine mosaic,Other,,4198,0.3507,4,13,2,11,2,0.1538,0.5,0.2353,0.3912,0.0163,0.0312
phase21_B_λ4,tcd_tile_1984,East European forest steppe,European forest,,4912,0.3507,38,52,12,40,26,0.2308,0.3158,0.2667,0.6735,0.1806,0.2849
phase21_B_λ4,tcd_tile_1985,Madeira-Tapajós moist forests,Latin American forest,,322,0.3507,1,1068,1,1067,0,0.0009,1.0,0.0019,0.9999,0.5068,0.6727
phase21_B_λ4,tcd_tile_1986,Southern Great Lakes forests,N. American forest,,5013,0.3507,5,24,4,20,1,0.1667,0.8,0.2759,0.9374,0.0687,0.128
phase21_B_λ4,tcd_tile_1987,Northeastern coastal forests,N. American forest,,3061,0.3507,16,8,3,5,13,0.375,0.1875,0.25,0.7638,0.179,0.29
phase21_B_λ4,tcd_tile_1988,Himalayan subtropical pine forests,Other,,5070,0.3507,184,595,89,506,95,0.1496,0.4837,0.2285,0.8961,0.4878,0.6317
phase21_B_λ4,tcd_tile_1989,Northern Zanzibar-Inhambane coastal forest mosaic,African tropical forest,,3543,0.3507,144,533,129,404,15,0.242,0.8958,0.3811,0.7426,0.5129,0.6068
phase21_B_λ4,tcd_tile_199,Madeira-Tapajós moist forests,Latin American forest,,805,0.3507,1,696,1,695,0,0.0014,1.0,0.0029,0.9993,0.5288,0.6916
phase21_B_λ4,tcd_tile_1990,,Other,,4037,0.3507,0,58,0,58,0,0.0,0.0,0.0,0.0,0.0,0.0
phase21_B_λ4,tcd_tile_1991,Irrawaddy moist deciduous forests,Other,,15,0.3507,118,63,42,21,76,0.6667,0.3559,0.4641,0.8606,0.2451,0.3815
phase21_B_λ4,tcd_tile_1992,Northeastern coastal forests,N. American forest,,2274,0.3507,1,1,1,0,0,1.0,1.0,1.0,1.0,0.0006,0.0011
phase21_B_λ4,tcd_tile_1993,Northern Zanzibar-Inhambane coastal forest mosaic,African tropical forest,,3656,0.3507,90,339,63,276,27,0.1858,0.7,0.2937,0.9396,0.369,0.5299
phase21_B_λ4,tcd_tile_1994,Caucasus mixed forests,European forest,,198,0.3507,15,8,2,6,13,0.25,0.1333,0.1739,0.9536,0.0148,0.0291
phase21_B_λ4,tcd_tile_1995,Central European mixed forests,European forest,,2397,0.3507,57,146,18,128,39,0.1233,0.3158,0.1773,0.7178,0.2676,0.3899
phase21_B_λ4,tcd_tile_1996,Bahia coastal forests,Latin American forest,,4086,0.3507,40,137,5,132,35,0.0365,0.125,0.0565,0.9987,0.1764,0.2998
phase21_B_λ4,tcd_tile_1997,Madeira-Tapajós moist forests,Latin American forest,,3576,0.3507,74,442,26,416,48,0.0588,0.3514,0.1008,0.9456,0.5081,0.661
phase21_B_λ4,tcd_tile_1998,Luzon rain forests,SE Asian & Pacific rainforest,,3910,0.3507,45,64,28,36,17,0.4375,0.6222,0.5138,0.8979,0.3456,0.4991
phase21_B_λ4,tcd_tile_1999,Changjiang Plain evergreen forests,Other,,4305,0.3507,29,23,7,16,22,0.3043,0.2414,0.2692,0.9021,0.2826,0.4304
phase21_B_λ4,tcd_tile_2,Central Mexican matorral,Arid / dryland,,882,0.3507,65,57,37,20,28,0.6491,0.5692,0.6066,0.9574,0.4563,0.618
phase21_B_λ4,tcd_tile_20,Zambezian and Mopane woodlands,Arid / dryland,,276,0.3507,37,142,29,113,8,0.2042,0.7838,0.324,0.5759,0.6372,0.605
phase21_B_λ4,tcd_tile_200,Northern Zanzibar-Inhambane coastal forest mosaic,African tropical forest,,4424,0.3507,117,664,98,566,19,0.1476,0.8376,0.251,0.9222,0.5261,0.6699
phase21_B_λ4,tcd_tile_2000,English Lowlands beech forests,European forest,,3251,0.3507,2,11,2,9,0,0.1818,1.0,0.3077,0.9636,0.1329,0.2336
phase21_B_λ4,tcd_tile_2001,Northern Zanzibar-Inhambane coastal forest mosaic,African tropical forest,,1122,0.3507,130,40,26,14,104,0.65,0.2,0.3059,0.8076,0.2105,0.3339
phase21_B_λ4,tcd_tile_2002,Luzon rain forests,SE Asian & Pacific rainforest,,1704,0.3507,22,80,2,78,20,0.025,0.0909,0.0392,0.9763,0.0356,0.0686
phase21_B_λ4,tcd_tile_2003,Northern Zanzibar-Inhambane coastal forest mosaic,African tropical forest,,1743,0.3507,106,150,61,89,45,0.4067,0.5755,0.4766,0.8039,0.4294,0.5598
phase21_B_λ4,tcd_tile_2004,Hispaniolan moist forests,SE Asian & Pacific rainforest,,2273,0.3507,31,82,14,68,17,0.1707,0.4516,0.2478,0.1792,0.3596,0.2392
phase21_B_λ4,tcd_tile_2005,Sarmatic mixed forests,European forest,,239,0.3507,71,253,43,210,28,0.17,0.6056,0.2654,0.9267,0.3568,0.5152
phase21_B_λ4,tcd_tile_2006,,Other,,996,0.3507,0,3,0,3,0,0.0,0.0,0.0,0.0,0.0,0.0
phase21_B_λ4,tcd_tile_2007,Central Andean puna,Other,,810,0.3507,10,1,1,0,9,1.0,0.1,0.1818,0.706,0.0386,0.0731
phase21_B_λ4,tcd_tile_2008,Madeira-Tapajós moist forests,Latin American forest,,94,0.3507,3,1034,3,1031,0,0.0029,1.0,0.0058,0.9985,0.4779,0.6464
phase21_B_λ4,tcd_tile_2009,Northern Congolian forest-savanna mosaic,African tropical forest,,210,0.3507,104,55,41,14,63,0.7455,0.3942,0.5157,0.62,0.4091,0.493
phase21_B_λ4,tcd_tile_2010,Northern Zanzibar-Inhambane coastal forest mosaic,African tropical forest,,2014,0.3507,156,199,53,146,103,0.2663,0.3397,0.2986,0.4595,0.2892,0.355
phase21_B_λ4,tcd_tile_2011,Central European mixed forests,European forest,,4580,0.3507,0,346,0,346,0,0.0,0.0,0.0,0.0,0.0,0.0
phase21_B_λ4,tcd_tile_2012,Vanuatu rain forests,Other,,3909,0.3507,4,12,1,11,3,0.0833,0.25,0.125,1.0,0.0085,0.0169
phase21_B_λ4,tcd_tile_2013,Northeastern coastal forests,N. American forest,,2230,0.3507,80,6,4,2,76,0.6667,0.05,0.093,0.3746,0.0132,0.0256
phase21_B_λ4,tcd_tile_2014,Northeastern coastal forests,N. American forest,,2229,0.3507,0,0,0,0,0,0.0,0.0,0.0,0.0,0.0,0.0
phase21_B_λ4,tcd_tile_2015,Northern Zanzibar-Inhambane coastal forest mosaic,African tropical forest,,3365,0.3507,315,123,113,10,202,0.9187,0.3587,0.516,0.8114,0.3328,0.472
phase21_B_λ4,tcd_tile_2016,Northern Zanzibar-Inhambane coastal forest mosaic,African tropical forest,,1226,0.3507,200,448,168,280,32,0.375,0.84,0.5185,0.8926,0.477,0.6218
phase21_B_λ4,tcd_tile_2017,Bolivian montane dry forests,Latin American forest,,4223,0.3507,35,119,7,112,28,0.0588,0.2,0.0909,0.08,0.3663,0.1313
phase21_B_λ4,tcd_tile_2018,Bolivian montane dry forests,Latin American forest,,4695,0.3507,30,243,18,225,12,0.0741,0.6,0.1319,0.0958,0.8004,0.1711
phase21_B_λ4,tcd_tile_2019,Eastern Mediterranean conifer-sclerophyllous-broadleaf forests,Other,,998,0.3507,73,68,35,33,38,0.5147,0.4795,0.4965,0.6583,0.7078,0.6821
phase21_B_λ4,tcd_tile_202,Northern Zanzibar-Inhambane coastal forest mosaic,African tropical forest,,2808,0.3507,251,232,211,21,40,0.9095,0.8406,0.8737,0.8316,0.7905,0.8105
phase21_B_λ4,tcd_tile_2020,Lesser Sundas deciduous forests,SE Asian & Pacific rainforest,,1844,0.3507,42,284,3,281,39,0.0106,0.0714,0.0184,0.8646,0.2047,0.331
phase21_B_λ4,tcd_tile_2021,Southern Annamites montane rain forests,Other,,1228,0.3507,409,275,27,248,382,0.0982,0.066,0.0789,0.7749,0.3454,0.4779
phase21_B_λ4,tcd_tile_2022,Atlantic coastal pine barrens,Other,,4024,0.3507,95,46,13,33,82,0.2826,0.1368,0.1844,0.8532,0.1421,0.2437
phase21_B_λ4,tcd_tile_2023,Northern Zanzibar-Inhambane coastal forest mosaic,African tropical forest,,3778,0.3507,134,219,65,154,69,0.2968,0.4851,0.3683,0.564,0.6015,0.5821
phase21_B_λ4,tcd_tile_2024,Western European broadleaf forests,European forest,,4191,0.3507,2,1,1,0,1,1.0,0.5,0.6667,0.9178,0.0853,0.1562
phase21_B_λ4,tcd_tile_2025,Southeast Australia temperate forests,Other,,2848,0.3507,50,161,35,126,15,0.2174,0.7,0.3318,0.8298,0.2188,0.3463
phase21_B_λ4,tcd_tile_2026,Nigerian lowland forests,African tropical forest,,4468,0.3507,8,143,0,143,8,0.0,0.0,0.0,0.0,0.0,0.0
phase21_B_λ4,tcd_tile_2027,Hispaniolan moist forests,SE Asian & Pacific rainforest,,4927,0.3507,14,37,5,32,9,0.1351,0.3571,0.1961,0.1155,0.5893,0.1932
phase21_B_λ4,tcd_tile_2028,Southern Zanzibar-Inhambane coastal forest mosaic,African tropical forest,,1799,0.3507,144,206,102,104,42,0.4951,0.7083,0.5829,0.8412,0.3815,0.5249
phase21_B_λ4,tcd_tile_2029,Sulawesi lowland rain forests,SE Asian & Pacific rainforest,,3168,0.3507,29,101,8,93,21,0.0792,0.2759,0.1231,0.7692,0.2552,0.3833
phase21_B_λ4,tcd_tile_203,Mindanao-Eastern Visayas rain forests,SE Asian & Pacific rainforest,,2819,0.3507,152,534,84,450,68,0.1573,0.5526,0.2449,0.8473,0.363,0.5082
phase21_B_λ4,tcd_tile_2030,Atlantic mixed forests,European forest,,4591,0.3507,22,96,7,89,15,0.0729,0.3182,0.1186,0.3316,0.2445,0.2815
phase21_B_λ4,tcd_tile_2031,Southern Zanzibar-Inhambane coastal forest mosaic,African tropical forest,,2509,0.3507,125,157,87,70,38,0.5541,0.696,0.617,0.7987,0.4931,0.6098
phase21_B_λ4,tcd_tile_2032,Northern Zanzibar-Inhambane coastal forest mosaic,African tropical forest,,2168,0.3507,176,197,111,86,65,0.5635,0.6307,0.5952,0.8738,0.4405,0.5857
phase21_B_λ4,tcd_tile_2033,Southern Great Lakes forests,N. American forest,,354,0.3507,30,93,23,70,7,0.2473,0.7667,0.374,0.9465,0.3505,0.5116
phase21_B_λ4,tcd_tile_2034,Madeira-Tapajós moist forests,Latin American forest,,4496,0.3507,2,303,1,302,1,0.0033,0.5,0.0066,0.9998,0.2706,0.4259
phase21_B_λ4,tcd_tile_2035,Northern Zanzibar-Inhambane coastal forest mosaic,African tropical forest,,3453,0.3507,76,88,35,53,41,0.3977,0.4605,0.4268,0.3433,0.6899,0.4585
phase21_B_λ4,tcd_tile_2036,East African montane forests,African tropical forest,,2410,0.3507,153,180,20,160,133,0.1111,0.1307,0.1201,0.899,0.1558,0.2656
phase21_B_λ4,tcd_tile_2037,Southeastern conifer forests,N. American forest,,3062,0.3507,76,99,9,90,67,0.0909,0.1184,0.1029,0.161,0.5878,0.2527
phase21_B_λ4,tcd_tile_2038,Tasmanian temperate forests,Other,,3406,0.3507,3,87,2,85,1,0.023,0.6667,0.0444,0.916,0.129,0.2261
phase21_B_λ4,tcd_tile_2039,Sarmatic mixed forests,European forest,,1277,0.3507,22,109,19,90,3,0.1743,0.8636,0.2901,0.6936,0.4558,0.5501
phase21_B_λ4,tcd_tile_2040,Southern Great Lakes forests,N. American forest,,4994,0.3507,18,19,3,16,15,0.1579,0.1667,0.1622,0.465,0.6468,0.541
phase21_B_λ4,tcd_tile_2041,East European forest steppe,European forest,,4248,0.3507,13,57,6,51,7,0.1053,0.4615,0.1714,0.4403,0.1511,0.225
phase21_B_λ4,tcd_tile_2042,Northern Congolian forest-savanna mosaic,African tropical forest,,1079,0.3507,45,47,27,20,18,0.5745,0.6,0.587,0.7176,0.6921,0.7046
phase21_B_λ4,tcd_tile_2043,Changjiang Plain evergreen forests,Other,,1382,0.3507,266,147,103,44,163,0.7007,0.3872,0.4988,0.8252,0.2718,0.4089
phase21_B_λ4,tcd_tile_2044,Eastern Great Lakes lowland forests,N. American forest,,3567,0.3507,20,60,10,50,10,0.1667,0.5,0.25,0.955,0.2623,0.4115
phase21_B_λ4,tcd_tile_2045,Eastern forest-boreal transition,Other,,4064,0.3507,48,400,26,374,22,0.065,0.5417,0.1161,0.9229,0.4183,0.5757
phase21_B_λ4,tcd_tile_2046,Peruvian Yungas,Latin American forest,,3797,0.3507,125,175,19,156,106,0.1086,0.152,0.1267,0.2509,0.3774,0.3014
phase21_B_λ4,tcd_tile_2047,Baltic mixed forests,European forest,,4554,0.3507,6,22,3,19,3,0.1364,0.5,0.2143,0.7127,0.0189,0.0368
phase21_B_λ4,tcd_tile_2048,Northern Zanzibar-Inhambane coastal forest mosaic,African tropical forest,,4162,0.3507,89,142,44,98,45,0.3099,0.4944,0.381,0.5212,0.2266,0.3159
phase21_B_λ4,tcd_tile_2049,Cerrado,Latin American forest,,1057,0.3507,17,88,4,84,13,0.0455,0.2353,0.0762,0.269,0.1617,0.202
phase21_B_λ4,tcd_tile_2050,Northeastern coastal forests,N. American forest,,893,0.3507,86,156,44,112,42,0.2821,0.5116,0.3636,0.5967,0.6317,0.6137
phase21_B_λ4,tcd_tile_2051,Lesser Sundas deciduous forests,SE Asian & Pacific rainforest,,3336,0.3507,31,166,10,156,21,0.0602,0.3226,0.1015,0.6578,0.1937,0.2993
phase21_B_λ4,tcd_tile_2052,Northern Zanzibar-Inhambane coastal forest mosaic,African tropical forest,,2883,0.3507,85,336,53,283,32,0.1577,0.6235,0.2518,0.8703,0.3525,0.5018
phase21_B_λ4,tcd_tile_2053,English Lowlands beech forests,European forest,,3709,0.3507,41,111,17,94,24,0.1532,0.4146,0.2237,0.7978,0.2552,0.3867
phase21_B_λ4,tcd_tile_2054,East European forest steppe,European forest,,4576,0.3507,13,51,7,44,6,0.1373,0.5385,0.2188,0.7572,0.1412,0.2381
phase21_B_λ4,tcd_tile_2055,Sierra Nevada forests,N. American forest,,2179,0.3507,16,173,13,160,3,0.0751,0.8125,0.1376,0.8886,0.1289,0.2251
phase21_B_λ4,tcd_tile_2056,Northern Zanzibar-Inhambane coastal forest mosaic,African tropical forest,,2952,0.3507,200,447,74,373,126,0.1655,0.37,0.2287,0.9317,0.4351,0.5932
phase21_B_λ4,tcd_tile_2057,Madeira-Tapajós moist forests,Latin American forest,,587,0.3507,1,1018,1,1017,0,0.001,1.0,0.002,0.9969,0.5209,0.6843
phase21_B_λ4,tcd_tile_2058,Southeastern mixed forests,N. American forest,,2592,0.3507,24,7,1,6,23,0.1429,0.0417,0.0645,0.1188,0.0018,0.0035
phase21_B_λ4,tcd_tile_2059,Celtic broadleaf forests,European forest,,2147,0.3507,14,3,3,0,11,1.0,0.2143,0.3529,0.9454,0.0599,0.1127
phase21_B_λ4,tcd_tile_2060,Maputaland coastal forest mosaic,African tropical forest,,292,0.3507,138,85,69,16,69,0.8118,0.5,0.6188,0.8251,0.5315,0.6465
phase21_B_λ4,tcd_tile_2061,Northern Zanzibar-Inhambane coastal forest mosaic,African tropical forest,,1832,0.3507,135,317,67,250,68,0.2114,0.4963,0.2965,0.8842,0.4122,0.5623
phase21_B_λ4,tcd_tile_2062,Upper Midwest forest-savanna transition,N. American forest,,1929,0.3507,14,34,11,23,3,0.3235,0.7857,0.4583,0.8293,0.3689,0.5107
phase21_B_λ4,tcd_tile_2063,,Other,,461,0.3507,2,10,1,9,1,0.1,0.5,0.1667,0.8773,0.0815,0.1491
phase21_B_λ4,tcd_tile_2064,Sulawesi lowland rain forests,SE Asian & Pacific rainforest,,4499,0.3507,308,194,99,95,209,0.5103,0.3214,0.3944,0.8405,0.5822,0.6879
phase21_B_λ4,tcd_tile_2065,Baltic mixed forests,European forest,,3937,0.3507,31,35,13,22,18,0.3714,0.4194,0.3939,0.9101,0.0736,0.1361
phase21_B_λ4,tcd_tile_2066,Alps conifer and mixed forests,European forest,,4824,0.3507,2,5,0,5,2,0.0,0.0,0.0,0.0,0.0,0.0
phase21_B_λ4,tcd_tile_2067,Northern Zanzibar-Inhambane coastal forest mosaic,African tropical forest,,1908,0.3507,1,87,1,86,0,0.0115,1.0,0.0227,0.9999,0.0885,0.1627
phase21_B_λ4,tcd_tile_2068,Northwestern Andean montane forests,Latin American forest,,4126,0.3507,110,89,16,73,94,0.1798,0.1455,0.1608,0.3048,0.0848,0.1327
phase21_B_λ4,tcd_tile_2069,Greater Negros-Panay rain forests,SE Asian & Pacific rainforest,,766,0.3507,31,127,17,110,14,0.1339,0.5484,0.2152,0.932,0.341,0.4994
phase21_B_λ4,tcd_tile_207,Central U.S. hardwood forests,N. American forest,,1379,0.3507,49,74,16,58,33,0.2162,0.3265,0.2602,0.4903,0.2108,0.2948
phase21_B_λ4,tcd_tile_2070,Magdalena Valley montane forests,Other,,2771,0.3507,46,38,25,13,21,0.6579,0.5435,0.5952,0.7822,0.4202,0.5467
phase21_B_λ4,tcd_tile_2071,Southern Zanzibar-Inhambane coastal forest mosaic,African tropical forest,,616,0.3507,23,32,11,21,12,0.3438,0.4783,0.4,0.4919,0.6519,0.5607
phase21_B_λ4,tcd_tile_2072,California interior chaparral and woodlands,Other,,335,0.3507,40,34,13,21,27,0.3824,0.325,0.3514,0.8838,0.0774,0.1424
phase21_B_λ4,tcd_tile_2073,Greater Negros-Panay rain forests,SE Asian & Pacific rainforest,,3169,0.3507,300,52,26,26,274,0.5,0.0867,0.1477,0.9177,0.2347,0.3738
phase21_B_λ4,tcd_tile_2074,Balkan mixed forests,European forest,,3934,0.3507,124,121,60,61,64,0.4959,0.4839,0.4898,0.9031,0.4877,0.6334
phase21_B_λ4,tcd_tile_2075,Luzon rain forests,SE Asian & Pacific rainforest,,4182,0.3507,170,267,74,193,96,0.2772,0.4353,0.3387,0.8539,0.3726,0.5188
phase21_B_λ4,tcd_tile_2076,Northern Zanzibar-Inhambane coastal forest mosaic,African tropical forest,,594,0.3507,27,134,17,117,10,0.1269,0.6296,0.2112,0.8415,0.0917,0.1653
phase21_B_λ4,tcd_tile_2077,Madeira-Tapajós moist forests,Latin American forest,,1657,0.3507,19,720,15,705,4,0.0208,0.7895,0.0406,0.9889,0.4021,0.5717
phase21_B_λ4,tcd_tile_2078,Bahia coastal forests,Latin American forest,,1969,0.3507,1,110,1,109,0,0.0091,1.0,0.018,0.9842,0.2879,0.4455
phase21_B_λ4,tcd_tile_2079,Eastern Great Lakes lowland forests,N. American forest,,2258,0.3507,0,96,0,96,0,0.0,0.0,0.0,0.0,0.0,0.0
phase21_B_λ4,tcd_tile_208,Northeastern coastal forests,N. American forest,,1813,0.3507,102,81,21,60,81,0.2593,0.2059,0.2295,0.775,0.2603,0.3897
phase21_B_λ4,tcd_tile_2080,English Lowlands beech forests,European forest,,3348,0.3507,13,25,6,19,7,0.24,0.4615,0.3158,0.3716,0.6723,0.4786
phase21_B_λ4,tcd_tile_2081,Sierra Nevada forests,N. American forest,,1383,0.3507,223,202,165,37,58,0.8168,0.7399,0.7765,0.8133,0.7702,0.7912
phase21_B_λ4,tcd_tile_2082,Taiheiyo evergreen forests,Other,,3213,0.3507,11,690,3,687,8,0.0043,0.2727,0.0086,0.9974,0.4925,0.6594
phase21_B_λ4,tcd_tile_2083,Western European broadleaf forests,European forest,,4513,0.3507,5,24,2,22,3,0.0833,0.4,0.1379,1.0,0.0461,0.0881
phase21_B_λ4,tcd_tile_2084,Hispaniolan moist forests,SE Asian & Pacific rainforest,,4605,0.3507,25,55,8,47,17,0.1455,0.32,0.2,0.1347,0.3885,0.2
phase21_B_λ4,tcd_tile_2085,Southeastern conifer forests,N. American forest,,2503,0.3507,53,50,14,36,39,0.28,0.2642,0.2718,0.5434,0.2281,0.3213
phase21_B_λ4,tcd_tile_2086,Northern Zanzibar-Inhambane coastal forest mosaic,African tropical forest,,3394,0.3507,155,582,124,458,31,0.2131,0.8,0.3365,0.734,0.5532,0.6309
phase21_B_λ4,tcd_tile_2087,Ucayali moist forests,Latin American forest,,3707,0.3507,38,293,22,271,16,0.0751,0.5789,0.1329,0.8967,0.3759,0.5297
phase21_B_λ4,tcd_tile_2088,Eastern Java-Bali rain forests,SE Asian & Pacific rainforest,,4369,0.3507,16,26,0,26,16,0.0,0.0,0.0,0.0,0.0,0.0
phase21_B_λ4,tcd_tile_2089,Northern Zanzibar-Inhambane coastal forest mosaic,African tropical forest,,1608,0.3507,171,333,129,204,42,0.3874,0.7544,0.5119,0.7406,0.3157,0.4427
phase21_B_λ4,tcd_tile_209,Hispaniolan moist forests,SE Asian & Pacific rainforest,,1254,0.3507,0,3,0,3,0,0.0,0.0,0.0,0.0,0.0,0.0
phase21_B_λ4,tcd_tile_2090,Timor and Wetar deciduous forests,SE Asian & Pacific rainforest,,4626,0.3507,176,164,60,104,116,0.3659,0.3409,0.3529,0.5547,0.3543,0.4324
phase21_B_λ4,tcd_tile_2091,East European forest steppe,European forest,,1004,0.3507,60,81,32,49,28,0.3951,0.5333,0.4539,0.8107,0.5374,0.6464
phase21_B_λ4,tcd_tile_2092,Northern Zanzibar-Inhambane coastal forest mosaic,African tropical forest,,4436,0.3507,6,3,2,1,4,0.6667,0.3333,0.4444,0.9988,0.0021,0.0041
phase21_B_λ4,tcd_tile_2093,Hispaniolan moist forests,SE Asian & Pacific rainforest,,3114,0.3507,42,127,22,105,20,0.1732,0.5238,0.2604,0.14,0.5654,0.2244
phase21_B_λ4,tcd_tile_2094,Atlantic coastal pine barrens,Other,,2704,0.3507,190,50,11,39,179,0.22,0.0579,0.0917,0.5326,0.134,0.2142
phase21_B_λ4,tcd_tile_2095,Luzon rain forests,SE Asian & Pacific rainforest,,628,0.3507,7,276,6,270,1,0.0217,0.8571,0.0424,0.9005,0.1854,0.3074
phase21_B_λ4,tcd_tile_2096,Sarmatic mixed forests,European forest,,4070,0.3507,1,40,1,39,0,0.025,1.0,0.0488,0.9496,0.3264,0.4858
phase21_B_λ4,tcd_tile_2097,Madeira-Tapajós moist forests,Latin American forest,,1305,0.3507,1,738,1,737,0,0.0014,1.0,0.0027,0.9998,0.5098,0.6753
phase21_B_λ4,tcd_tile_2098,Sierra Nevada forests,N. American forest,,3575,0.3507,54,66,24,42,30,0.3636,0.4444,0.4,0.4654,0.2305,0.3083
phase21_B_λ4,tcd_tile_2099,Rodope montane mixed forests,European forest,,5019,0.3507,271,229,104,125,167,0.4541,0.3838,0.416,0.691,0.5398,0.6061
phase21_B_λ4,tcd_tile_21,Chilean matorral,Arid / dryland,,357,0.3507,132,81,36,45,96,0.4444,0.2727,0.338,0.5388,0.4738,0.5042
phase21_B_λ4,tcd_tile_2100,Celtic broadleaf forests,European forest,,2260,0.3507,27,57,15,42,12,0.2632,0.5556,0.3571,0.849,0.1347,0.2325
phase21_B_λ4,tcd_tile_2101,Northern Zanzibar-Inhambane coastal forest mosaic,African tropical forest,,4165,0.3507,2,2,2,0,0,1.0,1.0,1.0,0.683,0.9992,0.8114
phase21_B_λ4,tcd_tile_2102,Central European mixed forests,European forest,,4279,0.3507,46,74,24,50,22,0.3243,0.5217,0.4,0.7191,0.3125,0.4356
phase21_B_λ4,tcd_tile_2103,Western Java montane rain forests,Other,,2023,0.3507,5,88,2,86,3,0.0227,0.4,0.043,0.9943,0.1881,0.3164
phase21_B_λ4,tcd_tile_2104,Pannonian mixed forests,European forest,,1717,0.3507,4,238,2,236,2,0.0084,0.5,0.0165,0.9856,0.4537,0.6214
phase21_B_λ4,tcd_tile_2105,Madeira-Tapajós moist forests,Latin American forest,,437,0.3507,1,423,1,422,0,0.0024,1.0,0.0047,0.9993,0.5469,0.7069
phase21_B_λ4,tcd_tile_2106,Mizoram-Manipur-Kachin rain forests,SE Asian & Pacific rainforest,,4892,0.3507,21,174,2,172,19,0.0115,0.0952,0.0205,0.9918,0.1922,0.322
phase21_B_λ4,tcd_tile_2107,Sierra Nevada forests,N. American forest,,3385,0.3507,78,62,27,35,51,0.4355,0.3462,0.3857,0.8565,0.2437,0.3794
phase21_B_λ4,tcd_tile_2108,East European forest steppe,European forest,,744,0.3507,24,322,17,305,7,0.0528,0.7083,0.0983,0.8444,0.3993,0.5422
phase21_B_λ4,tcd_tile_2109,,Other,,3890,0.3507,54,39,12,27,42,0.3077,0.2222,0.2581,0.8336,0.0954,0.1712
phase21_B_λ4,tcd_tile_2110,Western Guinean lowland forests,African tropical forest,,3611,0.3507,20,23,2,21,18,0.087,0.1,0.093,0.1158,0.1327,0.1237
phase21_B_λ4,tcd_tile_2111,Southeastern conifer forests,N. American forest,,1263,0.3507,191,249,69,180,122,0.2771,0.3613,0.3136,0.3604,0.4794,0.4115
phase21_B_λ4,tcd_tile_2112,Baltic mixed forests,European forest,,4470,0.3507,2,125,2,123,0,0.016,1.0,0.0315,1.0,0.1023,0.1856
phase21_B_λ4,tcd_tile_2113,Northern Acacia-Commiphora bushlands and thickets,Other,,869,0.3507,23,10,8,2,15,0.8,0.3478,0.4848,0.5372,0.5795,0.5576
phase21_B_λ4,tcd_tile_2114,Western European broadleaf forests,European forest,,2620,0.3507,13,33,2,31,11,0.0606,0.1538,0.087,0.9616,0.1121,0.2007
phase21_B_λ4,tcd_tile_2115,Southeastern mixed forests,N. American forest,,2918,0.3507,4,189,3,186,1,0.0159,0.75,0.0311,0.9717,0.3414,0.5053
phase21_B_λ4,tcd_tile_2116,Western Java rain forests,Other,,942,0.3507,139,165,31,134,108,0.1879,0.223,0.2039,0.1714,0.5666,0.2632
phase21_B_λ4,tcd_tile_2117,California coastal sage and chaparral,Other,,605,0.3507,68,69,24,45,44,0.3478,0.3529,0.3504,0.5913,0.4649,0.5205
phase21_B_λ4,tcd_tile_2118,Southeastern conifer forests,N. American forest,,3522,0.3507,9,122,3,119,6,0.0246,0.3333,0.0458,0.937,0.2113,0.3448
phase21_B_λ4,tcd_tile_2119,Sarmatic mixed forests,European forest,,565,0.3507,61,150,35,115,26,0.2333,0.5738,0.3318,0.8916,0.3066,0.4563
phase21_B_λ4,tcd_tile_2120,Northern Zanzibar-Inhambane coastal forest mosaic,African tropical forest,,4616,0.3507,364,674,300,374,64,0.4451,0.8242,0.578,0.818,0.6509,0.7249
phase21_B_λ4,tcd_tile_2121,Tongan tropical moist forests,SE Asian & Pacific rainforest,,4311,0.3507,149,63,20,43,129,0.3175,0.1342,0.1887,0.7175,0.1428,0.2381
phase21_B_λ4,tcd_tile_2122,Upper Midwest forest-savanna transition,N. American forest,,3381,0.3507,5,84,4,80,1,0.0476,0.8,0.0899,0.1352,0.4404,0.2069
phase21_B_λ4,tcd_tile_2123,East European forest steppe,European forest,,2485,0.3507,7,45,3,42,4,0.0667,0.4286,0.1154,0.9406,0.1206,0.2137
phase21_B_λ4,tcd_tile_2124,Cerrado,Latin American forest,,414,0.3507,13,25,8,17,5,0.32,0.6154,0.4211,0.528,0.3708,0.4357
phase21_B_λ4,tcd_tile_2125,Timor and Wetar deciduous forests,SE Asian & Pacific rainforest,,493,0.3507,146,167,79,88,67,0.4731,0.5411,0.5048,0.5431,0.5858,0.5636
phase21_B_λ4,tcd_tile_2126,Celtic broadleaf forests,European forest,,3648,0.3507,39,46,21,25,18,0.4565,0.5385,0.4941,0.8831,0.1961,0.3209
phase21_B_λ4,tcd_tile_2127,Hispaniolan moist forests,SE Asian & Pacific rainforest,,4219,0.3507,61,170,28,142,33,0.1647,0.459,0.2424,0.1754,0.6927,0.2799
phase21_B_λ4,tcd_tile_2128,Southern Zanzibar-Inhambane coastal forest mosaic,African tropical forest,,3059,0.3507,32,4,4,0,28,1.0,0.125,0.2222,0.9215,0.1269,0.2231
phase21_B_λ4,tcd_tile_2129,Tongan tropical moist forests,SE Asian & Pacific rainforest,,4353,0.3507,95,221,40,181,55,0.181,0.4211,0.2532,0.9645,0.2709,0.423
phase21_B_λ4,tcd_tile_213,Mizoram-Manipur-Kachin rain forests,SE Asian & Pacific rainforest,,4555,0.3507,30,86,12,74,18,0.1395,0.4,0.2069,0.9693,0.1329,0.2338
phase21_B_λ4,tcd_tile_2130,Greater Negros-Panay rain forests,SE Asian & Pacific rainforest,,589,0.3507,0,1,0,1,0,0.0,0.0,0.0,0.0,0.0,0.0
phase21_B_λ4,tcd_tile_2131,Nigerian lowland forests,African tropical forest,,4448,0.3507,20,49,8,41,12,0.1633,0.4,0.2319,0.3416,0.4889,0.4022
phase21_B_λ4,tcd_tile_2132,Southeastern mixed forests,N. American forest,,4848,0.3507,14,31,5,26,9,0.1613,0.3571,0.2222,0.685,0.1516,0.2483
phase21_B_λ4,tcd_tile_2133,Northern Zanzibar-Inhambane coastal forest mosaic,African tropical forest,,2601,0.3507,31,36,19,17,12,0.5278,0.6129,0.5672,0.8655,0.2509,0.389
phase21_B_λ4,tcd_tile_2134,Willamette Valley forests,N. American forest,,3046,0.3507,3,1,0,1,3,0.0,0.0,0.0,0.0,0.0,0.0
phase21_B_λ4,tcd_tile_2135,Western European broadleaf forests,European forest,,4542,0.3507,24,22,8,14,16,0.3636,0.3333,0.3478,0.9478,0.0701,0.1305
phase21_B_λ4,tcd_tile_2136,Eastern Australian temperate forests,Other,,1971,0.3507,55,67,25,42,30,0.3731,0.4545,0.4098,0.4265,0.3122,0.3605
phase21_B_λ4,tcd_tile_2137,Northern Zanzibar-Inhambane coastal forest mosaic,African tropical forest,,992,0.3507,1,142,1,141,0,0.007,1.0,0.014,1.0,0.0409,0.0786
phase21_B_λ4,tcd_tile_2138,Richmond temperate forests,Other,,3212,0.3507,41,47,12,35,29,0.2553,0.2927,0.2727,0.8607,0.3717,0.5191
phase21_B_λ4,tcd_tile_2139,,Other,,4779,0.3507,2,141,1,140,1,0.0071,0.5,0.014,0.0549,0.0659,0.0599
phase21_B_λ4,tcd_tile_214,Palawan rain forests,SE Asian & Pacific rainforest,,1461,0.3507,116,274,59,215,57,0.2153,0.5086,0.3026,0.8537,0.3359,0.4821
phase21_B_λ4,tcd_tile_2140,Hispaniolan moist forests,SE Asian & Pacific rainforest,,4371,0.3507,30,101,19,82,11,0.1881,0.6333,0.2901,0.3578,0.2406,0.2877
phase21_B_λ4,tcd_tile_2141,Timor and Wetar deciduous forests,SE Asian & Pacific rainforest,,1983,0.3507,118,182,69,113,49,0.3791,0.5847,0.46,0.7828,0.3048,0.4388
phase21_B_λ4,tcd_tile_2142,Southern Annamites montane rain forests,Other,,1302,0.3507,571,873,278,595,293,0.3184,0.4869,0.385,0.9501,0.4574,0.6175
phase21_B_λ4,tcd_tile_2143,Central European mixed forests,European forest,,1886,0.3507,92,118,38,80,54,0.322,0.413,0.3619,0.8901,0.2071,0.336
phase21_B_λ4,tcd_tile_2144,Northern Zanzibar-Inhambane coastal forest mosaic,African tropical forest,,2823,0.3507,133,54,39,15,94,0.7222,0.2932,0.4171,0.6631,0.1805,0.2838
phase21_B_λ4,tcd_tile_2145,Balkan mixed forests,European forest,,988,0.3507,83,98,51,47,32,0.5204,0.6145,0.5635,0.7997,0.328,0.4652
phase21_B_λ4,tcd_tile_2146,Appalachian mixed mesophytic forests,Other,,2910,0.3507,6,316,6,310,0,0.019,1.0,0.0373,0.8585,0.4779,0.614
phase21_B_λ4,tcd_tile_2147,Atlantic mixed forests,European forest,,283,0.3507,83,62,37,25,46,0.5968,0.4458,0.5103,0.7706,0.2427,0.3692
phase21_B_λ4,tcd_tile_2148,Bolivian montane dry forests,Latin American forest,,3597,0.3507,3,131,1,130,2,0.0076,0.3333,0.0149,0.0035,0.9706,0.007
phase21_B_λ4,tcd_tile_2149,Eastern Great Lakes lowland forests,N. American forest,,1731,0.3507,0,8,0,8,0,0.0,0.0,0.0,0.0,0.0,0.0
phase21_B_λ4,tcd_tile_2150,Luzon rain forests,SE Asian & Pacific rainforest,,4085,0.3507,36,50,18,32,18,0.36,0.5,0.4186,0.517,0.3817,0.4391
phase21_B_λ4,tcd_tile_2151,Hispaniolan moist forests,SE Asian & Pacific rainforest,,2925,0.3507,20,31,2,29,18,0.0645,0.1,0.0784,0.1891,0.0856,0.1178
phase21_B_λ4,tcd_tile_2152,Hispaniolan moist forests,SE Asian & Pacific rainforest,,4672,0.3507,0,105,0,105,0,0.0,0.0,0.0,0.0,0.0,0.0
phase21_B_λ4,tcd_tile_2153,Eastern Java-Bali rain forests,SE Asian & Pacific rainforest,,4621,0.3507,166,103,28,75,138,0.2718,0.1687,0.2082,0.7927,0.0869,0.1567
phase21_B_λ4,tcd_tile_2154,Luzon rain forests,SE Asian & Pacific rainforest,,4134,0.3507,6,202,2,200,4,0.0099,0.3333,0.0192,0.9734,0.091,0.1665
phase21_B_λ4,tcd_tile_2155,Northern Zanzibar-Inhambane coastal forest mosaic,African tropical forest,,2683,0.3507,91,61,45,16,46,0.7377,0.4945,0.5921,0.662,0.306,0.4186
phase21_B_λ4,tcd_tile_2156,Northern Zanzibar-Inhambane coastal forest mosaic,African tropical forest,,4564,0.3507,174,349,138,211,36,0.3954,0.7931,0.5277,0.8013,0.5126,0.6252
phase21_B_λ4,tcd_tile_2157,Sierra Nevada forests,N. American forest,,1153,0.3507,216,211,174,37,42,0.8246,0.8056,0.815,0.8273,0.615,0.7055
phase21_B_λ4,tcd_tile_2158,Madeira-Tapajós moist forests,Latin American forest,,2033,0.3507,1,310,1,309,0,0.0032,1.0,0.0064,0.9999,0.3307,0.497
phase21_B_λ4,tcd_tile_2159,Northeastern coastal forests,N. American forest,,3914,0.3507,11,12,4,8,7,0.3333,0.3636,0.3478,0.6312,0.0782,0.1392
phase21_B_λ4,tcd_tile_216,Eastern Java-Bali rain forests,SE Asian & Pacific rainforest,,4351,0.3507,19,175,14,161,5,0.08,0.7368,0.1443,0.4631,0.1932,0.2726
phase21_B_λ4,tcd_tile_2160,Southern Zanzibar-Inhambane coastal forest mosaic,African tropical forest,,4919,0.3507,162,183,66,117,96,0.3607,0.4074,0.3826,0.8951,0.4006,0.5535
phase21_B_λ4,tcd_tile_2161,East European forest steppe,European forest,,735,0.3507,1,77,1,76,0,0.013,1.0,0.0256,0.9897,0.5275,0.6882
phase21_B_λ4,tcd_tile_2162,Northern Zanzibar-Inhambane coastal forest mosaic,African tropical forest,,1915,0.3507,121,216,81,135,40,0.375,0.6694,0.4807,0.7195,0.3481,0.4692
phase21_B_λ4,tcd_tile_2163,Northern Zanzibar-Inhambane coastal forest mosaic,African tropical forest,,3063,0.3507,172,104,84,20,88,0.8077,0.4884,0.6087,0.7742,0.3263,0.4592
phase21_B_λ4,tcd_tile_2164,Timor and Wetar deciduous forests,SE Asian & Pacific rainforest,,264,0.3507,121,122,72,50,49,0.5902,0.595,0.5926,0.7087,0.4704,0.5655
phase21_B_λ4,tcd_tile_2165,Tongan tropical moist forests,SE Asian & Pacific rainforest,,4450,0.3507,133,110,32,78,101,0.2909,0.2406,0.2634,0.3804,0.094,0.1507
phase21_B_λ4,tcd_tile_2166,Mindanao-Eastern Visayas rain forests,SE Asian & Pacific rainforest,,2789,0.3507,100,489,43,446,57,0.0879,0.43,0.146,0.9141,0.2574,0.4017
phase21_B_λ4,tcd_tile_2167,Greater Negros-Panay rain forests,SE Asian & Pacific rainforest,,2662,0.3507,124,23,13,10,111,0.5652,0.1048,0.1769,0.6479,0.3184,0.4269
phase21_B_λ4,tcd_tile_2168,Sarmatic mixed forests,European forest,,1518,0.3507,1,257,1,256,0,0.0039,1.0,0.0078,0.9995,0.418,0.5895
phase21_B_λ4,tcd_tile_2169,Sarmatic mixed forests,European forest,,4657,0.3507,2,317,2,315,0,0.0063,1.0,0.0125,0.9825,0.4472,0.6146
phase21_B_λ4,tcd_tile_2170,Central European mixed forests,European forest,,4634,0.3507,44,49,19,30,25,0.3878,0.4318,0.4086,0.6726,0.5595,0.6109
phase21_B_λ4,tcd_tile_2171,Sundaland heath forests,Other,,2594,0.3507,88,392,34,358,54,0.0867,0.3864,0.1417,0.9568,0.2973,0.4536
phase21_B_λ4,tcd_tile_2172,Hawaii tropical dry forests,Other,,1762,0.3507,12,41,2,39,10,0.0488,0.1667,0.0755,0.9928,0.0675,0.1264
phase21_B_λ4,tcd_tile_2173,Northern Zanzibar-Inhambane coastal forest mosaic,African tropical forest,,909,0.3507,24,27,11,16,13,0.4074,0.4583,0.4314,0.7958,0.2432,0.3725
phase21_B_λ4,tcd_tile_2174,East European forest steppe,European forest,,404,0.3507,72,282,48,234,24,0.1702,0.6667,0.2712,0.9008,0.4308,0.5829
phase21_B_λ4,tcd_tile_2175,Central European mixed forests,European forest,,2414,0.3507,62,65,27,38,35,0.4154,0.4355,0.4252,0.7071,0.4392,0.5419
phase21_B_λ4,tcd_tile_2176,Peruvian Yungas,Latin American forest,,2668,0.3507,279,192,43,149,236,0.224,0.1541,0.1826,0.1919,0.3893,0.2571
phase21_B_λ4,tcd_tile_2177,Willamette Valley forests,N. American forest,,1934,0.3507,21,20,12,8,9,0.6,0.5714,0.5854,0.6087,0.2086,0.3108
phase21_B_λ4,tcd_tile_2178,Granitic Seychelles forests,Other,,1288,0.3507,53,147,29,118,24,0.1973,0.5472,0.29,0.6675,0.2169,0.3275
phase21_B_λ4,tcd_tile_2179,Sierra Nevada forests,N. American forest,,1687,0.3507,58,311,39,272,19,0.1254,0.6724,0.2114,0.6868,0.4786,0.5641
phase21_B_λ4,tcd_tile_218,Lesser Sundas deciduous forests,SE Asian & Pacific rainforest,,3103,0.3507,124,272,48,224,76,0.1765,0.3871,0.2424,0.509,0.202,0.2892
phase21_B_λ4,tcd_tile_2180,Northern Zanzibar-Inhambane coastal forest mosaic,African tropical forest,,180,0.3507,155,147,54,93,101,0.3673,0.3484,0.3576,0.6462,0.4597,0.5372
phase21_B_λ4,tcd_tile_2181,Mizoram-Manipur-Kachin rain forests,SE Asian & Pacific rainforest,,4898,0.3507,0,105,0,105,0,0.0,0.0,0.0,0.0,0.0,0.0
phase21_B_λ4,tcd_tile_2182,Changjiang Plain evergreen forests,Other,,4437,0.3507,151,190,90,100,61,0.4737,0.596,0.5279,0.8986,0.5851,0.7087
phase21_B_λ4,tcd_tile_2183,Madeira-Tapajós moist forests,Latin American forest,,251,0.3507,1,591,1,590,0,0.0017,1.0,0.0034,0.9993,0.4799,0.6484
phase21_B_λ4,tcd_tile_2184,Western European broadleaf forests,European forest,,4539,0.3507,1,24,1,23,0,0.0417,1.0,0.08,1.0,0.0469,0.0897
phase21_B_λ4,tcd_tile_2185,Madeira-Tapajós moist forests,Latin American forest,,2473,0.3507,38,474,9,465,29,0.019,0.2368,0.0352,0.9865,0.3985,0.5677
phase21_B_λ4,tcd_tile_2186,Serra do Mar coastal forests,Latin American forest,,4336,0.3507,19,95,7,88,12,0.0737,0.3684,0.1228,0.6548,0.2904,0.4023
phase21_B_λ4,tcd_tile_2187,Northern Zanzibar-Inhambane coastal forest mosaic,African tropical forest,,4001,0.3507,109,47,26,21,83,0.5532,0.2385,0.3333,0.8034,0.1513,0.2547
phase21_B_λ4,tcd_tile_2188,East European forest steppe,European forest,,2050,0.3507,17,25,10,15,7,0.4,0.5882,0.4762,0.9666,0.318,0.4786
phase21_B_λ4,tcd_tile_2189,"Sao Tome, Principe and Annobon moist lowland forests",Other,,2423,0.3507,264,340,136,204,128,0.4,0.5152,0.4503,0.7596,0.4261,0.5459
phase21_B_λ4,tcd_tile_2190,Tongan tropical moist forests,SE Asian & Pacific rainforest,,379,0.3507,33,93,7,86,26,0.0753,0.2121,0.1111,0.1608,0.2698,0.2015
phase21_B_λ4,tcd_tile_2191,Lesser Sundas deciduous forests,SE Asian & Pacific rainforest,,1571,0.3507,109,218,62,156,47,0.2844,0.5688,0.3792,0.6358,0.1905,0.2931
phase21_B_λ4,tcd_tile_2192,,Other,,2626,0.3507,38,126,22,104,16,0.1746,0.5789,0.2683,0.6045,0.3266,0.4241
phase21_B_λ4,tcd_tile_2193,Hokkaido deciduous forests,Other,,3646,0.3507,1,66,1,65,0,0.0152,1.0,0.0299,0.9646,0.3847,0.5501
phase21_B_λ4,tcd_tile_2194,Magdalena Valley montane forests,Other,,2587,0.3507,122,100,35,65,87,0.35,0.2869,0.3153,0.8238,0.3337,0.475
phase21_B_λ4,tcd_tile_2195,Tongan tropical moist forests,SE Asian & Pacific rainforest,,4619,0.3507,18,3,1,2,17,0.3333,0.0556,0.0952,0.9139,0.3501,0.5062
phase21_B_λ4,tcd_tile_2196,Granitic Seychelles forests,Other,,3261,0.3507,0,215,0,215,0,0.0,0.0,0.0,0.0,0.0,0.0
phase21_B_λ4,tcd_tile_2197,Eastern forest-boreal transition,Other,,1502,0.3507,118,1296,41,1255,77,0.0316,0.3475,0.058,0.9548,0.4657,0.6261
phase21_B_λ4,tcd_tile_2198,Pannonian mixed forests,European forest,,1739,0.3507,96,79,33,46,63,0.4177,0.3438,0.3771,0.9597,0.3747,0.5389
phase21_B_λ4,tcd_tile_2199,,Other,,334,0.3507,76,49,22,27,54,0.449,0.2895,0.352,0.3561,0.5412,0.4296
phase21_B_λ4,tcd_tile_22,Chilean matorral,Arid / dryland,,1192,0.3507,22,55,9,46,13,0.1636,0.4091,0.2338,0.0939,0.5653,0.161
phase21_B_λ4,tcd_tile_2200,,Other,,332,0.3507,11,12,2,10,9,0.1667,0.1818,0.1739,0.7356,0.0724,0.1318
phase21_B_λ4,tcd_tile_2201,Cerrado,Latin American forest,,1241,0.3507,12,54,9,45,3,0.1667,0.75,0.2727,0.3461,0.4601,0.395
phase21_B_λ4,tcd_tile_2202,Southern Zanzibar-Inhambane coastal forest mosaic,African tropical forest,,2350,0.3507,18,13,6,7,12,0.4615,0.3333,0.3871,0.886,0.3753,0.5273
phase21_B_λ4,tcd_tile_2203,Eastern forest-boreal transition,Other,,2590,0.3507,2,240,2,238,0,0.0083,1.0,0.0165,0.9887,0.4279,0.5973
phase21_B_λ4,tcd_tile_2204,Luzon rain forests,SE Asian & Pacific rainforest,,3727,0.3507,1,228,1,227,0,0.0044,1.0,0.0087,0.9929,0.0425,0.0815
phase21_B_λ4,tcd_tile_2205,Iberian sclerophyllous and semi-deciduous forests,Other,,1300,0.3507,334,136,88,48,246,0.6471,0.2635,0.3745,0.7121,0.3324,0.4532
phase21_B_λ4,tcd_tile_2206,Cerrado,Latin American forest,,159,0.3507,51,133,15,118,36,0.1128,0.2941,0.163,0.947,0.1042,0.1878
phase21_B_λ4,tcd_tile_2207,Southern Zanzibar-Inhambane coastal forest mosaic,African tropical forest,,4128,0.3507,153,186,78,108,75,0.4194,0.5098,0.4602,0.8807,0.4275,0.5756
phase21_B_λ4,tcd_tile_2208,Richmond temperate forests,Other,,3596,0.3507,84,73,27,46,57,0.3699,0.3214,0.3439,0.8306,0.3745,0.5163
phase21_B_λ4,tcd_tile_2209,East African montane forests,African tropical forest,,2343,0.3507,193,163,29,134,164,0.1779,0.1503,0.1629,0.8864,0.2428,0.3812
phase21_B_λ4,tcd_tile_221,Northeastern coastal forests,N. American forest,,1097,0.3507,99,151,55,96,44,0.3642,0.5556,0.44,0.6476,0.7064,0.6757
phase21_B_λ4,tcd_tile_2210,Southeastern mixed forests,N. American forest,,1574,0.3507,11,7,1,6,10,0.1429,0.0909,0.1111,0.3878,0.013,0.0251
phase21_B_λ4,tcd_tile_2211,Tongan tropical moist forests,SE Asian & Pacific rainforest,,4177,0.3507,138,63,16,47,122,0.254,0.1159,0.1592,0.7006,0.164,0.2657
phase21_B_λ4,tcd_tile_2212,Mindanao-Eastern Visayas rain forests,SE Asian & Pacific rainforest,,1702,0.3507,61,171,16,155,45,0.0936,0.2623,0.1379,0.9349,0.1788,0.3001
phase21_B_λ4,tcd_tile_2213,Northern Zanzibar-Inhambane coastal forest mosaic,African tropical forest,,2734,0.3507,287,191,154,37,133,0.8063,0.5366,0.6444,0.8331,0.4366,0.5729
phase21_B_λ4,tcd_tile_2214,Northeastern coastal forests,N. American forest,,3351,0.3507,33,77,2,75,31,0.026,0.0606,0.0364,0.9495,0.4891,0.6456
phase21_B_λ4,tcd_tile_2215,Uatuma-Trombetas moist forests,Latin American forest,,3343,0.3507,4,6,1,5,3,0.1667,0.25,0.2,0.5102,0.0088,0.0174
phase21_B_λ4,tcd_tile_2216,Northern Zanzibar-Inhambane coastal forest mosaic,African tropical forest,,5004,0.3507,366,350,176,174,190,0.5029,0.4809,0.4916,0.8659,0.4226,0.568
phase21_B_λ4,tcd_tile_2217,Madeira-Tapajós moist forests,Latin American forest,,1326,0.3507,1,463,1,462,0,0.0022,1.0,0.0043,0.9976,0.4711,0.64
phase21_B_λ4,tcd_tile_2218,Central European mixed forests,European forest,,4727,0.3507,6,199,3,196,3,0.0151,0.5,0.0293,0.7861,0.1611,0.2674
phase21_B_λ4,tcd_tile_2219,Eastern Guinean forests,African tropical forest,,3812,0.3507,39,5,3,2,36,0.6,0.0769,0.1364,0.9518,0.0546,0.1032
phase21_B_λ4,tcd_tile_222,Mato Grosso seasonal forests,Latin American forest,,1672,0.3507,197,202,134,68,63,0.6634,0.6802,0.6717,0.8144,0.7033,0.7548
phase21_B_λ4,tcd_tile_2220,Northern Zanzibar-Inhambane coastal forest mosaic,African tropical forest,,3694,0.3507,394,229,78,151,316,0.3406,0.198,0.2504,0.8609,0.3459,0.4935
phase21_B_λ4,tcd_tile_2221,Northern California coastal forests,N. American forest,,1994,0.3507,2,11,2,9,0,0.1818,1.0,0.3077,0.9801,0.0361,0.0697
phase21_B_λ4,tcd_tile_2222,Upper Midwest forest-savanna transition,N. American forest,,3245,0.3507,17,147,17,130,0,0.1156,1.0,0.2073,0.9437,0.4667,0.6245
phase21_B_λ4,tcd_tile_2223,Changjiang Plain evergreen forests,Other,,866,0.3507,447,139,104,35,343,0.7482,0.2327,0.3549,0.866,0.2548,0.3937
phase21_B_λ4,tcd_tile_2224,Eastern Cordillera real montane forests,Other,,2262,0.3507,75,124,25,99,50,0.2016,0.3333,0.2513,0.548,0.1087,0.1814
phase21_B_λ4,tcd_tile_2225,Upper Gangetic Plains moist deciduous forests,Other,,4052,0.3507,38,85,28,57,10,0.3294,0.7368,0.4553,0.8842,0.3937,0.5448
phase21_B_λ4,tcd_tile_2226,Bahia interior forests,Other,,2581,0.3507,127,30,12,18,115,0.4,0.0945,0.1529,0.8853,0.2256,0.3596
phase21_B_λ4,tcd_tile_2227,Timor and Wetar deciduous forests,SE Asian & Pacific rainforest,,3209,0.3507,215,126,85,41,130,0.6746,0.3953,0.4985,0.8013,0.3583,0.4952
phase21_B_λ4,tcd_tile_2228,Sarmatic mixed forests,European forest,,4465,0.3507,9,294,7,287,2,0.0238,0.7778,0.0462,0.934,0.4198,0.5793
phase21_B_λ4,tcd_tile_2229,Southern Zanzibar-Inhambane coastal forest mosaic,African tropical forest,,3591,0.3507,34,16,10,6,24,0.625,0.2941,0.4,0.8353,0.176,0.2908
phase21_B_λ4,tcd_tile_2230,Balkan mixed forests,European forest,,676,0.3507,90,129,54,75,36,0.4186,0.6,0.4932,0.7479,0.3929,0.5152
phase21_B_λ4,tcd_tile_2231,East European forest steppe,European forest,,538,0.3507,90,188,41,147,49,0.2181,0.4556,0.295,0.8392,0.6644,0.7416
phase21_B_λ4,tcd_tile_2232,Madeira-Tapajós moist forests,Latin American forest,,4022,0.3507,3,178,2,176,1,0.0112,0.6667,0.0221,0.9941,0.2659,0.4196
phase21_B_λ4,tcd_tile_2233,Willamette Valley forests,N. American forest,,3380,0.3507,192,55,6,49,186,0.1091,0.0312,0.0486,0.861,0.2272,0.3595
phase21_B_λ4,tcd_tile_2234,,Other,,1507,0.3507,74,275,12,263,62,0.0436,0.1622,0.0688,0.9598,0.2404,0.3845
phase21_B_λ4,tcd_tile_2235,Taiheiyo evergreen forests,Other,,305,0.3507,77,63,16,47,61,0.254,0.2078,0.2286,0.5353,0.5331,0.5342
phase21_B_λ4,tcd_tile_2236,Sierra Nevada forests,N. American forest,,2391,0.3507,109,109,59,50,50,0.5413,0.5413,0.5413,0.7631,0.2479,0.3743
phase21_B_λ4,tcd_tile_2237,Central Andean dry puna,Other,,878,0.3507,12,35,2,33,10,0.0571,0.1667,0.0851,0.0164,0.2696,0.0308
phase21_B_λ4,tcd_tile_2238,Granitic Seychelles forests,Other,,1251,0.3507,254,292,153,139,101,0.524,0.6024,0.5604,0.8705,0.3799,0.5289
phase21_B_λ4,tcd_tile_2239,Northern Zanzibar-Inhambane coastal forest mosaic,African tropical forest,,4524,0.3507,325,92,63,29,262,0.6848,0.1938,0.3022,0.7551,0.3093,0.4389
phase21_B_λ4,tcd_tile_2240,California interior chaparral and woodlands,Other,,477,0.3507,22,10,5,5,17,0.5,0.2273,0.3125,0.7174,0.4428,0.5476
phase21_B_λ4,tcd_tile_2241,Pannonian mixed forests,European forest,,4560,0.3507,46,110,36,74,10,0.3273,0.7826,0.4615,0.7481,0.3561,0.4825
phase21_B_λ4,tcd_tile_2242,Willamette Valley forests,N. American forest,,1772,0.3507,248,69,24,45,224,0.3478,0.0968,0.1514,0.4572,0.1733,0.2514
phase21_B_λ4,tcd_tile_2243,East European forest steppe,European forest,,1629,0.3507,49,206,28,178,21,0.1359,0.5714,0.2196,0.6084,0.1229,0.2045
phase21_B_λ4,tcd_tile_2244,South Central Rockies forests,Other,,4265,0.3507,40,146,34,112,6,0.2329,0.85,0.3656,0.732,0.3671,0.489
phase21_B_λ4,tcd_tile_2245,Central European mixed forests,European forest,,713,0.3507,114,303,69,234,45,0.2277,0.6053,0.3309,0.8282,0.4194,0.5569
phase21_B_λ4,tcd_tile_2246,California interior chaparral and woodlands,Other,,399,0.3507,12,49,10,39,2,0.2041,0.8333,0.3279,0.208,0.6985,0.3206
phase21_B_λ4,tcd_tile_2247,California interior chaparral and woodlands,Other,,515,0.3507,16,77,15,62,1,0.1948,0.9375,0.3226,0.7027,0.6106,0.6534
phase21_B_λ4,tcd_tile_2248,English Lowlands beech forests,European forest,,2334,0.3507,5,4,1,3,4,0.25,0.2,0.2222,0.9904,0.0765,0.142
phase21_B_λ4,tcd_tile_2249,Nihonkai montane deciduous forests,Other,,4208,0.3507,3,4,1,3,2,0.25,0.3333,0.2857,1.0,0.0021,0.0041
phase21_B_λ4,tcd_tile_225,Madeira-Tapajós moist forests,Latin American forest,,600,0.3507,1,487,1,486,0,0.0021,1.0,0.0041,0.9997,0.3914,0.5626
phase21_B_λ4,tcd_tile_2250,Luzon rain forests,SE Asian & Pacific rainforest,,265,0.3507,113,83,29,54,84,0.3494,0.2566,0.2959,0.6598,0.2596,0.3726
phase21_B_λ4,tcd_tile_2251,Southern Great Lakes forests,N. American forest,,4699,0.3507,31,271,24,247,7,0.0886,0.7742,0.1589,0.8949,0.4889,0.6323
phase21_B_λ4,tcd_tile_2252,Northern Zanzibar-Inhambane coastal forest mosaic,African tropical forest,,1082,0.3507,330,502,244,258,86,0.4861,0.7394,0.5865,0.6694,0.7833,0.7219
phase21_B_λ4,tcd_tile_2253,Sumatran lowland rain forests,SE Asian & Pacific rainforest,,580,0.3507,56,128,27,101,29,0.2109,0.4821,0.2935,0.8874,0.1259,0.2205
phase21_B_λ4,tcd_tile_2254,Western European broadleaf forests,European forest,,5020,0.3507,1,76,1,75,0,0.0132,1.0,0.026,1.0,0.2148,0.3537
phase21_B_λ4,tcd_tile_2255,Central European mixed forests,European forest,,3239,0.3507,19,78,12,66,7,0.1538,0.6316,0.2474,0.9188,0.0994,0.1793
phase21_B_λ4,tcd_tile_2256,Rodope montane mixed forests,European forest,,4282,0.3507,157,168,65,103,92,0.3869,0.414,0.4,0.8288,0.4685,0.5986
phase21_B_λ4,tcd_tile_2257,Sarmatic mixed forests,European forest,,259,0.3507,3,13,1,12,2,0.0769,0.3333,0.125,0.9946,0.0388,0.0748
phase21_B_λ4,tcd_tile_2258,Appalachian-Blue Ridge forests,N. American forest,,3181,0.3507,4,420,3,417,1,0.0071,0.75,0.0142,0.9987,0.4506,0.621
phase21_B_λ4,tcd_tile_2259,Balkan mixed forests,European forest,,2912,0.3507,98,95,52,43,46,0.5474,0.5306,0.5389,0.7988,0.4711,0.5926
phase21_B_λ4,tcd_tile_2260,Iberian sclerophyllous and semi-deciduous forests,Other,,705,0.3507,487,397,353,44,134,0.8892,0.7248,0.7986,0.7499,0.6884,0.7179
phase21_B_λ4,tcd_tile_2261,Northern Zanzibar-Inhambane coastal forest mosaic,African tropical forest,,3693,0.3507,2,190,1,189,1,0.0053,0.5,0.0104,0.997,0.1477,0.2573
phase21_B_λ4,tcd_tile_2262,Southeastern mixed forests,N. American forest,,2955,0.3507,26,3,0,3,26,0.0,0.0,0.0,0.0,0.0,0.0
phase21_B_λ4,tcd_tile_2263,Caucasus mixed forests,European forest,,4679,0.3507,3,217,2,215,1,0.0092,0.6667,0.0182,0.9987,0.3171,0.4813
phase21_B_λ4,tcd_tile_2264,Magdalena Valley montane forests,Other,,2563,0.3507,204,49,36,13,168,0.7347,0.1765,0.2846,0.8959,0.2945,0.4432
phase21_B_λ4,tcd_tile_2265,Hawaii tropical moist forests,Other,,3053,0.3507,1,95,1,94,0,0.0105,1.0,0.0208,1.0,0.0774,0.1437
phase21_B_λ4,tcd_tile_2266,Western European broadleaf forests,European forest,,1100,0.3507,44,204,35,169,9,0.1716,0.7955,0.2823,0.8701,0.5301,0.6588
phase21_B_λ4,tcd_tile_2267,Celtic broadleaf forests,European forest,,1850,0.3507,53,45,15,30,38,0.3333,0.283,0.3061,0.3435,0.3031,0.3221
phase21_B_λ4,tcd_tile_2268,Himalayan subtropical broadleaf forests,Other,,4335,0.3507,39,45,22,23,17,0.4889,0.5641,0.5238,0.9051,0.3558,0.5108
phase21_B_λ4,tcd_tile_2269,Southern Zanzibar-Inhambane coastal forest mosaic,African tropical forest,,4934,0.3507,249,191,74,117,175,0.3874,0.2972,0.3364,0.9519,0.374,0.537
phase21_B_λ4,tcd_tile_2270,Scandinavian and Russian taiga,Other,,73,0.3507,62,99,29,70,33,0.2929,0.4677,0.3602,0.7658,0.2681,0.3972
phase21_B_λ4,tcd_tile_2271,North Central Rockies forests,N. American forest,,1558,0.3507,3,412,2,410,1,0.0049,0.6667,0.0096,0.9773,0.4016,0.5693
phase21_B_λ4,tcd_tile_2272,Northeastern coastal forests,N. American forest,,1921,0.3507,51,56,4,52,47,0.0714,0.0784,0.0748,0.0852,0.1791,0.1155
phase21_B_λ4,tcd_tile_2273,Hispaniolan moist forests,SE Asian & Pacific rainforest,,4357,0.3507,94,127,39,88,55,0.3071,0.4149,0.3529,0.3136,0.569,0.4044
phase21_B_λ4,tcd_tile_2274,Greater Negros-Panay rain forests,SE Asian & Pacific rainforest,,1699,0.3507,16,27,9,18,7,0.3333,0.5625,0.4186,0.7536,0.0643,0.1185
phase21_B_λ4,tcd_tile_2275,Hispaniolan moist forests,SE Asian & Pacific rainforest,,1604,0.3507,19,142,6,136,13,0.0423,0.3158,0.0745,0.0326,0.2416,0.0575
phase21_B_λ4,tcd_tile_2276,"Sao Tome, Principe and Annobon moist lowland forests",Other,,227,0.3507,289,420,149,271,140,0.3548,0.5156,0.4203,0.6219,0.5619,0.5904
phase21_B_λ4,tcd_tile_2277,Sulawesi lowland rain forests,SE Asian & Pacific rainforest,,4978,0.3507,91,152,34,118,57,0.2237,0.3736,0.2798,0.4318,0.2919,0.3483
phase21_B_λ4,tcd_tile_2278,Western European broadleaf forests,European forest,,3647,0.3507,10,44,8,36,2,0.1818,0.8,0.2963,0.7574,0.2018,0.3187
phase21_B_λ4,tcd_tile_2279,Crimean Submediterranean forest complex,Other,,1829,0.3507,183,90,47,43,136,0.5222,0.2568,0.3443,0.8188,0.3611,0.5011
phase21_B_λ4,tcd_tile_228,Upper Midwest forest-savanna transition,N. American forest,,4077,0.3507,15,120,13,107,2,0.1083,0.8667,0.1926,0.1134,0.4793,0.1834
phase21_B_λ4,tcd_tile_2280,East European forest steppe,European forest,,5046,0.3507,1,110,1,109,0,0.0091,1.0,0.018,0.9998,0.1481,0.258
phase21_B_λ4,tcd_tile_2281,Northern Zanzibar-Inhambane coastal forest mosaic,African tropical forest,,3192,0.3507,4,9,2,7,2,0.2222,0.5,0.3077,0.4546,0.1493,0.2248
phase21_B_λ4,tcd_tile_2282,Northern Zanzibar-Inhambane coastal forest mosaic,African tropical forest,,3329,0.3507,190,819,63,756,127,0.0769,0.3316,0.1249,0.9078,0.5246,0.6649
phase21_B_λ4,tcd_tile_2283,Northern Anatolian conifer and deciduous forests,Other,,1867,0.3507,69,71,26,45,43,0.3662,0.3768,0.3714,0.4807,0.4215,0.4492
phase21_B_λ4,tcd_tile_2284,Atlantic dry forests,Other,,575,0.3507,250,140,112,28,138,0.8,0.448,0.5744,0.7951,0.5859,0.6747
phase21_B_λ4,tcd_tile_2285,Sierra Nevada forests,N. American forest,,2995,0.3507,281,116,74,42,207,0.6379,0.2633,0.3728,0.74,0.4716,0.5761
phase21_B_λ4,tcd_tile_2286,Greater Negros-Panay rain forests,SE Asian & Pacific rainforest,,2864,0.3507,29,19,14,5,15,0.7368,0.4828,0.5833,0.9426,0.4335,0.5938
phase21_B_λ4,tcd_tile_2287,North Island temperate forests,Other,,50,0.3507,13,6,6,0,7,1.0,0.4615,0.6316,0.9433,0.1346,0.2355
phase21_B_λ4,tcd_tile_2288,Pannonian mixed forests,European forest,,2506,0.3507,17,59,7,52,10,0.1186,0.4118,0.1842,0.7137,0.1071,0.1862
phase21_B_λ4,tcd_tile_2289,Southern Korea evergreen forests,Other,,3462,0.3507,165,206,72,134,93,0.3495,0.4364,0.3881,0.6971,0.4436,0.5422
phase21_B_λ4,tcd_tile_2290,East European forest steppe,European forest,,482,0.3507,137,200,86,114,51,0.43,0.6277,0.5104,0.6459,0.5862,0.6146
phase21_B_λ4,tcd_tile_2291,Bahia coastal forests,Latin American forest,,1033,0.3507,7,68,5,63,2,0.0735,0.7143,0.1333,0.9929,0.0374,0.0721
phase21_B_λ4,tcd_tile_2292,,Other,,1247,0.3507,24,0,0,0,24,0.0,0.0,0.0,0.0,0.0,0.0
phase21_B_λ4,tcd_tile_2293,Northern Zanzibar-Inhambane coastal forest mosaic,African tropical forest,,2110,0.3507,215,506,186,320,29,0.3676,0.8651,0.516,0.6932,0.5555,0.6168
phase21_B_λ4,tcd_tile_2294,,Other,,1377,0.3507,50,64,14,50,36,0.2188,0.28,0.2456,0.7207,0.2476,0.3686
phase21_B_λ4,tcd_tile_2295,,Other,,560,0.3507,0,4,0,4,0,0.0,0.0,0.0,0.0,0.0,0.0
phase21_B_λ4,tcd_tile_2296,Celtic broadleaf forests,European forest,,4084,0.3507,78,11,3,8,75,0.2727,0.0385,0.0674,0.3804,0.0293,0.0543
phase21_B_λ4,tcd_tile_2297,Changjiang Plain evergreen forests,Other,,4975,0.3507,111,215,84,131,27,0.3907,0.7568,0.5153,0.9134,0.4008,0.5572
phase21_B_λ4,tcd_tile_2298,Western European broadleaf forests,European forest,,4949,0.3507,1,22,1,21,0,0.0455,1.0,0.087,0.9995,0.0571,0.1081
phase21_B_λ4,tcd_tile_2299,Northwestern Andean montane forests,Latin American forest,,842,0.3507,67,115,27,88,40,0.2348,0.403,0.2967,0.3508,0.4279,0.3855
phase21_B_λ4,tcd_tile_23,West Sudanian savanna,Arid / dryland,,985,0.3507,112,146,71,75,41,0.4863,0.6339,0.5504,0.8015,0.4278,0.5579
phase21_B_λ4,tcd_tile_2300,Greater Negros-Panay rain forests,SE Asian & Pacific rainforest,,1144,0.3507,39,2,1,1,38,0.5,0.0256,0.0488,0.6006,0.0307,0.0585
phase21_B_λ4,tcd_tile_2301,California coastal sage and chaparral,Other,,316,0.3507,52,75,23,52,29,0.3067,0.4423,0.3622,0.6153,0.6493,0.6318
phase21_B_λ4,tcd_tile_2302,Cerrado,Latin American forest,,187,0.3507,21,288,18,270,3,0.0625,0.8571,0.1165,0.8577,0.48,0.6155
phase21_B_λ4,tcd_tile_2303,Central European mixed forests,European forest,,1240,0.3507,50,143,32,111,18,0.2238,0.64,0.3316,0.9704,0.2723,0.4253
phase21_B_λ4,tcd_tile_2304,Upper Midwest forest-savanna transition,N. American forest,,3393,0.3507,102,120,37,83,65,0.3083,0.3627,0.3333,0.8938,0.3657,0.5191
phase21_B_λ4,tcd_tile_2305,North Central Rockies forests,N. American forest,,2365,0.3507,1,197,1,196,0,0.0051,1.0,0.0101,0.9964,0.2875,0.4462
phase21_B_λ4,tcd_tile_2306,Southern Zanzibar-Inhambane coastal forest mosaic,African tropical forest,,1643,0.3507,109,53,36,17,73,0.6792,0.3303,0.4444,0.8655,0.3253,0.4729
phase21_B_λ4,tcd_tile_2307,Taiheiyo montane deciduous forests,Other,,4678,0.3507,1,40,0,40,1,0.0,0.0,0.0,0.0,0.0,0.0
phase21_B_λ4,tcd_tile_2308,Northern Zanzibar-Inhambane coastal forest mosaic,African tropical forest,,1188,0.3507,263,560,210,350,53,0.375,0.7985,0.5103,0.7726,0.698,0.7334
phase21_B_λ4,tcd_tile_2309,Southern Zanzibar-Inhambane coastal forest mosaic,African tropical forest,,4345,0.3507,1,0,0,0,1,0.0,0.0,0.0,0.0,0.0,0.0
phase21_B_λ4,tcd_tile_231,Mato Grosso seasonal forests,Latin American forest,,1926,0.3507,77,89,36,53,41,0.4045,0.4675,0.4337,0.5695,0.5622,0.5658
phase21_B_λ4,tcd_tile_2310,,Other,,3475,0.3507,1,0,0,0,1,0.0,0.0,0.0,0.0,0.0,0.0
phase21_B_λ4,tcd_tile_2311,Northern Zanzibar-Inhambane coastal forest mosaic,African tropical forest,,2009,0.3507,1,710,1,709,0,0.0014,1.0,0.0028,1.0,0.3653,0.5351
phase21_B_λ4,tcd_tile_2312,Northern Congolian forest-savanna mosaic,African tropical forest,,664,0.3507,124,65,37,28,87,0.5692,0.2984,0.3915,0.5184,0.3471,0.4158
phase21_B_λ4,tcd_tile_2313,East European forest steppe,European forest,,1235,0.3507,16,381,12,369,4,0.0315,0.75,0.0605,0.971,0.3024,0.4611
phase21_B_λ4,tcd_tile_2314,Lesser Sundas deciduous forests,SE Asian & Pacific rainforest,,1675,0.3507,74,345,55,290,19,0.1594,0.7432,0.2625,0.5488,0.2887,0.3784
phase21_B_λ4,tcd_tile_2315,Western European broadleaf forests,European forest,,4462,0.3507,6,6,3,3,3,0.5,0.5,0.5,0.7466,0.0157,0.0308
phase21_B_λ4,tcd_tile_2316,"Sao Tome, Principe and Annobon moist lowland forests",Other,,1439,0.3507,95,148,64,84,31,0.4324,0.6737,0.5267,0.7314,0.3935,0.5117
phase21_B_λ4,tcd_tile_2317,Celtic broadleaf forests,European forest,,3753,0.3507,33,31,9,22,24,0.2903,0.2727,0.2812,0.4011,0.2125,0.2778
phase21_B_λ4,tcd_tile_2318,Balkan mixed forests,European forest,,2089,0.3507,57,46,31,15,26,0.6739,0.5439,0.6019,0.7247,0.6538,0.6874
phase21_B_λ4,tcd_tile_2319,Caucasus mixed forests,European forest,,4888,0.3507,37,84,19,65,18,0.2262,0.5135,0.314,0.9681,0.3089,0.4683
phase21_B_λ4,tcd_tile_232,Northern California coastal forests,N. American forest,,2277,0.3507,14,5,3,2,11,0.6,0.2143,0.3158,0.827,0.0047,0.0093
phase21_B_λ4,tcd_tile_2320,Cerrado,Latin American forest,,1070,0.3507,10,28,3,25,7,0.1071,0.3,0.1579,0.8771,0.0771,0.1418
phase21_B_λ4,tcd_tile_2321,Upper Midwest forest-savanna transition,N. American forest,,1973,0.3507,18,114,17,97,1,0.1491,0.9444,0.2576,0.738,0.4245,0.539
phase21_B_λ4,tcd_tile_2322,Lesser Sundas deciduous forests,SE Asian & Pacific rainforest,,1950,0.3507,98,42,20,22,78,0.4762,0.2041,0.2857,0.565,0.2163,0.3128
phase21_B_λ4,tcd_tile_2323,Atlantic mixed forests,European forest,,4278,0.3507,16,147,10,137,6,0.068,0.625,0.1227,0.6214,0.2161,0.3207
phase21_B_λ4,tcd_tile_2324,Cantabrian mixed forests,Other,,687,0.3507,68,124,43,81,25,0.3468,0.6324,0.4479,0.7512,0.2324,0.3549
phase21_B_λ4,tcd_tile_2325,Central European mixed forests,European forest,,2256,0.3507,66,70,40,30,26,0.5714,0.6061,0.5882,0.8395,0.3333,0.4772
phase21_B_λ4,tcd_tile_2326,Northern Zanzibar-Inhambane coastal forest mosaic,African tropical forest,,2646,0.3507,236,219,148,71,88,0.6758,0.6271,0.6505,0.8654,0.401,0.5481
phase21_B_λ4,tcd_tile_2327,,Other,,566,0.3507,48,65,19,46,29,0.2923,0.3958,0.3363,0.534,0.3238,0.4032
phase21_B_λ4,tcd_tile_2328,Central Andean dry puna,Other,,1197,0.3507,64,30,0,30,64,0.0,0.0,0.0,0.026,0.1863,0.0456
phase21_B_λ4,tcd_tile_2329,Central Korean deciduous forests,Other,,2006,0.3507,27,83,17,66,10,0.2048,0.6296,0.3091,0.6265,0.2933,0.3995
phase21_B_λ4,tcd_tile_233,Central U.S. hardwood forests,N. American forest,,3069,0.3507,27,47,15,32,12,0.3191,0.5556,0.4054,0.8104,0.1939,0.3129
phase21_B_λ4,tcd_tile_2330,Palawan rain forests,SE Asian & Pacific rainforest,,4610,0.3507,54,464,25,439,29,0.0539,0.463,0.0965,0.965,0.3277,0.4893
phase21_B_λ4,tcd_tile_2331,Mindanao-Eastern Visayas rain forests,SE Asian & Pacific rainforest,,3134,0.3507,0,2,0,2,0,0.0,0.0,0.0,0.0,0.0,0.0
phase21_B_λ4,tcd_tile_2332,Northern Zanzibar-Inhambane coastal forest mosaic,African tropical forest,,2405,0.3507,147,459,73,386,74,0.159,0.4966,0.2409,0.8793,0.4857,0.6258
phase21_B_λ4,tcd_tile_2333,Southern Zanzibar-Inhambane coastal forest mosaic,African tropical forest,,4067,0.3507,32,32,14,18,18,0.4375,0.4375,0.4375,0.7685,0.3054,0.4371
phase21_B_λ4,tcd_tile_2334,Humid Pampas,Other,,1202,0.3507,34,75,17,58,17,0.2267,0.5,0.3119,0.2138,0.5322,0.3051
phase21_B_λ4,tcd_tile_2335,Central Andean dry puna,Other,,392,0.3507,3,100,3,97,0,0.03,1.0,0.0583,0.0665,0.3105,0.1095
phase21_B_λ4,tcd_tile_2336,Taiheiyo evergreen forests,Other,,2235,0.3507,26,90,17,73,9,0.1889,0.6538,0.2931,0.4345,0.4429,0.4387
phase21_B_λ4,tcd_tile_2337,Scandinavian coastal conifer forests,Other,,1837,0.3507,0,1,0,1,0,0.0,0.0,0.0,0.0,0.0,0.0
phase21_B_λ4,tcd_tile_2338,Central Pacific coastal forests,Other,,4125,0.3507,19,24,4,20,15,0.1667,0.2105,0.186,0.6698,0.1056,0.1825
phase21_B_λ4,tcd_tile_2339,Northern California coastal forests,N. American forest,,3525,0.3507,1,1,0,1,1,0.0,0.0,0.0,0.0,0.0,0.0
phase21_B_λ4,tcd_tile_234,Upper Midwest forest-savanna transition,N. American forest,,3882,0.3507,10,60,7,53,3,0.1167,0.7,0.2,0.8322,0.5561,0.6667
phase21_B_λ4,tcd_tile_2340,Sulawesi lowland rain forests,SE Asian & Pacific rainforest,,4362,0.3507,125,290,87,203,38,0.3,0.696,0.4193,0.6923,0.2752,0.3938
phase21_B_λ4,tcd_tile_2341,Balkan mixed forests,European forest,,1236,0.3507,140,132,52,80,88,0.3939,0.3714,0.3824,0.6098,0.3702,0.4607
phase21_B_λ4,tcd_tile_2342,Northern Zanzibar-Inhambane coastal forest mosaic,African tropical forest,,527,0.3507,30,42,11,31,19,0.2619,0.3667,0.3056,0.7607,0.3448,0.4745
phase21_B_λ4,tcd_tile_2343,Northern Zanzibar-Inhambane coastal forest mosaic,African tropical forest,,454,0.3507,6,59,1,58,5,0.0169,0.1667,0.0308,0.9994,0.019,0.0372
phase21_B_λ4,tcd_tile_2344,Western European broadleaf forests,European forest,,2286,0.3507,2,26,2,24,0,0.0769,1.0,0.1429,0.7296,0.0942,0.1668
phase21_B_λ4,tcd_tile_2345,California interior chaparral and woodlands,Other,,1348,0.3507,136,113,53,60,83,0.469,0.3897,0.4257,0.6574,0.541,0.5935
phase21_B_λ4,tcd_tile_2346,Sarmatic mixed forests,European forest,,884,0.3507,391,129,73,56,318,0.5659,0.1867,0.2808,0.5749,0.3576,0.4409
phase21_B_λ4,tcd_tile_2347,Timor and Wetar deciduous forests,SE Asian & Pacific rainforest,,408,0.3507,166,166,84,82,82,0.506,0.506,0.506,0.5552,0.2805,0.3727
phase21_B_λ4,tcd_tile_2348,Sarmatic mixed forests,European forest,,1644,0.3507,0,12,0,12,0,0.0,0.0,0.0,0.0,0.0,0.0
phase21_B_λ4,tcd_tile_2349,Palawan rain forests,SE Asian & Pacific rainforest,,1982,0.3507,98,227,61,166,37,0.2687,0.6224,0.3754,0.8135,0.2948,0.4328
phase21_B_λ4,tcd_tile_235,Cerrado,Latin American forest,,289,0.3507,0,5,0,5,0,0.0,0.0,0.0,0.0,0.0,0.0
phase21_B_λ4,tcd_tile_2350,North Central Rockies forests,N. American forest,,1727,0.3507,1,343,1,342,0,0.0029,1.0,0.0058,0.9983,0.1581,0.273
phase21_B_λ4,tcd_tile_2351,Bahia coastal forests,Latin American forest,,314,0.3507,6,130,5,125,1,0.0385,0.8333,0.0735,0.9987,0.1842,0.3111
phase21_B_λ4,tcd_tile_2352,Sarmatic mixed forests,European forest,,219,0.3507,9,47,4,43,5,0.0851,0.4444,0.1429,0.2136,0.344,0.2636
phase21_B_λ4,tcd_tile_2353,North Central Rockies forests,N. American forest,,2092,0.3507,2,349,1,348,1,0.0029,0.5,0.0057,0.9814,0.3846,0.5526
phase21_B_λ4,tcd_tile_2354,"Sao Tome, Principe and Annobon moist lowland forests",Other,,2139,0.3507,49,30,17,13,32,0.5667,0.3469,0.4304,0.8606,0.6591,0.7465
phase21_B_λ4,tcd_tile_2355,Cardamom Mountains rain forests,Other,,1593,0.3507,52,379,24,355,28,0.0633,0.4615,0.1114,0.9617,0.3402,0.5026
phase21_B_λ4,tcd_tile_2356,Western Guinean lowland forests,African tropical forest,,2491,0.3507,73,34,27,7,46,0.7941,0.3699,0.5047,0.8341,0.5791,0.6836
phase21_B_λ4,tcd_tile_2357,Upper Midwest forest-savanna transition,N. American forest,,1864,0.3507,41,124,21,103,20,0.1694,0.5122,0.2545,0.4872,0.3616,0.4151
phase21_B_λ4,tcd_tile_2358,Po Basin mixed forests,Other,,2108,0.3507,63,293,39,254,24,0.1331,0.619,0.2191,0.8839,0.5896,0.7073
phase21_B_λ4,tcd_tile_2359,Northern Zanzibar-Inhambane coastal forest mosaic,African tropical forest,,4376,0.3507,195,118,48,70,147,0.4068,0.2462,0.3067,0.8293,0.2561,0.3914
phase21_B_λ4,tcd_tile_236,Willamette Valley forests,N. American forest,,3721,0.3507,3,8,0,8,3,0.0,0.0,0.0,0.0,0.0,0.0
phase21_B_λ4,tcd_tile_2360,Central African mangroves,African tropical forest,,4896,0.3507,0,119,0,119,0,0.0,0.0,0.0,0.0,0.0,0.0
phase21_B_λ4,tcd_tile_2361,Northern Zanzibar-Inhambane coastal forest mosaic,African tropical forest,,2686,0.3507,44,86,18,68,26,0.2093,0.4091,0.2769,0.9041,0.1048,0.1878
phase21_B_λ4,tcd_tile_2362,Lesser Sundas deciduous forests,SE Asian & Pacific rainforest,,1630,0.3507,44,339,25,314,19,0.0737,0.5682,0.1305,0.7266,0.2015,0.3156
phase21_B_λ4,tcd_tile_2363,Pannonian mixed forests,European forest,,2319,0.3507,10,248,5,243,5,0.0202,0.5,0.0388,0.9752,0.2927,0.4502
phase21_B_λ4,tcd_tile_2364,Northern Zanzibar-Inhambane coastal forest mosaic,African tropical forest,,2516,0.3507,70,124,25,99,45,0.2016,0.3571,0.2577,0.9279,0.1062,0.1905
phase21_B_λ4,tcd_tile_2365,Bolivian montane dry forests,Latin American forest,,1531,0.3507,44,105,19,86,25,0.181,0.4318,0.255,0.3084,0.5842,0.4037
phase21_B_λ4,tcd_tile_2366,Sierra Nevada forests,N. American forest,,3609,0.3507,4,1,1,0,3,1.0,0.25,0.4,0.8826,0.0036,0.0071
phase21_B_λ4,tcd_tile_2367,Caucasus mixed forests,European forest,,2401,0.3507,10,0,0,0,10,0.0,0.0,0.0,0.0,0.0,0.0
phase21_B_λ4,tcd_tile_2368,Southeast Australia temperate forests,Other,,4168,0.3507,74,350,51,299,23,0.1457,0.6892,0.2406,0.9135,0.3219,0.476
phase21_B_λ4,tcd_tile_2369,Balkan mixed forests,European forest,,1443,0.3507,41,51,23,28,18,0.451,0.561,0.5,0.6745,0.3642,0.473
phase21_B_λ4,tcd_tile_237,Cerrado,Latin American forest,,416,0.3507,16,28,3,25,13,0.1071,0.1875,0.1364,0.2628,0.442,0.3296
phase21_B_λ4,tcd_tile_2370,Snake-Columbia shrub steppe,Other,,859,0.3507,42,150,16,134,26,0.1067,0.381,0.1667,0.9213,0.4948,0.6438
phase21_B_λ4,tcd_tile_2371,Himalayan subtropical broadleaf forests,Other,,2347,0.3507,84,309,62,247,22,0.2006,0.7381,0.3155,0.8396,0.4122,0.553
phase21_B_λ4,tcd_tile_2372,Iquitos varzeá,Other,,2275,0.3507,125,129,60,69,65,0.4651,0.48,0.4724,0.8985,0.3266,0.4791
phase21_B_λ4,tcd_tile_2373,Vanuatu rain forests,Other,,2037,0.3507,0,46,0,46,0,0.0,0.0,0.0,0.0,0.0,0.0
phase21_B_λ4,tcd_tile_2374,Tigris-Euphrates alluvial salt marsh,Other,,293,0.3507,35,45,11,34,24,0.2444,0.3143,0.275,0.4662,0.5956,0.523
phase21_B_λ4,tcd_tile_2375,East European forest steppe,European forest,,2019,0.3507,12,4,3,1,9,0.75,0.25,0.375,0.8396,0.1128,0.1989
phase21_B_λ4,tcd_tile_2376,North Island temperate forests,Other,,4184,0.3507,164,188,57,131,107,0.3032,0.3476,0.3239,0.6702,0.4479,0.537
phase21_B_λ4,tcd_tile_2377,,Other,,4114,0.3507,91,213,32,181,59,0.1502,0.3516,0.2105,0.3244,0.1765,0.2286
phase21_B_λ4,tcd_tile_2378,Western Siberian hemiboreal forests,Other,,2753,0.3507,2,10,1,9,1,0.1,0.5,0.1667,0.2031,0.3504,0.2572
phase21_B_λ4,tcd_tile_2379,Sarmatic mixed forests,European forest,,1276,0.3507,90,151,44,107,46,0.2914,0.4889,0.3651,0.578,0.5849,0.5815
phase21_B_λ4,tcd_tile_238,Southeastern mixed forests,N. American forest,,4416,0.3507,9,75,3,72,6,0.04,0.3333,0.0714,0.8664,0.3853,0.5334
phase21_B_λ4,tcd_tile_2380,Eastern Australian temperate forests,Other,,4792,0.3507,78,304,20,284,58,0.0658,0.2564,0.1047,0.9717,0.3007,0.4593
phase21_B_λ4,tcd_tile_2381,Changjiang Plain evergreen forests,Other,,1938,0.3507,36,18,5,13,31,0.2778,0.1389,0.1852,0.1555,0.0996,0.1214
phase21_B_λ4,tcd_tile_2382,Greater Negros-Panay rain forests,SE Asian & Pacific rainforest,,3792,0.3507,24,19,7,12,17,0.3684,0.2917,0.3256,0.6588,0.0794,0.1417
phase21_B_λ4,tcd_tile_2383,Caucasus mixed forests,European forest,,2658,0.3507,5,0,0,0,5,0.0,0.0,0.0,0.0,0.0,0.0
phase21_B_λ4,tcd_tile_2384,Sumatran lowland rain forests,SE Asian & Pacific rainforest,,4717,0.3507,67,133,30,103,37,0.2256,0.4478,0.3,0.4109,0.0961,0.1557
phase21_B_λ4,tcd_tile_2385,Eastern Great Lakes lowland forests,N. American forest,,1759,0.3507,21,341,7,334,14,0.0205,0.3333,0.0387,0.9508,0.4357,0.5976
phase21_B_λ4,tcd_tile_2386,Serra do Mar coastal forests,Latin American forest,,4720,0.3507,2,273,2,271,0,0.0073,1.0,0.0145,0.9646,0.411,0.5764
phase21_B_λ4,tcd_tile_2387,North Central Rockies forests,N. American forest,,2756,0.3507,3,330,3,327,0,0.0091,1.0,0.018,0.9766,0.3664,0.5328
phase21_B_λ4,tcd_tile_2388,Scandinavian coastal conifer forests,Other,,1901,0.3507,13,350,10,340,3,0.0286,0.7692,0.0551,0.8845,0.4243,0.5735
phase21_B_λ4,tcd_tile_2389,Northern Zanzibar-Inhambane coastal forest mosaic,African tropical forest,,3790,0.3507,266,273,136,137,130,0.4982,0.5113,0.5046,0.8432,0.4343,0.5733
phase21_B_λ4,tcd_tile_239,Northern California coastal forests,N. American forest,,1895,0.3507,5,2,1,1,4,0.5,0.2,0.2857,0.8261,0.0275,0.0532
phase21_B_λ4,tcd_tile_2390,Celtic broadleaf forests,European forest,,1884,0.3507,27,55,13,42,14,0.2364,0.4815,0.3171,0.4809,0.3773,0.4229
phase21_B_λ4,tcd_tile_2391,Northern Zanzibar-Inhambane coastal forest mosaic,African tropical forest,,4802,0.3507,349,87,70,17,279,0.8046,0.2006,0.3211,0.8035,0.1713,0.2824
phase21_B_λ4,tcd_tile_2392,Pannonian mixed forests,European forest,,3037,0.3507,49,24,14,10,35,0.5833,0.2857,0.3836,0.95,0.2234,0.3618
phase21_B_λ4,tcd_tile_2393,Greater Negros-Panay rain forests,SE Asian & Pacific rainforest,,3682,0.3507,60,35,15,20,45,0.4286,0.25,0.3158,0.8118,0.5563,0.6602
phase21_B_λ4,tcd_tile_2394,Hispaniolan moist forests,SE Asian & Pacific rainforest,,4428,0.3507,16,21,4,17,12,0.1905,0.25,0.2162,0.2604,0.2405,0.2501
phase21_B_λ4,tcd_tile_2395,,Other,,2842,0.3507,112,185,57,128,55,0.3081,0.5089,0.3838,0.8811,0.2041,0.3315
phase21_B_λ4,tcd_tile_2396,Bahia coastal forests,Latin American forest,,4421,0.3507,153,116,45,71,108,0.3879,0.2941,0.3346,0.6903,0.299,0.4172
phase21_B_λ4,tcd_tile_2397,North Central Rockies forests,N. American forest,,3987,0.3507,6,324,1,323,5,0.0031,0.1667,0.0061,0.9998,0.3365,0.5035
phase21_B_λ4,tcd_tile_2398,Northern Zanzibar-Inhambane coastal forest mosaic,African tropical forest,,3084,0.3507,107,339,86,253,21,0.2537,0.8037,0.3857,0.7781,0.4819,0.5952
phase21_B_λ4,tcd_tile_2399,Tongan tropical moist forests,SE Asian & Pacific rainforest,,4686,0.3507,90,177,45,132,45,0.2542,0.5,0.3371,0.883,0.1558,0.2649
phase21_B_λ4,tcd_tile_24,Central Mexican matorral,Arid / dryland,,1,0.3507,81,60,44,16,37,0.7333,0.5432,0.6241,0.9695,0.4322,0.5979
phase21_B_λ4,tcd_tile_240,Southern Great Lakes forests,N. American forest,,4945,0.3507,39,72,37,35,2,0.5139,0.9487,0.6667,0.8765,0.6965,0.7762
phase21_B_λ4,tcd_tile_2400,Hokkaido deciduous forests,Other,,3774,0.3507,10,414,9,405,1,0.0217,0.9,0.0425,0.9893,0.5155,0.6778
phase21_B_λ4,tcd_tile_2401,Southeastern mixed forests,N. American forest,,4653,0.3507,0,97,0,97,0,0.0,0.0,0.0,0.0,0.0,0.0
phase21_B_λ4,tcd_tile_2402,Upper Midwest forest-savanna transition,N. American forest,,3742,0.3507,17,18,6,12,11,0.3333,0.3529,0.3429,0.7605,0.5199,0.6176
phase21_B_λ4,tcd_tile_2403,Central U.S. hardwood forests,N. American forest,,903,0.3507,62,72,28,44,34,0.3889,0.4516,0.4179,0.4012,0.2268,0.2898
phase21_B_λ4,tcd_tile_2404,Northern Zanzibar-Inhambane coastal forest mosaic,African tropical forest,,2745,0.3507,39,245,28,217,11,0.1143,0.7179,0.1972,0.9267,0.3178,0.4733
phase21_B_λ4,tcd_tile_2405,Northern Zanzibar-Inhambane coastal forest mosaic,African tropical forest,,4109,0.3507,63,146,49,97,14,0.3356,0.7778,0.4689,0.7625,0.3711,0.4993
phase21_B_λ4,tcd_tile_2406,North Island temperate forests,Other,,636,0.3507,10,0,0,0,10,0.0,0.0,0.0,0.0,0.0,0.0
phase21_B_λ4,tcd_tile_2407,Atlantic mixed forests,European forest,,3533,0.3507,38,10,7,3,31,0.7,0.1842,0.2917,0.8586,0.238,0.3727
phase21_B_λ4,tcd_tile_2408,Eastern forest-boreal transition,Other,,2257,0.3507,5,136,4,132,1,0.0294,0.8,0.0567,0.9535,0.2987,0.4549
phase21_B_λ4,tcd_tile_2409,Rodope montane mixed forests,European forest,,4952,0.3507,0,53,0,53,0,0.0,0.0,0.0,0.0,0.0,0.0
phase21_B_λ4,tcd_tile_2410,Nigerian lowland forests,African tropical forest,,4890,0.3507,5,111,0,111,5,0.0,0.0,0.0,0.0,0.0,0.0
phase21_B_λ4,tcd_tile_2411,Northern Zanzibar-Inhambane coastal forest mosaic,African tropical forest,,4557,0.3507,37,10,7,3,30,0.7,0.1892,0.2979,0.9963,0.0097,0.0191
phase21_B_λ4,tcd_tile_2412,Atlantic mixed forests,European forest,,464,0.3507,5,345,4,341,1,0.0116,0.8,0.0229,0.9659,0.3521,0.5161
phase21_B_λ4,tcd_tile_2413,Mato Grosso seasonal forests,Latin American forest,,3726,0.3507,199,216,142,74,57,0.6574,0.7136,0.6843,0.7295,0.7811,0.7544
phase21_B_λ4,tcd_tile_2414,Central European mixed forests,European forest,,1937,0.3507,2,22,0,22,2,0.0,0.0,0.0,0.0,0.0,0.0
phase21_B_λ4,tcd_tile_2415,East European forest steppe,European forest,,3873,0.3507,42,79,22,57,20,0.2785,0.5238,0.3636,0.3525,0.5104,0.417
phase21_B_λ4,tcd_tile_2416,Northern Zanzibar-Inhambane coastal forest mosaic,African tropical forest,,2348,0.3507,62,118,40,78,22,0.339,0.6452,0.4444,0.7784,0.6035,0.6799
phase21_B_λ4,tcd_tile_2417,Atlantic mixed forests,European forest,,369,0.3507,5,298,5,293,0,0.0168,1.0,0.033,0.9572,0.3889,0.5531
phase21_B_λ4,tcd_tile_2418,Northern Zanzibar-Inhambane coastal forest mosaic,African tropical forest,,2775,0.3507,190,78,68,10,122,0.8718,0.3579,0.5075,0.8834,0.3438,0.4949
phase21_B_λ4,tcd_tile_2419,Northern Zanzibar-Inhambane coastal forest mosaic,African tropical forest,,870,0.3507,6,73,5,68,1,0.0685,0.8333,0.1266,0.9299,0.067,0.125
phase21_B_λ4,tcd_tile_2420,Northern Anatolian conifer and deciduous forests,Other,,2544,0.3507,99,127,31,96,68,0.2441,0.3131,0.2743,0.3713,0.3913,0.3811
phase21_B_λ4,tcd_tile_2421,Southeast Australia temperate forests,Other,,529,0.3507,90,174,66,108,24,0.3793,0.7333,0.5,0.8618,0.3798,0.5272
phase21_B_λ4,tcd_tile_2422,Northern Acacia-Commiphora bushlands and thickets,Other,,1225,0.3507,32,4,3,1,29,0.75,0.0938,0.1667,0.5837,0.109,0.1837
phase21_B_λ4,tcd_tile_2423,Cerrado,Latin American forest,,644,0.3507,0,0,0,0,0,0.0,0.0,0.0,0.0,0.0,0.0
phase21_B_λ4,tcd_tile_2424,Caucasus mixed forests,European forest,,2042,0.3507,5,2,2,0,3,1.0,0.4,0.5714,1.0,0.0071,0.014
phase21_B_λ4,tcd_tile_2425,East European forest steppe,European forest,,4217,0.3507,6,301,4,297,2,0.0133,0.6667,0.0261,0.9858,0.344,0.5101
phase21_B_λ4,tcd_tile_2426,Northeastern coastal forests,N. American forest,,2856,0.3507,18,338,10,328,8,0.0296,0.5556,0.0562,0.9715,0.4279,0.5941
phase21_B_λ4,tcd_tile_2427,Mindanao-Eastern Visayas rain forests,SE Asian & Pacific rainforest,,1956,0.3507,33,151,15,136,18,0.0993,0.4545,0.163,0.9023,0.2271,0.3629
phase21_B_λ4,tcd_tile_2428,Central U.S. hardwood forests,N. American forest,,3785,0.3507,46,65,33,32,13,0.5077,0.7174,0.5946,0.6921,0.3719,0.4838
phase21_B_λ4,tcd_tile_2429,,Other,,3078,0.3507,8,20,2,18,6,0.1,0.25,0.1429,0.143,0.2937,0.1923
phase21_B_λ4,tcd_tile_243,Northeastern coastal forests,N. American forest,,3047,0.3507,58,62,23,39,35,0.371,0.3966,0.3833,0.8544,0.1677,0.2804
phase21_B_λ4,tcd_tile_2430,Lesser Sundas deciduous forests,SE Asian & Pacific rainforest,,2815,0.3507,19,145,11,134,8,0.0759,0.5789,0.1341,0.7297,0.2395,0.3606
phase21_B_λ4,tcd_tile_2431,Ucayali moist forests,Latin American forest,,3167,0.3507,166,292,37,255,129,0.1267,0.2229,0.1616,0.8135,0.3299,0.4695
phase21_B_λ4,tcd_tile_2432,Madeira-Tapajós moist forests,Latin American forest,,372,0.3507,1,690,1,689,0,0.0014,1.0,0.0029,0.9998,0.4805,0.649
phase21_B_λ4,tcd_tile_2433,Hispaniolan moist forests,SE Asian & Pacific rainforest,,4715,0.3507,103,211,50,161,53,0.237,0.4854,0.3185,0.2069,0.7517,0.3244
phase21_B_λ4,tcd_tile_2434,North Central Rockies forests,N. American forest,,2018,0.3507,59,1025,45,980,14,0.0439,0.7627,0.083,1.0,0.2833,0.4415
phase21_B_λ4,tcd_tile_2435,Willamette Valley forests,N. American forest,,3376,0.3507,10,20,2,18,8,0.1,0.2,0.1333,0.2547,0.0705,0.1104
phase21_B_λ4,tcd_tile_2436,Northern Zanzibar-Inhambane coastal forest mosaic,African tropical forest,,1953,0.3507,50,52,14,38,36,0.2692,0.28,0.2745,0.8177,0.0269,0.052
phase21_B_λ4,tcd_tile_2437,Atlantic coastal pine barrens,Other,,3214,0.3507,11,186,1,185,10,0.0054,0.0909,0.0102,0.8662,0.2408,0.3768
phase21_B_λ4,tcd_tile_2438,Southeastern conifer forests,N. American forest,,3014,0.3507,26,146,10,136,16,0.0685,0.3846,0.1163,0.4448,0.2581,0.3267
phase21_B_λ4,tcd_tile_2439,Northern Zanzibar-Inhambane coastal forest mosaic,African tropical forest,,3565,0.3507,55,28,18,10,37,0.6429,0.3273,0.4337,0.8425,0.0823,0.15
phase21_B_λ4,tcd_tile_2440,Northern Zanzibar-Inhambane coastal forest mosaic,African tropical forest,,1910,0.3507,131,231,64,167,67,0.2771,0.4885,0.3536,0.7536,0.4518,0.5649
phase21_B_λ4,tcd_tile_2441,Northern Zanzibar-Inhambane coastal forest mosaic,African tropical forest,,4004,0.3507,33,269,23,246,10,0.0855,0.697,0.1523,0.8521,0.5266,0.6509
phase21_B_λ4,tcd_tile_2442,Upper Midwest forest-savanna transition,N. American forest,,1427,0.3507,15,209,11,198,4,0.0526,0.7333,0.0982,0.9192,0.4879,0.6375
phase21_B_λ4,tcd_tile_2443,Palawan rain forests,SE Asian & Pacific rainforest,,3738,0.3507,103,259,38,221,65,0.1467,0.3689,0.2099,0.8927,0.3845,0.5375
phase21_B_λ4,tcd_tile_2444,Hispaniolan moist forests,SE Asian & Pacific rainforest,,4986,0.3507,0,3,0,3,0,0.0,0.0,0.0,0.0,0.0,0.0
phase21_B_λ4,tcd_tile_2445,Appalachian-Blue Ridge forests,N. American forest,,3248,0.3507,82,71,16,55,66,0.2254,0.1951,0.2092,0.3364,0.3341,0.3353
phase21_B_λ4,tcd_tile_2446,Hispaniolan moist forests,SE Asian & Pacific rainforest,,3953,0.3507,231,148,45,103,186,0.3041,0.1948,0.2375,0.3195,0.3794,0.3469
phase21_B_λ4,tcd_tile_2447,Balkan mixed forests,European forest,,447,0.3507,124,121,63,58,61,0.5207,0.5081,0.5143,0.7868,0.4842,0.5994
phase21_B_λ4,tcd_tile_2448,Granitic Seychelles forests,Other,,89,0.3507,64,555,44,511,20,0.0793,0.6875,0.1422,0.9762,0.2909,0.4482
phase21_B_λ4,tcd_tile_2449,Eastern forest-boreal transition,Other,,2362,0.3507,1,914,1,913,0,0.0011,1.0,0.0022,0.9993,0.3563,0.5253
phase21_B_λ4,tcd_tile_2450,,Other,,1499,0.3507,1,220,1,219,0,0.0045,1.0,0.009,1.0,0.17,0.2906
phase21_B_λ4,tcd_tile_2451,East African montane forests,African tropical forest,,3586,0.3507,47,171,12,159,35,0.0702,0.2553,0.1101,0.9292,0.1289,0.2263
phase21_B_λ4,tcd_tile_2452,East European forest steppe,European forest,,1115,0.3507,4,300,4,296,0,0.0133,1.0,0.0263,0.9315,0.31,0.4652
phase21_B_λ4,tcd_tile_2453,Luzon rain forests,SE Asian & Pacific rainforest,,3262,0.3507,31,110,8,102,23,0.0727,0.2581,0.1135,0.9439,0.0438,0.0837
phase21_B_λ4,tcd_tile_2454,Iberian sclerophyllous and semi-deciduous forests,Other,,1375,0.3507,232,102,90,12,142,0.8824,0.3879,0.5389,0.6832,0.5259,0.5943
phase21_B_λ4,tcd_tile_2455,Northeastern coastal forests,N. American forest,,2075,0.3507,2,19,2,17,0,0.1053,1.0,0.1905,0.9579,0.0421,0.0806
phase21_B_λ4,tcd_tile_2456,Irrawaddy moist deciduous forests,Other,,1311,0.3507,44,21,11,10,33,0.5238,0.25,0.3385,0.8592,0.1147,0.2024
phase21_B_λ4,tcd_tile_2457,Hispaniolan moist forests,SE Asian & Pacific rainforest,,5031,0.3507,100,127,27,100,73,0.2126,0.27,0.2379,0.1982,0.4189,0.2691
phase21_B_λ4,tcd_tile_2458,Richmond temperate forests,Other,,3319,0.3507,118,10,4,6,114,0.4,0.0339,0.0625,0.708,0.1983,0.3098
phase21_B_λ4,tcd_tile_2459,Bolivian montane dry forests,Latin American forest,,3424,0.3507,20,68,14,54,6,0.2059,0.7,0.3182,0.7414,0.1685,0.2746
phase21_B_λ4,tcd_tile_246,Madeira-Tapajós moist forests,Latin American forest,,851,0.3507,1,1072,1,1071,0,0.0009,1.0,0.0019,1.0,0.4715,0.6408
phase21_B_λ4,tcd_tile_2460,Eastern Guinean forests,African tropical forest,,1955,0.3507,18,8,4,4,14,0.5,0.2222,0.3077,0.5358,0.0166,0.0322
phase21_B_λ4,tcd_tile_2461,Northern Congolian forest-savanna mosaic,African tropical forest,,46,0.3507,39,44,19,25,20,0.4318,0.4872,0.4578,0.3513,0.6884,0.4652
phase21_B_λ4,tcd_tile_2462,Pontic steppe,Other,,790,0.3507,24,34,14,20,10,0.4118,0.5833,0.4828,0.6652,0.5746,0.6166
phase21_B_λ4,tcd_tile_2463,Changjiang Plain evergreen forests,Other,,2632,0.3507,97,18,8,10,89,0.4444,0.0825,0.1391,0.3997,0.0832,0.1377
phase21_B_λ4,tcd_tile_2464,Caucasus mixed forests,European forest,,1898,0.3507,1,1,1,0,0,1.0,1.0,1.0,1.0,0.0032,0.0064
phase21_B_λ4,tcd_tile_2465,Western European broadleaf forests,European forest,,4913,0.3507,1,2,1,1,0,0.5,1.0,0.6667,1.0,0.0065,0.0128
phase21_B_λ4,tcd_tile_2466,Southern Zanzibar-Inhambane coastal forest mosaic,African tropical forest,,4444,0.3507,36,12,10,2,26,0.8333,0.2778,0.4167,0.7716,0.5372,0.6334
phase21_B_λ4,tcd_tile_2467,Fiji tropical dry forests,Other,,2003,0.3507,2,520,2,518,0,0.0038,1.0,0.0077,0.9868,0.2498,0.3987
phase21_B_λ4,tcd_tile_2468,Lesser Sundas deciduous forests,SE Asian & Pacific rainforest,,4329,0.3507,14,478,8,470,6,0.0167,0.5714,0.0325,0.9712,0.4131,0.5796
phase21_B_λ4,tcd_tile_2469,Balkan mixed forests,European forest,,1798,0.3507,10,419,2,417,8,0.0048,0.2,0.0093,0.9881,0.2833,0.4404
phase21_B_λ4,tcd_tile_247,Himalayan subtropical broadleaf forests,Other,,4414,0.3507,140,69,34,35,106,0.4928,0.2429,0.3254,0.6506,0.3064,0.4166
phase21_B_λ4,tcd_tile_2470,Western European broadleaf forests,European forest,,4292,0.3507,20,40,4,36,16,0.1,0.2,0.1333,0.9789,0.1607,0.2761
phase21_B_λ4,tcd_tile_2471,Granitic Seychelles forests,Other,,2782,0.3507,0,347,0,347,0,0.0,0.0,0.0,0.0,0.0,0.0
phase21_B_λ4,tcd_tile_2472,Northern Zanzibar-Inhambane coastal forest mosaic,African tropical forest,,4487,0.3507,233,36,23,13,210,0.6389,0.0987,0.171,0.9209,0.0749,0.1385
phase21_B_λ4,tcd_tile_2473,Mato Grosso seasonal forests,Latin American forest,,3072,0.3507,31,20,8,12,23,0.4,0.2581,0.3137,0.7881,0.6498,0.7123
phase21_B_λ4,tcd_tile_2474,Changjiang Plain evergreen forests,Other,,2748,0.3507,72,28,15,13,57,0.5357,0.2083,0.3,0.4661,0.2169,0.296
phase21_B_λ4,tcd_tile_2475,Alto Paraná Atlantic forests,Other,,2498,0.3507,68,61,28,33,40,0.459,0.4118,0.4341,0.5366,0.67,0.5959
phase21_B_λ4,tcd_tile_2476,Jalisco dry forests,Other,,4081,0.3507,11,117,9,108,2,0.0769,0.8182,0.1406,0.7264,0.407,0.5217
phase21_B_λ4,tcd_tile_2477,Northern Zanzibar-Inhambane coastal forest mosaic,African tropical forest,,1114,0.3507,13,109,6,103,7,0.055,0.4615,0.0984,0.8416,0.0563,0.1056
phase21_B_λ4,tcd_tile_2478,Hispaniolan dry forests,Other,,727,0.3507,6,94,6,88,0,0.0638,1.0,0.12,0.1458,0.5301,0.2288
phase21_B_λ4,tcd_tile_2479,Northern Zanzibar-Inhambane coastal forest mosaic,African tropical forest,,1814,0.3507,241,70,51,19,190,0.7286,0.2116,0.328,0.8825,0.2221,0.3549
phase21_B_λ4,tcd_tile_248,Petén-Veracruz moist forests,Latin American forest,,1486,0.3507,79,203,48,155,31,0.2365,0.6076,0.3404,0.7514,0.3864,0.5103
phase21_B_λ4,tcd_tile_2480,Changjiang Plain evergreen forests,Other,,823,0.3507,159,127,79,48,80,0.622,0.4969,0.5524,0.791,0.2901,0.4245
phase21_B_λ4,tcd_tile_2481,Sarmatic mixed forests,European forest,,4674,0.3507,17,134,14,120,3,0.1045,0.8235,0.1854,0.795,0.3296,0.466
phase21_B_λ4,tcd_tile_2482,Northern Zanzibar-Inhambane coastal forest mosaic,African tropical forest,,3324,0.3507,261,73,59,14,202,0.8082,0.2261,0.3533,0.8283,0.2136,0.3396
phase21_B_λ4,tcd_tile_2483,Northern Zanzibar-Inhambane coastal forest mosaic,African tropical forest,,4031,0.3507,81,16,10,6,71,0.625,0.1235,0.2062,0.6213,0.1942,0.296
phase21_B_λ4,tcd_tile_2484,South Central Rockies forests,Other,,4568,0.3507,88,162,66,96,22,0.4074,0.75,0.528,0.6777,0.4991,0.5748
phase21_B_λ4,tcd_tile_2485,Northern Zanzibar-Inhambane coastal forest mosaic,African tropical forest,,2651,0.3507,330,63,47,16,283,0.746,0.1424,0.2392,0.7456,0.3547,0.4807
phase21_B_λ4,tcd_tile_2486,Central European mixed forests,European forest,,4801,0.3507,0,53,0,53,0,0.0,0.0,0.0,0.0,0.0,0.0
phase21_B_λ4,tcd_tile_2487,Southeastern mixed forests,N. American forest,,2903,0.3507,19,3,1,2,18,0.3333,0.0526,0.0909,0.8654,0.0097,0.0191
phase21_B_λ4,tcd_tile_2488,Northern Zanzibar-Inhambane coastal forest mosaic,African tropical forest,,2657,0.3507,26,12,5,7,21,0.4167,0.1923,0.2632,0.7015,0.0133,0.0261
phase21_B_λ4,tcd_tile_2489,Greater Negros-Panay rain forests,SE Asian & Pacific rainforest,,1778,0.3507,65,86,33,53,32,0.3837,0.5077,0.4371,0.8831,0.3602,0.5117
phase21_B_λ4,tcd_tile_249,Serra do Mar coastal forests,Latin American forest,,5001,0.3507,111,134,44,90,67,0.3284,0.3964,0.3592,0.501,0.2701,0.351
phase21_B_λ4,tcd_tile_2490,Crimean Submediterranean forest complex,Other,,1708,0.3507,99,149,59,90,40,0.396,0.596,0.4758,0.8345,0.1541,0.2602
phase21_B_λ4,tcd_tile_2491,Northern Zanzibar-Inhambane coastal forest mosaic,African tropical forest,,2840,0.3507,195,429,86,343,109,0.2005,0.441,0.2756,0.8106,0.3199,0.4587
phase21_B_λ4,tcd_tile_2492,Southern Zanzibar-Inhambane coastal forest mosaic,African tropical forest,,2784,0.3507,28,4,4,0,24,1.0,0.1429,0.25,0.9112,0.1859,0.3088
phase21_B_λ4,tcd_tile_2493,Sarmatic mixed forests,European forest,,2370,0.3507,22,85,17,68,5,0.2,0.7727,0.3178,0.7412,0.1715,0.2786
phase21_B_λ4,tcd_tile_2494,Timor and Wetar deciduous forests,SE Asian & Pacific rainforest,,1488,0.3507,190,97,65,32,125,0.6701,0.3421,0.453,0.8316,0.2334,0.3645
phase21_B_λ4,tcd_tile_2495,Tongan tropical moist forests,SE Asian & Pacific rainforest,,5047,0.3507,149,45,19,26,130,0.4222,0.1275,0.1959,0.5894,0.2266,0.3274
phase21_B_λ4,tcd_tile_2496,Changjiang Plain evergreen forests,Other,,2770,0.3507,84,44,33,11,51,0.75,0.3929,0.5156,0.5839,0.2418,0.3419
phase21_B_λ4,tcd_tile_2497,Northern Zanzibar-Inhambane coastal forest mosaic,African tropical forest,,267,0.3507,45,441,35,406,10,0.0794,0.7778,0.144,0.8813,0.4261,0.5744
phase21_B_λ4,tcd_tile_2498,Western European broadleaf forests,European forest,,4819,0.3507,1,21,1,20,0,0.0476,1.0,0.0909,0.9996,0.052,0.0989
phase21_B_λ4,tcd_tile_2499,Northern Zanzibar-Inhambane coastal forest mosaic,African tropical forest,,302,0.3507,1,74,1,73,0,0.0135,1.0,0.0267,1.0,0.0212,0.0416
phase21_B_λ4,tcd_tile_25,Zambezian and Mopane woodlands,Arid / dryland,,3,0.3507,41,167,27,140,14,0.1617,0.6585,0.2596,0.6395,0.2264,0.3344
phase21_B_λ4,tcd_tile_250,Bahia coastal forests,Latin American forest,,3469,0.3507,1,266,1,265,0,0.0038,1.0,0.0075,0.9998,0.3827,0.5535
phase21_B_λ4,tcd_tile_2500,Cerrado,Latin American forest,,1366,0.3507,84,7,7,0,77,1.0,0.0833,0.1538,0.7729,0.093,0.166
phase21_B_λ4,tcd_tile_2501,California interior chaparral and woodlands,Other,,478,0.3507,3,15,2,13,1,0.1333,0.6667,0.2222,0.9374,0.0708,0.1316
phase21_B_λ4,tcd_tile_2502,Valdivian temperate forests,Other,,51,0.3507,70,87,38,49,32,0.4368,0.5429,0.4841,0.6349,0.5666,0.5988
phase21_B_λ4,tcd_tile_2503,Crimean Submediterranean forest complex,Other,,1652,0.3507,57,164,38,126,19,0.2317,0.6667,0.3439,0.6665,0.3589,0.4666
phase21_B_λ4,tcd_tile_2504,Northern Zanzibar-Inhambane coastal forest mosaic,African tropical forest,,1478,0.3507,61,172,30,142,31,0.1744,0.4918,0.2575,0.3982,0.509,0.4468
phase21_B_λ4,tcd_tile_2505,Hispaniolan dry forests,Other,,4194,0.3507,96,137,57,80,39,0.4161,0.5938,0.4893,0.7782,0.4448,0.5661
phase21_B_λ4,tcd_tile_2506,Sulawesi lowland rain forests,SE Asian & Pacific rainforest,,174,0.3507,177,210,94,116,83,0.4476,0.5311,0.4858,0.534,0.5923,0.5616
phase21_B_λ4,tcd_tile_2507,Ucayali moist forests,Latin American forest,,3898,0.3507,24,167,10,157,14,0.0599,0.4167,0.1047,0.9304,0.1895,0.3149
phase21_B_λ4,tcd_tile_2508,Changjiang Plain evergreen forests,Other,,1606,0.3507,175,74,60,14,115,0.8108,0.3429,0.4819,0.8377,0.2871,0.4277
phase21_B_λ4,tcd_tile_2509,Sarmatic mixed forests,European forest,,704,0.3507,75,172,52,120,23,0.3023,0.6933,0.4211,0.6093,0.5608,0.584
phase21_B_λ4,tcd_tile_2510,Middle Atlantic coastal forests,Other,,3558,0.3507,70,93,18,75,52,0.1935,0.2571,0.2209,0.536,0.2716,0.3605
phase21_B_λ4,tcd_tile_2511,Appalachian-Blue Ridge forests,N. American forest,,2482,0.3507,80,219,25,194,55,0.1142,0.3125,0.1672,0.8974,0.3811,0.535
phase21_B_λ4,tcd_tile_2512,California interior chaparral and woodlands,Other,,29,0.3507,28,27,11,16,17,0.4074,0.3929,0.4,0.8864,0.0855,0.156
phase21_B_λ4,tcd_tile_2513,Southern Great Lakes forests,N. American forest,,4408,0.3507,47,101,40,61,7,0.396,0.8511,0.5405,0.7878,0.6782,0.7289
phase21_B_λ4,tcd_tile_2514,Southern Zanzibar-Inhambane coastal forest mosaic,African tropical forest,,4271,0.3507,41,32,12,20,29,0.375,0.2927,0.3288,0.7914,0.293,0.4277
phase21_B_λ4,tcd_tile_2515,Mindanao-Eastern Visayas rain forests,SE Asian & Pacific rainforest,,2135,0.3507,50,43,7,36,43,0.1628,0.14,0.1505,0.8946,0.0256,0.0498
phase21_B_λ4,tcd_tile_2516,Changjiang Plain evergreen forests,Other,,4667,0.3507,168,179,112,67,56,0.6257,0.6667,0.6455,0.9563,0.5305,0.6824
phase21_B_λ4,tcd_tile_2517,Taiheiyo evergreen forests,Other,,40,0.3507,106,81,42,39,64,0.5185,0.3962,0.4492,0.6795,0.2537,0.3695
phase21_B_λ4,tcd_tile_2518,Iquitos varzeá,Other,,2239,0.3507,64,98,38,60,26,0.3878,0.5938,0.4691,0.8325,0.3869,0.5282
phase21_B_λ4,tcd_tile_2519,Northern Zanzibar-Inhambane coastal forest mosaic,African tropical forest,,1869,0.3507,141,578,114,464,27,0.1972,0.8085,0.3171,0.9749,0.5602,0.7115
phase21_B_λ4,tcd_tile_252,Peruvian Yungas,Latin American forest,,3719,0.3507,126,137,32,105,94,0.2336,0.254,0.2433,0.5071,0.3062,0.3818
phase21_B_λ4,tcd_tile_2520,Ucayali moist forests,Latin American forest,,3767,0.3507,3,173,2,171,1,0.0116,0.6667,0.0227,0.9912,0.2983,0.4586
phase21_B_λ4,tcd_tile_2521,East European forest steppe,European forest,,3615,0.3507,3,322,2,320,1,0.0062,0.6667,0.0123,0.9908,0.2934,0.4528
phase21_B_λ4,tcd_tile_2522,Sarmatic mixed forests,European forest,,2029,0.3507,6,186,4,182,2,0.0215,0.6667,0.0417,0.9553,0.3385,0.4998
phase21_B_λ4,tcd_tile_2523,Southern Great Lakes forests,N. American forest,,3003,0.3507,42,49,27,22,15,0.551,0.6429,0.5934,0.6928,0.3537,0.4683
phase21_B_λ4,tcd_tile_2524,Upper Gangetic Plains moist deciduous forests,Other,,3606,0.3507,15,34,9,25,6,0.2647,0.6,0.3673,0.9753,0.2369,0.3811
phase21_B_λ4,tcd_tile_2525,Northeastern Spain and Southern France Mediterranean forests,Other,,421,0.3507,112,93,43,50,69,0.4624,0.3839,0.4195,0.693,0.2521,0.3697
phase21_B_λ4,tcd_tile_2526,Celtic broadleaf forests,European forest,,4469,0.3507,2,24,2,22,0,0.0833,1.0,0.1538,0.0807,0.1296,0.0995
phase21_B_λ4,tcd_tile_2527,Western European broadleaf forests,European forest,,5040,0.3507,59,27,6,21,53,0.2222,0.1017,0.1395,0.8737,0.0623,0.1163
phase21_B_λ4,tcd_tile_2528,Northern Zanzibar-Inhambane coastal forest mosaic,African tropical forest,,2762,0.3507,37,222,21,201,16,0.0946,0.5676,0.1622,0.9411,0.1443,0.2502
phase21_B_λ4,tcd_tile_2529,Carpathian montane forests,Other,,4999,0.3507,3,6,2,4,1,0.3333,0.6667,0.4444,0.986,0.2668,0.42
phase21_B_λ4,tcd_tile_253,Petén-Veracruz moist forests,Latin American forest,,3170,0.3507,219,168,88,80,131,0.5238,0.4018,0.4548,0.6857,0.439,0.5353
phase21_B_λ4,tcd_tile_2530,Bolivian Yungas,Other,,3679,0.3507,91,152,65,87,26,0.4276,0.7143,0.535,0.7441,0.6172,0.6747
phase21_B_λ4,tcd_tile_2531,Greater Negros-Panay rain forests,SE Asian & Pacific rainforest,,788,0.3507,11,3,3,0,8,1.0,0.2727,0.4286,0.9338,0.2661,0.4142
phase21_B_λ4,tcd_tile_2532,Taiheiyo evergreen forests,Other,,3441,0.3507,73,132,33,99,40,0.25,0.4521,0.322,0.7959,0.398,0.5306
phase21_B_λ4,tcd_tile_2533,Tongan tropical moist forests,SE Asian & Pacific rainforest,,4361,0.3507,19,183,8,175,11,0.0437,0.4211,0.0792,0.9585,0.1388,0.2425
phase21_B_λ4,tcd_tile_2534,Appalachian mixed mesophytic forests,Other,,1413,0.3507,27,231,10,221,17,0.0433,0.3704,0.0775,0.8278,0.4105,0.5488
phase21_B_λ4,tcd_tile_2535,Sarmatic mixed forests,European forest,,3519,0.3507,12,76,6,70,6,0.0789,0.5,0.1364,0.7588,0.3012,0.4312
phase21_B_λ4,tcd_tile_2536,Sarmatic mixed forests,European forest,,3861,0.3507,54,161,20,141,34,0.1242,0.3704,0.186,0.9511,0.4651,0.6247
phase21_B_λ4,tcd_tile_2537,Northern California coastal forests,N. American forest,,2054,0.3507,11,44,3,41,8,0.0682,0.2727,0.1091,0.9618,0.0309,0.0599
phase21_B_λ4,tcd_tile_2538,Eastern forest-boreal transition,Other,,3244,0.3507,1,116,1,115,0,0.0086,1.0,0.0171,0.9939,0.3989,0.5693
phase21_B_λ4,tcd_tile_2539,Madeira-Tapajós moist forests,Latin American forest,,715,0.3507,1,740,1,739,0,0.0014,1.0,0.0027,0.9999,0.5097,0.6753
phase21_B_λ4,tcd_tile_2540,Upper Midwest forest-savanna transition,N. American forest,,4666,0.3507,49,93,29,64,20,0.3118,0.5918,0.4085,0.8443,0.2391,0.3727
phase21_B_λ4,tcd_tile_2541,Caucasus mixed forests,European forest,,4245,0.3507,1,133,1,132,0,0.0075,1.0,0.0149,0.9998,0.2601,0.4128
phase21_B_λ4,tcd_tile_2542,Himalayan subtropical broadleaf forests,Other,,3820,0.3507,12,117,8,109,4,0.0684,0.6667,0.124,0.766,0.1814,0.2933
phase21_B_λ4,tcd_tile_2543,,Other,,3855,0.3507,1,72,1,71,0,0.0139,1.0,0.0274,0.9999,0.0752,0.1398
phase21_B_λ4,tcd_tile_2544,Southern Zanzibar-Inhambane coastal forest mosaic,African tropical forest,,1617,0.3507,80,40,28,12,52,0.7,0.35,0.4667,0.8471,0.5894,0.6952
phase21_B_λ4,tcd_tile_2545,Willamette Valley forests,N. American forest,,1963,0.3507,231,24,6,18,225,0.25,0.026,0.0471,0.2902,0.2409,0.2633
phase21_B_λ4,tcd_tile_2546,Southern Great Lakes forests,N. American forest,,4790,0.3507,74,144,46,98,28,0.3194,0.6216,0.422,0.8751,0.3799,0.5298
phase21_B_λ4,tcd_tile_2547,Luzon rain forests,SE Asian & Pacific rainforest,,3612,0.3507,2,2,1,1,1,0.5,0.5,0.5,0.3952,0.0987,0.1579
phase21_B_λ4,tcd_tile_2548,,Other,,4661,0.3507,136,338,58,280,78,0.1716,0.4265,0.2447,0.9351,0.3505,0.5098
phase21_B_λ4,tcd_tile_2549,Rodope montane mixed forests,European forest,,4683,0.3507,275,251,138,113,137,0.5498,0.5018,0.5247,0.8234,0.4425,0.5756
phase21_B_λ4,tcd_tile_255,Himalayan subtropical broadleaf forests,Other,,4597,0.3507,94,197,56,141,38,0.2843,0.5957,0.3849,0.8413,0.4143,0.5552
phase21_B_λ4,tcd_tile_2550,Luzon rain forests,SE Asian & Pacific rainforest,,432,0.3507,200,182,52,130,148,0.2857,0.26,0.2723,0.2855,0.6056,0.388
phase21_B_λ4,tcd_tile_2551,Sierra Nevada forests,N. American forest,,588,0.3507,158,154,101,53,57,0.6558,0.6392,0.6474,0.734,0.6792,0.7055
phase21_B_λ4,tcd_tile_2552,Alps conifer and mixed forests,European forest,,4979,0.3507,19,23,9,14,10,0.3913,0.4737,0.4286,0.9206,0.1938,0.3202
phase21_B_λ4,tcd_tile_2553,Appalachian mixed mesophytic forests,Other,,3676,0.3507,1,98,1,97,0,0.0102,1.0,0.0202,0.9367,0.4943,0.6471
phase21_B_λ4,tcd_tile_2554,California interior chaparral and woodlands,Other,,162,0.3507,67,173,39,134,28,0.2254,0.5821,0.325,0.6092,0.6916,0.6478
phase21_B_λ4,tcd_tile_2555,Luzon rain forests,SE Asian & Pacific rainforest,,1088,0.3507,146,196,56,140,90,0.2857,0.3836,0.3275,0.4131,0.3164,0.3583
phase21_B_λ4,tcd_tile_2556,Iquitos varzeá,Other,,1415,0.3507,14,227,11,216,3,0.0485,0.7857,0.0913,0.9851,0.3542,0.5211
phase21_B_λ4,tcd_tile_2557,Southern Annamites montane rain forests,Other,,2911,0.3507,39,368,22,346,17,0.0598,0.5641,0.1081,0.9322,0.3516,0.5106
phase21_B_λ4,tcd_tile_2558,Northern California coastal forests,N. American forest,,3505,0.3507,3,20,2,18,1,0.1,0.6667,0.1739,0.944,0.0394,0.0756
phase21_B_λ4,tcd_tile_2559,Baltic mixed forests,European forest,,1909,0.3507,5,5,3,2,2,0.6,0.6,0.6,0.9769,0.1885,0.3161
phase21_B_λ4,tcd_tile_256,Cerrado,Latin American forest,,1149,0.3507,10,26,9,17,1,0.3462,0.9,0.5,0.218,0.5108,0.3056
phase21_B_λ4,tcd_tile_2560,Northern Zanzibar-Inhambane coastal forest mosaic,African tropical forest,,370,0.3507,136,112,49,63,87,0.4375,0.3603,0.3952,0.6586,0.1295,0.2165
phase21_B_λ4,tcd_tile_2561,Ecuadorian dry forests,Other,,64,0.3507,34,46,17,29,17,0.3696,0.5,0.425,0.7617,0.1647,0.2708
phase21_B_λ4,tcd_tile_2562,,Other,,2155,0.3507,151,174,71,103,80,0.408,0.4702,0.4369,0.8557,0.3397,0.4863
phase21_B_λ4,tcd_tile_2563,Northern Anatolian conifer and deciduous forests,Other,,2904,0.3507,59,40,20,20,39,0.5,0.339,0.404,0.632,0.1409,0.2304
phase21_B_λ4,tcd_tile_2564,Scandinavian coastal conifer forests,Other,,2248,0.3507,5,582,5,577,0,0.0086,1.0,0.017,0.9554,0.4754,0.6349
phase21_B_λ4,tcd_tile_2565,Balkan mixed forests,European forest,,1964,0.3507,12,2,0,2,12,0.0,0.0,0.0,0.0,0.0,0.0
phase21_B_λ4,tcd_tile_2566,Luzon rain forests,SE Asian & Pacific rainforest,,1537,0.3507,8,15,6,9,2,0.4,0.75,0.5217,0.8986,0.2859,0.4338
phase21_B_λ4,tcd_tile_2567,Upper Midwest forest-savanna transition,N. American forest,,3057,0.3507,46,64,16,48,30,0.25,0.3478,0.2909,0.3664,0.5025,0.4238
phase21_B_λ4,tcd_tile_2568,Eastern forest-boreal transition,Other,,2218,0.3507,10,62,7,55,3,0.1129,0.7,0.1944,0.9717,0.3491,0.5137
phase21_B_λ4,tcd_tile_2569,Caucasus mixed forests,European forest,,2440,0.3507,1,0,0,0,1,0.0,0.0,0.0,0.0,0.0,0.0
phase21_B_λ4,tcd_tile_2570,Western Siberian hemiboreal forests,Other,,1916,0.3507,20,69,4,65,16,0.058,0.2,0.0899,0.2783,0.0351,0.0623
phase21_B_λ4,tcd_tile_2571,Tigris-Euphrates alluvial salt marsh,Other,,867,0.3507,68,142,31,111,37,0.2183,0.4559,0.2952,0.3055,0.8045,0.4428
phase21_B_λ4,tcd_tile_2572,Eastern Mediterranean conifer-sclerophyllous-broadleaf forests,Other,,1323,0.3507,40,46,28,18,12,0.6087,0.7,0.6512,0.7607,0.6486,0.7002
phase21_B_λ4,tcd_tile_2573,Sierra Nevada forests,N. American forest,,3761,0.3507,25,120,10,110,15,0.0833,0.4,0.1379,0.885,0.3403,0.4916
phase21_B_λ4,tcd_tile_2574,Lesser Sundas deciduous forests,SE Asian & Pacific rainforest,,3798,0.3507,11,253,6,247,5,0.0237,0.5455,0.0455,0.9628,0.2005,0.3319
phase21_B_λ4,tcd_tile_2575,Upper Midwest forest-savanna transition,N. American forest,,1764,0.3507,39,145,19,126,20,0.131,0.4872,0.2065,0.5199,0.3646,0.4286
phase21_B_λ4,tcd_tile_2576,Timor and Wetar deciduous forests,SE Asian & Pacific rainforest,,1066,0.3507,115,141,54,87,61,0.383,0.4696,0.4219,0.6546,0.1667,0.2657
phase21_B_λ4,tcd_tile_2577,Northern Zanzibar-Inhambane coastal forest mosaic,African tropical forest,,3978,0.3507,79,304,43,261,36,0.1414,0.5443,0.2245,0.9226,0.3356,0.4922
phase21_B_λ4,tcd_tile_2578,Northern California coastal forests,N. American forest,,1430,0.3507,5,12,4,8,1,0.3333,0.8,0.4706,0.7771,0.0424,0.0805
phase21_B_λ4,tcd_tile_2579,Caucasus mixed forests,European forest,,3681,0.3507,3,11,2,9,1,0.1818,0.6667,0.2857,0.9437,0.0422,0.0808
phase21_B_λ4,tcd_tile_258,Madeira-Tapajós moist forests,Latin American forest,,2372,0.3507,2,664,2,662,0,0.003,1.0,0.006,0.9954,0.3418,0.5089
phase21_B_λ4,tcd_tile_2580,Iberian sclerophyllous and semi-deciduous forests,Other,,151,0.3507,154,133,120,13,34,0.9023,0.7792,0.8362,0.9367,0.655,0.7709
phase21_B_λ4,tcd_tile_2581,Luzon rain forests,SE Asian & Pacific rainforest,,4079,0.3507,45,143,21,122,24,0.1469,0.4667,0.2234,0.7919,0.2726,0.4056
phase21_B_λ4,tcd_tile_2582,Sarmatic mixed forests,European forest,,1491,0.3507,41,131,29,102,12,0.2214,0.7073,0.3372,0.7353,0.2739,0.3991
phase21_B_λ4,tcd_tile_2583,Atlantic mixed forests,European forest,,1691,0.3507,15,49,13,36,2,0.2653,0.8667,0.4062,0.2815,0.0742,0.1174
phase21_B_λ4,tcd_tile_2584,,Other,,4632,0.3507,35,85,10,75,25,0.1176,0.2857,0.1667,0.6723,0.0451,0.0845
phase21_B_λ4,tcd_tile_2585,Northern Zanzibar-Inhambane coastal forest mosaic,African tropical forest,,1892,0.3507,62,11,11,0,51,1.0,0.1774,0.3014,0.8905,0.2047,0.3329
phase21_B_λ4,tcd_tile_2586,Serra do Mar coastal forests,Latin American forest,,5005,0.3507,110,125,29,96,81,0.232,0.2636,0.2468,0.8821,0.3698,0.5211
phase21_B_λ4,tcd_tile_2587,Balkan mixed forests,European forest,,4753,0.3507,0,39,0,39,0,0.0,0.0,0.0,0.0,0.0,0.0
phase21_B_λ4,tcd_tile_2588,Northern Zanzibar-Inhambane coastal forest mosaic,African tropical forest,,3165,0.3507,137,78,53,25,84,0.6795,0.3869,0.493,0.8695,0.0879,0.1596
phase21_B_λ4,tcd_tile_2589,Central European mixed forests,European forest,,3131,0.3507,1,3,1,2,0,0.3333,1.0,0.5,0.9251,0.7666,0.8384
phase21_B_λ4,tcd_tile_259,Bahia coastal forests,Latin American forest,,4315,0.3507,24,59,14,45,10,0.2373,0.5833,0.3373,0.7646,0.1634,0.2693
phase21_B_λ4,tcd_tile_2590,East European forest steppe,European forest,,2634,0.3507,162,200,61,139,101,0.305,0.3765,0.337,0.696,0.5512,0.6152
phase21_B_λ4,tcd_tile_2591,Atlantic mixed forests,European forest,,1616,0.3507,6,58,3,55,3,0.0517,0.5,0.0938,0.1416,0.0554,0.0797
phase21_B_λ4,tcd_tile_2592,Valdivian temperate forests,Other,,2305,0.3507,182,265,78,187,104,0.2943,0.4286,0.349,0.8733,0.4567,0.5997
phase21_B_λ4,tcd_tile_2593,Serra do Mar coastal forests,Latin American forest,,4435,0.3507,13,91,12,79,1,0.1319,0.9231,0.2308,0.6797,0.1468,0.2414
phase21_B_λ4,tcd_tile_2594,Bahia interior forests,Other,,2654,0.3507,30,111,10,101,20,0.0901,0.3333,0.1418,0.9289,0.2946,0.4473
phase21_B_λ4,tcd_tile_2595,East European forest steppe,European forest,,875,0.3507,9,477,8,469,1,0.0168,0.8889,0.0329,0.9443,0.3515,0.5123
phase21_B_λ4,tcd_tile_2596,Southern Zanzibar-Inhambane coastal forest mosaic,African tropical forest,,1640,0.3507,252,51,37,14,215,0.7255,0.1468,0.2442,0.8198,0.2636,0.3989
phase21_B_λ4,tcd_tile_2597,Madeira-Tapajós moist forests,Latin American forest,,3670,0.3507,50,43,17,26,33,0.3953,0.34,0.3656,0.4036,0.1282,0.1946
phase21_B_λ4,tcd_tile_2598,Northern Zanzibar-Inhambane coastal forest mosaic,African tropical forest,,1523,0.3507,19,7,7,0,12,1.0,0.3684,0.5385,0.9023,0.3777,0.5325
phase21_B_λ4,tcd_tile_2599,South Siberian forest steppe,Other,,422,0.3507,138,242,113,129,25,0.4669,0.8188,0.5947,0.8432,0.6044,0.7041
phase21_B_λ4,tcd_tile_26,West Sudanian savanna,Arid / dryland,,1135,0.3507,71,79,43,36,28,0.5443,0.6056,0.5733,0.7008,0.7108,0.7057
phase21_B_λ4,tcd_tile_260,Petén-Veracruz moist forests,Latin American forest,,1845,0.3507,37,114,24,90,13,0.2105,0.6486,0.3179,0.9001,0.3369,0.4903
phase21_B_λ4,tcd_tile_2600,Eastern forest-boreal transition,Other,,2291,0.3507,1,710,1,709,0,0.0014,1.0,0.0028,0.9992,0.2941,0.4544
phase21_B_λ4,tcd_tile_2601,Bahia interior forests,Other,,62,0.3507,79,143,26,117,53,0.1818,0.3291,0.2342,0.6578,0.4289,0.5192
phase21_B_λ4,tcd_tile_2602,Araucaria moist forests,Other,,1173,0.3507,188,140,56,84,132,0.4,0.2979,0.3415,0.5604,0.4213,0.481
phase21_B_λ4,tcd_tile_2603,Northern Zanzibar-Inhambane coastal forest mosaic,African tropical forest,,3273,0.3507,143,154,60,94,83,0.3896,0.4196,0.404,0.4154,0.451,0.4324
phase21_B_λ4,tcd_tile_2604,Southern Great Lakes forests,N. American forest,,812,0.3507,49,32,18,14,31,0.5625,0.3673,0.4444,0.543,0.3544,0.4289
phase21_B_λ4,tcd_tile_2605,Willamette Valley forests,N. American forest,,3980,0.3507,169,52,19,33,150,0.3654,0.1124,0.1719,0.7559,0.0883,0.1581
phase21_B_λ4,tcd_tile_2606,Northern Zanzibar-Inhambane coastal forest mosaic,African tropical forest,,2295,0.3507,154,33,18,15,136,0.5455,0.1169,0.1925,0.7303,0.0719,0.131
phase21_B_λ4,tcd_tile_2607,Central European mixed forests,European forest,,3231,0.3507,27,35,9,26,18,0.2571,0.3333,0.2903,0.6819,0.1065,0.1842
phase21_B_λ4,tcd_tile_2608,Northern Zanzibar-Inhambane coastal forest mosaic,African tropical forest,,2847,0.3507,10,143,5,138,5,0.035,0.5,0.0654,0.9588,0.0436,0.0833
phase21_B_λ4,tcd_tile_2609,Northern Zanzibar-Inhambane coastal forest mosaic,African tropical forest,,2073,0.3507,204,286,107,179,97,0.3741,0.5245,0.4367,0.8915,0.3588,0.5117
phase21_B_λ4,tcd_tile_261,Madeira-Tapajós moist forests,Latin American forest,,3358,0.3507,34,372,2,370,32,0.0054,0.0588,0.0099,0.9991,0.4399,0.6108
phase21_B_λ4,tcd_tile_2610,Madeira-Tapajós moist forests,Latin American forest,,2187,0.3507,4,307,4,303,0,0.013,1.0,0.0257,0.9861,0.1255,0.2227
phase21_B_λ4,tcd_tile_2611,Northern Zanzibar-Inhambane coastal forest mosaic,African tropical forest,,4875,0.3507,160,350,46,304,114,0.1314,0.2875,0.1804,0.9174,0.1974,0.3249
phase21_B_λ4,tcd_tile_2612,Eastern forest-boreal transition,Other,,1660,0.3507,5,625,2,623,3,0.0032,0.4,0.0063,0.9668,0.3209,0.4818
phase21_B_λ4,tcd_tile_2613,,Other,,3265,0.3507,37,235,26,209,11,0.1106,0.7027,0.1912,0.9349,0.4369,0.5955
phase21_B_λ4,tcd_tile_2614,Magdalena Valley montane forests,Other,,1584,0.3507,36,42,15,27,21,0.3571,0.4167,0.3846,0.8621,0.4457,0.5876
phase21_B_λ4,tcd_tile_2615,Southern Zanzibar-Inhambane coastal forest mosaic,African tropical forest,,604,0.3507,19,32,11,21,8,0.3438,0.5789,0.4314,0.6422,0.4666,0.5405
phase21_B_λ4,tcd_tile_2616,Southern Zanzibar-Inhambane coastal forest mosaic,African tropical forest,,3079,0.3507,46,53,20,33,26,0.3774,0.4348,0.404,0.8325,0.1942,0.315
phase21_B_λ4,tcd_tile_2617,Cerrado,Latin American forest,,179,0.3507,1,0,0,0,1,0.0,0.0,0.0,0.0,0.0,0.0
phase21_B_λ4,tcd_tile_2618,Maputaland coastal forest mosaic,African tropical forest,,537,0.3507,13,17,8,9,5,0.4706,0.6154,0.5333,0.7809,0.6552,0.7125
phase21_B_λ4,tcd_tile_2619,Southeastern mixed forests,N. American forest,,3227,0.3507,11,34,4,30,7,0.1176,0.3636,0.1778,0.8219,0.1693,0.2807
phase21_B_λ4,tcd_tile_262,Sarmatic mixed forests,European forest,,1972,0.3507,13,75,6,69,7,0.08,0.4615,0.1364,0.9362,0.1395,0.2429
phase21_B_λ4,tcd_tile_2620,Northern Zanzibar-Inhambane coastal forest mosaic,African tropical forest,,21,0.3507,24,37,7,30,17,0.1892,0.2917,0.2295,0.8975,0.0822,0.1506
phase21_B_λ4,tcd_tile_2621,Southeastern mixed forests,N. American forest,,5039,0.3507,65,69,26,43,39,0.3768,0.4,0.3881,0.7004,0.3666,0.4812
phase21_B_λ4,tcd_tile_2622,Eastern Great Lakes lowland forests,N. American forest,,3092,0.3507,113,82,25,57,88,0.3049,0.2212,0.2564,0.5592,0.1979,0.2923
phase21_B_λ4,tcd_tile_2623,Pannonian mixed forests,European forest,,2949,0.3507,6,365,5,360,1,0.0137,0.8333,0.027,0.9866,0.4519,0.6199
phase21_B_λ4,tcd_tile_2624,Himalayan subtropical broadleaf forests,Other,,4364,0.3507,117,109,35,74,82,0.3211,0.2991,0.3097,0.8537,0.4787,0.6134
phase21_B_λ4,tcd_tile_2625,Richmond temperate forests,Other,,3710,0.3507,22,20,8,12,14,0.4,0.3636,0.381,0.8631,0.392,0.5391
phase21_B_λ4,tcd_tile_2626,Northern Zanzibar-Inhambane coastal forest mosaic,African tropical forest,,3039,0.3507,171,43,33,10,138,0.7674,0.193,0.3084,0.7926,0.2051,0.3259
phase21_B_λ4,tcd_tile_2627,Northeastern Spain and Southern France Mediterranean forests,Other,,299,0.3507,36,39,10,29,26,0.2564,0.2778,0.2667,0.6669,0.0811,0.1446
phase21_B_λ4,tcd_tile_2628,Hispaniolan moist forests,SE Asian & Pacific rainforest,,2504,0.3507,43,128,31,97,12,0.2422,0.7209,0.3626,0.2474,0.523,0.3359
phase21_B_λ4,tcd_tile_2629,Eastern Guinean forests,African tropical forest,,1716,0.3507,35,8,2,6,33,0.25,0.0571,0.093,0.4858,0.0179,0.0345
phase21_B_λ4,tcd_tile_263,Luzon rain forests,SE Asian & Pacific rainforest,,4172,0.3507,12,111,6,105,6,0.0541,0.5,0.0976,0.8806,0.2501,0.3896
phase21_B_λ4,tcd_tile_2630,Western Java rain forests,Other,,897,0.3507,162,28,12,16,150,0.4286,0.0741,0.1263,0.5956,0.2394,0.3415
phase21_B_λ4,tcd_tile_2631,English Lowlands beech forests,European forest,,1548,0.3507,1,29,1,28,0,0.0345,1.0,0.0667,0.8542,0.3257,0.4716
phase21_B_λ4,tcd_tile_2632,Southern Zanzibar-Inhambane coastal forest mosaic,African tropical forest,,3317,0.3507,140,61,42,19,98,0.6885,0.3,0.4179,0.818,0.4159,0.5514
phase21_B_λ4,tcd_tile_2633,Cerrado,Latin American forest,,968,0.3507,31,272,20,252,11,0.0735,0.6452,0.132,0.7108,0.5359,0.6111
phase21_B_λ4,tcd_tile_2634,Timor and Wetar deciduous forests,SE Asian & Pacific rainforest,,3690,0.3507,130,118,67,51,63,0.5678,0.5154,0.5403,0.7309,0.318,0.4432
phase21_B_λ4,tcd_tile_2635,Sierra Nevada forests,N. American forest,,2974,0.3507,14,228,11,217,3,0.0482,0.7857,0.0909,0.9217,0.2704,0.4181
phase21_B_λ4,tcd_tile_2636,Maputaland coastal forest mosaic,African tropical forest,,2205,0.3507,55,11,6,5,49,0.5455,0.1091,0.1818,0.9569,0.1838,0.3083
phase21_B_λ4,tcd_tile_2637,Lesser Sundas deciduous forests,SE Asian & Pacific rainforest,,2715,0.3507,137,275,81,194,56,0.2945,0.5912,0.3932,0.7334,0.1447,0.2417
phase21_B_λ4,tcd_tile_2638,Rodope montane mixed forests,European forest,,4244,0.3507,60,97,26,71,34,0.268,0.4333,0.3312,0.5876,0.3632,0.4489
phase21_B_λ4,tcd_tile_2639,Sulawesi lowland rain forests,SE Asian & Pacific rainforest,,4722,0.3507,145,225,82,143,63,0.3644,0.5655,0.4432,0.5559,0.7199,0.6273
phase21_B_λ4,tcd_tile_264,Fiji tropical dry forests,Other,,2222,0.3507,34,732,21,711,13,0.0287,0.6176,0.0548,0.9953,0.3514,0.5194
phase21_B_λ4,tcd_tile_2640,Hispaniolan moist forests,SE Asian & Pacific rainforest,,5045,0.3507,81,159,43,116,38,0.2704,0.5309,0.3583,0.282,0.5603,0.3752
phase21_B_λ4,tcd_tile_2641,Eastern Guinean forests,African tropical forest,,2098,0.3507,1,48,1,47,0,0.0208,1.0,0.0408,0.9628,0.1648,0.2814
phase21_B_λ4,tcd_tile_2642,Madeira-Tapajós moist forests,Latin American forest,,1150,0.3507,1,1014,1,1013,0,0.001,1.0,0.002,1.0,0.4664,0.6361
phase21_B_λ4,tcd_tile_2643,Northern Zanzibar-Inhambane coastal forest mosaic,African tropical forest,,4937,0.3507,422,174,140,34,282,0.8046,0.3318,0.4698,0.8949,0.2863,0.4338
phase21_B_λ4,tcd_tile_2644,Sulawesi lowland rain forests,SE Asian & Pacific rainforest,,4794,0.3507,63,377,41,336,22,0.1088,0.6508,0.1864,0.8832,0.2566,0.3976
phase21_B_λ4,tcd_tile_2645,Pannonian mixed forests,European forest,,3409,0.3507,114,32,26,6,88,0.8125,0.2281,0.3562,0.9232,0.2045,0.3348
phase21_B_λ4,tcd_tile_2646,Lesser Sundas deciduous forests,SE Asian & Pacific rainforest,,3852,0.3507,28,34,4,30,24,0.1176,0.1429,0.129,0.3708,0.1969,0.2572
phase21_B_λ4,tcd_tile_2647,Southern Zanzibar-Inhambane coastal forest mosaic,African tropical forest,,2518,0.3507,171,139,97,42,74,0.6978,0.5673,0.6258,0.8808,0.5454,0.6737
phase21_B_λ4,tcd_tile_2648,Sarmatic mixed forests,European forest,,526,0.3507,0,2,0,2,0,0.0,0.0,0.0,0.0,0.0,0.0
phase21_B_λ4,tcd_tile_2649,Southeastern conifer forests,N. American forest,,2121,0.3507,14,49,9,40,5,0.1837,0.6429,0.2857,0.8935,0.2917,0.4399
phase21_B_λ4,tcd_tile_265,North Central Rockies forests,N. American forest,,1787,0.3507,4,208,1,207,3,0.0048,0.25,0.0094,0.993,0.2661,0.4198
phase21_B_λ4,tcd_tile_2650,Southern Zanzibar-Inhambane coastal forest mosaic,African tropical forest,,4475,0.3507,147,91,35,56,112,0.3846,0.2381,0.2941,0.9742,0.2004,0.3324
phase21_B_λ4,tcd_tile_2651,Himalayan subtropical pine forests,Other,,4235,0.3507,135,406,85,321,50,0.2094,0.6296,0.3142,0.8342,0.5168,0.6382
phase21_B_λ4,tcd_tile_2652,Caucasus mixed forests,European forest,,3848,0.3507,3,0,0,0,3,0.0,0.0,0.0,0.0,0.0,0.0
phase21_B_λ4,tcd_tile_2653,Eastern Guinean forests,African tropical forest,,1819,0.3507,31,117,13,104,18,0.1111,0.4194,0.1757,0.7664,0.1882,0.3022
phase21_B_λ4,tcd_tile_2654,Lesser Sundas deciduous forests,SE Asian & Pacific rainforest,,2998,0.3507,7,549,6,543,1,0.0109,0.8571,0.0216,0.9714,0.2571,0.4066
phase21_B_λ4,tcd_tile_2655,Sarmatic mixed forests,European forest,,1151,0.3507,106,119,39,80,67,0.3277,0.3679,0.3467,0.6247,0.3171,0.4207
phase21_B_λ4,tcd_tile_2656,Pannonian mixed forests,European forest,,1638,0.3507,2,616,2,614,0,0.0032,1.0,0.0065,0.997,0.5316,0.6934
phase21_B_λ4,tcd_tile_2657,Northern California coastal forests,N. American forest,,4007,0.3507,16,28,4,24,12,0.1429,0.25,0.1818,0.9999,0.0322,0.0624
phase21_B_λ4,tcd_tile_2658,Luzon rain forests,SE Asian & Pacific rainforest,,2366,0.3507,14,186,4,182,10,0.0215,0.2857,0.04,0.9622,0.2914,0.4473
phase21_B_λ4,tcd_tile_2659,Southern Great Lakes forests,N. American forest,,58,0.3507,61,307,41,266,20,0.1336,0.6721,0.2228,0.6531,0.4434,0.5282
phase21_B_λ4,tcd_tile_266,Changjiang Plain evergreen forests,Other,,3863,0.3507,98,112,65,47,33,0.5804,0.6633,0.619,0.5275,0.3839,0.4444
phase21_B_λ4,tcd_tile_2660,Cerrado,Latin American forest,,965,0.3507,0,0,0,0,0,0.0,0.0,0.0,0.0,0.0,0.0
phase21_B_λ4,tcd_tile_2661,Northern Zanzibar-Inhambane coastal forest mosaic,African tropical forest,,4494,0.3507,3,1,1,0,2,1.0,0.3333,0.5,1.0,0.0006,0.0012
phase21_B_λ4,tcd_tile_2662,Madeira-Tapajós moist forests,Latin American forest,,2548,0.3507,2,550,2,548,0,0.0036,1.0,0.0072,0.9955,0.4811,0.6487
phase21_B_λ4,tcd_tile_2663,Hispaniolan moist forests,SE Asian & Pacific rainforest,,4644,0.3507,98,198,36,162,62,0.1818,0.3673,0.2432,0.1527,0.4524,0.2283
phase21_B_λ4,tcd_tile_2664,Tongan tropical moist forests,SE Asian & Pacific rainforest,,4401,0.3507,195,39,10,29,185,0.2564,0.0513,0.0855,0.1418,0.0919,0.1115
phase21_B_λ4,tcd_tile_2665,Northern Zanzibar-Inhambane coastal forest mosaic,African tropical forest,,3040,0.3507,215,198,114,84,101,0.5758,0.5302,0.5521,0.8015,0.5583,0.6582
phase21_B_λ4,tcd_tile_2666,Alps conifer and mixed forests,European forest,,4183,0.3507,2,4,0,4,2,0.0,0.0,0.0,0.0,0.0,0.0
phase21_B_λ4,tcd_tile_2667,Northern Zanzibar-Inhambane coastal forest mosaic,African tropical forest,,2663,0.3507,341,308,137,171,204,0.4448,0.4018,0.4222,0.6889,0.4669,0.5566
phase21_B_λ4,tcd_tile_2668,Taiheiyo evergreen forests,Other,,2267,0.3507,3,39,3,36,0,0.0769,1.0,0.1429,0.2599,0.7315,0.3835
phase21_B_λ4,tcd_tile_2669,Northwestern Andean montane forests,Latin American forest,,3566,0.3507,38,28,3,25,35,0.1071,0.0789,0.0909,0.8068,0.0749,0.1371
phase21_B_λ4,tcd_tile_267,Fiji tropical dry forests,Other,,3527,0.3507,57,699,13,686,44,0.0186,0.2281,0.0344,0.9463,0.2417,0.3851
phase21_B_λ4,tcd_tile_2670,Hokkaido deciduous forests,Other,,2189,0.3507,11,135,9,126,2,0.0667,0.8182,0.1233,0.9183,0.4378,0.5929
phase21_B_λ4,tcd_tile_2671,Southeastern mixed forests,N. American forest,,1582,0.3507,8,1,0,1,8,0.0,0.0,0.0,0.3105,0.0035,0.007
phase21_B_λ4,tcd_tile_2672,Northeastern coastal forests,N. American forest,,3140,0.3507,74,55,24,31,50,0.4364,0.3243,0.3721,0.8948,0.2206,0.3539
phase21_B_λ4,tcd_tile_2673,Northern Zanzibar-Inhambane coastal forest mosaic,African tropical forest,,3691,0.3507,139,165,69,96,70,0.4182,0.4964,0.4539,0.7602,0.4563,0.5703
phase21_B_λ4,tcd_tile_2674,Tongan tropical moist forests,SE Asian & Pacific rainforest,,4918,0.3507,22,37,5,32,17,0.1351,0.2273,0.1695,0.5927,0.0194,0.0375
phase21_B_λ4,tcd_tile_2675,Luzon rain forests,SE Asian & Pacific rainforest,,5041,0.3507,292,311,95,216,197,0.3055,0.3253,0.3151,0.7994,0.4267,0.5564
phase21_B_λ4,tcd_tile_2676,Pannonian mixed forests,European forest,,4102,0.3507,7,644,4,640,3,0.0062,0.5714,0.0123,0.9808,0.4405,0.6079
phase21_B_λ4,tcd_tile_2677,Central Indochina dry forests,Other,,4558,0.3507,176,269,88,181,88,0.3271,0.5,0.3955,0.7569,0.4081,0.5303
phase21_B_λ4,tcd_tile_2678,Western European broadleaf forests,European forest,,4222,0.3507,4,24,2,22,2,0.0833,0.5,0.1429,0.995,0.0654,0.1227
phase21_B_λ4,tcd_tile_2679,Northern Zanzibar-Inhambane coastal forest mosaic,African tropical forest,,2725,0.3507,34,37,20,17,14,0.5405,0.5882,0.5634,0.6254,0.1477,0.239
phase21_B_λ4,tcd_tile_268,Magdalena Valley montane forests,Other,,1520,0.3507,54,41,18,23,36,0.439,0.3333,0.3789,0.8059,0.3684,0.5057
phase21_B_λ4,tcd_tile_2680,Northern Zanzibar-Inhambane coastal forest mosaic,African tropical forest,,1666,0.3507,23,14,9,5,14,0.6429,0.3913,0.4865,0.7362,0.117,0.2019
phase21_B_λ4,tcd_tile_2681,Northern Zanzibar-Inhambane coastal forest mosaic,African tropical forest,,1777,0.3507,91,136,77,59,14,0.5662,0.8462,0.6784,0.7188,0.6288,0.6708
phase21_B_λ4,tcd_tile_2682,Western European broadleaf forests,European forest,,2618,0.3507,10,23,7,16,3,0.3043,0.7,0.4242,0.9279,0.4431,0.5998
phase21_B_λ4,tcd_tile_2683,,Other,,959,0.3507,3,0,0,0,3,0.0,0.0,0.0,0.0,0.0,0.0
phase21_B_λ4,tcd_tile_2684,Northern Zanzibar-Inhambane coastal forest mosaic,African tropical forest,,1063,0.3507,311,446,182,264,129,0.4081,0.5852,0.4808,0.8072,0.4673,0.5919
phase21_B_λ4,tcd_tile_2685,Fiji tropical dry forests,Other,,2204,0.3507,14,410,9,401,5,0.022,0.6429,0.0425,0.9665,0.2119,0.3476
phase21_B_λ4,tcd_tile_2686,Eastern Guinean forests,African tropical forest,,4075,0.3507,9,6,0,6,9,0.0,0.0,0.0,0.0,0.0,0.0
phase21_B_λ4,tcd_tile_2687,Scandinavian Montane Birch forest and grasslands,Other,,1136,0.3507,39,26,6,20,33,0.2308,0.1538,0.1846,0.5019,0.0741,0.1291
phase21_B_λ4,tcd_tile_2688,Southern Zanzibar-Inhambane coastal forest mosaic,African tropical forest,,4550,0.3507,214,147,92,55,122,0.6259,0.4299,0.5097,0.9077,0.5318,0.6707
phase21_B_λ4,tcd_tile_2689,Mindanao-Eastern Visayas rain forests,SE Asian & Pacific rainforest,,4645,0.3507,17,165,6,159,11,0.0364,0.3529,0.0659,0.96,0.1378,0.241
phase21_B_λ4,tcd_tile_269,Alps conifer and mixed forests,European forest,,4467,0.3507,6,7,2,5,4,0.2857,0.3333,0.3077,0.9747,0.0142,0.0279
phase21_B_λ4,tcd_tile_2690,Upper Midwest forest-savanna transition,N. American forest,,1715,0.3507,0,58,0,58,0,0.0,0.0,0.0,0.0,0.0,0.0
phase21_B_λ4,tcd_tile_2691,Central European mixed forests,European forest,,2323,0.3507,88,79,22,57,66,0.2785,0.25,0.2635,0.8348,0.0975,0.1746
phase21_B_λ4,tcd_tile_2692,Celtic broadleaf forests,European forest,,2034,0.3507,25,31,17,14,8,0.5484,0.68,0.6071,0.5134,0.1388,0.2185
phase21_B_λ4,tcd_tile_2693,Granitic Seychelles forests,Other,,1611,0.3507,9,521,6,515,3,0.0115,0.6667,0.0226,0.971,0.4197,0.5861
phase21_B_λ4,tcd_tile_2694,,Other,,1545,0.3507,4,418,2,416,2,0.0048,0.5,0.0095,0.9879,0.3468,0.5134
phase21_B_λ4,tcd_tile_2695,Sulawesi lowland rain forests,SE Asian & Pacific rainforest,,4837,0.3507,57,131,32,99,25,0.2443,0.5614,0.3404,0.2616,0.379,0.3096
phase21_B_λ4,tcd_tile_2696,Sarmatic mixed forests,European forest,,1752,0.3507,14,68,6,62,8,0.0882,0.4286,0.1463,0.9927,0.3394,0.5059
phase21_B_λ4,tcd_tile_2697,Southeastern mixed forests,N. American forest,,4880,0.3507,9,32,1,31,8,0.0312,0.1111,0.0488,0.0471,0.0352,0.0403
phase21_B_λ4,tcd_tile_2698,Central and Southern mixed grasslands,Other,,535,0.3507,96,101,58,43,38,0.5743,0.6042,0.5888,0.7831,0.2324,0.3584
phase21_B_λ4,tcd_tile_2699,Celtic broadleaf forests,European forest,,2344,0.3507,189,49,25,24,164,0.5102,0.1323,0.2101,0.7,0.303,0.4229
phase21_B_λ4,tcd_tile_27,Zambezian and Mopane woodlands,Arid / dryland,,1081,0.3507,25,70,18,52,7,0.2571,0.72,0.3789,0.4023,0.5104,0.45
phase21_B_λ4,tcd_tile_270,Southeastern mixed forests,N. American forest,,3685,0.3507,31,8,1,7,30,0.125,0.0323,0.0513,0.0639,0.0089,0.0157
phase21_B_λ4,tcd_tile_2700,Upper Gangetic Plains moist deciduous forests,Other,,3996,0.3507,58,131,26,105,32,0.1985,0.4483,0.2751,0.9331,0.4159,0.5753
phase21_B_λ4,tcd_tile_2701,Sarmatic mixed forests,European forest,,4196,0.3507,18,75,8,67,10,0.1067,0.4444,0.172,0.881,0.2799,0.4248
phase21_B_λ4,tcd_tile_2702,Sarmatic mixed forests,European forest,,3718,0.3507,3,19,3,16,0,0.1579,1.0,0.2727,0.4218,0.4391,0.4303
phase21_B_λ4,tcd_tile_2703,Taiheiyo evergreen forests,Other,,1977,0.3507,8,35,7,28,1,0.2,0.875,0.3256,0.7339,0.6029,0.662
phase21_B_λ4,tcd_tile_2704,East European forest steppe,European forest,,4155,0.3507,54,129,51,78,3,0.3953,0.9444,0.5574,0.6992,0.3863,0.4977
phase21_B_λ4,tcd_tile_2705,,Other,,2464,0.3507,0,16,0,16,0,0.0,0.0,0.0,0.0,0.0,0.0
phase21_B_λ4,tcd_tile_2706,Eastern Great Lakes lowland forests,N. American forest,,3349,0.3507,46,38,15,23,31,0.3947,0.3261,0.3571,0.5211,0.2397,0.3283
phase21_B_λ4,tcd_tile_2707,Sumatran lowland rain forests,SE Asian & Pacific rainforest,,1177,0.3507,19,13,4,9,15,0.3077,0.2105,0.25,0.6911,0.1283,0.2164
phase21_B_λ4,tcd_tile_2708,Ucayali moist forests,Latin American forest,,3260,0.3507,31,236,10,226,21,0.0424,0.3226,0.0749,0.9088,0.2734,0.4203
phase21_B_λ4,tcd_tile_2709,Northeastern Spain and Southern France Mediterranean forests,Other,,182,0.3507,114,257,60,197,54,0.2335,0.5263,0.3235,0.8046,0.3025,0.4396
phase21_B_λ4,tcd_tile_271,Northern Zanzibar-Inhambane coastal forest mosaic,African tropical forest,,670,0.3507,1,140,1,139,0,0.0071,1.0,0.0142,0.9606,0.0503,0.0956
phase21_B_λ4,tcd_tile_2710,Sulawesi lowland rain forests,SE Asian & Pacific rainforest,,4547,0.3507,65,198,40,158,25,0.202,0.6154,0.3042,0.8258,0.3044,0.4448
phase21_B_λ4,tcd_tile_2711,Vanuatu rain forests,Other,,1756,0.3507,80,811,42,769,38,0.0518,0.525,0.0943,0.9437,0.4447,0.6046
phase21_B_λ4,tcd_tile_2712,Madeira-Tapajós moist forests,Latin American forest,,3708,0.3507,30,586,26,560,4,0.0444,0.8667,0.0844,0.9898,0.3546,0.5222
phase21_B_λ4,tcd_tile_2713,Eastern Java-Bali rain forests,SE Asian & Pacific rainforest,,4899,0.3507,36,61,7,54,29,0.1148,0.1944,0.1443,0.0958,0.1309,0.1106
phase21_B_λ4,tcd_tile_2714,North Central Rockies forests,N. American forest,,3745,0.3507,5,45,2,43,3,0.0444,0.4,0.08,0.9854,0.0855,0.1573
phase21_B_λ4,tcd_tile_2715,Northern Zanzibar-Inhambane coastal forest mosaic,African tropical forest,,1158,0.3507,169,299,100,199,69,0.3344,0.5917,0.4274,0.6374,0.6385,0.6379
phase21_B_λ4,tcd_tile_2716,Northeastern coastal forests,N. American forest,,2707,0.3507,147,118,54,64,93,0.4576,0.3673,0.4075,0.8808,0.2848,0.4304
phase21_B_λ4,tcd_tile_2717,Northern Zanzibar-Inhambane coastal forest mosaic,African tropical forest,,3320,0.3507,44,461,31,430,13,0.0672,0.7045,0.1228,0.9172,0.322,0.4766
phase21_B_λ4,tcd_tile_2718,Western European broadleaf forests,European forest,,4737,0.3507,7,54,3,51,4,0.0556,0.4286,0.0984,0.9995,0.0889,0.1633
phase21_B_λ4,tcd_tile_2719,Mindanao-Eastern Visayas rain forests,SE Asian & Pacific rainforest,,695,0.3507,77,80,29,51,48,0.3625,0.3766,0.3694,0.7555,0.1745,0.2835
phase21_B_λ4,tcd_tile_272,Western Siberian hemiboreal forests,Other,,2080,0.3507,17,137,5,132,12,0.0365,0.2941,0.0649,0.2793,0.0484,0.0825
phase21_B_λ4,tcd_tile_2720,Tongan tropical moist forests,SE Asian & Pacific rainforest,,4696,0.3507,37,399,7,392,30,0.0175,0.1892,0.0321,0.9581,0.1565,0.2691
phase21_B_λ4,tcd_tile_2721,Northern Zanzibar-Inhambane coastal forest mosaic,African tropical forest,,4703,0.3507,64,5,3,2,61,0.6,0.0469,0.087,0.4919,0.003,0.0059
phase21_B_λ4,tcd_tile_2722,Northern Zanzibar-Inhambane coastal forest mosaic,African tropical forest,,3629,0.3507,94,66,17,49,77,0.2576,0.1809,0.2125,0.5208,0.0253,0.0483
phase21_B_λ4,tcd_tile_2723,East European forest steppe,European forest,,915,0.3507,5,521,3,518,2,0.0058,0.6,0.0114,0.9957,0.2198,0.3601
phase21_B_λ4,tcd_tile_2724,Sarmatic mixed forests,European forest,,2052,0.3507,3,319,1,318,2,0.0031,0.3333,0.0062,0.9989,0.4077,0.5791
phase21_B_λ4,tcd_tile_2725,Eastern forest-boreal transition,Other,,3881,0.3507,3,198,2,196,1,0.0101,0.6667,0.0199,0.9982,0.3085,0.4713
phase21_B_λ4,tcd_tile_2726,Southern Zanzibar-Inhambane coastal forest mosaic,African tropical forest,,2086,0.3507,76,39,29,10,47,0.7436,0.3816,0.5043,0.8468,0.3787,0.5234
phase21_B_λ4,tcd_tile_2727,Tumbes-Piura dry forests,Other,,4041,0.3507,190,94,32,62,158,0.3404,0.1684,0.2254,0.9446,0.0946,0.1719
phase21_B_λ4,tcd_tile_2728,Vanuatu rain forests,Other,,4110,0.3507,17,14,6,8,11,0.4286,0.3529,0.3871,0.8026,0.0075,0.0149
phase21_B_λ4,tcd_tile_2729,Southern Zanzibar-Inhambane coastal forest mosaic,African tropical forest,,3422,0.3507,169,87,48,39,121,0.5517,0.284,0.375,0.9335,0.3552,0.5146
phase21_B_λ4,tcd_tile_273,Tongan tropical moist forests,SE Asian & Pacific rainforest,,4976,0.3507,16,75,3,72,13,0.04,0.1875,0.0659,0.2461,0.0698,0.1088
phase21_B_λ4,tcd_tile_2730,Northern Zanzibar-Inhambane coastal forest mosaic,African tropical forest,,3054,0.3507,1,95,1,94,0,0.0105,1.0,0.0208,1.0,0.1019,0.185
phase21_B_λ4,tcd_tile_2731,Changjiang Plain evergreen forests,Other,,3323,0.3507,24,22,1,21,23,0.0455,0.0417,0.0435,0.0203,0.0109,0.0142
phase21_B_λ4,tcd_tile_2732,Sumatran lowland rain forests,SE Asian & Pacific rainforest,,229,0.3507,253,182,97,85,156,0.533,0.3834,0.446,0.6439,0.3141,0.4223
phase21_B_λ4,tcd_tile_2733,Middle Atlantic coastal forests,Other,,3844,0.3507,113,192,45,147,68,0.2344,0.3982,0.2951,0.575,0.2858,0.3818
phase21_B_λ4,tcd_tile_2734,Eastern Guinean forests,African tropical forest,,4236,0.3507,21,110,10,100,11,0.0909,0.4762,0.1527,0.0516,0.315,0.0887
phase21_B_λ4,tcd_tile_2735,Mindanao-Eastern Visayas rain forests,SE Asian & Pacific rainforest,,4882,0.3507,70,354,28,326,42,0.0791,0.4,0.1321,0.9592,0.4008,0.5653
phase21_B_λ4,tcd_tile_2736,Hispaniolan dry forests,Other,,4783,0.3507,147,192,100,92,47,0.5208,0.6803,0.59,0.6792,0.8279,0.7462
phase21_B_λ4,tcd_tile_2737,Madeira-Tapajós moist forests,Latin American forest,,710,0.3507,1,619,1,618,0,0.0016,1.0,0.0032,0.9999,0.5,0.6667
phase21_B_λ4,tcd_tile_2738,Balkan mixed forests,European forest,,2580,0.3507,111,73,40,33,71,0.5479,0.3604,0.4348,0.7286,0.6626,0.694
phase21_B_λ4,tcd_tile_2739,Northern Zanzibar-Inhambane coastal forest mosaic,African tropical forest,,4434,0.3507,6,0,0,0,6,0.0,0.0,0.0,0.0,0.0,0.0
phase21_B_λ4,tcd_tile_274,North Island temperate forests,Other,,2165,0.3507,45,58,22,36,23,0.3793,0.4889,0.4272,0.7966,0.5066,0.6194
phase21_B_λ4,tcd_tile_2740,Northern Zanzibar-Inhambane coastal forest mosaic,African tropical forest,,533,0.3507,14,21,12,9,2,0.5714,0.8571,0.6857,0.762,0.7893,0.7754
phase21_B_λ4,tcd_tile_2741,Luzon rain forests,SE Asian & Pacific rainforest,,1866,0.3507,143,77,18,59,125,0.2338,0.1259,0.1636,0.818,0.2037,0.3261
phase21_B_λ4,tcd_tile_2742,Northern Zanzibar-Inhambane coastal forest mosaic,African tropical forest,,3741,0.3507,68,452,51,401,17,0.1128,0.75,0.1962,0.9597,0.4182,0.5825
phase21_B_λ4,tcd_tile_2743,Lesser Sundas deciduous forests,SE Asian & Pacific rainforest,,4047,0.3507,62,44,30,14,32,0.6818,0.4839,0.566,0.8188,0.2073,0.3308
phase21_B_λ4,tcd_tile_2744,East European forest steppe,European forest,,3943,0.3507,49,18,16,2,33,0.8889,0.3265,0.4776,0.7476,0.2012,0.317
phase21_B_λ4,tcd_tile_2745,English Lowlands beech forests,European forest,,3637,0.3507,3,34,3,31,0,0.0882,1.0,0.1622,0.7062,0.5883,0.6419
phase21_B_λ4,tcd_tile_2746,Sulawesi lowland rain forests,SE Asian & Pacific rainforest,,4706,0.3507,222,340,118,222,104,0.3471,0.5315,0.4199,0.6184,0.659,0.638
phase21_B_λ4,tcd_tile_2747,Southern Zanzibar-Inhambane coastal forest mosaic,African tropical forest,,4072,0.3507,110,176,73,103,37,0.4148,0.6636,0.5105,0.8823,0.4229,0.5717
phase21_B_λ4,tcd_tile_2748,Sarmatic mixed forests,European forest,,1180,0.3507,106,229,59,170,47,0.2576,0.5566,0.3522,0.8337,0.3398,0.4828
phase21_B_λ4,tcd_tile_2749,Taiheiyo evergreen forests,Other,,3068,0.3507,95,88,20,68,75,0.2273,0.2105,0.2186,0.1946,0.3398,0.2475
phase21_B_λ4,tcd_tile_275,Hispaniolan moist forests,SE Asian & Pacific rainforest,,2336,0.3507,46,133,12,121,34,0.0902,0.2609,0.1341,0.1591,0.2852,0.2043
phase21_B_λ4,tcd_tile_2750,Southeastern mixed forests,N. American forest,,1533,0.3507,6,102,5,97,1,0.049,0.8333,0.0926,0.8878,0.4303,0.5797
phase21_B_λ4,tcd_tile_2751,Rodope montane mixed forests,European forest,,4528,0.3507,147,76,40,36,107,0.5263,0.2721,0.3587,0.8258,0.2221,0.3501
phase21_B_λ4,tcd_tile_2752,Taiheiyo evergreen forests,Other,,2253,0.3507,58,157,16,141,42,0.1019,0.2759,0.1488,0.7318,0.1955,0.3086
phase21_B_λ4,tcd_tile_2753,Lesser Sundas deciduous forests,SE Asian & Pacific rainforest,,3544,0.3507,26,135,5,130,21,0.037,0.1923,0.0621,0.9111,0.1573,0.2683
phase21_B_λ4,tcd_tile_2754,Atlantic mixed forests,European forest,,2772,0.3507,1,1,0,1,1,0.0,0.0,0.0,0.0,0.0,0.0
phase21_B_λ4,tcd_tile_2755,Celtic broadleaf forests,European forest,,3492,0.3507,6,27,1,26,5,0.037,0.1667,0.0606,1.0,0.051,0.097
phase21_B_λ4,tcd_tile_2756,Caucasus mixed forests,European forest,,2588,0.3507,23,0,0,0,23,0.0,0.0,0.0,0.0,0.0,0.0
phase21_B_λ4,tcd_tile_2757,,Other,,506,0.3507,202,179,88,91,114,0.4916,0.4356,0.4619,0.8209,0.201,0.3229
phase21_B_λ4,tcd_tile_2758,English Lowlands beech forests,European forest,,3297,0.3507,18,32,5,27,13,0.1562,0.2778,0.2,0.8013,0.2562,0.3882
phase21_B_λ4,tcd_tile_2759,Northern Zanzibar-Inhambane coastal forest mosaic,African tropical forest,,1995,0.3507,3,9,2,7,1,0.2222,0.6667,0.3333,0.8613,0.3065,0.4521
phase21_B_λ4,tcd_tile_276,Uatuma-Trombetas moist forests,Latin American forest,,1595,0.3507,1,3,1,2,0,0.3333,1.0,0.5,1.0,0.007,0.0139
phase21_B_λ4,tcd_tile_2760,Baltic mixed forests,European forest,,3509,0.3507,0,0,0,0,0,0.0,0.0,0.0,0.0,0.0,0.0
phase21_B_λ4,tcd_tile_2761,East European forest steppe,European forest,,3854,0.3507,1,125,1,124,0,0.008,1.0,0.0159,1.0,0.2085,0.345
phase21_B_λ4,tcd_tile_2762,Central Zambezian Miombo woodlands,Other,,1220,0.3507,64,238,46,192,18,0.1933,0.7188,0.3046,0.5583,0.3398,0.4224
phase21_B_λ4,tcd_tile_2763,Hispaniolan dry forests,Other,,5022,0.3507,86,118,53,65,33,0.4492,0.6163,0.5196,0.8468,0.4411,0.5801
phase21_B_λ4,tcd_tile_2764,Madeira-Tapajós moist forests,Latin American forest,,3947,0.3507,1,887,1,886,0,0.0011,1.0,0.0023,0.9998,0.4667,0.6364
phase21_B_λ4,tcd_tile_2765,Hispaniolan moist forests,SE Asian & Pacific rainforest,,4968,0.3507,0,114,0,114,0,0.0,0.0,0.0,0.0,0.0,0.0
phase21_B_λ4,tcd_tile_2766,Eastern Great Lakes lowland forests,N. American forest,,2551,0.3507,27,95,11,84,16,0.1158,0.4074,0.1803,0.3203,0.0892,0.1395
phase21_B_λ4,tcd_tile_2767,Lesser Sundas deciduous forests,SE Asian & Pacific rainforest,,3942,0.3507,99,60,27,33,72,0.45,0.2727,0.3396,0.5273,0.3261,0.403
phase21_B_λ4,tcd_tile_2768,Lesser Sundas deciduous forests,SE Asian & Pacific rainforest,,2352,0.3507,2,104,1,103,1,0.0096,0.5,0.0189,0.9291,0.1299,0.2279
phase21_B_λ4,tcd_tile_2769,Serra do Mar coastal forests,Latin American forest,,4593,0.3507,0,133,0,133,0,0.0,0.0,0.0,0.0,0.0,0.0
phase21_B_λ4,tcd_tile_277,Veracruz moist forests,Other,,2746,0.3507,27,19,4,15,23,0.2105,0.1481,0.1739,0.5658,0.0229,0.0441
phase21_B_λ4,tcd_tile_2770,Southeastern mixed forests,N. American forest,,387,0.3507,54,33,26,7,28,0.7879,0.4815,0.5977,0.9152,0.2385,0.3784
phase21_B_λ4,tcd_tile_2771,Western European broadleaf forests,European forest,,5030,0.3507,4,14,4,10,0,0.2857,1.0,0.4444,0.9394,0.0378,0.0727
phase21_B_λ4,tcd_tile_2772,Luzon rain forests,SE Asian & Pacific rainforest,,1098,0.3507,56,100,19,81,37,0.19,0.3393,0.2436,0.8031,0.3506,0.4881
phase21_B_λ4,tcd_tile_2773,Araucaria moist forests,Other,,473,0.3507,137,173,66,107,71,0.3815,0.4818,0.4258,0.705,0.297,0.418
phase21_B_λ4,tcd_tile_2774,Taiwan subtropical evergreen forests,SE Asian & Pacific rainforest,,3322,0.3507,28,174,19,155,9,0.1092,0.6786,0.1881,0.7444,0.2535,0.3782
phase21_B_λ4,tcd_tile_2775,Baltic mixed forests,European forest,,4498,0.3507,21,112,13,99,8,0.1161,0.619,0.1955,0.875,0.1542,0.2622
phase21_B_λ4,tcd_tile_2776,Palawan rain forests,SE Asian & Pacific rainforest,,1587,0.3507,37,58,16,42,21,0.2759,0.4324,0.3368,0.5672,0.199,0.2946
phase21_B_λ4,tcd_tile_2777,Northern Zanzibar-Inhambane coastal forest mosaic,African tropical forest,,2812,0.3507,64,50,22,28,42,0.44,0.3438,0.386,0.8866,0.0648,0.1207
phase21_B_λ4,tcd_tile_2778,Eastern forest-boreal transition,Other,,1577,0.3507,1,720,1,719,0,0.0014,1.0,0.0028,0.9938,0.3489,0.5165
phase21_B_λ4,tcd_tile_2779,Eastern Guinean forests,African tropical forest,,3734,0.3507,6,8,0,8,6,0.0,0.0,0.0,0.0,0.0,0.0
phase21_B_λ4,tcd_tile_278,Sri Lanka dry-zone dry evergreen forests,Other,,1569,0.3507,246,307,130,177,116,0.4235,0.5285,0.4702,0.8015,0.6385,0.7108
phase21_B_λ4,tcd_tile_2780,Northern Zanzibar-Inhambane coastal forest mosaic,African tropical forest,,2201,0.3507,270,152,69,83,201,0.4539,0.2556,0.327,0.7372,0.3108,0.4373
phase21_B_λ4,tcd_tile_2781,East European forest steppe,European forest,,4604,0.3507,7,149,6,143,1,0.0403,0.8571,0.0769,0.9458,0.2489,0.394
phase21_B_λ4,tcd_tile_2782,,Other,,693,0.3507,16,1,0,1,16,0.0,0.0,0.0,0.0,0.0,0.0
phase21_B_λ4,tcd_tile_2783,Petén-Veracruz moist forests,Latin American forest,,1580,0.3507,173,281,88,193,85,0.3132,0.5087,0.3877,0.6511,0.3462,0.452
phase21_B_λ4,tcd_tile_2784,Alto Paraná Atlantic forests,Other,,1873,0.3507,125,97,36,61,89,0.3711,0.288,0.3243,0.4314,0.4975,0.4621
phase21_B_λ4,tcd_tile_2785,Uatuma-Trombetas moist forests,Latin American forest,,2145,0.3507,11,17,4,13,7,0.2353,0.3636,0.2857,0.8545,0.0615,0.1147
phase21_B_λ4,tcd_tile_2786,Hispaniolan moist forests,SE Asian & Pacific rainforest,,1825,0.3507,0,3,0,3,0,0.0,0.0,0.0,0.0,0.0,0.0
phase21_B_λ4,tcd_tile_2787,Central European mixed forests,European forest,,4830,0.3507,41,51,12,39,29,0.2353,0.2927,0.2609,0.4384,0.4595,0.4487
phase21_B_λ4,tcd_tile_2788,Hispaniolan moist forests,SE Asian & Pacific rainforest,,1403,0.3507,32,21,4,17,28,0.1905,0.125,0.1509,0.2577,0.144,0.1847
phase21_B_λ4,tcd_tile_2789,Northeastern coastal forests,N. American forest,,2909,0.3507,2,296,1,295,1,0.0034,0.5,0.0067,0.9511,0.4215,0.5841
phase21_B_λ4,tcd_tile_279,Peninsular Malaysian peat swamp forests,Other,,1534,0.3507,159,108,41,67,118,0.3796,0.2579,0.3071,0.7717,0.3571,0.4882
phase21_B_λ4,tcd_tile_2790,Hispaniolan moist forests,SE Asian & Pacific rainforest,,4697,0.3507,53,142,21,121,32,0.1479,0.3962,0.2154,0.2103,0.4576,0.2881
phase21_B_λ4,tcd_tile_2791,Southeastern mixed forests,N. American forest,,4836,0.3507,0,82,0,82,0,0.0,0.0,0.0,0.0,0.0,0.0
phase21_B_λ4,tcd_tile_2792,Mindanao-Eastern Visayas rain forests,SE Asian & Pacific rainforest,,4771,0.3507,37,411,7,404,30,0.017,0.1892,0.0312,0.9898,0.3932,0.5628
phase21_B_λ4,tcd_tile_2793,Changjiang Plain evergreen forests,Other,,2703,0.3507,145,115,80,35,65,0.6957,0.5517,0.6154,0.7366,0.2318,0.3527
phase21_B_λ4,tcd_tile_2794,Southeastern mixed forests,N. American forest,,2443,0.3507,5,21,1,20,4,0.0476,0.2,0.0769,0.2825,0.0476,0.0815
phase21_B_λ4,tcd_tile_2795,English Lowlands beech forests,European forest,,1363,0.3507,21,71,18,53,3,0.2535,0.8571,0.3913,0.8162,0.3453,0.4853
phase21_B_λ4,tcd_tile_2796,Balkan mixed forests,European forest,,4858,0.3507,141,71,31,40,110,0.4366,0.2199,0.2925,0.9392,0.5486,0.6926
phase21_B_λ4,tcd_tile_2797,South Siberian forest steppe,Other,,850,0.3507,78,119,54,65,24,0.4538,0.6923,0.5482,0.6361,0.6766,0.6557
phase21_B_λ4,tcd_tile_2798,East European forest steppe,European forest,,2951,0.3507,22,14,8,6,14,0.5714,0.3636,0.4444,0.9233,0.1044,0.1876
phase21_B_λ4,tcd_tile_2799,Southern Zanzibar-Inhambane coastal forest mosaic,African tropical forest,,3353,0.3507,134,76,43,33,91,0.5658,0.3209,0.4095,0.8041,0.5791,0.6733
phase21_B_λ4,tcd_tile_28,Chilean matorral,Arid / dryland,,360,0.3507,97,190,49,141,48,0.2579,0.5052,0.3415,0.5845,0.2595,0.3594
phase21_B_λ4,tcd_tile_280,Bolivian montane dry forests,Latin American forest,,2171,0.3507,18,107,12,95,6,0.1121,0.6667,0.192,0.8046,0.1358,0.2324
phase21_B_λ4,tcd_tile_2800,Bahia coastal forests,Latin American forest,,5057,0.3507,0,47,0,47,0,0.0,0.0,0.0,0.0,0.0,0.0
phase21_B_λ4,tcd_tile_2801,Mindanao-Eastern Visayas rain forests,SE Asian & Pacific rainforest,,3831,0.3507,104,297,46,251,58,0.1549,0.4423,0.2294,0.8166,0.2666,0.4019
phase21_B_λ4,tcd_tile_2802,Central African mangroves,African tropical forest,,4341,0.3507,0,95,0,95,0,0.0,0.0,0.0,0.0,0.0,0.0
phase21_B_λ4,tcd_tile_2803,Southeastern conifer forests,N. American forest,,1389,0.3507,96,94,24,70,72,0.2553,0.25,0.2526,0.386,0.1113,0.1728
phase21_B_λ4,tcd_tile_2804,Granitic Seychelles forests,Other,,1336,0.3507,54,726,18,708,36,0.0248,0.3333,0.0462,0.9807,0.2933,0.4515
phase21_B_λ4,tcd_tile_2805,Central Zambezian Miombo woodlands,Other,,639,0.3507,98,94,43,51,55,0.4574,0.4388,0.4479,0.3835,0.6091,0.4707
phase21_B_λ4,tcd_tile_2806,Southern Korea evergreen forests,Other,,1544,0.3507,105,125,71,54,34,0.568,0.6762,0.6174,0.7788,0.5899,0.6713
phase21_B_λ4,tcd_tile_2807,Sarmatic mixed forests,European forest,,773,0.3507,44,225,30,195,14,0.1333,0.6818,0.223,0.9563,0.3284,0.4889
phase21_B_λ4,tcd_tile_2808,Sundaland heath forests,Other,,2374,0.3507,156,553,106,447,50,0.1917,0.6795,0.299,0.9659,0.6465,0.7745
phase21_B_λ4,tcd_tile_2809,Northwestern Andean montane forests,Latin American forest,,359,0.3507,84,129,41,88,43,0.3178,0.4881,0.385,0.5531,0.4956,0.5228
phase21_B_λ4,tcd_tile_281,,Other,,2065,0.3507,4,35,0,35,4,0.0,0.0,0.0,0.0932,0.9432,0.1696
phase21_B_λ4,tcd_tile_2810,Western Java rain forests,Other,,745,0.3507,334,232,127,105,207,0.5474,0.3802,0.4488,0.7711,0.5461,0.6394
phase21_B_λ4,tcd_tile_2811,Northern Zanzibar-Inhambane coastal forest mosaic,African tropical forest,,3625,0.3507,1,34,1,33,0,0.0294,1.0,0.0571,1.0,0.0123,0.0243
phase21_B_λ4,tcd_tile_2812,Southern Great Lakes forests,N. American forest,,1707,0.3507,6,284,4,280,2,0.0141,0.6667,0.0276,0.9708,0.383,0.5493
phase21_B_λ4,tcd_tile_2813,Cerrado,Latin American forest,,284,0.3507,0,0,0,0,0,0.0,0.0,0.0,0.0,0.0,0.0
phase21_B_λ4,tcd_tile_2814,Hispaniolan moist forests,SE Asian & Pacific rainforest,,885,0.3507,3,6,1,5,2,0.1667,0.3333,0.2222,0.7727,0.1291,0.2212
phase21_B_λ4,tcd_tile_2815,Atlantic mixed forests,European forest,,827,0.3507,17,490,17,473,0,0.0347,1.0,0.0671,0.9782,0.4539,0.62
phase21_B_λ4,tcd_tile_2816,Sierra Nevada forests,N. American forest,,2765,0.3507,14,7,1,6,13,0.1429,0.0714,0.0952,0.4933,0.1399,0.218
phase21_B_λ4,tcd_tile_2817,Greater Negros-Panay rain forests,SE Asian & Pacific rainforest,,2381,0.3507,128,65,13,52,115,0.2,0.1016,0.1347,0.8899,0.2294,0.3647
phase21_B_λ4,tcd_tile_2818,Central European mixed forests,European forest,,3930,0.3507,14,58,13,45,1,0.2241,0.9286,0.3611,0.8307,0.0977,0.1749
phase21_B_λ4,tcd_tile_2819,Upper Midwest forest-savanna transition,N. American forest,,3589,0.3507,6,126,2,124,4,0.0159,0.3333,0.0303,0.6694,0.3215,0.4344
phase21_B_λ4,tcd_tile_282,Central Indochina dry forests,Other,,4402,0.3507,74,93,38,55,36,0.4086,0.5135,0.4551,0.7414,0.2854,0.4121
phase21_B_λ4,tcd_tile_2820,Central European mixed forests,European forest,,1160,0.3507,90,244,59,185,31,0.2418,0.6556,0.3533,0.8719,0.4982,0.6341
phase21_B_λ4,tcd_tile_2821,Rodope montane mixed forests,European forest,,4669,0.3507,239,248,143,105,96,0.5766,0.5983,0.5873,0.8384,0.482,0.6121
phase21_B_λ4,tcd_tile_2822,Northern Anatolian conifer and deciduous forests,Other,,2357,0.3507,16,34,7,27,9,0.2059,0.4375,0.28,0.8577,0.2389,0.3737
phase21_B_λ4,tcd_tile_2823,Balkan mixed forests,European forest,,4115,0.3507,90,189,53,136,37,0.2804,0.5889,0.3799,0.9253,0.3673,0.5258
phase21_B_λ4,tcd_tile_2824,Balsas dry forests,Other,,4043,0.3507,138,87,24,63,114,0.2759,0.1739,0.2133,0.6968,0.1323,0.2224
phase21_B_λ4,tcd_tile_2825,Central European mixed forests,European forest,,3427,0.3507,78,97,37,60,41,0.3814,0.4744,0.4229,0.5501,0.7749,0.6435
phase21_B_λ4,tcd_tile_2826,Central American pine-oak forests,Other,,1306,0.3507,121,205,47,158,74,0.2293,0.3884,0.2883,0.9258,0.2751,0.4242
phase21_B_λ4,tcd_tile_2827,Caucasus mixed forests,European forest,,4947,0.3507,12,154,7,147,5,0.0455,0.5833,0.0843,0.9994,0.2322,0.3768
phase21_B_λ4,tcd_tile_2828,Madeira-Tapajós moist forests,Latin American forest,,3386,0.3507,20,766,10,756,10,0.0131,0.5,0.0254,0.9909,0.4878,0.6538
phase21_B_λ4,tcd_tile_2829,Hispaniolan dry forests,Other,,4820,0.3507,115,286,72,214,43,0.2517,0.6261,0.3591,0.7968,0.4807,0.5996
phase21_B_λ4,tcd_tile_283,Northern Zanzibar-Inhambane coastal forest mosaic,African tropical forest,,37,0.3507,112,212,65,147,47,0.3066,0.5804,0.4012,0.84,0.1942,0.3155
phase21_B_λ4,tcd_tile_2830,Southeastern mixed forests,N. American forest,,1996,0.3507,3,97,3,94,0,0.0309,1.0,0.06,0.893,0.3276,0.4793
phase21_B_λ4,tcd_tile_2831,"Sao Tome, Principe and Annobon moist lowland forests",Other,,457,0.3507,301,536,180,356,121,0.3358,0.598,0.4301,0.692,0.5374,0.605
phase21_B_λ4,tcd_tile_2832,Southern Zanzibar-Inhambane coastal forest mosaic,African tropical forest,,2896,0.3507,77,92,21,71,56,0.2283,0.2727,0.2485,0.9456,0.2267,0.3657
phase21_B_λ4,tcd_tile_2833,Timor and Wetar deciduous forests,SE Asian & Pacific rainforest,,3574,0.3507,150,79,56,23,94,0.7089,0.3733,0.4891,0.6955,0.5667,0.6245
phase21_B_λ4,tcd_tile_2834,Maputaland coastal forest mosaic,African tropical forest,,34,0.3507,15,7,2,5,13,0.2857,0.1333,0.1818,0.5577,0.3865,0.4566
phase21_B_λ4,tcd_tile_2835,Northeastern coastal forests,N. American forest,,2579,0.3507,49,196,24,172,25,0.1224,0.4898,0.1959,0.7472,0.2868,0.4145
phase21_B_λ4,tcd_tile_2836,Luzon rain forests,SE Asian & Pacific rainforest,,2916,0.3507,13,45,10,35,3,0.2222,0.7692,0.3448,0.8916,0.1009,0.1813
phase21_B_λ4,tcd_tile_2837,Northern Zanzibar-Inhambane coastal forest mosaic,African tropical forest,,4122,0.3507,48,20,7,13,41,0.35,0.1458,0.2059,0.2072,0.1138,0.1469
phase21_B_λ4,tcd_tile_2838,Sulawesi lowland rain forests,SE Asian & Pacific rainforest,,3748,0.3507,34,164,6,158,28,0.0366,0.1765,0.0606,0.9973,0.2225,0.3638
phase21_B_λ4,tcd_tile_2839,Lake,Other,,1017,0.3507,25,112,8,104,17,0.0714,0.32,0.1168,0.735,0.3585,0.482
phase21_B_λ4,tcd_tile_284,Eastern Mediterranean conifer-sclerophyllous-broadleaf forests,Other,,561,0.3507,29,44,14,30,15,0.3182,0.4828,0.3836,0.6887,0.8198,0.7486
phase21_B_λ4,tcd_tile_2840,Northern Zanzibar-Inhambane coastal forest mosaic,African tropical forest,,2123,0.3507,69,107,35,72,34,0.3271,0.5072,0.3977,0.5755,0.1969,0.2934
phase21_B_λ4,tcd_tile_2841,Sierra Nevada forests,N. American forest,,2057,0.3507,78,69,32,37,46,0.4638,0.4103,0.4354,0.6238,0.4065,0.4922
phase21_B_λ4,tcd_tile_2842,East African montane forests,African tropical forest,,2711,0.3507,50,108,20,88,30,0.1852,0.4,0.2532,0.8903,0.1972,0.3229
phase21_B_λ4,tcd_tile_2843,Central forest-grasslands transition,Other,,425,0.3507,37,32,13,19,24,0.4062,0.3514,0.3768,0.7113,0.1426,0.2376
phase21_B_λ4,tcd_tile_2844,Scandinavian and Russian taiga,Other,,598,0.3507,1,6,1,5,0,0.1667,1.0,0.2857,0.559,0.3628,0.44
phase21_B_λ4,tcd_tile_2845,Peruvian Yungas,Latin American forest,,2224,0.3507,119,65,16,49,103,0.2462,0.1345,0.1739,0.6963,0.0351,0.0669
phase21_B_λ4,tcd_tile_2846,Northern Anatolian conifer and deciduous forests,Other,,1967,0.3507,83,59,22,37,61,0.3729,0.2651,0.3099,0.5908,0.183,0.2795
phase21_B_λ4,tcd_tile_2847,Changjiang Plain evergreen forests,Other,,3148,0.3507,3,7,0,7,3,0.0,0.0,0.0,0.0,0.0,0.0
phase21_B_λ4,tcd_tile_2848,Lesser Sundas deciduous forests,SE Asian & Pacific rainforest,,3415,0.3507,160,356,65,291,95,0.1826,0.4062,0.2519,0.7298,0.2827,0.4075
phase21_B_λ4,tcd_tile_2849,Southeastern conifer forests,N. American forest,,3951,0.3507,13,78,3,75,10,0.0385,0.2308,0.0659,0.8429,0.1427,0.2441
phase21_B_λ4,tcd_tile_285,"Sao Tome, Principe and Annobon moist lowland forests",Other,,1456,0.3507,5,224,3,221,2,0.0134,0.6,0.0262,0.979,0.4244,0.5921
phase21_B_λ4,tcd_tile_2850,Willamette Valley forests,N. American forest,,2893,0.3507,8,29,2,27,6,0.069,0.25,0.1081,0.0208,0.0597,0.0308
phase21_B_λ4,tcd_tile_2851,Northern Zanzibar-Inhambane coastal forest mosaic,African tropical forest,,3948,0.3507,57,766,44,722,13,0.0574,0.7719,0.1069,0.9512,0.5303,0.681
phase21_B_λ4,tcd_tile_2852,Po Basin mixed forests,Other,,1600,0.3507,50,26,11,15,39,0.4231,0.22,0.2895,0.6928,0.1456,0.2407
phase21_B_λ4,tcd_tile_2853,Upper Midwest forest-savanna transition,N. American forest,,1626,0.3507,145,211,77,134,68,0.3649,0.531,0.4326,0.8462,0.3438,0.4889
phase21_B_λ4,tcd_tile_2854,Western Guinean lowland forests,African tropical forest,,1612,0.3507,64,29,18,11,46,0.6207,0.2812,0.3871,0.6988,0.4135,0.5195
phase21_B_λ4,tcd_tile_2855,Cerrado,Latin American forest,,460,0.3507,23,46,19,27,4,0.413,0.8261,0.5507,0.7232,0.1111,0.1926
phase21_B_λ4,tcd_tile_2856,Hispaniolan moist forests,SE Asian & Pacific rainforest,,4685,0.3507,14,51,3,48,11,0.0588,0.2143,0.0923,0.028,0.2254,0.0497
phase21_B_λ4,tcd_tile_2857,Bahia coastal forests,Latin American forest,,1417,0.3507,2,256,2,254,0,0.0078,1.0,0.0155,0.9987,0.4512,0.6216
phase21_B_λ4,tcd_tile_2858,Central European mixed forests,European forest,,4059,0.3507,49,40,20,20,29,0.5,0.4082,0.4494,0.6486,0.4122,0.5041
phase21_B_λ4,tcd_tile_2859,Celtic broadleaf forests,European forest,,1738,0.3507,26,40,10,30,16,0.25,0.3846,0.303,0.5986,0.1233,0.2045
phase21_B_λ4,tcd_tile_286,East European forest steppe,European forest,,2263,0.3507,83,192,80,112,3,0.4167,0.9639,0.5818,0.6296,0.4588,0.5308
phase21_B_λ4,tcd_tile_2860,North Central Rockies forests,N. American forest,,2051,0.3507,2,278,2,276,0,0.0072,1.0,0.0143,0.9864,0.3853,0.5542
phase21_B_λ4,tcd_tile_2861,Lesser Sundas deciduous forests,SE Asian & Pacific rainforest,,1924,0.3507,26,183,8,175,18,0.0437,0.3077,0.0766,0.9142,0.2281,0.3651
phase21_B_λ4,tcd_tile_2862,Cerrado,Latin American forest,,624,0.3507,173,180,52,128,121,0.2889,0.3006,0.2946,0.5041,0.1811,0.2664
phase21_B_λ4,tcd_tile_2863,Northern Zanzibar-Inhambane coastal forest mosaic,African tropical forest,,611,0.3507,170,389,109,280,61,0.2802,0.6412,0.39,0.758,0.4721,0.5818
phase21_B_λ4,tcd_tile_2864,Madeira-Tapajós moist forests,Latin American forest,,5,0.3507,1,336,1,335,0,0.003,1.0,0.0059,0.9999,0.4696,0.6391
phase21_B_λ4,tcd_tile_2865,Upper Midwest forest-savanna transition,N. American forest,,4712,0.3507,53,75,29,46,24,0.3867,0.5472,0.4531,0.8434,0.157,0.2648
phase21_B_λ4,tcd_tile_2866,Maputaland coastal forest mosaic,African tropical forest,,612,0.3507,21,6,3,3,18,0.5,0.1429,0.2222,0.6013,0.2757,0.378
phase21_B_λ4,tcd_tile_2867,Hispaniolan dry forests,Other,,4355,0.3507,110,154,75,79,35,0.487,0.6818,0.5682,0.755,0.7139,0.7339
phase21_B_λ4,tcd_tile_2868,Changjiang Plain evergreen forests,Other,,2760,0.3507,76,47,24,23,52,0.5106,0.3158,0.3902,0.5148,0.1332,0.2116
phase21_B_λ4,tcd_tile_2869,Southern Great Lakes forests,N. American forest,,2477,0.3507,34,29,13,16,21,0.4483,0.3824,0.4127,0.6835,0.3057,0.4225
phase21_B_λ4,tcd_tile_287,,Other,,3279,0.3507,0,8,0,8,0,0.0,0.0,0.0,0.0,0.0,0.0
phase21_B_λ4,tcd_tile_2870,Uatuma-Trombetas moist forests,Latin American forest,,3274,0.3507,85,168,27,141,58,0.1607,0.3176,0.2134,0.8918,0.2141,0.3454
phase21_B_λ4,tcd_tile_2871,Northern Zanzibar-Inhambane coastal forest mosaic,African tropical forest,,1398,0.3507,6,84,5,79,1,0.0595,0.8333,0.1111,0.9857,0.5779,0.7286
phase21_B_λ4,tcd_tile_2872,Central Indochina dry forests,Other,,4515,0.3507,99,147,43,104,56,0.2925,0.4343,0.3496,0.8551,0.256,0.3941
phase21_B_λ4,tcd_tile_2873,South Siberian forest steppe,Other,,547,0.3507,98,114,56,58,42,0.4912,0.5714,0.5283,0.7525,0.7067,0.7289
phase21_B_λ4,tcd_tile_2874,Northern Zanzibar-Inhambane coastal forest mosaic,African tropical forest,,1512,0.3507,31,224,27,197,4,0.1205,0.871,0.2118,0.7393,0.3826,0.5042
phase21_B_λ4,tcd_tile_2875,Hispaniolan moist forests,SE Asian & Pacific rainforest,,4259,0.3507,74,119,17,102,57,0.1429,0.2297,0.1762,0.3868,0.1158,0.1783
phase21_B_λ4,tcd_tile_2876,Pannonian mixed forests,European forest,,1887,0.3507,1,1,1,0,0,1.0,1.0,1.0,0.998,0.2034,0.3379
phase21_B_λ4,tcd_tile_2877,Alto Paraná Atlantic forests,Other,,4065,0.3507,96,68,35,33,61,0.5147,0.3646,0.4268,0.7062,0.5423,0.6135
phase21_B_λ4,tcd_tile_2878,Northern Zanzibar-Inhambane coastal forest mosaic,African tropical forest,,3915,0.3507,195,249,175,74,20,0.7028,0.8974,0.7883,0.9071,0.6732,0.7728
phase21_B_λ4,tcd_tile_2879,East European forest steppe,European forest,,2956,0.3507,49,183,41,142,8,0.224,0.8367,0.3534,0.6006,0.2759,0.3781
phase21_B_λ4,tcd_tile_288,Northern Zanzibar-Inhambane coastal forest mosaic,African tropical forest,,822,0.3507,15,160,8,152,7,0.05,0.5333,0.0914,0.9788,0.0824,0.1521
phase21_B_λ4,tcd_tile_2880,Northern Zanzibar-Inhambane coastal forest mosaic,African tropical forest,,2684,0.3507,18,57,10,47,8,0.1754,0.5556,0.2667,0.31,0.4036,0.3506
phase21_B_λ4,tcd_tile_2881,Changjiang Plain evergreen forests,Other,,1281,0.3507,212,130,99,31,113,0.7615,0.467,0.5789,0.8778,0.2741,0.4177
phase21_B_λ4,tcd_tile_2882,Palawan rain forests,SE Asian & Pacific rainforest,,2569,0.3507,3,176,3,173,0,0.017,1.0,0.0335,0.9687,0.117,0.2087
phase21_B_λ4,tcd_tile_2883,Luzon rain forests,SE Asian & Pacific rainforest,,74,0.3507,85,18,13,5,72,0.7222,0.1529,0.2524,0.647,0.0467,0.0871
phase21_B_λ4,tcd_tile_2884,Mindanao-Eastern Visayas rain forests,SE Asian & Pacific rainforest,,3731,0.3507,150,250,47,203,103,0.188,0.3133,0.235,0.8875,0.2193,0.3517
phase21_B_λ4,tcd_tile_2885,Madeira-Tapajós moist forests,Latin American forest,,4105,0.3507,1,584,1,583,0,0.0017,1.0,0.0034,0.9996,0.3781,0.5486
phase21_B_λ4,tcd_tile_2886,Appalachian-Blue Ridge forests,N. American forest,,3426,0.3507,18,496,7,489,11,0.0141,0.3889,0.0272,0.914,0.4234,0.5788
phase21_B_λ4,tcd_tile_2887,Bahia coastal forests,Latin American forest,,1278,0.3507,90,91,24,67,66,0.2637,0.2667,0.2652,0.9846,0.1237,0.2197
phase21_B_λ4,tcd_tile_2888,Eastern Guinean forests,African tropical forest,,2990,0.3507,15,13,3,10,12,0.2308,0.2,0.2143,0.3356,0.0312,0.0571
phase21_B_λ4,tcd_tile_2889,Atlantic mixed forests,European forest,,190,0.3507,3,420,3,417,0,0.0071,1.0,0.0142,0.984,0.4553,0.6226
phase21_B_λ4,tcd_tile_289,Carpathian montane forests,Other,,3939,0.3507,44,185,11,174,33,0.0595,0.25,0.0961,0.9885,0.4562,0.6243
phase21_B_λ4,tcd_tile_2890,,Other,,2804,0.3507,0,21,0,21,0,0.0,0.0,0.0,0.0,0.0,0.0
phase21_B_λ4,tcd_tile_2891,Upper Gangetic Plains moist deciduous forests,Other,,2078,0.3507,44,53,19,34,25,0.3585,0.4318,0.3918,0.9613,0.2839,0.4383
phase21_B_λ4,tcd_tile_2892,Appalachian mixed mesophytic forests,Other,,1678,0.3507,2,65,2,63,0,0.0308,1.0,0.0597,0.9408,0.4299,0.5901
phase21_B_λ4,tcd_tile_2893,Northwestern Andean montane forests,Latin American forest,,1001,0.3507,17,126,2,124,15,0.0159,0.1176,0.028,0.0941,0.723,0.1665
phase21_B_λ4,tcd_tile_2894,,Other,,3086,0.3507,1,29,1,28,0,0.0345,1.0,0.0667,0.8636,0.1393,0.24
phase21_B_λ4,tcd_tile_2895,Sarmatic mixed forests,European forest,,3325,0.3507,15,129,8,121,7,0.062,0.5333,0.1111,0.7864,0.119,0.2067
phase21_B_λ4,tcd_tile_2896,Northern Zanzibar-Inhambane coastal forest mosaic,African tropical forest,,4811,0.3507,221,246,79,167,142,0.3211,0.3575,0.3383,0.9222,0.2599,0.4055
phase21_B_λ4,tcd_tile_2897,Northern Zanzibar-Inhambane coastal forest mosaic,African tropical forest,,222,0.3507,0,0,0,0,0,0.0,0.0,0.0,0.0,0.0,0.0
phase21_B_λ4,tcd_tile_2898,,Other,,1121,0.3507,2,4,0,4,2,0.0,0.0,0.0,0.0,0.0,0.0
phase21_B_λ4,tcd_tile_2899,Central U.S. hardwood forests,N. American forest,,2814,0.3507,15,25,11,14,4,0.44,0.7333,0.55,0.7685,0.3543,0.485
phase21_B_λ4,tcd_tile_29,West Sudanian savanna,Arid / dryland,,1295,0.3507,85,210,60,150,25,0.2857,0.7059,0.4068,0.7506,0.288,0.4163
phase21_B_λ4,tcd_tile_290,Sarmatic mixed forests,European forest,,3494,0.3507,36,96,21,75,15,0.2188,0.5833,0.3182,0.9086,0.2877,0.4371
phase21_B_λ4,tcd_tile_2900,Northern Zanzibar-Inhambane coastal forest mosaic,African tropical forest,,350,0.3507,8,201,3,198,5,0.0149,0.375,0.0287,0.7365,0.0754,0.1369
phase21_B_λ4,tcd_tile_2901,Brigalow tropical savanna,Other,,442,0.3507,25,44,9,35,16,0.2045,0.36,0.2609,0.223,0.3383,0.2688
phase21_B_λ4,tcd_tile_2902,Northern Zanzibar-Inhambane coastal forest mosaic,African tropical forest,,3990,0.3507,183,315,108,207,75,0.3429,0.5902,0.4337,0.8272,0.5454,0.6574
phase21_B_λ4,tcd_tile_2903,Pannonian mixed forests,European forest,,2728,0.3507,31,33,18,15,13,0.5455,0.5806,0.5625,0.9856,0.1115,0.2003
phase21_B_λ4,tcd_tile_2904,,Other,,1749,0.3507,0,96,0,96,0,0.0,0.0,0.0,0.0,0.0,0.0
phase21_B_λ4,tcd_tile_2905,Palawan rain forests,SE Asian & Pacific rainforest,,3006,0.3507,17,618,5,613,12,0.0081,0.2941,0.0157,0.987,0.2781,0.434
phase21_B_λ4,tcd_tile_2906,Crimean Submediterranean forest complex,Other,,4164,0.3507,93,197,42,155,51,0.2132,0.4516,0.2897,0.9186,0.3022,0.4548
phase21_B_λ4,tcd_tile_2907,Alps conifer and mixed forests,European forest,,4765,0.3507,1,9,1,8,0,0.1111,1.0,0.2,0.5705,0.0305,0.058
phase21_B_λ4,tcd_tile_2908,Hispaniolan dry forests,Other,,2493,0.3507,92,147,63,84,29,0.4286,0.6848,0.5272,0.619,0.4082,0.492
phase21_B_λ4,tcd_tile_2909,Northern California coastal forests,N. American forest,,2004,0.3507,18,1,1,0,17,1.0,0.0556,0.1053,0.9924,0.0506,0.0962
phase21_B_λ4,tcd_tile_291,Central Indochina dry forests,Other,,4769,0.3507,86,217,46,171,40,0.212,0.5349,0.3036,0.7601,0.1118,0.1949
phase21_B_λ4,tcd_tile_2910,Alps conifer and mixed forests,European forest,,2576,0.3507,26,6,2,4,24,0.3333,0.0769,0.125,0.4957,0.0723,0.1262
phase21_B_λ4,tcd_tile_2911,Hispaniolan moist forests,SE Asian & Pacific rainforest,,4782,0.3507,36,69,13,56,23,0.1884,0.3611,0.2476,0.213,0.6961,0.3261
phase21_B_λ4,tcd_tile_2912,Northern Zanzibar-Inhambane coastal forest mosaic,African tropical forest,,3825,0.3507,26,39,11,28,15,0.2821,0.4231,0.3385,0.6558,0.2422,0.3538
phase21_B_λ4,tcd_tile_2913,Southern Zanzibar-Inhambane coastal forest mosaic,African tropical forest,,1132,0.3507,129,219,47,172,82,0.2146,0.3643,0.2701,0.8349,0.3913,0.5329
phase21_B_λ4,tcd_tile_2914,Balkan mixed forests,European forest,,3177,0.3507,202,164,84,80,118,0.5122,0.4158,0.459,0.8075,0.5212,0.6335
phase21_B_λ4,tcd_tile_2915,Rodope montane mixed forests,European forest,,4415,0.3507,73,234,21,213,52,0.0897,0.2877,0.1368,0.9532,0.3639,0.5267
phase21_B_λ4,tcd_tile_2916,Northern Zanzibar-Inhambane coastal forest mosaic,African tropical forest,,3988,0.3507,54,43,21,22,33,0.4884,0.3889,0.433,0.9654,0.332,0.4941
phase21_B_λ4,tcd_tile_2917,Southern Zanzibar-Inhambane coastal forest mosaic,African tropical forest,,1163,0.3507,3,6,1,5,2,0.1667,0.3333,0.2222,0.0292,0.2284,0.0518
phase21_B_λ4,tcd_tile_2918,East European forest steppe,European forest,,4845,0.3507,12,220,5,215,7,0.0227,0.4167,0.0431,0.9131,0.2433,0.3842
phase21_B_λ4,tcd_tile_2919,Irrawaddy moist deciduous forests,Other,,122,0.3507,56,36,11,25,45,0.3056,0.1964,0.2391,0.8857,0.1783,0.2968
phase21_B_λ4,tcd_tile_292,Himalayan subtropical broadleaf forests,Other,,4535,0.3507,0,53,0,53,0,0.0,0.0,0.0,0.0,0.0,0.0
phase21_B_λ4,tcd_tile_2920,Sierra Nevada forests,N. American forest,,2481,0.3507,70,119,44,75,26,0.3697,0.6286,0.4656,0.8776,0.5549,0.6799
phase21_B_λ4,tcd_tile_2921,Upper Gangetic Plains moist deciduous forests,Other,,2781,0.3507,176,157,76,81,100,0.4841,0.4318,0.4565,0.826,0.617,0.7063
phase21_B_λ4,tcd_tile_2922,Irrawaddy moist deciduous forests,Other,,226,0.3507,63,40,18,22,45,0.45,0.2857,0.3495,0.8698,0.1227,0.2151
phase21_B_λ4,tcd_tile_2923,Southeastern Indochina dry evergreen forests,Other,,2584,0.3507,3,289,3,286,0,0.0104,1.0,0.0205,0.9254,0.21,0.3423
phase21_B_λ4,tcd_tile_2924,Northern Zanzibar-Inhambane coastal forest mosaic,African tropical forest,,2126,0.3507,85,80,36,44,49,0.45,0.4235,0.4364,0.8469,0.1815,0.2989
phase21_B_λ4,tcd_tile_2925,English Lowlands beech forests,European forest,,1297,0.3507,19,65,15,50,4,0.2308,0.7895,0.3571,0.6999,0.3104,0.43
phase21_B_λ4,tcd_tile_2926,Greater Negros-Panay rain forests,SE Asian & Pacific rainforest,,3232,0.3507,40,14,8,6,32,0.5714,0.2,0.2963,0.7715,0.1956,0.312
phase21_B_λ4,tcd_tile_2927,Vanuatu rain forests,Other,,2360,0.3507,11,15,1,14,10,0.0667,0.0909,0.0769,0.0736,0.0008,0.0016
phase21_B_λ4,tcd_tile_2928,Eastern Java-Bali montane rain forests,Other,,2268,0.3507,70,168,39,129,31,0.2321,0.5571,0.3277,0.7815,0.3549,0.4881
phase21_B_λ4,tcd_tile_2929,Granitic Seychelles forests,Other,,2959,0.3507,94,451,60,391,34,0.133,0.6383,0.2202,0.7803,0.4813,0.5954
phase21_B_λ4,tcd_tile_293,Vanuatu rain forests,Other,,3309,0.3507,16,9,2,7,14,0.2222,0.125,0.16,0.4554,0.0059,0.0117
phase21_B_λ4,tcd_tile_2930,Northern Zanzibar-Inhambane coastal forest mosaic,African tropical forest,,3416,0.3507,132,66,58,8,74,0.8788,0.4394,0.5859,0.9264,0.5376,0.6804
phase21_B_λ4,tcd_tile_2931,Peruvian Yungas,Latin American forest,,1962,0.3507,41,122,11,111,30,0.0902,0.2683,0.135,0.5308,0.1694,0.2568
phase21_B_λ4,tcd_tile_2932,Luzon rain forests,SE Asian & Pacific rainforest,,3705,0.3507,22,29,13,16,9,0.4483,0.5909,0.5098,0.9745,0.1938,0.3234
phase21_B_λ4,tcd_tile_2933,Northern Zanzibar-Inhambane coastal forest mosaic,African tropical forest,,1308,0.3507,22,13,9,4,13,0.6923,0.4091,0.5143,0.9235,0.197,0.3247
phase21_B_λ4,tcd_tile_2934,Northern Zanzibar-Inhambane coastal forest mosaic,African tropical forest,,123,0.3507,111,250,83,167,28,0.332,0.7477,0.4598,0.7413,0.3814,0.5037
phase21_B_λ4,tcd_tile_2935,Sarmatic mixed forests,European forest,,4218,0.3507,2,200,2,198,0,0.01,1.0,0.0198,0.9872,0.3397,0.5055
phase21_B_λ4,tcd_tile_2936,South Central Rockies forests,Other,,4211,0.3507,77,114,65,49,12,0.5702,0.8442,0.6806,0.4778,0.8301,0.6065
phase21_B_λ4,tcd_tile_2937,,Other,,388,0.3507,15,10,1,9,14,0.1,0.0667,0.08,0.3567,0.0598,0.1024
phase21_B_λ4,tcd_tile_2938,Central forest-grasslands transition,Other,,1167,0.3507,65,56,35,21,30,0.625,0.5385,0.5785,0.8381,0.3006,0.4425
phase21_B_λ4,tcd_tile_2939,Central Andean puna,Other,,642,0.3507,19,4,3,1,16,0.75,0.1579,0.2609,0.7917,0.0591,0.1099
phase21_B_λ4,tcd_tile_294,Huang He Plain mixed forests,Other,,1436,0.3507,183,130,78,52,105,0.6,0.4262,0.4984,0.6245,0.446,0.5204
phase21_B_λ4,tcd_tile_2940,East African montane forests,African tropical forest,,3026,0.3507,80,206,22,184,58,0.1068,0.275,0.1538,0.8941,0.2078,0.3373
phase21_B_λ4,tcd_tile_2941,Northern Zanzibar-Inhambane coastal forest mosaic,African tropical forest,,208,0.3507,117,57,37,20,80,0.6491,0.3162,0.4253,0.7539,0.2537,0.3796
phase21_B_λ4,tcd_tile_2942,Northern Zanzibar-Inhambane coastal forest mosaic,African tropical forest,,2926,0.3507,92,59,35,24,57,0.5932,0.3804,0.4636,0.7747,0.2252,0.3489
phase21_B_λ4,tcd_tile_2943,Northern Zanzibar-Inhambane coastal forest mosaic,African tropical forest,,313,0.3507,189,241,100,141,89,0.4149,0.5291,0.4651,0.8384,0.1571,0.2646
phase21_B_λ4,tcd_tile_2944,Sarmatic mixed forests,European forest,,3189,0.3507,11,5,1,4,10,0.2,0.0909,0.125,0.308,0.3419,0.324
phase21_B_λ4,tcd_tile_2945,North Central Rockies forests,N. American forest,,4132,0.3507,24,12,2,10,22,0.1667,0.0833,0.1111,0.9913,0.1235,0.2197
phase21_B_λ4,tcd_tile_2946,Western Guinean lowland forests,African tropical forest,,2403,0.3507,38,24,9,15,29,0.375,0.2368,0.2903,0.3319,0.2109,0.2579
phase21_B_λ4,tcd_tile_2947,Atlantic mixed forests,European forest,,3143,0.3507,15,9,7,2,8,0.7778,0.4667,0.5833,0.7508,0.5452,0.6317
phase21_B_λ4,tcd_tile_2948,,Other,,1725,0.3507,245,215,130,85,115,0.6047,0.5306,0.5652,0.7571,0.6555,0.7027
phase21_B_λ4,tcd_tile_2949,Crimean Submediterranean forest complex,Other,,2726,0.3507,92,131,49,82,43,0.374,0.5326,0.4395,0.7313,0.3802,0.5002
phase21_B_λ4,tcd_tile_295,Central European mixed forests,European forest,,4574,0.3507,67,81,33,48,34,0.4074,0.4925,0.4459,0.6908,0.256,0.3736
phase21_B_λ4,tcd_tile_2950,Mindanao-Eastern Visayas rain forests,SE Asian & Pacific rainforest,,2783,0.3507,40,53,7,46,33,0.1321,0.175,0.1505,0.9572,0.0393,0.0756
phase21_B_λ4,tcd_tile_2951,Eastern Australian temperate forests,Other,,2384,0.3507,83,35,25,10,58,0.7143,0.3012,0.4237,0.9081,0.1532,0.2621
phase21_B_λ4,tcd_tile_2952,Snake-Columbia shrub steppe,Other,,1307,0.3507,61,65,37,28,24,0.5692,0.6066,0.5873,0.8749,0.46,0.603
phase21_B_λ4,tcd_tile_2953,Northern Zanzibar-Inhambane coastal forest mosaic,African tropical forest,,3055,0.3507,54,26,15,11,39,0.5769,0.2778,0.375,0.6299,0.1956,0.2985
phase21_B_λ4,tcd_tile_2954,New England-Acadian forests,N. American forest,,1440,0.3507,7,362,3,359,4,0.0083,0.4286,0.0163,0.9833,0.3461,0.5119
phase21_B_λ4,tcd_tile_2955,Himalayan subtropical broadleaf forests,Other,,2170,0.3507,124,157,63,94,61,0.4013,0.5081,0.4484,0.5078,0.3728,0.43
phase21_B_λ4,tcd_tile_2956,Western European broadleaf forests,European forest,,1031,0.3507,16,118,2,116,14,0.0169,0.125,0.0299,0.905,0.413,0.5672
phase21_B_λ4,tcd_tile_2957,Balkan mixed forests,European forest,,1344,0.3507,20,72,9,63,11,0.125,0.45,0.1957,0.2225,0.2285,0.2255
phase21_B_λ4,tcd_tile_2958,North Central Rockies forests,N. American forest,,2958,0.3507,0,0,0,0,0,0.0,0.0,0.0,0.0,0.0,0.0
phase21_B_λ4,tcd_tile_2959,,Other,,111,0.3507,95,33,19,14,76,0.5758,0.2,0.2969,0.6772,0.1188,0.2021
phase21_B_λ4,tcd_tile_296,Taiheiyo evergreen forests,Other,,3776,0.3507,1,352,1,351,0,0.0028,1.0,0.0057,0.9739,0.4857,0.6482
phase21_B_λ4,tcd_tile_2960,Southern Zanzibar-Inhambane coastal forest mosaic,African tropical forest,,4588,0.3507,110,30,20,10,90,0.6667,0.1818,0.2857,0.9712,0.1281,0.2264
phase21_B_λ4,tcd_tile_2961,Northern Zanzibar-Inhambane coastal forest mosaic,African tropical forest,,1747,0.3507,222,257,104,153,118,0.4047,0.4685,0.4342,0.9554,0.2503,0.3966
phase21_B_λ4,tcd_tile_2962,Eastern Guinean forests,African tropical forest,,2889,0.3507,38,10,5,5,33,0.5,0.1316,0.2083,0.8089,0.0226,0.044
phase21_B_λ4,tcd_tile_2963,East European forest steppe,European forest,,365,0.3507,28,199,18,181,10,0.0905,0.6429,0.1586,0.8104,0.4873,0.6086
phase21_B_λ4,tcd_tile_2964,Southern Great Lakes forests,N. American forest,,4818,0.3507,57,273,43,230,14,0.1575,0.7544,0.2606,0.8768,0.6013,0.7133
phase21_B_λ4,tcd_tile_2965,Bolivian montane dry forests,Latin American forest,,2094,0.3507,38,42,15,27,23,0.3571,0.3947,0.375,0.389,0.5759,0.4643
phase21_B_λ4,tcd_tile_2966,Atlantic dry forests,Other,,499,0.3507,331,180,130,50,201,0.7222,0.3927,0.5088,0.7936,0.4115,0.542
phase21_B_λ4,tcd_tile_2967,Crimean Submediterranean forest complex,Other,,1965,0.3507,45,49,17,32,28,0.3469,0.3778,0.3617,0.5479,0.3123,0.3979
phase21_B_λ4,tcd_tile_2968,,Other,,1498,0.3507,0,49,0,49,0,0.0,0.0,0.0,0.0,0.0,0.0
phase21_B_λ4,tcd_tile_2969,Timor and Wetar deciduous forests,SE Asian & Pacific rainforest,,3728,0.3507,44,207,33,174,11,0.1594,0.75,0.2629,0.8944,0.2997,0.4489
phase21_B_λ4,tcd_tile_297,,Other,,782,0.3507,65,585,22,563,43,0.0376,0.3385,0.0677,0.9888,0.409,0.5787
phase21_B_λ4,tcd_tile_2970,Central Indochina dry forests,Other,,4914,0.3507,105,423,76,347,29,0.1797,0.7238,0.2879,0.8523,0.4832,0.6168
phase21_B_λ4,tcd_tile_2971,,Other,,3182,0.3507,1,197,1,196,0,0.0051,1.0,0.0101,0.9998,0.1757,0.2989
phase21_B_λ4,tcd_tile_2972,Northern Zanzibar-Inhambane coastal forest mosaic,African tropical forest,,2445,0.3507,8,384,7,377,1,0.0182,0.875,0.0357,0.9727,0.3571,0.5224
phase21_B_λ4,tcd_tile_2973,Central and Southern mixed grasslands,Other,,4,0.3507,45,87,30,57,15,0.3448,0.6667,0.4545,0.8733,0.1659,0.2788
phase21_B_λ4,tcd_tile_2974,Central Indochina dry forests,Other,,4747,0.3507,62,197,42,155,20,0.2132,0.6774,0.3243,0.8759,0.2823,0.4269
phase21_B_λ4,tcd_tile_2975,Northern Zanzibar-Inhambane coastal forest mosaic,African tropical forest,,3804,0.3507,64,69,19,50,45,0.2754,0.2969,0.2857,0.8358,0.1298,0.2247
phase21_B_λ4,tcd_tile_2976,Central European mixed forests,European forest,,2661,0.3507,73,102,37,65,36,0.3627,0.5068,0.4229,0.824,0.3734,0.5139
phase21_B_λ4,tcd_tile_2977,Ucayali moist forests,Latin American forest,,2627,0.3507,62,386,25,361,37,0.0648,0.4032,0.1116,0.8566,0.3596,0.5065
phase21_B_λ4,tcd_tile_2978,English Lowlands beech forests,European forest,,1418,0.3507,2,17,2,15,0,0.1176,1.0,0.2105,0.7365,0.5204,0.6099
phase21_B_λ4,tcd_tile_2979,Appalachian-Blue Ridge forests,N. American forest,,2834,0.3507,135,126,39,87,96,0.3095,0.2889,0.2989,0.7918,0.4334,0.5602
phase21_B_λ4,tcd_tile_298,Central European mixed forests,European forest,,3758,0.3507,9,163,8,155,1,0.0491,0.8889,0.093,0.912,0.3191,0.4728
phase21_B_λ4,tcd_tile_2980,Bolivian montane dry forests,Latin American forest,,4342,0.3507,32,129,22,107,10,0.1705,0.6875,0.2733,0.2589,0.5044,0.3422
phase21_B_λ4,tcd_tile_2981,Sierra Nevada forests,N. American forest,,1334,0.3507,142,129,106,23,36,0.8217,0.7465,0.7823,0.7713,0.7908,0.7809
phase21_B_λ4,tcd_tile_2982,Himalayan subtropical broadleaf forests,Other,,1454,0.3507,95,498,67,431,28,0.1345,0.7053,0.226,0.895,0.3284,0.4805
phase21_B_λ4,tcd_tile_2983,Eastern forest-boreal transition,Other,,1771,0.3507,1,1141,1,1140,0,0.0009,1.0,0.0018,0.9988,0.4057,0.577
phase21_B_λ4,tcd_tile_2984,Northern Zanzibar-Inhambane coastal forest mosaic,African tropical forest,,1291,0.3507,90,98,45,53,45,0.4592,0.5,0.4787,0.8899,0.1944,0.3191
phase21_B_λ4,tcd_tile_2985,,Other,,585,0.3507,35,18,10,8,25,0.5556,0.2857,0.3774,0.4498,0.2966,0.3575
phase21_B_λ4,tcd_tile_2986,Northern Zanzibar-Inhambane coastal forest mosaic,African tropical forest,,3493,0.3507,185,225,72,153,113,0.32,0.3892,0.3512,0.7688,0.3058,0.4375
phase21_B_λ4,tcd_tile_2987,Western European broadleaf forests,European forest,,3919,0.3507,2,7,1,6,1,0.1429,0.5,0.2222,0.0899,0.0241,0.038
phase21_B_λ4,tcd_tile_2988,Cerrado,Latin American forest,,1074,0.3507,1,1,1,0,0,1.0,1.0,1.0,0.7285,0.9111,0.8097
phase21_B_λ4,tcd_tile_2989,Luzon rain forests,SE Asian & Pacific rainforest,,2000,0.3507,17,54,1,53,16,0.0185,0.0588,0.0282,0.9995,0.0277,0.054
phase21_B_λ4,tcd_tile_299,Sulawesi lowland rain forests,SE Asian & Pacific rainforest,,4752,0.3507,16,424,9,415,7,0.0212,0.5625,0.0409,0.9187,0.2623,0.4081
phase21_B_λ4,tcd_tile_2990,Sierra Nevada forests,N. American forest,,2669,0.3507,146,41,25,16,121,0.6098,0.1712,0.2674,0.6021,0.3361,0.4314
phase21_B_λ4,tcd_tile_2991,East European forest steppe,European forest,,4169,0.3507,18,4,2,2,16,0.5,0.1111,0.1818,0.4209,0.0279,0.0523
phase21_B_λ4,tcd_tile_2992,Northern Zanzibar-Inhambane coastal forest mosaic,African tropical forest,,4144,0.3507,230,112,77,35,153,0.6875,0.3348,0.4503,0.8786,0.2006,0.3266
phase21_B_λ4,tcd_tile_2993,Northwestern Andean montane forests,Latin American forest,,908,0.3507,3,14,0,14,3,0.0,0.0,0.0,0.0,0.0,0.0
phase21_B_λ4,tcd_tile_2994,Sarmatic mixed forests,European forest,,4427,0.3507,36,10,4,6,32,0.4,0.1111,0.1739,0.4958,0.0508,0.0922
phase21_B_λ4,tcd_tile_2995,Western Siberian hemiboreal forests,Other,,3091,0.3507,20,39,8,31,12,0.2051,0.4,0.2712,0.3702,0.0988,0.1559
phase21_B_λ4,tcd_tile_2996,Northeastern Spain and Southern France Mediterranean forests,Other,,1030,0.3507,159,430,85,345,74,0.1977,0.5346,0.2886,0.892,0.3614,0.5144
phase21_B_λ4,tcd_tile_2997,Mindanao-Eastern Visayas rain forests,SE Asian & Pacific rainforest,,3729,0.3507,53,68,11,57,42,0.1618,0.2075,0.1818,0.9419,0.0416,0.0798
phase21_B_λ4,tcd_tile_2998,Himalayan subtropical pine forests,Other,,4617,0.3507,0,473,0,473,0,0.0,0.0,0.0,0.0,0.0,0.0
phase21_B_λ4,tcd_tile_2999,Central European mixed forests,European forest,,853,0.3507,39,92,27,65,12,0.2935,0.6923,0.4122,0.6773,0.3396,0.4524
phase21_B_λ4,tcd_tile_3,Chilean matorral,Arid / dryland,,2,0.3507,0,1,0,1,0,0.0,0.0,0.0,0.0,0.0,0.0
phase21_B_λ4,tcd_tile_30,West Sudanian savanna,Arid / dryland,,847,0.3507,10,36,4,32,6,0.1111,0.4,0.1739,0.0947,0.5481,0.1616
phase21_B_λ4,tcd_tile_300,Scandinavian and Russian taiga,Other,,759,0.3507,45,108,19,89,26,0.1759,0.4222,0.2484,0.6395,0.1899,0.2929
phase21_B_λ4,tcd_tile_3000,Central Andean dry puna,Other,,494,0.3507,0,42,0,42,0,0.0,0.0,0.0,0.0,0.0,0.0
phase21_B_λ4,tcd_tile_3001,Eastern Guinean forests,African tropical forest,,3129,0.3507,5,28,3,25,2,0.1071,0.6,0.1818,0.8366,0.0875,0.1585
phase21_B_λ4,tcd_tile_3002,Eastern forest-boreal transition,Other,,4096,0.3507,1,256,1,255,0,0.0039,1.0,0.0078,0.9984,0.3587,0.5278
phase21_B_λ4,tcd_tile_3003,Sarmatic mixed forests,European forest,,874,0.3507,6,149,4,145,2,0.0268,0.6667,0.0516,0.9504,0.4649,0.6243
phase21_B_λ4,tcd_tile_3004,Northeastern coastal forests,N. American forest,,1280,0.3507,114,169,48,121,66,0.284,0.4211,0.3392,0.6007,0.6384,0.619
phase21_B_λ4,tcd_tile_3005,Cerrado,Latin American forest,,763,0.3507,0,1,0,1,0,0.0,0.0,0.0,0.0,0.0,0.0
phase21_B_λ4,tcd_tile_3006,Vanuatu rain forests,Other,,2388,0.3507,25,633,22,611,3,0.0348,0.88,0.0669,0.9856,0.4109,0.5799
phase21_B_λ4,tcd_tile_3007,Northern Zanzibar-Inhambane coastal forest mosaic,African tropical forest,,892,0.3507,77,76,38,38,39,0.5,0.4935,0.4967,0.8016,0.1692,0.2794
phase21_B_λ4,tcd_tile_3008,Central African mangroves,African tropical forest,,4241,0.3507,0,108,0,108,0,0.0,0.0,0.0,0.0,0.0,0.0
phase21_B_λ4,tcd_tile_3009,Southeast Australia temperate forests,Other,,1781,0.3507,57,291,15,276,42,0.0515,0.2632,0.0862,0.9468,0.2949,0.4497
phase21_B_λ4,tcd_tile_301,Balsas dry forests,Other,,3119,0.3507,112,20,10,10,102,0.5,0.0893,0.1515,0.6481,0.0422,0.0792
phase21_B_λ4,tcd_tile_3010,Sarmatic mixed forests,European forest,,69,0.3507,5,89,1,88,4,0.0112,0.2,0.0213,0.0179,0.3662,0.0342
phase21_B_λ4,tcd_tile_3011,Mindanao-Eastern Visayas rain forests,SE Asian & Pacific rainforest,,3246,0.3507,9,508,7,501,2,0.0138,0.7778,0.0271,0.9632,0.2932,0.4495
phase21_B_λ4,tcd_tile_3012,,Other,,581,0.3507,191,172,82,90,109,0.4767,0.4293,0.4518,0.9177,0.1914,0.3167
phase21_B_λ4,tcd_tile_3013,East European forest steppe,European forest,,3796,0.3507,155,196,122,74,33,0.6224,0.7871,0.6952,0.7805,0.616,0.6886
phase21_B_λ4,tcd_tile_3014,Luzon rain forests,SE Asian & Pacific rainforest,,4389,0.3507,93,210,28,182,65,0.1333,0.3011,0.1848,0.8242,0.3381,0.4795
phase21_B_λ4,tcd_tile_3015,,Other,,1805,0.3507,32,44,15,29,17,0.3409,0.4688,0.3947,0.4024,0.7169,0.5155
phase21_B_λ4,tcd_tile_3016,Balsas dry forests,Other,,2119,0.3507,153,40,25,15,128,0.625,0.1634,0.2591,0.6902,0.1314,0.2207
phase21_B_λ4,tcd_tile_3017,Willamette Valley forests,N. American forest,,3601,0.3507,46,44,13,31,33,0.2955,0.2826,0.2889,0.1628,0.2287,0.1902
phase21_B_λ4,tcd_tile_3018,Eastern Great Lakes lowland forests,N. American forest,,3149,0.3507,1,42,0,42,1,0.0,0.0,0.0,0.0,0.0,0.0
phase21_B_λ4,tcd_tile_3019,Eastern Guinean forests,African tropical forest,,3592,0.3507,2,5,1,4,1,0.2,0.5,0.2857,0.5196,0.8548,0.6463
phase21_B_λ4,tcd_tile_302,Central Indochina dry forests,Other,,4540,0.3507,99,452,54,398,45,0.1195,0.5455,0.196,0.8914,0.2773,0.423
phase21_B_λ4,tcd_tile_3020,Mindanao-Eastern Visayas rain forests,SE Asian & Pacific rainforest,,2269,0.3507,43,24,11,13,32,0.4583,0.2558,0.3284,0.7883,0.2745,0.4072
phase21_B_λ4,tcd_tile_3021,Northern Zanzibar-Inhambane coastal forest mosaic,African tropical forest,,3455,0.3507,133,69,66,3,67,0.9565,0.4962,0.6535,0.8645,0.7162,0.7834
phase21_B_λ4,tcd_tile_3022,Eastern Guinean forests,African tropical forest,,1970,0.3507,82,99,34,65,48,0.3434,0.4146,0.3757,0.6168,0.4921,0.5475
phase21_B_λ4,tcd_tile_3023,Sumatran lowland rain forests,SE Asian & Pacific rainforest,,386,0.3507,33,384,7,377,26,0.0182,0.2121,0.0336,0.9921,0.2206,0.3609
phase21_B_λ4,tcd_tile_3024,Peruvian Yungas,Latin American forest,,2522,0.3507,112,113,22,91,90,0.1947,0.1964,0.1956,0.3625,0.5676,0.4424
phase21_B_λ4,tcd_tile_3025,Pannonian mixed forests,European forest,,5036,0.3507,82,154,47,107,35,0.3052,0.5732,0.3983,0.6771,0.3088,0.4242
phase21_B_λ4,tcd_tile_3026,Richmond temperate forests,Other,,3495,0.3507,36,55,21,34,15,0.3818,0.5833,0.4615,0.9084,0.2723,0.419
phase21_B_λ4,tcd_tile_3027,Western Guinean lowland forests,African tropical forest,,2270,0.3507,78,29,21,8,57,0.7241,0.2692,0.3925,0.7081,0.1918,0.3018
phase21_B_λ4,tcd_tile_3028,,Other,,2250,0.3507,0,96,0,96,0,0.0,0.0,0.0,0.0,0.0,0.0
phase21_B_λ4,tcd_tile_3029,Scandinavian coastal conifer forests,Other,,3816,0.3507,72,468,24,444,48,0.0513,0.3333,0.0889,0.9444,0.2665,0.4157
phase21_B_λ4,tcd_tile_303,Eastern Guinean forests,African tropical forest,,1470,0.3507,5,18,2,16,3,0.1111,0.4,0.1739,0.7666,0.0679,0.1247
phase21_B_λ4,tcd_tile_3030,Western European broadleaf forests,European forest,,166,0.3507,12,31,6,25,6,0.1935,0.5,0.2791,0.112,0.096,0.1034
phase21_B_λ4,tcd_tile_3031,Southern Zanzibar-Inhambane coastal forest mosaic,African tropical forest,,4332,0.3507,334,157,87,70,247,0.5541,0.2605,0.3544,0.8198,0.457,0.5868
phase21_B_λ4,tcd_tile_3032,Southern Zanzibar-Inhambane coastal forest mosaic,African tropical forest,,3704,0.3507,170,35,25,10,145,0.7143,0.1471,0.2439,0.7821,0.2927,0.426
phase21_B_λ4,tcd_tile_3033,Granitic Seychelles forests,Other,,2890,0.3507,62,591,43,548,19,0.0728,0.6935,0.1317,0.9341,0.4475,0.6051
phase21_B_λ4,tcd_tile_3034,Northern Zanzibar-Inhambane coastal forest mosaic,African tropical forest,,244,0.3507,22,51,15,36,7,0.2941,0.6818,0.411,0.8812,0.2836,0.4292
phase21_B_λ4,tcd_tile_3035,Caucasus mixed forests,European forest,,2887,0.3507,1,0,0,0,1,0.0,0.0,0.0,0.0,0.0,0.0
phase21_B_λ4,tcd_tile_3036,Caucasus mixed forests,European forest,,1647,0.3507,1,4,1,3,0,0.25,1.0,0.4,0.9976,0.0165,0.0325
phase21_B_λ4,tcd_tile_3037,Celtic broadleaf forests,European forest,,4850,0.3507,0,4,0,4,0,0.0,0.0,0.0,0.0,0.0,0.0
phase21_B_λ4,tcd_tile_3038,Western European broadleaf forests,European forest,,483,0.3507,32,297,32,265,0,0.1077,1.0,0.1945,0.8835,0.475,0.6178
phase21_B_λ4,tcd_tile_3039,Northern Anatolian conifer and deciduous forests,Other,,3172,0.3507,144,100,49,51,95,0.49,0.3403,0.4016,0.5249,0.5184,0.5216
phase21_B_λ4,tcd_tile_304,Maputaland coastal forest mosaic,African tropical forest,,3303,0.3507,56,13,2,11,54,0.1538,0.0357,0.058,0.1279,0.0194,0.0337
phase21_B_λ4,tcd_tile_3040,Madeira-Tapajós moist forests,Latin American forest,,2906,0.3507,17,859,9,850,8,0.0105,0.5294,0.0205,0.9866,0.467,0.6339
phase21_B_λ4,tcd_tile_3041,Southern Zanzibar-Inhambane coastal forest mosaic,African tropical forest,,1541,0.3507,28,21,11,10,17,0.5238,0.3929,0.449,0.5594,0.1082,0.1813
phase21_B_λ4,tcd_tile_3042,East European forest steppe,European forest,,2359,0.3507,68,43,22,21,46,0.5116,0.3235,0.3964,0.7727,0.0965,0.1716
phase21_B_λ4,tcd_tile_3043,Cerrado,Latin American forest,,1038,0.3507,7,7,4,3,3,0.5714,0.5714,0.5714,0.6369,0.4861,0.5514
phase21_B_λ4,tcd_tile_3044,Iberian sclerophyllous and semi-deciduous forests,Other,,674,0.3507,386,182,78,104,308,0.4286,0.2021,0.2746,0.6807,0.3497,0.4621
phase21_B_λ4,tcd_tile_3045,Northern Zanzibar-Inhambane coastal forest mosaic,African tropical forest,,288,0.3507,16,15,6,9,10,0.4,0.375,0.3871,0.9051,0.0836,0.1531
phase21_B_λ4,tcd_tile_3046,East European forest steppe,European forest,,2816,0.3507,3,455,3,452,0,0.0066,1.0,0.0131,0.9865,0.0953,0.1738
phase21_B_λ4,tcd_tile_3047,Western Guinean lowland forests,African tropical forest,,367,0.3507,15,17,5,12,10,0.2941,0.3333,0.3125,0.633,0.068,0.1228
phase21_B_λ4,tcd_tile_3048,Araucaria moist forests,Other,,10,0.3507,178,113,50,63,128,0.4425,0.2809,0.3436,0.4575,0.3964,0.4247
phase21_B_λ4,tcd_tile_3049,Caucasus mixed forests,European forest,,1836,0.3507,0,0,0,0,0,0.0,0.0,0.0,0.0,0.0,0.0
phase21_B_λ4,tcd_tile_305,Sierra Nevada forests,N. American forest,,1390,0.3507,9,23,2,21,7,0.087,0.2222,0.125,0.8417,0.0845,0.1536
phase21_B_λ4,tcd_tile_3050,Central European mixed forests,European forest,,3917,0.3507,118,91,47,44,71,0.5165,0.3983,0.4498,0.7107,0.4195,0.5276
phase21_B_λ4,tcd_tile_3051,Tumbes-Piura dry forests,Other,,3876,0.3507,64,125,19,106,45,0.152,0.2969,0.2011,0.9972,0.1503,0.2612
phase21_B_λ4,tcd_tile_3052,Changjiang Plain evergreen forests,Other,,3179,0.3507,100,52,9,43,91,0.1731,0.09,0.1184,0.2592,0.0597,0.0971
phase21_B_λ4,tcd_tile_3053,Luzon rain forests,SE Asian & Pacific rainforest,,4925,0.3507,172,246,88,158,84,0.3577,0.5116,0.4211,0.7939,0.4535,0.5772
phase21_B_λ4,tcd_tile_3054,Northern Zanzibar-Inhambane coastal forest mosaic,African tropical forest,,3347,0.3507,205,234,98,136,107,0.4188,0.478,0.4465,0.8823,0.3768,0.528
phase21_B_λ4,tcd_tile_3055,Northern Zanzibar-Inhambane coastal forest mosaic,African tropical forest,,4793,0.3507,108,33,21,12,87,0.6364,0.1944,0.2979,0.5453,0.1736,0.2633
phase21_B_λ4,tcd_tile_3056,Pannonian mixed forests,European forest,,1528,0.3507,1,600,1,599,0,0.0017,1.0,0.0033,0.9888,0.5181,0.6799
phase21_B_λ4,tcd_tile_3057,Nigerian lowland forests,African tropical forest,,4908,0.3507,0,85,0,85,0,0.0,0.0,0.0,0.0,0.0,0.0
phase21_B_λ4,tcd_tile_3058,Northern Zanzibar-Inhambane coastal forest mosaic,African tropical forest,,1846,0.3507,17,33,7,26,10,0.2121,0.4118,0.28,0.7967,0.29,0.4252
phase21_B_λ4,tcd_tile_3059,Sumatran lowland rain forests,SE Asian & Pacific rainforest,,2271,0.3507,96,391,60,331,36,0.1535,0.625,0.2464,0.8799,0.164,0.2765
phase21_B_λ4,tcd_tile_306,Northern California coastal forests,N. American forest,,3885,0.3507,11,23,7,16,4,0.3043,0.6364,0.4118,0.7528,0.0587,0.1089
phase21_B_λ4,tcd_tile_3060,Hispaniolan moist forests,SE Asian & Pacific rainforest,,5052,0.3507,4,15,1,14,3,0.0667,0.25,0.1053,0.0185,0.2021,0.0339
phase21_B_λ4,tcd_tile_3061,Western Guinean lowland forests,African tropical forest,,1339,0.3507,46,54,17,37,29,0.3148,0.3696,0.34,0.4242,0.6526,0.5142
phase21_B_λ4,tcd_tile_3062,Petén-Veracruz moist forests,Latin American forest,,3977,0.3507,66,219,33,186,33,0.1507,0.5,0.2316,0.9457,0.4793,0.6362
phase21_B_λ4,tcd_tile_3063,Lesser Sundas deciduous forests,SE Asian & Pacific rainforest,,3970,0.3507,12,70,8,62,4,0.1143,0.6667,0.1951,0.4299,0.2217,0.2925
phase21_B_λ4,tcd_tile_3064,Snake-Columbia shrub steppe,Other,,841,0.3507,62,37,30,7,32,0.8108,0.4839,0.6061,0.912,0.6342,0.7481
phase21_B_λ4,tcd_tile_3065,Southeastern mixed forests,N. American forest,,2961,0.3507,45,29,3,26,42,0.1034,0.0667,0.0811,0.8777,0.1831,0.303
phase21_B_λ4,tcd_tile_3066,Mindanao-Eastern Visayas rain forests,SE Asian & Pacific rainforest,,1526,0.3507,120,184,38,146,82,0.2065,0.3167,0.25,0.9082,0.1348,0.2348
phase21_B_λ4,tcd_tile_3067,Fiji tropical dry forests,Other,,2749,0.3507,45,209,16,193,29,0.0766,0.3556,0.126,0.9465,0.1668,0.2836
phase21_B_λ4,tcd_tile_3068,Eastern Mediterranean conifer-sclerophyllous-broadleaf forests,Other,,1139,0.3507,36,43,20,23,16,0.4651,0.5556,0.5063,0.4112,0.7616,0.5341
phase21_B_λ4,tcd_tile_3069,Magdalena Valley montane forests,Other,,2788,0.3507,67,58,26,32,41,0.4483,0.3881,0.416,0.889,0.3527,0.505
phase21_B_λ4,tcd_tile_307,East European forest steppe,European forest,,570,0.3507,9,36,6,30,3,0.1667,0.6667,0.2667,0.4793,0.5553,0.5145
phase21_B_λ4,tcd_tile_3070,Madeira-Tapajós moist forests,Latin American forest,,420,0.3507,1,628,1,627,0,0.0016,1.0,0.0032,0.9946,0.5177,0.681
phase21_B_λ4,tcd_tile_3071,Alto Paraná Atlantic forests,Other,,3154,0.3507,63,69,29,40,34,0.4203,0.4603,0.4394,0.4868,0.5784,0.5287
phase21_B_λ4,tcd_tile_3072,Changjiang Plain evergreen forests,Other,,4981,0.3507,96,112,57,55,39,0.5089,0.5938,0.5481,0.8864,0.4739,0.6176
phase21_B_λ4,tcd_tile_3073,Atlantic coastal pine barrens,Other,,3540,0.3507,84,161,3,158,81,0.0186,0.0357,0.0245,0.8197,0.2452,0.3774
phase21_B_λ4,tcd_tile_3074,Southern Zanzibar-Inhambane coastal forest mosaic,African tropical forest,,3963,0.3507,7,50,6,44,1,0.12,0.8571,0.2105,0.5333,0.2963,0.381
phase21_B_λ4,tcd_tile_3075,Baltic mixed forests,European forest,,2697,0.3507,2,22,2,20,0,0.0909,1.0,0.1667,0.8864,0.4018,0.553
phase21_B_λ4,tcd_tile_3076,Sulawesi lowland rain forests,SE Asian & Pacific rainforest,,4738,0.3507,226,164,70,94,156,0.4268,0.3097,0.359,0.8531,0.43,0.5718
phase21_B_λ4,tcd_tile_3077,,Other,,596,0.3507,6,9,1,8,5,0.1111,0.1667,0.1333,0.0677,0.2858,0.1094
phase21_B_λ4,tcd_tile_3078,Southern Zanzibar-Inhambane coastal forest mosaic,African tropical forest,,4840,0.3507,392,61,40,21,352,0.6557,0.102,0.1766,0.9454,0.3016,0.4573
phase21_B_λ4,tcd_tile_3079,Southeastern mixed forests,N. American forest,,4761,0.3507,69,103,43,60,26,0.4175,0.6232,0.5,0.878,0.2605,0.4018
phase21_B_λ4,tcd_tile_308,Southeastern mixed forests,N. American forest,,3870,0.3507,232,60,18,42,214,0.3,0.0776,0.1233,0.2414,0.2526,0.2469
phase21_B_λ4,tcd_tile_3080,Northern Zanzibar-Inhambane coastal forest mosaic,African tropical forest,,894,0.3507,402,189,105,84,297,0.5556,0.2612,0.3553,0.5979,0.4946,0.5414
phase21_B_λ4,tcd_tile_3081,Sumatran lowland rain forests,SE Asian & Pacific rainforest,,271,0.3507,52,204,40,164,12,0.1961,0.7692,0.3125,0.9322,0.5112,0.6603
phase21_B_λ4,tcd_tile_3082,Luzon rain forests,SE Asian & Pacific rainforest,,3425,0.3507,4,134,1,133,3,0.0075,0.25,0.0145,0.9809,0.0459,0.0877
phase21_B_λ4,tcd_tile_3083,Tasmanian temperate forests,Other,,2968,0.3507,4,85,2,83,2,0.0235,0.5,0.0449,0.9012,0.0574,0.1079
phase21_B_λ4,tcd_tile_3084,Celtic broadleaf forests,European forest,,3308,0.3507,26,58,12,46,14,0.2069,0.4615,0.2857,0.5563,0.1774,0.2691
phase21_B_λ4,tcd_tile_3085,Mato Grosso seasonal forests,Latin American forest,,3095,0.3507,352,227,157,70,195,0.6916,0.446,0.5423,0.8726,0.616,0.7222
phase21_B_λ4,tcd_tile_3086,Nigerian lowland forests,African tropical forest,,4233,0.3507,0,50,0,50,0,0.0,0.0,0.0,0.0,0.0,0.0
phase21_B_λ4,tcd_tile_3087,,Other,,2791,0.3507,28,602,17,585,11,0.0282,0.6071,0.054,0.9608,0.4974,0.6554
phase21_B_λ4,tcd_tile_3088,Northern Zanzibar-Inhambane coastal forest mosaic,African tropical forest,,2210,0.3507,173,508,108,400,65,0.2126,0.6243,0.3172,0.7775,0.5066,0.6135
phase21_B_λ4,tcd_tile_3089,Vanuatu rain forests,Other,,3250,0.3507,1,39,1,38,0,0.0256,1.0,0.05,0.011,0.0055,0.0073
phase21_B_λ4,tcd_tile_309,Eastern Java-Bali rain forests,SE Asian & Pacific rainforest,,4821,0.3507,81,123,17,106,64,0.1382,0.2099,0.1667,0.9016,0.1776,0.2967
phase21_B_λ4,tcd_tile_3090,Northern Zanzibar-Inhambane coastal forest mosaic,African tropical forest,,2670,0.3507,10,14,8,6,2,0.5714,0.8,0.6667,0.855,0.2684,0.4085
phase21_B_λ4,tcd_tile_3091,Upper Gangetic Plains moist deciduous forests,Other,,3304,0.3507,40,37,18,19,22,0.4865,0.45,0.4675,0.9651,0.2202,0.3585
phase21_B_λ4,tcd_tile_3092,Cerrado,Latin American forest,,1020,0.3507,159,95,39,56,120,0.4105,0.2453,0.3071,0.7525,0.3418,0.4701
phase21_B_λ4,tcd_tile_3093,Western European broadleaf forests,European forest,,4120,0.3507,155,83,13,70,142,0.1566,0.0839,0.1092,0.3746,0.3317,0.3518
phase21_B_λ4,tcd_tile_3094,Madeira-Tapajós moist forests,Latin American forest,,4901,0.3507,1,596,1,595,0,0.0017,1.0,0.0034,0.9998,0.4708,0.6401
phase21_B_λ4,tcd_tile_3095,California interior chaparral and woodlands,Other,,765,0.3507,47,88,27,61,20,0.3068,0.5745,0.4,0.3265,0.7441,0.4538
phase21_B_λ4,tcd_tile_3096,Celtic broadleaf forests,European forest,,2377,0.3507,10,36,3,33,7,0.0833,0.3,0.1304,0.2458,0.1463,0.1834
phase21_B_λ4,tcd_tile_3097,Po Basin mixed forests,Other,,3420,0.3507,42,69,18,51,24,0.2609,0.4286,0.3243,0.8426,0.5787,0.6861
phase21_B_λ4,tcd_tile_3098,Northern Zanzibar-Inhambane coastal forest mosaic,African tropical forest,,1120,0.3507,14,15,6,9,8,0.4,0.4286,0.4138,0.8631,0.0565,0.1061
phase21_B_λ4,tcd_tile_3099,Bolivian montane dry forests,Latin American forest,,4853,0.3507,0,28,0,28,0,0.0,0.0,0.0,0.0,0.0,0.0
phase21_B_λ4,tcd_tile_31,Chilean matorral,Arid / dryland,,343,0.3507,20,43,4,39,16,0.093,0.2,0.127,0.0888,0.4317,0.1473
phase21_B_λ4,tcd_tile_310,Central Indochina dry forests,Other,,4293,0.3507,148,869,132,737,16,0.1519,0.8919,0.2596,0.904,0.5191,0.6595
phase21_B_λ4,tcd_tile_3100,South Siberian forest steppe,Other,,319,0.3507,40,105,33,72,7,0.3143,0.825,0.4552,0.8128,0.58,0.6769
phase21_B_λ4,tcd_tile_3101,Nihonkai montane deciduous forests,Other,,4936,0.3507,1,15,1,14,0,0.0667,1.0,0.125,0.9684,0.0323,0.0625
phase21_B_λ4,tcd_tile_3102,Northern Anatolian conifer and deciduous forests,Other,,3222,0.3507,45,33,14,19,31,0.4242,0.3111,0.359,0.4733,0.3107,0.3751
phase21_B_λ4,tcd_tile_3103,Atlantic coastal pine barrens,Other,,2046,0.3507,64,52,7,45,57,0.1346,0.1094,0.1207,0.9536,0.1814,0.3049
phase21_B_λ4,tcd_tile_3104,Caucasus mixed forests,European forest,,1649,0.3507,2,0,0,0,2,0.0,0.0,0.0,0.0,0.0,0.0
phase21_B_λ4,tcd_tile_3105,Central European mixed forests,European forest,,2679,0.3507,54,81,36,45,18,0.4444,0.6667,0.5333,0.7778,0.4097,0.5367
phase21_B_λ4,tcd_tile_3106,Northern Zanzibar-Inhambane coastal forest mosaic,African tropical forest,,2140,0.3507,56,70,33,37,23,0.4714,0.5893,0.5238,0.6512,0.405,0.4994
phase21_B_λ4,tcd_tile_3107,Chiquitano dry forests,Other,,1265,0.3507,21,4,0,4,21,0.0,0.0,0.0,0.0025,0.0001,0.0001
phase21_B_λ4,tcd_tile_3108,Western European broadleaf forests,European forest,,3122,0.3507,29,110,3,107,26,0.0273,0.1034,0.0432,0.987,0.1624,0.2789
phase21_B_λ4,tcd_tile_3109,Eastern Great Lakes lowland forests,N. American forest,,4538,0.3507,85,74,30,44,55,0.4054,0.3529,0.3774,0.8904,0.3027,0.4518
phase21_B_λ4,tcd_tile_311,Southern Great Lakes forests,N. American forest,,4442,0.3507,8,57,7,50,1,0.1228,0.875,0.2154,0.8679,0.3681,0.517
phase21_B_λ4,tcd_tile_3110,Northern Zanzibar-Inhambane coastal forest mosaic,African tropical forest,,2635,0.3507,96,4,3,1,93,0.75,0.0312,0.06,0.9085,0.0657,0.1225
phase21_B_λ4,tcd_tile_3111,Western European broadleaf forests,European forest,,249,0.3507,24,142,24,118,0,0.169,1.0,0.2892,0.8362,0.4449,0.5808
phase21_B_λ4,tcd_tile_3112,Sierra Nevada forests,N. American forest,,2079,0.3507,78,376,65,311,13,0.1729,0.8333,0.2863,0.797,0.4093,0.5408
phase21_B_λ4,tcd_tile_3113,Taiwan subtropical evergreen forests,SE Asian & Pacific rainforest,,3440,0.3507,165,128,64,64,101,0.5,0.3879,0.4369,0.7931,0.396,0.5283
phase21_B_λ4,tcd_tile_3114,Hispaniolan moist forests,SE Asian & Pacific rainforest,,4343,0.3507,0,152,0,152,0,0.0,0.0,0.0,0.0,0.0,0.0
phase21_B_λ4,tcd_tile_3115,Southern Great Lakes forests,N. American forest,,1783,0.3507,24,43,12,31,12,0.2791,0.5,0.3582,0.9125,0.1389,0.2411
phase21_B_λ4,tcd_tile_3116,Alto Paraná Atlantic forests,Other,,2103,0.3507,82,71,29,42,53,0.4085,0.3537,0.3791,0.3822,0.5531,0.452
phase21_B_λ4,tcd_tile_3117,,Other,,2846,0.3507,2,290,2,288,0,0.0069,1.0,0.0137,0.5674,0.2469,0.3441
phase21_B_λ4,tcd_tile_3118,New England-Acadian forests,N. American forest,,3954,0.3507,13,304,4,300,9,0.0132,0.3077,0.0252,0.9841,0.2546,0.4045
phase21_B_λ4,tcd_tile_3119,"Sao Tome, Principe and Annobon moist lowland forests",Other,,1634,0.3507,106,154,82,72,24,0.5325,0.7736,0.6308,0.8522,0.5518,0.6699
phase21_B_λ4,tcd_tile_312,Valdivian temperate forests,Other,,1852,0.3507,214,105,39,66,175,0.3714,0.1822,0.2445,0.2844,0.3247,0.3032
phase21_B_λ4,tcd_tile_3120,East European forest steppe,European forest,,4267,0.3507,3,84,3,81,0,0.0357,1.0,0.069,0.9934,0.1506,0.2615
phase21_B_λ4,tcd_tile_3121,East European forest steppe,European forest,,4026,0.3507,45,138,31,107,14,0.2246,0.6889,0.3388,0.8046,0.2123,0.3359
phase21_B_λ4,tcd_tile_3122,Northern Zanzibar-Inhambane coastal forest mosaic,African tropical forest,,3795,0.3507,0,23,0,23,0,0.0,0.0,0.0,0.0,0.0,0.0
phase21_B_λ4,tcd_tile_3123,Mindanao-Eastern Visayas rain forests,SE Asian & Pacific rainforest,,353,0.3507,40,46,14,32,26,0.3043,0.35,0.3256,0.6548,0.2315,0.342
phase21_B_λ4,tcd_tile_3124,Northern Zanzibar-Inhambane coastal forest mosaic,African tropical forest,,2185,0.3507,66,223,31,192,35,0.139,0.4697,0.2145,0.9716,0.241,0.3863
phase21_B_λ4,tcd_tile_3125,Northern Zanzibar-Inhambane coastal forest mosaic,African tropical forest,,1147,0.3507,17,112,6,106,11,0.0536,0.3529,0.093,0.9987,0.0539,0.1022
phase21_B_λ4,tcd_tile_3126,Cerrado,Latin American forest,,295,0.3507,0,0,0,0,0,0.0,0.0,0.0,0.0,0.0,0.0
phase21_B_λ4,tcd_tile_3127,Pannonian mixed forests,European forest,,3387,0.3507,3,99,2,97,1,0.0202,0.6667,0.0392,0.9953,0.2495,0.399
phase21_B_λ4,tcd_tile_3128,Uatuma-Trombetas moist forests,Latin American forest,,2087,0.3507,142,144,24,120,118,0.1667,0.169,0.1678,0.8806,0.1815,0.301
phase21_B_λ4,tcd_tile_3129,Madeira-Tapajós moist forests,Latin American forest,,1371,0.3507,1,669,1,668,0,0.0015,1.0,0.003,0.9998,0.4889,0.6567
phase21_B_λ4,tcd_tile_313,Western European broadleaf forests,European forest,,3364,0.3507,56,74,33,41,23,0.4459,0.5893,0.5077,0.6541,0.4215,0.5126
phase21_B_λ4,tcd_tile_3130,Western Java rain forests,Other,,666,0.3507,267,155,80,75,187,0.5161,0.2996,0.3791,0.8015,0.399,0.5328
phase21_B_λ4,tcd_tile_3131,Western Siberian hemiboreal forests,Other,,1960,0.3507,16,46,9,37,7,0.1957,0.5625,0.2903,0.4843,0.0795,0.1366
phase21_B_λ4,tcd_tile_3132,Northeastern coastal forests,N. American forest,,3801,0.3507,15,32,8,24,7,0.25,0.5333,0.3404,0.7668,0.2113,0.3313
phase21_B_λ4,tcd_tile_3133,Mato Grosso seasonal forests,Latin American forest,,3374,0.3507,73,70,45,25,28,0.6429,0.6164,0.6294,0.6825,0.7028,0.6925
phase21_B_λ4,tcd_tile_3134,Central European mixed forests,European forest,,4861,0.3507,31,52,25,27,6,0.4808,0.8065,0.6024,0.8505,0.4698,0.6053
phase21_B_λ4,tcd_tile_3135,Atlantic mixed forests,European forest,,459,0.3507,6,175,6,169,0,0.0343,1.0,0.0663,0.8956,0.3381,0.4908
phase21_B_λ4,tcd_tile_3136,Eastern Australian temperate forests,Other,,1463,0.3507,0,12,0,12,0,0.0,0.0,0.0,0.0,0.0,0.0
phase21_B_λ4,tcd_tile_3137,Appalachian-Blue Ridge forests,N. American forest,,2857,0.3507,154,109,14,95,140,0.1284,0.0909,0.1065,0.2707,0.2634,0.267
phase21_B_λ4,tcd_tile_3138,East European forest steppe,European forest,,3823,0.3507,139,126,62,64,77,0.4921,0.446,0.4679,0.7442,0.3919,0.5135
phase21_B_λ4,tcd_tile_3139,,Other,,549,0.3507,41,311,21,290,20,0.0675,0.5122,0.1193,0.962,0.1886,0.3153
phase21_B_λ4,tcd_tile_314,East European forest steppe,European forest,,2693,0.3507,15,81,10,71,5,0.1235,0.6667,0.2083,0.7635,0.181,0.2926
phase21_B_λ4,tcd_tile_3140,Scandinavian coastal conifer forests,Other,,2198,0.3507,3,209,2,207,1,0.0096,0.6667,0.0189,0.8827,0.1411,0.2433
phase21_B_λ4,tcd_tile_3141,Sarmatic mixed forests,European forest,,2614,0.3507,1,21,1,20,0,0.0476,1.0,0.0909,0.9981,0.445,0.6155
phase21_B_λ4,tcd_tile_3142,Palawan rain forests,SE Asian & Pacific rainforest,,3678,0.3507,0,19,0,19,0,0.0,0.0,0.0,0.0,0.0,0.0
phase21_B_λ4,tcd_tile_3143,Luzon rain forests,SE Asian & Pacific rainforest,,1695,0.3507,6,35,2,33,4,0.0571,0.3333,0.0976,0.0281,0.0038,0.0066
phase21_B_λ4,tcd_tile_3144,Southern Great Lakes forests,N. American forest,,3188,0.3507,2,1,0,1,2,0.0,0.0,0.0,0.0,0.0,0.0
phase21_B_λ4,tcd_tile_3145,Central American pine-oak forests,Other,,3224,0.3507,11,84,1,83,10,0.0119,0.0909,0.0211,0.9857,0.2087,0.3445
phase21_B_λ4,tcd_tile_3146,Central European mixed forests,European forest,,799,0.3507,59,147,53,94,6,0.3605,0.8983,0.5146,0.7749,0.5609,0.6508
phase21_B_λ4,tcd_tile_3147,Upper Gangetic Plains moist deciduous forests,Other,,3474,0.3507,134,134,54,80,80,0.403,0.403,0.403,0.9135,0.3759,0.5326
phase21_B_λ4,tcd_tile_3148,Greater Negros-Panay rain forests,SE Asian & Pacific rainforest,,2638,0.3507,68,101,16,85,52,0.1584,0.2353,0.1893,0.9748,0.2858,0.442
phase21_B_λ4,tcd_tile_3149,Northern Zanzibar-Inhambane coastal forest mosaic,African tropical forest,,296,0.3507,60,31,24,7,36,0.7742,0.4,0.5275,0.8882,0.1414,0.244
phase21_B_λ4,tcd_tile_315,Changjiang Plain evergreen forests,Other,,3398,0.3507,100,62,23,39,77,0.371,0.23,0.284,0.8363,0.1466,0.2494
phase21_B_λ4,tcd_tile_3150,Sulawesi lowland rain forests,SE Asian & Pacific rainforest,,4681,0.3507,159,166,53,113,106,0.3193,0.3333,0.3262,0.8971,0.499,0.6413
phase21_B_λ4,tcd_tile_3151,Sierra Nevada forests,N. American forest,,4131,0.3507,35,30,7,23,28,0.2333,0.2,0.2154,0.8913,0.1077,0.1923
phase21_B_λ4,tcd_tile_3152,Northern Zanzibar-Inhambane coastal forest mosaic,African tropical forest,,999,0.3507,95,46,30,16,65,0.6522,0.3158,0.4255,0.922,0.1439,0.249
phase21_B_λ4,tcd_tile_3153,Peruvian Yungas,Latin American forest,,2732,0.3507,129,67,18,49,111,0.2687,0.1395,0.1837,0.4708,0.0287,0.0541
phase21_B_λ4,tcd_tile_3154,Western Guinean lowland forests,African tropical forest,,1117,0.3507,52,133,29,104,23,0.218,0.5577,0.3135,0.3535,0.5988,0.4445
phase21_B_λ4,tcd_tile_3155,Northern Zanzibar-Inhambane coastal forest mosaic,African tropical forest,,3791,0.3507,80,36,28,8,52,0.7778,0.35,0.4828,0.7399,0.1964,0.3104
phase21_B_λ4,tcd_tile_3156,Northern Zanzibar-Inhambane coastal forest mosaic,African tropical forest,,4970,0.3507,15,6,1,5,14,0.1667,0.0667,0.0952,0.2496,0.0093,0.018
phase21_B_λ4,tcd_tile_3157,,Other,,3284,0.3507,0,51,0,51,0,0.0,0.0,0.0,0.0,0.0,0.0
phase21_B_λ4,tcd_tile_3158,Madeira-Tapajós moist forests,Latin American forest,,1742,0.3507,1,653,1,652,0,0.0015,1.0,0.0031,0.9992,0.3718,0.5419
phase21_B_λ4,tcd_tile_3159,Northern Zanzibar-Inhambane coastal forest mosaic,African tropical forest,,318,0.3507,219,287,171,116,48,0.5958,0.7808,0.6759,0.7963,0.5213,0.6301
phase21_B_λ4,tcd_tile_316,Baltic mixed forests,European forest,,4187,0.3507,313,51,10,41,303,0.1961,0.0319,0.0549,0.3759,0.0368,0.067
phase21_B_λ4,tcd_tile_3160,Sierra Nevada forests,N. American forest,,3335,0.3507,18,55,15,40,3,0.2727,0.8333,0.411,0.7385,0.6022,0.6634
phase21_B_λ4,tcd_tile_3161,Southeastern mixed forests,N. American forest,,4141,0.3507,12,12,7,5,5,0.5833,0.5833,0.5833,0.7596,0.0388,0.0738
phase21_B_λ4,tcd_tile_3162,Bolivian montane dry forests,Latin American forest,,2475,0.3507,53,121,26,95,27,0.2149,0.4906,0.2989,0.3396,0.4671,0.3932
phase21_B_λ4,tcd_tile_3163,Sierra Nevada forests,N. American forest,,4520,0.3507,54,39,31,8,23,0.7949,0.5741,0.6667,0.8889,0.6245,0.7336
phase21_B_λ4,tcd_tile_3164,Northern Zanzibar-Inhambane coastal forest mosaic,African tropical forest,,146,0.3507,84,135,71,64,13,0.5259,0.8452,0.6484,0.9075,0.3534,0.5087
phase21_B_λ4,tcd_tile_3165,Sarmatic mixed forests,European forest,,2672,0.3507,45,112,24,88,21,0.2143,0.5333,0.3057,0.6351,0.2624,0.3714
phase21_B_λ4,tcd_tile_3166,South Central Rockies forests,Other,,4664,0.3507,155,234,111,123,44,0.4744,0.7161,0.5707,0.8399,0.6131,0.7088
phase21_B_λ4,tcd_tile_3167,Sumatran lowland rain forests,SE Asian & Pacific rainforest,,2082,0.3507,99,314,64,250,35,0.2038,0.6465,0.3099,0.8756,0.2104,0.3392
phase21_B_λ4,tcd_tile_3168,Central European mixed forests,European forest,,2309,0.3507,110,126,51,75,59,0.4048,0.4636,0.4322,0.7999,0.653,0.719
phase21_B_λ4,tcd_tile_3169,Cerrado,Latin American forest,,1170,0.3507,1,24,0,24,1,0.0,0.0,0.0,0.0,0.0,0.0
phase21_B_λ4,tcd_tile_317,Central European mixed forests,European forest,,2395,0.3507,7,50,6,44,1,0.12,0.8571,0.2105,0.9766,0.0698,0.1303
phase21_B_λ4,tcd_tile_3170,North Island temperate forests,Other,,1249,0.3507,38,5,4,1,34,0.8,0.1053,0.186,0.9253,0.0165,0.0325
phase21_B_λ4,tcd_tile_3171,Taiwan subtropical evergreen forests,SE Asian & Pacific rainforest,,1729,0.3507,78,64,35,29,43,0.5469,0.4487,0.493,0.7618,0.544,0.6347
phase21_B_λ4,tcd_tile_3172,Sarmatic mixed forests,European forest,,4872,0.3507,29,48,13,35,16,0.2708,0.4483,0.3377,0.1627,0.1312,0.1453
phase21_B_λ4,tcd_tile_3173,Southern Great Lakes forests,N. American forest,,1952,0.3507,18,77,15,62,3,0.1948,0.8333,0.3158,0.9678,0.3695,0.5349
phase21_B_λ4,tcd_tile_3174,Southern Zanzibar-Inhambane coastal forest mosaic,African tropical forest,,202,0.3507,81,158,54,104,27,0.3418,0.6667,0.4519,0.8068,0.3432,0.4816
phase21_B_λ4,tcd_tile_3175,Snake-Columbia shrub steppe,Other,,1260,0.3507,47,207,7,200,40,0.0338,0.1489,0.0551,0.8633,0.3901,0.5374
phase21_B_λ4,tcd_tile_3176,Western Siberian hemiboreal forests,Other,,1766,0.3507,28,219,17,202,11,0.0776,0.6071,0.1377,0.2536,0.12,0.1629
phase21_B_λ4,tcd_tile_3177,Cerrado,Latin American forest,,564,0.3507,28,123,17,106,11,0.1382,0.6071,0.2252,0.6972,0.4982,0.5811
phase21_B_λ4,tcd_tile_3178,Western European broadleaf forests,European forest,,3859,0.3507,45,28,16,12,29,0.5714,0.3556,0.4384,0.9141,0.113,0.2011
phase21_B_λ4,tcd_tile_3179,Caucasus mixed forests,European forest,,648,0.3507,104,245,84,161,20,0.3429,0.8077,0.4814,0.9691,0.4853,0.6467
phase21_B_λ4,tcd_tile_318,,Other,,1740,0.3507,0,293,0,293,0,0.0,0.0,0.0,0.0,0.0,0.0
phase21_B_λ4,tcd_tile_3180,,Other,,1193,0.3507,83,40,27,13,56,0.675,0.3253,0.439,0.8186,0.3175,0.4576
phase21_B_λ4,tcd_tile_3181,East European forest steppe,European forest,,4056,0.3507,38,68,9,59,29,0.1324,0.2368,0.1698,0.3095,0.1525,0.2043
phase21_B_λ4,tcd_tile_3182,Northern Zanzibar-Inhambane coastal forest mosaic,African tropical forest,,2315,0.3507,287,274,77,197,210,0.281,0.2683,0.2745,0.8965,0.3901,0.5436
phase21_B_λ4,tcd_tile_3183,Sulawesi lowland rain forests,SE Asian & Pacific rainforest,,4252,0.3507,135,169,75,94,60,0.4438,0.5556,0.4934,0.5883,0.4602,0.5165
phase21_B_λ4,tcd_tile_3184,English Lowlands beech forests,European forest,,3074,0.3507,8,19,4,15,4,0.2105,0.5,0.2963,0.7978,0.5173,0.6276
phase21_B_λ4,tcd_tile_3185,,Other,,1568,0.3507,53,10,7,3,46,0.7,0.1321,0.2222,0.8141,0.1022,0.1816
phase21_B_λ4,tcd_tile_3186,East European forest steppe,European forest,,1087,0.3507,35,328,15,313,20,0.0457,0.4286,0.0826,0.9099,0.4497,0.6019
phase21_B_λ4,tcd_tile_3187,Northern Zanzibar-Inhambane coastal forest mosaic,African tropical forest,,4859,0.3507,198,331,142,189,56,0.429,0.7172,0.5369,0.8294,0.3851,0.5259
phase21_B_λ4,tcd_tile_3188,Atlantic mixed forests,European forest,,1218,0.3507,37,39,22,17,15,0.5641,0.5946,0.5789,0.8616,0.4173,0.5623
phase21_B_λ4,tcd_tile_3189,Balkan mixed forests,European forest,,770,0.3507,54,109,35,74,19,0.3211,0.6481,0.4294,0.6861,0.4545,0.5468
phase21_B_λ4,tcd_tile_319,Mindanao-Eastern Visayas rain forests,SE Asian & Pacific rainforest,,2470,0.3507,100,93,16,77,84,0.172,0.16,0.1658,0.9982,0.0608,0.1147
phase21_B_λ4,tcd_tile_3190,Uatuma-Trombetas moist forests,Latin American forest,,2044,0.3507,28,60,13,47,15,0.2167,0.4643,0.2955,0.7576,0.092,0.1641
phase21_B_λ4,tcd_tile_3191,Crimean Submediterranean forest complex,Other,,3433,0.3507,158,168,61,107,97,0.3631,0.3861,0.3742,0.6765,0.4867,0.5661
phase21_B_λ4,tcd_tile_3192,Northeastern coastal forests,N. American forest,,1368,0.3507,98,128,42,86,56,0.3281,0.4286,0.3717,0.6976,0.6945,0.696
phase21_B_λ4,tcd_tile_3193,Taiheiyo evergreen forests,Other,,2894,0.3507,42,79,25,54,17,0.3165,0.5952,0.4132,0.5524,0.2645,0.3577
phase21_B_λ4,tcd_tile_3194,Hispaniolan moist forests,SE Asian & Pacific rainforest,,4438,0.3507,239,146,41,105,198,0.2808,0.1715,0.213,0.2512,0.2325,0.2415
phase21_B_λ4,tcd_tile_3195,East European forest steppe,European forest,,2619,0.3507,169,165,73,92,96,0.4424,0.432,0.4371,0.5561,0.3925,0.4602
phase21_B_λ4,tcd_tile_3196,Changjiang Plain evergreen forests,Other,,4012,0.3507,102,16,10,6,92,0.625,0.098,0.1695,0.655,0.0626,0.1143
phase21_B_λ4,tcd_tile_3197,Serra do Mar coastal forests,Latin American forest,,4507,0.3507,472,732,167,565,305,0.2281,0.3538,0.2774,0.7846,0.4385,0.5626
phase21_B_λ4,tcd_tile_3198,Western European broadleaf forests,European forest,,3686,0.3507,35,19,5,14,30,0.2632,0.1429,0.1852,0.7587,0.1155,0.2005
phase21_B_λ4,tcd_tile_3199,Ucayali moist forests,Latin American forest,,3201,0.3507,68,303,28,275,40,0.0924,0.4118,0.1509,0.9133,0.2971,0.4484
phase21_B_λ4,tcd_tile_32,Chilean matorral,Arid / dryland,,455,0.3507,42,78,18,60,24,0.2308,0.4286,0.3,0.5991,0.224,0.3261
phase21_B_λ4,tcd_tile_320,Southern Anatolian montane conifer and deciduous forests,Other,,818,0.3507,81,182,39,143,42,0.2143,0.4815,0.2966,0.8918,0.5768,0.7005
phase21_B_λ4,tcd_tile_3200,Western Guinean lowland forests,African tropical forest,,4040,0.3507,48,35,14,21,34,0.4,0.2917,0.3373,0.6263,0.1933,0.2954
phase21_B_λ4,tcd_tile_3201,Po Basin mixed forests,Other,,1021,0.3507,36,63,27,36,9,0.4286,0.75,0.5455,0.7277,0.4622,0.5653
phase21_B_λ4,tcd_tile_3202,,Other,,886,0.3507,12,7,1,6,11,0.1429,0.0833,0.1053,0.1041,0.017,0.0292
phase21_B_λ4,tcd_tile_3203,Alps conifer and mixed forests,European forest,,4302,0.3507,3,14,2,12,1,0.1429,0.6667,0.2353,0.8148,0.181,0.2963
phase21_B_λ4,tcd_tile_3204,Scandinavian Montane Birch forest and grasslands,Other,,158,0.3507,68,63,22,41,46,0.3492,0.3235,0.3359,0.963,0.0546,0.1033
phase21_B_λ4,tcd_tile_3205,Celtic broadleaf forests,European forest,,2665,0.3507,122,43,4,39,118,0.093,0.0328,0.0485,0.1837,0.1617,0.172
phase21_B_λ4,tcd_tile_3206,New England-Acadian forests,N. American forest,,2056,0.3507,15,340,7,333,8,0.0206,0.4667,0.0394,0.9914,0.331,0.4963
phase21_B_λ4,tcd_tile_3207,Luzon rain forests,SE Asian & Pacific rainforest,,3833,0.3507,110,146,32,114,78,0.2192,0.2909,0.25,0.8823,0.0565,0.1061
phase21_B_λ4,tcd_tile_3208,Central African mangroves,African tropical forest,,4517,0.3507,8,84,1,83,7,0.0119,0.125,0.0217,0.0152,0.134,0.0273
phase21_B_λ4,tcd_tile_3209,Mindanao-Eastern Visayas rain forests,SE Asian & Pacific rainforest,,3307,0.3507,63,232,26,206,37,0.1121,0.4127,0.1763,0.8358,0.2949,0.436
phase21_B_λ4,tcd_tile_321,Central European mixed forests,European forest,,2629,0.3507,26,0,0,0,26,0.0,0.0,0.0,0.0,0.0,0.0
phase21_B_λ4,tcd_tile_3210,Mindanao-Eastern Visayas rain forests,SE Asian & Pacific rainforest,,2574,0.3507,116,346,45,301,71,0.1301,0.3879,0.1948,0.8773,0.2471,0.3856
phase21_B_λ4,tcd_tile_3211,Sarmatic mixed forests,European forest,,2751,0.3507,39,84,9,75,30,0.1071,0.2308,0.1463,0.5262,0.3223,0.3997
phase21_B_λ4,tcd_tile_3212,Western European broadleaf forests,European forest,,4965,0.3507,13,42,5,37,8,0.119,0.3846,0.1818,0.9801,0.1208,0.2151
phase21_B_λ4,tcd_tile_3213,Sri Lanka dry-zone dry evergreen forests,Other,,2688,0.3507,147,204,86,118,61,0.4216,0.585,0.49,0.7039,0.6507,0.6763
phase21_B_λ4,tcd_tile_3214,Northern Zanzibar-Inhambane coastal forest mosaic,African tropical forest,,3110,0.3507,75,66,31,35,44,0.4697,0.4133,0.4397,0.8221,0.0778,0.1421
phase21_B_λ4,tcd_tile_3215,Balkan mixed forests,European forest,,1005,0.3507,116,116,63,53,53,0.5431,0.5431,0.5431,0.8044,0.4204,0.5522
phase21_B_λ4,tcd_tile_3216,Northern Zanzibar-Inhambane coastal forest mosaic,African tropical forest,,3607,0.3507,25,56,7,49,18,0.125,0.28,0.1728,0.8512,0.2471,0.383
phase21_B_λ4,tcd_tile_3217,Petén-Veracruz moist forests,Latin American forest,,2436,0.3507,137,271,54,217,83,0.1993,0.3942,0.2647,0.7234,0.3101,0.4341
phase21_B_λ4,tcd_tile_3218,Sierra Nevada forests,N. American forest,,3972,0.3507,6,3,1,2,5,0.3333,0.1667,0.2222,0.9113,0.0148,0.0292
phase21_B_λ4,tcd_tile_3219,Mato Grosso seasonal forests,Latin American forest,,3298,0.3507,98,144,40,104,58,0.2778,0.4082,0.3306,0.5809,0.5563,0.5683
phase21_B_λ4,tcd_tile_322,Tongan tropical moist forests,SE Asian & Pacific rainforest,,4522,0.3507,60,177,7,170,53,0.0395,0.1167,0.0591,0.8998,0.1022,0.1836
phase21_B_λ4,tcd_tile_3220,Caucasus mixed forests,European forest,,4062,0.3507,1,0,0,0,1,0.0,0.0,0.0,0.0,0.0,0.0
phase21_B_λ4,tcd_tile_3221,Northern Zanzibar-Inhambane coastal forest mosaic,African tropical forest,,1769,0.3507,20,41,14,27,6,0.3415,0.7,0.459,0.6755,0.4707,0.5548
phase21_B_λ4,tcd_tile_3222,Mindanao-Eastern Visayas rain forests,SE Asian & Pacific rainforest,,102,0.3507,108,205,41,164,67,0.2,0.3796,0.262,0.7989,0.1946,0.313
phase21_B_λ4,tcd_tile_3223,Luzon rain forests,SE Asian & Pacific rainforest,,3210,0.3507,1,118,1,117,0,0.0085,1.0,0.0168,0.9996,0.0251,0.049
phase21_B_λ4,tcd_tile_3224,Balkan mixed forests,European forest,,4548,0.3507,98,19,12,7,86,0.6316,0.1224,0.2051,0.8276,0.5729,0.6771
phase21_B_λ4,tcd_tile_3225,Mindanao-Eastern Visayas rain forests,SE Asian & Pacific rainforest,,497,0.3507,134,274,76,198,58,0.2774,0.5672,0.3725,0.7909,0.4043,0.5351
phase21_B_λ4,tcd_tile_3226,Baltic mixed forests,European forest,,466,0.3507,35,41,19,22,16,0.4634,0.5429,0.5,0.8988,0.3721,0.5263
phase21_B_λ4,tcd_tile_3227,Northern Zanzibar-Inhambane coastal forest mosaic,African tropical forest,,3645,0.3507,113,411,109,302,4,0.2652,0.9646,0.416,0.8489,0.484,0.6165
phase21_B_λ4,tcd_tile_3228,Tumbes-Piura dry forests,Other,,2831,0.3507,39,73,23,50,16,0.3151,0.5897,0.4107,0.8657,0.1882,0.3092
phase21_B_λ4,tcd_tile_3229,Atlantic mixed forests,European forest,,974,0.3507,50,60,26,34,24,0.4333,0.52,0.4727,0.7295,0.1967,0.3098
phase21_B_λ4,tcd_tile_323,Tigris-Euphrates alluvial salt marsh,Other,,400,0.3507,165,146,65,81,100,0.4452,0.3939,0.418,0.4376,0.7485,0.5523
phase21_B_λ4,tcd_tile_3230,Balkan mixed forests,European forest,,1802,0.3507,8,14,2,12,6,0.1429,0.25,0.1818,0.2636,0.0036,0.0071
phase21_B_λ4,tcd_tile_3231,Northern Zanzibar-Inhambane coastal forest mosaic,African tropical forest,,1452,0.3507,105,148,29,119,76,0.1959,0.2762,0.2292,0.9051,0.2549,0.3978
phase21_B_λ4,tcd_tile_3232,Northern Zanzibar-Inhambane coastal forest mosaic,African tropical forest,,806,0.3507,322,77,68,9,254,0.8831,0.2112,0.3409,0.8244,0.2183,0.3452
phase21_B_λ4,tcd_tile_3233,Northeastern coastal forests,N. American forest,,2529,0.3507,9,75,8,67,1,0.1067,0.8889,0.1905,0.5082,0.1866,0.273
phase21_B_λ4,tcd_tile_3234,Madeira-Tapajós moist forests,Latin American forest,,4897,0.3507,1,463,1,462,0,0.0022,1.0,0.0043,0.9999,0.4248,0.5963
phase21_B_λ4,tcd_tile_3235,Peruvian Yungas,Latin American forest,,1599,0.3507,42,81,12,69,30,0.1481,0.2857,0.1951,0.5589,0.3674,0.4434
phase21_B_λ4,tcd_tile_3236,Atlantic dry forests,Other,,785,0.3507,206,141,95,46,111,0.6738,0.4612,0.5476,0.7617,0.4591,0.5729
phase21_B_λ4,tcd_tile_3237,,Other,,3866,0.3507,4,147,4,143,0,0.0272,1.0,0.053,0.9997,0.1385,0.2432
phase21_B_λ4,tcd_tile_3238,Richmond temperate forests,Other,,1899,0.3507,25,60,9,51,16,0.15,0.36,0.2118,0.4346,0.2588,0.3244
phase21_B_λ4,tcd_tile_3239,Appalachian-Blue Ridge forests,N. American forest,,2429,0.3507,48,142,31,111,17,0.2183,0.6458,0.3263,0.8107,0.2961,0.4338
phase21_B_λ4,tcd_tile_324,Changjiang Plain evergreen forests,Other,,3650,0.3507,181,55,43,12,138,0.7818,0.2376,0.3644,0.6111,0.2259,0.3299
phase21_B_λ4,tcd_tile_3240,Changjiang Plain evergreen forests,Other,,2965,0.3507,161,83,57,26,104,0.6867,0.354,0.4672,0.6254,0.2376,0.3443
phase21_B_λ4,tcd_tile_3241,Central European mixed forests,European forest,,4551,0.3507,0,67,0,67,0,0.0,0.0,0.0,0.0,0.0,0.0
phase21_B_λ4,tcd_tile_3242,North Central Rockies forests,N. American forest,,3906,0.3507,3,437,2,435,1,0.0046,0.6667,0.0091,0.9887,0.5014,0.6654
phase21_B_λ4,tcd_tile_3243,Appalachian mixed mesophytic forests,Other,,1872,0.3507,0,5,0,5,0,0.0,0.0,0.0,0.0,0.0,0.0
phase21_B_λ4,tcd_tile_3244,Western Guinean lowland forests,African tropical forest,,577,0.3507,74,110,25,85,49,0.2273,0.3378,0.2717,0.2332,0.3657,0.2848
phase21_B_λ4,tcd_tile_3245,Sarmatic mixed forests,European forest,,456,0.3507,45,247,36,211,9,0.1457,0.8,0.2466,0.891,0.4208,0.5717
phase21_B_λ4,tcd_tile_3246,Central European mixed forests,European forest,,1146,0.3507,36,133,32,101,4,0.2406,0.8889,0.3787,0.7966,0.5406,0.6441
phase21_B_λ4,tcd_tile_3247,Eastern Guinean forests,African tropical forest,,2109,0.3507,13,79,3,76,10,0.038,0.2308,0.0652,0.942,0.1263,0.2227
phase21_B_λ4,tcd_tile_3248,Hispaniolan moist forests,SE Asian & Pacific rainforest,,4931,0.3507,63,70,29,41,34,0.4143,0.4603,0.4361,0.4871,0.177,0.2596
phase21_B_λ4,tcd_tile_3249,East European forest steppe,European forest,,3159,0.3507,52,132,36,96,16,0.2727,0.6923,0.3913,0.5223,0.3572,0.4243
phase21_B_λ4,tcd_tile_325,Northern California coastal forests,N. American forest,,3759,0.3507,8,21,3,18,5,0.1429,0.375,0.2069,0.9255,0.0265,0.0515
phase21_B_λ4,tcd_tile_3250,Southern Great Lakes forests,N. American forest,,1110,0.3507,19,13,7,6,12,0.5385,0.3684,0.4375,0.7881,0.2891,0.4231
phase21_B_λ4,tcd_tile_3251,Celtic broadleaf forests,European forest,,3135,0.3507,3,0,0,0,3,0.0,0.0,0.0,0.0,0.0,0.0
phase21_B_λ4,tcd_tile_3252,Timor and Wetar deciduous forests,SE Asian & Pacific rainforest,,3598,0.3507,202,103,55,48,147,0.534,0.2723,0.3607,0.9051,0.3107,0.4625
phase21_B_λ4,tcd_tile_3253,Vanuatu rain forests,Other,,1830,0.3507,10,3,1,2,9,0.3333,0.1,0.1538,0.5268,0.0009,0.0019
phase21_B_λ4,tcd_tile_3254,Appalachian-Blue Ridge forests,N. American forest,,2316,0.3507,41,59,19,40,22,0.322,0.4634,0.38,0.3415,0.463,0.3931
phase21_B_λ4,tcd_tile_3255,Snake-Columbia shrub steppe,Other,,706,0.3507,17,8,6,2,11,0.75,0.3529,0.48,0.7864,0.2727,0.405
phase21_B_λ4,tcd_tile_3256,Carpathian montane forests,Other,,3550,0.3507,34,232,25,207,9,0.1078,0.7353,0.188,0.9879,0.3946,0.5639
phase21_B_λ4,tcd_tile_3257,Po Basin mixed forests,Other,,2279,0.3507,19,38,8,30,11,0.2105,0.4211,0.2807,0.5367,0.2424,0.334
phase21_B_λ4,tcd_tile_3258,Tongan tropical moist forests,SE Asian & Pacific rainforest,,4480,0.3507,28,251,8,243,20,0.0319,0.2857,0.0573,0.9303,0.1652,0.2806
phase21_B_λ4,tcd_tile_3259,,Other,,1106,0.3507,0,1,0,1,0,0.0,0.0,0.0,0.0,0.0,0.0
phase21_B_λ4,tcd_tile_326,Upper Midwest forest-savanna transition,N. American forest,,3952,0.3507,10,192,8,184,2,0.0417,0.8,0.0792,0.7488,0.3417,0.4693
phase21_B_λ4,tcd_tile_3260,Central African mangroves,African tropical forest,,4959,0.3507,0,128,0,128,0,0.0,0.0,0.0,0.0,0.0,0.0
phase21_B_λ4,tcd_tile_3261,Hispaniolan moist forests,SE Asian & Pacific rainforest,,4399,0.3507,15,125,7,118,8,0.056,0.4667,0.1,0.0597,0.1556,0.0863
phase21_B_λ4,tcd_tile_3262,Northern Zanzibar-Inhambane coastal forest mosaic,African tropical forest,,4333,0.3507,398,583,236,347,162,0.4048,0.593,0.4811,0.8844,0.4794,0.6217
phase21_B_λ4,tcd_tile_3263,New England-Acadian forests,N. American forest,,3029,0.3507,27,383,15,368,12,0.0392,0.5556,0.0732,0.9825,0.36,0.5269
phase21_B_λ4,tcd_tile_3264,Sierra Nevada forests,N. American forest,,1698,0.3507,0,5,0,5,0,0.0,0.0,0.0,0.0,0.0,0.0
phase21_B_λ4,tcd_tile_3265,Sarmatic mixed forests,European forest,,3696,0.3507,3,3,1,2,2,0.3333,0.3333,0.3333,0.4467,0.0285,0.0536
phase21_B_λ4,tcd_tile_3266,Northern Zanzibar-Inhambane coastal forest mosaic,African tropical forest,,1621,0.3507,163,67,42,25,121,0.6269,0.2577,0.3652,0.7945,0.1381,0.2353
phase21_B_λ4,tcd_tile_3267,Maputaland coastal forest mosaic,African tropical forest,,649,0.3507,0,10,0,10,0,0.0,0.0,0.0,0.0,0.0,0.0
phase21_B_λ4,tcd_tile_3268,Alto Paraná Atlantic forests,Other,,2254,0.3507,110,111,61,50,49,0.5495,0.5545,0.552,0.483,0.659,0.5575
phase21_B_λ4,tcd_tile_3269,Sierra Nevada forests,N. American forest,,1871,0.3507,33,24,10,14,23,0.4167,0.303,0.3509,0.4639,0.5755,0.5137
phase21_B_λ4,tcd_tile_327,Central European mixed forests,European forest,,1509,0.3507,17,44,10,34,7,0.2273,0.5882,0.3279,0.7027,0.0695,0.1265
phase21_B_λ4,tcd_tile_3270,Central American pine-oak forests,Other,,2616,0.3507,21,67,5,62,16,0.0746,0.2381,0.1136,0.9806,0.2223,0.3624
phase21_B_λ4,tcd_tile_3271,Taiheiyo evergreen forests,Other,,3959,0.3507,25,370,16,354,9,0.0432,0.64,0.081,0.9188,0.4788,0.6296
phase21_B_λ4,tcd_tile_3272,Eastern Mediterranean conifer-sclerophyllous-broadleaf forests,Other,,217,0.3507,98,100,64,36,34,0.64,0.6531,0.6465,0.6953,0.8192,0.7522
phase21_B_λ4,tcd_tile_3273,Northeastern coastal forests,N. American forest,,2013,0.3507,15,22,4,18,11,0.1818,0.2667,0.2162,0.7286,0.04,0.0758
phase21_B_λ4,tcd_tile_3274,Northern Zanzibar-Inhambane coastal forest mosaic,African tropical forest,,888,0.3507,105,169,49,120,56,0.2899,0.4667,0.3577,0.3852,0.3808,0.383
phase21_B_λ4,tcd_tile_3275,Northern Zanzibar-Inhambane coastal forest mosaic,African tropical forest,,4378,0.3507,114,119,36,83,78,0.3025,0.3158,0.309,0.8078,0.1007,0.1791
phase21_B_λ4,tcd_tile_3276,Northern Congolian forest-savanna mosaic,African tropical forest,,1142,0.3507,66,53,8,45,58,0.1509,0.1212,0.1345,0.3635,0.4333,0.3954
phase21_B_λ4,tcd_tile_3277,Taiwan subtropical evergreen forests,SE Asian & Pacific rainforest,,2181,0.3507,34,117,14,103,20,0.1197,0.4118,0.1854,0.8276,0.2596,0.3953
phase21_B_λ4,tcd_tile_3278,Eastern Java-Bali rain forests,SE Asian & Pacific rainforest,,4046,0.3507,133,265,87,178,46,0.3283,0.6541,0.4372,0.7622,0.6498,0.7016
phase21_B_λ4,tcd_tile_3279,Lesser Sundas deciduous forests,SE Asian & Pacific rainforest,,2437,0.3507,103,55,9,46,94,0.1636,0.0874,0.1139,0.574,0.1317,0.2143
phase21_B_λ4,tcd_tile_328,Veracruz moist forests,Other,,3013,0.3507,15,15,2,13,13,0.1333,0.1333,0.1333,0.4668,0.0063,0.0124
phase21_B_λ4,tcd_tile_3280,Northern Anatolian conifer and deciduous forests,Other,,542,0.3507,5,42,2,40,3,0.0476,0.4,0.0851,0.1177,0.0781,0.0939
phase21_B_λ4,tcd_tile_3281,Sierra Nevada forests,N. American forest,,4876,0.3507,154,115,71,44,83,0.6174,0.461,0.5279,0.8144,0.4298,0.5626
phase21_B_λ4,tcd_tile_3282,Northern Zanzibar-Inhambane coastal forest mosaic,African tropical forest,,672,0.3507,202,376,75,301,127,0.1995,0.3713,0.2595,0.8402,0.5234,0.645
phase21_B_λ4,tcd_tile_3283,Northern Zanzibar-Inhambane coastal forest mosaic,African tropical forest,,188,0.3507,98,395,81,314,17,0.2051,0.8265,0.3286,0.547,0.4118,0.4699
phase21_B_λ4,tcd_tile_3284,Madeira-Tapajós moist forests,Latin American forest,,1222,0.3507,2,692,1,691,1,0.0014,0.5,0.0029,0.9982,0.4375,0.6084
phase21_B_λ4,tcd_tile_3285,Central European mixed forests,European forest,,3480,0.3507,90,154,36,118,54,0.2338,0.4,0.2951,0.8899,0.3238,0.4749
phase21_B_λ4,tcd_tile_3286,Northern Zanzibar-Inhambane coastal forest mosaic,African tropical forest,,279,0.3507,344,551,266,285,78,0.4828,0.7733,0.5944,0.6237,0.7714,0.6897
phase21_B_λ4,tcd_tile_3287,Lesser Sundas deciduous forests,SE Asian & Pacific rainforest,,3508,0.3507,3,159,2,157,1,0.0126,0.6667,0.0247,0.891,0.1897,0.3129
phase21_B_λ4,tcd_tile_3288,Southern Korea evergreen forests,Other,,2721,0.3507,133,107,49,58,84,0.4579,0.3684,0.4083,0.792,0.3643,0.4991
phase21_B_λ4,tcd_tile_3289,Bolivian montane dry forests,Latin American forest,,3521,0.3507,26,151,6,145,20,0.0397,0.2308,0.0678,0.9765,0.1513,0.262
phase21_B_λ4,tcd_tile_329,Sarmatic mixed forests,European forest,,1092,0.3507,5,230,3,227,2,0.013,0.6,0.0255,0.8788,0.1631,0.2752
phase21_B_λ4,tcd_tile_3290,North Central Rockies forests,N. American forest,,3857,0.3507,1,222,1,221,0,0.0045,1.0,0.009,0.9966,0.1961,0.3278
phase21_B_λ4,tcd_tile_3291,Southern Zanzibar-Inhambane coastal forest mosaic,African tropical forest,,2213,0.3507,180,107,57,50,123,0.5327,0.3167,0.3972,0.8738,0.2954,0.4415
phase21_B_λ4,tcd_tile_3292,,Other,,3665,0.3507,3,72,3,69,0,0.0417,1.0,0.08,0.9424,0.1013,0.183
phase21_B_λ4,tcd_tile_3293,Southeastern mixed forests,N. American forest,,3824,0.3507,49,91,21,70,28,0.2308,0.4286,0.3,0.8482,0.3625,0.5079
phase21_B_λ4,tcd_tile_3294,Northern Zanzibar-Inhambane coastal forest mosaic,African tropical forest,,2232,0.3507,214,323,159,164,55,0.4923,0.743,0.5922,0.771,0.5556,0.6458
phase21_B_λ4,tcd_tile_3295,Northern Zanzibar-Inhambane coastal forest mosaic,African tropical forest,,2994,0.3507,83,135,67,68,16,0.4963,0.8072,0.6147,0.8046,0.3869,0.5225
phase21_B_λ4,tcd_tile_3296,Southern Zanzibar-Inhambane coastal forest mosaic,African tropical forest,,4772,0.3507,184,176,78,98,106,0.4432,0.4239,0.4333,0.9068,0.3761,0.5317
phase21_B_λ4,tcd_tile_3297,Pannonian mixed forests,European forest,,3109,0.3507,110,222,42,180,68,0.1892,0.3818,0.253,0.4986,0.3369,0.4021
phase21_B_λ4,tcd_tile_3298,Atlantic mixed forests,European forest,,4456,0.3507,1,55,1,54,0,0.0182,1.0,0.0357,0.9664,0.126,0.223
phase21_B_λ4,tcd_tile_3299,Balkan mixed forests,European forest,,952,0.3507,79,111,44,67,35,0.3964,0.557,0.4632,0.7234,0.3508,0.4725
phase21_B_λ4,tcd_tile_33,Chilean matorral,Arid / dryland,,92,0.3507,132,167,67,100,65,0.4012,0.5076,0.4482,0.755,0.3829,0.5081
phase21_B_λ4,tcd_tile_330,,Other,,4220,0.3507,22,301,13,288,9,0.0432,0.5909,0.0805,0.998,0.191,0.3206
phase21_B_λ4,tcd_tile_3300,Central Indochina dry forests,Other,,4756,0.3507,248,523,163,360,85,0.3117,0.6573,0.4228,0.8082,0.6448,0.7173
phase21_B_λ4,tcd_tile_3301,"Sao Tome, Principe and Annobon moist lowland forests",Other,,269,0.3507,400,613,287,326,113,0.4682,0.7175,0.5666,0.6296,0.745,0.6825
phase21_B_λ4,tcd_tile_3302,Northern Zanzibar-Inhambane coastal forest mosaic,African tropical forest,,1338,0.3507,103,75,32,43,71,0.4267,0.3107,0.3596,0.7807,0.1382,0.2349
phase21_B_λ4,tcd_tile_3303,Mindanao-Eastern Visayas rain forests,SE Asian & Pacific rainforest,,3715,0.3507,11,5,4,1,7,0.8,0.3636,0.5,0.9516,0.0589,0.111
phase21_B_λ4,tcd_tile_3304,Northern Zanzibar-Inhambane coastal forest mosaic,African tropical forest,,696,0.3507,13,8,7,1,6,0.875,0.5385,0.6667,0.8357,0.2701,0.4082
phase21_B_λ4,tcd_tile_3305,Tongan tropical moist forests,SE Asian & Pacific rainforest,,995,0.3507,0,151,0,151,0,0.0,0.0,0.0,0.0,0.0,0.0
phase21_B_λ4,tcd_tile_3306,Central Pacific coastal forests,Other,,2173,0.3507,8,4,3,1,5,0.75,0.375,0.5,0.8943,0.0392,0.0752
phase21_B_λ4,tcd_tile_3307,South Central Rockies forests,Other,,4631,0.3507,34,127,30,97,4,0.2362,0.8824,0.3727,0.7011,0.5364,0.6078
phase21_B_λ4,tcd_tile_3308,Celtic broadleaf forests,European forest,,2392,0.3507,51,48,15,33,36,0.3125,0.2941,0.303,0.7449,0.3436,0.4702
phase21_B_λ4,tcd_tile_3309,Timor and Wetar deciduous forests,SE Asian & Pacific rainforest,,76,0.3507,34,122,20,102,14,0.1639,0.5882,0.2564,0.2014,0.4734,0.2825
phase21_B_λ4,tcd_tile_331,Carpathian montane forests,Other,,2320,0.3507,20,214,7,207,13,0.0327,0.35,0.0598,0.9953,0.4179,0.5886
phase21_B_λ4,tcd_tile_3310,Hispaniolan moist forests,SE Asian & Pacific rainforest,,4702,0.3507,0,119,0,119,0,0.0,0.0,0.0,0.0,0.0,0.0
phase21_B_λ4,tcd_tile_3311,Central European mixed forests,European forest,,374,0.3507,59,99,44,55,15,0.4444,0.7458,0.557,0.8631,0.4624,0.6022
phase21_B_λ4,tcd_tile_3312,Changjiang Plain evergreen forests,Other,,4585,0.3507,0,56,0,56,0,0.0,0.0,0.0,0.0,0.0,0.0
phase21_B_λ4,tcd_tile_3313,Willamette Valley forests,N. American forest,,2225,0.3507,0,46,0,46,0,0.0,0.0,0.0,0.0,0.0,0.0
phase21_B_λ4,tcd_tile_3314,Po Basin mixed forests,Other,,3399,0.3507,25,297,21,276,4,0.0707,0.84,0.1304,0.9298,0.5387,0.6822
phase21_B_λ4,tcd_tile_3315,Luzon rain forests,SE Asian & Pacific rainforest,,832,0.3507,14,8,4,4,10,0.5,0.2857,0.3636,0.4472,0.1956,0.2722
phase21_B_λ4,tcd_tile_3316,Eastern Great Lakes lowland forests,N. American forest,,4147,0.3507,23,32,9,23,14,0.2812,0.3913,0.3273,0.5837,0.4289,0.4945
phase21_B_λ4,tcd_tile_3317,Upper Midwest forest-savanna transition,N. American forest,,1753,0.3507,30,184,21,163,9,0.1141,0.7,0.1963,0.9387,0.4763,0.632
phase21_B_λ4,tcd_tile_3318,California interior chaparral and woodlands,Other,,1274,0.3507,0,0,0,0,0,0.0,0.0,0.0,0.0,0.0,0.0
phase21_B_λ4,tcd_tile_3319,Western European broadleaf forests,European forest,,4420,0.3507,1,12,1,11,0,0.0833,1.0,0.1538,0.9827,0.0297,0.0577
phase21_B_λ4,tcd_tile_332,Southern Zanzibar-Inhambane coastal forest mosaic,African tropical forest,,4212,0.3507,39,36,10,26,29,0.2778,0.2564,0.2667,0.7447,0.1908,0.3037
phase21_B_λ4,tcd_tile_3320,English Lowlands beech forests,European forest,,2907,0.3507,4,26,1,25,3,0.0385,0.25,0.0667,0.5768,0.1795,0.2738
phase21_B_λ4,tcd_tile_3321,,Other,,1834,0.3507,0,100,0,100,0,0.0,0.0,0.0,0.0,0.0,0.0
phase21_B_λ4,tcd_tile_3322,Western European broadleaf forests,European forest,,1567,0.3507,12,139,4,135,8,0.0288,0.3333,0.053,0.9546,0.3271,0.4872
phase21_B_λ4,tcd_tile_3323,Southeastern mixed forests,N. American forest,,5024,0.3507,6,390,5,385,1,0.0128,0.8333,0.0253,0.9768,0.4812,0.6447
phase21_B_λ4,tcd_tile_3324,Western European broadleaf forests,European forest,,5006,0.3507,5,37,3,34,2,0.0811,0.6,0.1429,0.9795,0.0797,0.1474
phase21_B_λ4,tcd_tile_3325,,Other,,2689,0.3507,29,44,16,28,13,0.3636,0.5517,0.4384,0.3647,0.6874,0.4765
phase21_B_λ4,tcd_tile_3326,Sulawesi lowland rain forests,SE Asian & Pacific rainforest,,4532,0.3507,256,98,64,34,192,0.6531,0.25,0.3616,0.8442,0.622,0.7163
phase21_B_λ4,tcd_tile_3327,Northern Zanzibar-Inhambane coastal forest mosaic,African tropical forest,,290,0.3507,99,222,40,182,59,0.1802,0.404,0.2492,0.8938,0.4393,0.5891
phase21_B_λ4,tcd_tile_3328,Northern Zanzibar-Inhambane coastal forest mosaic,African tropical forest,,2444,0.3507,103,154,66,88,37,0.4286,0.6408,0.5136,0.7838,0.4022,0.5316
phase21_B_λ4,tcd_tile_3329,Pannonian mixed forests,European forest,,3282,0.3507,59,46,14,32,45,0.3043,0.2373,0.2667,0.978,0.3171,0.4789
phase21_B_λ4,tcd_tile_333,Atlantic mixed forests,European forest,,1891,0.3507,8,35,1,34,7,0.0286,0.125,0.0465,0.0361,0.0443,0.0398
phase21_B_λ4,tcd_tile_3330,Northern Zanzibar-Inhambane coastal forest mosaic,African tropical forest,,1318,0.3507,34,59,16,43,18,0.2712,0.4706,0.3441,0.8869,0.0544,0.1026
phase21_B_λ4,tcd_tile_3331,Eastern Java-Bali rain forests,SE Asian & Pacific rainforest,,4735,0.3507,26,59,10,49,16,0.1695,0.3846,0.2353,0.4569,0.2184,0.2955
phase21_B_λ4,tcd_tile_3332,Mindanao-Eastern Visayas rain forests,SE Asian & Pacific rainforest,,4440,0.3507,5,250,2,248,3,0.008,0.4,0.0157,0.981,0.1879,0.3155
phase21_B_λ4,tcd_tile_3333,Northern Zanzibar-Inhambane coastal forest mosaic,African tropical forest,,433,0.3507,37,43,19,24,18,0.4419,0.5135,0.475,0.8187,0.2136,0.3388
phase21_B_λ4,tcd_tile_3334,Tongan tropical moist forests,SE Asian & Pacific rainforest,,798,0.3507,18,419,15,404,3,0.0358,0.8333,0.0686,0.9547,0.3895,0.5533
phase21_B_λ4,tcd_tile_3335,Central African mangroves,African tropical forest,,5007,0.3507,3,116,1,115,2,0.0086,0.3333,0.0168,0.0019,0.4592,0.0038
phase21_B_λ4,tcd_tile_3336,North Central Rockies forests,N. American forest,,2966,0.3507,11,288,1,287,10,0.0035,0.0909,0.0067,0.9983,0.251,0.4012
phase21_B_λ4,tcd_tile_3337,Sarmatic mixed forests,European forest,,4130,0.3507,53,129,30,99,23,0.2326,0.566,0.3297,0.9411,0.5419,0.6878
phase21_B_λ4,tcd_tile_3338,Cardamom Mountains rain forests,Other,,2743,0.3507,307,742,247,495,60,0.3329,0.8046,0.4709,0.9757,0.3222,0.4844
phase21_B_λ4,tcd_tile_3339,Atlantic mixed forests,European forest,,4234,0.3507,13,151,10,141,3,0.0662,0.7692,0.122,0.9434,0.4886,0.6438
phase21_B_λ4,tcd_tile_334,Sarmatic mixed forests,European forest,,2546,0.3507,3,38,3,35,0,0.0789,1.0,0.1463,0.9732,0.155,0.2675
phase21_B_λ4,tcd_tile_3340,Crimean Submediterranean forest complex,Other,,3489,0.3507,9,46,4,42,5,0.087,0.4444,0.1455,0.4989,0.483,0.4908
phase21_B_λ4,tcd_tile_3341,Southern Great Lakes forests,N. American forest,,2993,0.3507,17,18,4,14,13,0.2222,0.2353,0.2286,0.556,0.1315,0.2127
phase21_B_λ4,tcd_tile_3342,Northern Zanzibar-Inhambane coastal forest mosaic,African tropical forest,,3205,0.3507,1,458,1,457,0,0.0022,1.0,0.0044,1.0,0.1932,0.3238
phase21_B_λ4,tcd_tile_3343,Hispaniolan dry forests,Other,,4814,0.3507,45,166,27,139,18,0.1627,0.6,0.2559,0.8627,0.3228,0.4698
phase21_B_λ4,tcd_tile_3344,Balsas dry forests,Other,,3571,0.3507,57,42,3,39,54,0.0714,0.0526,0.0606,0.4048,0.0456,0.082
phase21_B_λ4,tcd_tile_3345,Lesser Sundas deciduous forests,SE Asian & Pacific rainforest,,2125,0.3507,13,164,5,159,8,0.0305,0.3846,0.0565,0.6717,0.1674,0.268
phase21_B_λ4,tcd_tile_3346,Caucasus mixed forests,European forest,,3350,0.3507,6,0,0,0,6,0.0,0.0,0.0,0.0,0.0,0.0
phase21_B_λ4,tcd_tile_3347,Western European broadleaf forests,European forest,,2412,0.3507,33,74,21,53,12,0.2838,0.6364,0.3925,0.9445,0.1104,0.1977
phase21_B_λ4,tcd_tile_3348,California interior chaparral and woodlands,Other,,508,0.3507,9,6,3,3,6,0.5,0.3333,0.4,0.4749,0.4024,0.4357
phase21_B_λ4,tcd_tile_3349,,Other,,1893,0.3507,0,0,0,0,0,0.0,0.0,0.0,0.0,0.0,0.0
phase21_B_λ4,tcd_tile_335,Iberian sclerophyllous and semi-deciduous forests,Other,,1198,0.3507,168,196,93,103,75,0.4745,0.5536,0.511,0.7603,0.3257,0.4561
phase21_B_λ4,tcd_tile_3350,Central European mixed forests,European forest,,312,0.3507,29,132,21,111,8,0.1591,0.7241,0.2609,0.7657,0.3777,0.5059
phase21_B_λ4,tcd_tile_3351,Southern Zanzibar-Inhambane coastal forest mosaic,African tropical forest,,4612,0.3507,170,120,48,72,122,0.4,0.2824,0.331,0.955,0.2829,0.4366
phase21_B_λ4,tcd_tile_3352,Central European mixed forests,European forest,,2175,0.3507,29,75,15,60,14,0.2,0.5172,0.2885,0.5065,0.0958,0.1612
phase21_B_λ4,tcd_tile_3353,Northern Zanzibar-Inhambane coastal forest mosaic,African tropical forest,,1309,0.3507,97,162,43,119,54,0.2654,0.4433,0.332,0.7653,0.1155,0.2007
phase21_B_λ4,tcd_tile_3354,Central forest-grasslands transition,Other,,327,0.3507,93,82,54,28,39,0.6585,0.5806,0.6171,0.9005,0.4449,0.5955
phase21_B_λ4,tcd_tile_3355,Sarmatic mixed forests,European forest,,4788,0.3507,78,88,30,58,48,0.3409,0.3846,0.3614,0.5289,0.3853,0.4458
phase21_B_λ4,tcd_tile_3356,Northern Zanzibar-Inhambane coastal forest mosaic,African tropical forest,,368,0.3507,38,156,30,126,8,0.1923,0.7895,0.3093,0.8791,0.4264,0.5743
phase21_B_λ4,tcd_tile_3357,Northern Zanzibar-Inhambane coastal forest mosaic,African tropical forest,,520,0.3507,44,39,8,31,36,0.2051,0.1818,0.1928,0.685,0.0141,0.0277
phase21_B_λ4,tcd_tile_3358,Petén-Veracruz moist forests,Latin American forest,,3369,0.3507,98,119,43,76,55,0.3613,0.4388,0.3963,0.641,0.3706,0.4697
phase21_B_λ4,tcd_tile_3359,Northern Zanzibar-Inhambane coastal forest mosaic,African tropical forest,,1195,0.3507,88,134,54,80,34,0.403,0.6136,0.4865,0.8093,0.234,0.3631
phase21_B_λ4,tcd_tile_336,English Lowlands beech forests,European forest,,2193,0.3507,3,60,2,58,1,0.0333,0.6667,0.0635,0.9967,0.1314,0.2322
phase21_B_λ4,tcd_tile_3360,Southern Great Lakes forests,N. American forest,,4273,0.3507,73,224,50,174,23,0.2232,0.6849,0.3367,0.8637,0.4022,0.5489
phase21_B_λ4,tcd_tile_3361,Hispaniolan moist forests,SE Asian & Pacific rainforest,,4394,0.3507,0,115,0,115,0,0.0,0.0,0.0,0.0,0.0,0.0
phase21_B_λ4,tcd_tile_3362,Taiwan subtropical evergreen forests,SE Asian & Pacific rainforest,,3130,0.3507,84,48,28,20,56,0.5833,0.3333,0.4242,0.7625,0.4846,0.5926
phase21_B_λ4,tcd_tile_3363,Southern Zanzibar-Inhambane coastal forest mosaic,African tropical forest,,407,0.3507,6,9,4,5,2,0.4444,0.6667,0.5333,0.6675,0.6486,0.6579
phase21_B_λ4,tcd_tile_3364,Northern Zanzibar-Inhambane coastal forest mosaic,African tropical forest,,1945,0.3507,1,850,1,849,0,0.0012,1.0,0.0024,1.0,0.449,0.6197
phase21_B_λ4,tcd_tile_3365,Araucaria moist forests,Other,,450,0.3507,141,396,71,325,70,0.1793,0.5035,0.2644,0.8808,0.4739,0.6163
phase21_B_λ4,tcd_tile_3366,Central Indochina dry forests,Other,,4743,0.3507,102,172,56,116,46,0.3256,0.549,0.4088,0.7973,0.2302,0.3572
phase21_B_λ4,tcd_tile_3367,Caucasus mixed forests,European forest,,1625,0.3507,6,5,1,4,5,0.2,0.1667,0.1818,0.8369,0.0081,0.0161
phase21_B_λ4,tcd_tile_3368,Atlantic mixed forests,European forest,,530,0.3507,7,89,4,85,3,0.0449,0.5714,0.0833,0.8888,0.2802,0.4261
phase21_B_λ4,tcd_tile_3369,Central Indochina dry forests,Other,,4375,0.3507,29,430,13,417,16,0.0302,0.4483,0.0566,0.9302,0.4963,0.6473
phase21_B_λ4,tcd_tile_337,Taiheiyo evergreen forests,Other,,2304,0.3507,250,119,38,81,212,0.3193,0.152,0.206,0.3435,0.2905,0.3148
phase21_B_λ4,tcd_tile_3370,Granitic Seychelles forests,Other,,1137,0.3507,76,313,49,264,27,0.1565,0.6447,0.2519,0.8745,0.2316,0.3663
phase21_B_λ4,tcd_tile_3371,Eastern Java-Bali rain forests,SE Asian & Pacific rainforest,,4227,0.3507,50,119,13,106,37,0.1092,0.26,0.1538,0.6111,0.1041,0.1778
phase21_B_λ4,tcd_tile_3372,Southeast Australia temperate forests,Other,,1494,0.3507,8,99,4,95,4,0.0404,0.5,0.0748,0.983,0.1854,0.312
phase21_B_λ4,tcd_tile_3373,Caucasus mixed forests,European forest,,4174,0.3507,11,0,0,0,11,0.0,0.0,0.0,0.0,0.0,0.0
phase21_B_λ4,tcd_tile_3374,Mindanao-Eastern Visayas rain forests,SE Asian & Pacific rainforest,,2607,0.3507,71,172,41,131,30,0.2384,0.5775,0.3374,0.7551,0.3631,0.4904
phase21_B_λ4,tcd_tile_3375,Western Guinean lowland forests,African tropical forest,,439,0.3507,31,86,20,66,11,0.2326,0.6452,0.3419,0.2638,0.7917,0.3957
phase21_B_λ4,tcd_tile_3376,Northern Zanzibar-Inhambane coastal forest mosaic,African tropical forest,,3139,0.3507,30,86,14,72,16,0.1628,0.4667,0.2414,0.8266,0.1323,0.2281
phase21_B_λ4,tcd_tile_3377,Northern mixed grasslands,Other,,1078,0.3507,33,43,22,21,11,0.5116,0.6667,0.5789,0.7345,0.6245,0.6751
phase21_B_λ4,tcd_tile_3378,"Sao Tome, Principe and Annobon moist lowland forests",Other,,16,0.3507,329,273,120,153,209,0.4396,0.3647,0.3987,0.7423,0.4735,0.5782
phase21_B_λ4,tcd_tile_3379,Southern Great Lakes forests,N. American forest,,3899,0.3507,13,13,6,7,7,0.4615,0.4615,0.4615,0.8506,0.1767,0.2926
phase21_B_λ4,tcd_tile_338,Atlantic mixed forests,European forest,,2439,0.3507,3,65,3,62,0,0.0462,1.0,0.0882,0.5298,0.142,0.224
phase21_B_λ4,tcd_tile_3380,Northeastern coastal forests,N. American forest,,114,0.3507,72,141,35,106,37,0.2482,0.4861,0.3286,0.5212,0.7926,0.6288
phase21_B_λ4,tcd_tile_3381,Nihonkai montane deciduous forests,Other,,4966,0.3507,1,15,1,14,0,0.0667,1.0,0.125,0.9947,0.025,0.0488
phase21_B_λ4,tcd_tile_3382,Northern Zanzibar-Inhambane coastal forest mosaic,African tropical forest,,3175,0.3507,29,224,7,217,22,0.0312,0.2414,0.0553,0.9727,0.2419,0.3875
phase21_B_λ4,tcd_tile_3383,,Other,,1409,0.3507,0,304,0,304,0,0.0,0.0,0.0,0.0,0.0,0.0
phase21_B_λ4,tcd_tile_3384,Madeira-Tapajós moist forests,Latin American forest,,3111,0.3507,8,279,3,276,5,0.0108,0.375,0.0209,0.9543,0.2027,0.3344
phase21_B_λ4,tcd_tile_3385,Atlantic dry forests,Other,,738,0.3507,373,171,109,62,264,0.6374,0.2922,0.4007,0.73,0.4921,0.5879
phase21_B_λ4,tcd_tile_3386,Baltic mixed forests,European forest,,1455,0.3507,23,68,20,48,3,0.2941,0.8696,0.4396,0.8854,0.2969,0.4447
phase21_B_λ4,tcd_tile_3387,Northern Zanzibar-Inhambane coastal forest mosaic,African tropical forest,,755,0.3507,220,166,98,68,122,0.5904,0.4455,0.5078,0.8736,0.3352,0.4845
phase21_B_λ4,tcd_tile_3388,North Central Rockies forests,N. American forest,,1540,0.3507,4,506,1,505,3,0.002,0.25,0.0039,0.9932,0.4244,0.5947
phase21_B_λ4,tcd_tile_3389,,Other,,943,0.3507,13,2,2,0,11,1.0,0.1538,0.2667,0.8649,0.1221,0.214
phase21_B_λ4,tcd_tile_339,Iquitos varzeá,Other,,2826,0.3507,68,75,33,42,35,0.44,0.4853,0.4615,0.6802,0.2127,0.3241
phase21_B_λ4,tcd_tile_3390,Veracruz moist forests,Other,,3501,0.3507,73,37,16,21,57,0.4324,0.2192,0.2909,0.8763,0.254,0.3939
phase21_B_λ4,tcd_tile_3391,Central Andean puna,Other,,11,0.3507,35,8,6,2,29,0.75,0.1714,0.2791,0.6759,0.1243,0.21
phase21_B_λ4,tcd_tile_3392,Luzon rain forests,SE Asian & Pacific rainforest,,2199,0.3507,17,23,10,13,7,0.4348,0.5882,0.5,0.7396,0.713,0.726
phase21_B_λ4,tcd_tile_3393,Northeastern coastal forests,N. American forest,,3217,0.3507,0,2,0,2,0,0.0,0.0,0.0,0.0,0.0,0.0
phase21_B_λ4,tcd_tile_3394,"Sao Tome, Principe and Annobon moist lowland forests",Other,,266,0.3507,68,158,45,113,23,0.2848,0.6618,0.3982,0.8417,0.6579,0.7385
phase21_B_λ4,tcd_tile_3395,Sulawesi lowland rain forests,SE Asian & Pacific rainforest,,4214,0.3507,135,120,48,72,87,0.4,0.3556,0.3765,0.4999,0.1831,0.268
phase21_B_λ4,tcd_tile_3396,Madeira-Tapajós moist forests,Latin American forest,,3174,0.3507,1,460,1,459,0,0.0022,1.0,0.0043,0.9994,0.3252,0.4907
phase21_B_λ4,tcd_tile_3397,Crimean Submediterranean forest complex,Other,,1788,0.3507,52,200,37,163,15,0.185,0.7115,0.2937,0.92,0.2721,0.42
phase21_B_λ4,tcd_tile_3398,Timor and Wetar deciduous forests,SE Asian & Pacific rainforest,,578,0.3507,218,146,79,67,139,0.5411,0.3624,0.4341,0.727,0.3472,0.47
phase21_B_λ4,tcd_tile_3399,Alps conifer and mixed forests,European forest,,4977,0.3507,0,6,0,6,0,0.0,0.0,0.0,0.0,0.0,0.0
phase21_B_λ4,tcd_tile_34,Sonoran desert,Arid / dryland,,479,0.3507,133,197,83,114,50,0.4213,0.6241,0.503,0.6279,0.5916,0.6092
phase21_B_λ4,tcd_tile_340,Iquitos varzeá,Other,,3520,0.3507,79,77,50,27,29,0.6494,0.6329,0.641,0.8271,0.3339,0.4757
phase21_B_λ4,tcd_tile_3400,Northern Zanzibar-Inhambane coastal forest mosaic,African tropical forest,,2644,0.3507,124,117,49,68,75,0.4188,0.3952,0.4066,0.8791,0.3465,0.4971
phase21_B_λ4,tcd_tile_3401,Sumatran lowland rain forests,SE Asian & Pacific rainforest,,784,0.3507,34,241,14,227,20,0.0581,0.4118,0.1018,0.9077,0.1563,0.2666
phase21_B_λ4,tcd_tile_3402,Lesser Sundas deciduous forests,SE Asian & Pacific rainforest,,2514,0.3507,152,244,73,171,79,0.2992,0.4803,0.3687,0.6385,0.2676,0.3771
phase21_B_λ4,tcd_tile_3403,Northern Zanzibar-Inhambane coastal forest mosaic,African tropical forest,,223,0.3507,193,261,98,163,95,0.3755,0.5078,0.4317,0.6202,0.5132,0.5617
phase21_B_λ4,tcd_tile_3404,Northern Zanzibar-Inhambane coastal forest mosaic,African tropical forest,,2045,0.3507,192,621,144,477,48,0.2319,0.75,0.3542,0.6643,0.6103,0.6362
phase21_B_λ4,tcd_tile_3405,Northern Zanzibar-Inhambane coastal forest mosaic,African tropical forest,,30,0.3507,159,298,67,231,92,0.2248,0.4214,0.2932,0.827,0.4688,0.5984
phase21_B_λ4,tcd_tile_3406,Northern Anatolian conifer and deciduous forests,Other,,3632,0.3507,109,145,74,71,35,0.5103,0.6789,0.5827,0.7271,0.6362,0.6786
phase21_B_λ4,tcd_tile_3407,Mindanao-Eastern Visayas rain forests,SE Asian & Pacific rainforest,,3237,0.3507,32,14,7,7,25,0.5,0.2188,0.3043,0.765,0.1408,0.2378
phase21_B_λ4,tcd_tile_3408,Northern Zanzibar-Inhambane coastal forest mosaic,African tropical forest,,3737,0.3507,313,397,274,123,39,0.6902,0.8754,0.7718,0.7963,0.7534,0.7742
phase21_B_λ4,tcd_tile_3409,Balkan mixed forests,European forest,,485,0.3507,75,115,54,61,21,0.4696,0.72,0.5684,0.6822,0.5617,0.6161
phase21_B_λ4,tcd_tile_341,Atlantic Coast restingas,Other,,1207,0.3507,204,106,78,28,126,0.7358,0.3824,0.5032,0.7166,0.443,0.5475
phase21_B_λ4,tcd_tile_3410,Luzon rain forests,SE Asian & Pacific rainforest,,2810,0.3507,1,20,1,19,0,0.05,1.0,0.0952,1.0,0.0159,0.0314
phase21_B_λ4,tcd_tile_3411,Sarmatic mixed forests,European forest,,1469,0.3507,1,65,1,64,0,0.0154,1.0,0.0303,0.9976,0.2401,0.387
phase21_B_λ4,tcd_tile_3412,Alps conifer and mixed forests,European forest,,3902,0.3507,18,94,8,86,10,0.0851,0.4444,0.1429,0.9033,0.3114,0.4632
phase21_B_λ4,tcd_tile_3413,Atlantic mixed forests,European forest,,2972,0.3507,21,12,6,6,15,0.5,0.2857,0.3636,0.9689,0.1544,0.2664
phase21_B_λ4,tcd_tile_3414,Central European mixed forests,European forest,,907,0.3507,55,185,38,147,17,0.2054,0.6909,0.3167,0.9138,0.369,0.5257
phase21_B_λ4,tcd_tile_3415,Southern Zanzibar-Inhambane coastal forest mosaic,African tropical forest,,1803,0.3507,33,49,21,28,12,0.4286,0.6364,0.5122,0.8621,0.5497,0.6713
phase21_B_λ4,tcd_tile_3416,Bolivian montane dry forests,Latin American forest,,2820,0.3507,10,235,4,231,6,0.017,0.4,0.0327,0.9927,0.2688,0.4231
phase21_B_λ4,tcd_tile_3417,Northern Zanzibar-Inhambane coastal forest mosaic,African tropical forest,,4010,0.3507,51,91,34,57,17,0.3736,0.6667,0.4789,0.8755,0.3615,0.5117
phase21_B_λ4,tcd_tile_3418,Northern Zanzibar-Inhambane coastal forest mosaic,African tropical forest,,4014,0.3507,87,238,61,177,26,0.2563,0.7011,0.3754,0.7623,0.2539,0.3809
phase21_B_λ4,tcd_tile_3419,Northern Zanzibar-Inhambane coastal forest mosaic,African tropical forest,,131,0.3507,242,277,112,165,130,0.4043,0.4628,0.4316,0.6845,0.5451,0.6069
phase21_B_λ4,tcd_tile_342,Central European mixed forests,European forest,,1267,0.3507,30,49,18,31,12,0.3673,0.6,0.4557,0.7729,0.4619,0.5783
phase21_B_λ4,tcd_tile_3420,Southeastern mixed forests,N. American forest,,4251,0.3507,33,54,19,35,14,0.3519,0.5758,0.4368,0.919,0.2528,0.3965
phase21_B_λ4,tcd_tile_3421,,Other,,200,0.3507,14,21,3,18,11,0.1429,0.2143,0.1714,0.7883,0.0952,0.1698
phase21_B_λ4,tcd_tile_3422,,Other,,3714,0.3507,59,146,30,116,29,0.2055,0.5085,0.2927,0.9274,0.2995,0.4528
phase21_B_λ4,tcd_tile_3423,Northern Zanzibar-Inhambane coastal forest mosaic,African tropical forest,,1865,0.3507,255,197,112,85,143,0.5685,0.4392,0.4956,0.7684,0.3075,0.4392
phase21_B_λ4,tcd_tile_3424,Luzon rain forests,SE Asian & Pacific rainforest,,2180,0.3507,23,123,2,121,21,0.0163,0.087,0.0274,0.9913,0.0295,0.0574
phase21_B_λ4,tcd_tile_3425,,Other,,1532,0.3507,28,89,17,72,11,0.191,0.6071,0.2906,0.8064,0.2436,0.3742
phase21_B_λ4,tcd_tile_3426,Mesopotamian shrub desert,Other,,1329,0.3507,282,500,244,256,38,0.488,0.8652,0.624,0.891,0.77,0.8261
phase21_B_λ4,tcd_tile_3427,Madeira-Tapajós moist forests,Latin American forest,,1501,0.3507,1,162,1,161,0,0.0062,1.0,0.0123,0.9998,0.223,0.3647
phase21_B_λ4,tcd_tile_3428,Western Guinean lowland forests,African tropical forest,,2888,0.3507,36,23,4,19,32,0.1739,0.1111,0.1356,0.1896,0.0565,0.087
phase21_B_λ4,tcd_tile_3429,Southern Zanzibar-Inhambane coastal forest mosaic,African tropical forest,,2735,0.3507,78,53,43,10,35,0.8113,0.5513,0.6565,0.7852,0.4163,0.5441
phase21_B_λ4,tcd_tile_343,Central European mixed forests,European forest,,753,0.3507,58,169,51,118,7,0.3018,0.8793,0.4493,0.8595,0.3558,0.5033
phase21_B_λ4,tcd_tile_3430,Himalayan subtropical broadleaf forests,Other,,3973,0.3507,87,107,29,78,58,0.271,0.3333,0.299,0.8763,0.4258,0.5731
phase21_B_λ4,tcd_tile_3431,Sarmatic mixed forests,European forest,,3781,0.3507,0,8,0,8,0,0.0,0.0,0.0,0.0,0.0,0.0
phase21_B_λ4,tcd_tile_3432,Eastern forest-boreal transition,Other,,2647,0.3507,5,194,4,190,1,0.0206,0.8,0.0402,0.8306,0.4337,0.5698
phase21_B_λ4,tcd_tile_3433,East European forest steppe,European forest,,1734,0.3507,67,293,31,262,36,0.1058,0.4627,0.1722,0.7289,0.1493,0.2479
phase21_B_λ4,tcd_tile_3434,California coastal sage and chaparral,Other,,54,0.3507,16,69,2,67,14,0.029,0.125,0.0471,0.0288,0.7709,0.0555
phase21_B_λ4,tcd_tile_3435,Eastern Great Lakes lowland forests,N. American forest,,2737,0.3507,0,42,0,42,0,0.0,0.0,0.0,0.0,0.0,0.0
phase21_B_λ4,tcd_tile_3436,Appalachian-Blue Ridge forests,N. American forest,,355,0.3507,33,50,11,39,22,0.22,0.3333,0.2651,0.5613,0.2965,0.388
phase21_B_λ4,tcd_tile_3437,,Other,,4625,0.3507,0,86,0,86,0,0.0,0.0,0.0,0.0,0.0,0.0
phase21_B_λ4,tcd_tile_3438,Northern Zanzibar-Inhambane coastal forest mosaic,African tropical forest,,2337,0.3507,5,177,5,172,0,0.0282,1.0,0.0549,0.9982,0.157,0.2713
phase21_B_λ4,tcd_tile_3439,Balkan mixed forests,European forest,,306,0.3507,89,113,39,74,50,0.3451,0.4382,0.3861,0.6089,0.3801,0.468
phase21_B_λ4,tcd_tile_344,Celtic broadleaf forests,European forest,,3141,0.3507,1,35,1,34,0,0.0286,1.0,0.0556,0.9693,0.1408,0.2459
phase21_B_λ4,tcd_tile_3440,Balsas dry forests,Other,,2331,0.3507,225,137,24,113,201,0.1752,0.1067,0.1326,0.7876,0.0936,0.1673
phase21_B_λ4,tcd_tile_3441,Taiheiyo evergreen forests,Other,,142,0.3507,112,83,32,51,80,0.3855,0.2857,0.3282,0.5747,0.6122,0.5929
phase21_B_λ4,tcd_tile_3442,Southern Zanzibar-Inhambane coastal forest mosaic,African tropical forest,,1579,0.3507,178,51,34,17,144,0.6667,0.191,0.2969,0.8473,0.2617,0.3999
phase21_B_λ4,tcd_tile_3443,Eastern Guinean forests,African tropical forest,,3392,0.3507,5,44,2,42,3,0.0455,0.4,0.0816,0.909,0.0846,0.1549
phase21_B_λ4,tcd_tile_3444,Madeira-Tapajós moist forests,Latin American forest,,3600,0.3507,1,210,1,209,0,0.0048,1.0,0.0095,0.9879,0.2478,0.3962
phase21_B_λ4,tcd_tile_3445,Tongan tropical moist forests,SE Asian & Pacific rainforest,,235,0.3507,223,82,30,52,193,0.3659,0.1345,0.1967,0.6872,0.1481,0.2437
phase21_B_λ4,tcd_tile_3446,Northern Zanzibar-Inhambane coastal forest mosaic,African tropical forest,,1710,0.3507,2,47,1,46,1,0.0213,0.5,0.0408,0.9859,0.071,0.1325
phase21_B_λ4,tcd_tile_3447,Sarmatic mixed forests,European forest,,4069,0.3507,7,21,0,21,7,0.0,0.0,0.0,0.0176,0.1218,0.0307
phase21_B_λ4,tcd_tile_3448,Taiheiyo evergreen forests,Other,,41,0.3507,116,68,32,36,84,0.4706,0.2759,0.3478,0.641,0.4581,0.5343
phase21_B_λ4,tcd_tile_3449,Maputaland coastal forest mosaic,African tropical forest,,1166,0.3507,136,104,73,31,63,0.7019,0.5368,0.6083,0.7999,0.6258,0.7022
phase21_B_λ4,tcd_tile_345,Central European mixed forests,European forest,,4486,0.3507,31,82,16,66,15,0.1951,0.5161,0.2832,0.3963,0.5623,0.4649
phase21_B_λ4,tcd_tile_3450,,Other,,3923,0.3507,86,101,40,61,46,0.396,0.4651,0.4278,0.5544,0.5557,0.555
phase21_B_λ4,tcd_tile_3451,Northern Zanzibar-Inhambane coastal forest mosaic,African tropical forest,,3578,0.3507,200,177,87,90,113,0.4915,0.435,0.4615,0.7985,0.2581,0.3901
phase21_B_λ4,tcd_tile_3452,Northern Zanzibar-Inhambane coastal forest mosaic,African tropical forest,,4943,0.3507,245,410,166,244,79,0.4049,0.6776,0.5069,0.9073,0.4485,0.6003
phase21_B_λ4,tcd_tile_3453,Upper Midwest forest-savanna transition,N. American forest,,3940,0.3507,15,171,11,160,4,0.0643,0.7333,0.1183,0.9518,0.6205,0.7512
phase21_B_λ4,tcd_tile_3454,East European forest steppe,European forest,,3357,0.3507,56,72,21,51,35,0.2917,0.375,0.3281,0.5894,0.1316,0.2151
phase21_B_λ4,tcd_tile_3455,Tigris-Euphrates alluvial salt marsh,Other,,390,0.3507,34,80,15,65,19,0.1875,0.4412,0.2632,0.2945,0.7954,0.4299
phase21_B_λ4,tcd_tile_3456,Central European mixed forests,European forest,,250,0.3507,94,146,77,69,17,0.5274,0.8191,0.6417,0.7983,0.6333,0.7063
phase21_B_λ4,tcd_tile_3457,Sierra Nevada forests,N. American forest,,1570,0.3507,159,50,38,12,121,0.76,0.239,0.3636,0.8095,0.1,0.178
phase21_B_λ4,tcd_tile_3458,Northern Zanzibar-Inhambane coastal forest mosaic,African tropical forest,,3025,0.3507,103,58,23,35,80,0.3966,0.2233,0.2857,0.9545,0.1923,0.3201
phase21_B_λ4,tcd_tile_3459,Southern Zanzibar-Inhambane coastal forest mosaic,African tropical forest,,4186,0.3507,139,49,36,13,103,0.7347,0.259,0.383,0.874,0.4479,0.5923
phase21_B_λ4,tcd_tile_346,Tumbes-Piura dry forests,Other,,3120,0.3507,66,107,37,70,29,0.3458,0.5606,0.4277,0.7605,0.1907,0.3049
phase21_B_λ4,tcd_tile_3460,Northern Zanzibar-Inhambane coastal forest mosaic,African tropical forest,,2010,0.3507,175,43,36,7,139,0.8372,0.2057,0.3303,0.9558,0.3518,0.5143
phase21_B_λ4,tcd_tile_3461,Iquitos varzeá,Other,,3658,0.3507,35,118,17,101,18,0.1441,0.4857,0.2222,0.9374,0.1689,0.2862
phase21_B_λ4,tcd_tile_3462,Balsas dry forests,Other,,2795,0.3507,516,20,8,12,508,0.4,0.0155,0.0299,0.6071,0.0344,0.0651
phase21_B_λ4,tcd_tile_3463,Alps conifer and mixed forests,European forest,,4969,0.3507,4,1,0,1,4,0.0,0.0,0.0,0.0,0.0,0.0
phase21_B_λ4,tcd_tile_3464,Southeast Australia temperate forests,Other,,2280,0.3507,14,207,8,199,6,0.0386,0.5714,0.0724,0.9845,0.3111,0.4728
phase21_B_λ4,tcd_tile_3465,East European forest steppe,European forest,,1903,0.3507,170,126,55,71,115,0.4365,0.3235,0.3716,0.6984,0.206,0.3182
phase21_B_λ4,tcd_tile_3466,Southern Great Lakes forests,N. American forest,,1722,0.3507,116,68,50,18,66,0.7353,0.431,0.5435,0.6565,0.6013,0.6277
phase21_B_λ4,tcd_tile_3467,North Central Rockies forests,N. American forest,,2778,0.3507,4,308,2,306,2,0.0065,0.5,0.0128,0.9893,0.3815,0.5507
phase21_B_λ4,tcd_tile_3468,Uatuma-Trombetas moist forests,Latin American forest,,1633,0.3507,4,16,0,16,4,0.0,0.0,0.0,0.0152,0.0383,0.0218
phase21_B_λ4,tcd_tile_3469,Southeastern mixed forests,N. American forest,,4874,0.3507,59,138,33,105,26,0.2391,0.5593,0.335,0.9205,0.3626,0.5203
phase21_B_λ4,tcd_tile_347,Trans-Mexican Volcanic Belt pine-oak forests,Other,,3683,0.3507,141,154,54,100,87,0.3506,0.383,0.3661,0.524,0.4056,0.4572
phase21_B_λ4,tcd_tile_3470,Northwestern Andean montane forests,Latin American forest,,1581,0.3507,20,128,14,114,6,0.1094,0.7,0.1892,0.7788,0.1246,0.2148
phase21_B_λ4,tcd_tile_3471,Northern Zanzibar-Inhambane coastal forest mosaic,African tropical forest,,902,0.3507,4,148,3,145,1,0.0203,0.75,0.0395,0.9653,0.175,0.2962
phase21_B_λ4,tcd_tile_3472,Eastern Guinean forests,African tropical forest,,1979,0.3507,0,15,0,15,0,0.0,0.0,0.0,0.0,0.0,0.0
phase21_B_λ4,tcd_tile_3473,Southeastern mixed forests,N. American forest,,1556,0.3507,1,0,0,0,1,0.0,0.0,0.0,0.0,0.0,0.0
phase21_B_λ4,tcd_tile_3474,Northern Zanzibar-Inhambane coastal forest mosaic,African tropical forest,,333,0.3507,6,9,3,6,3,0.3333,0.5,0.4,0.7963,0.3222,0.4587
phase21_B_λ4,tcd_tile_3475,Mato Grosso seasonal forests,Latin American forest,,3787,0.3507,62,84,32,52,30,0.381,0.5161,0.4384,0.514,0.7033,0.5939
phase21_B_λ4,tcd_tile_3476,,Other,,194,0.3507,0,8,0,8,0,0.0,0.0,0.0,0.0,0.0,0.0
phase21_B_λ4,tcd_tile_3477,Hispaniolan moist forests,SE Asian & Pacific rainforest,,4567,0.3507,58,163,35,128,23,0.2147,0.6034,0.3167,0.1668,0.5732,0.2584
phase21_B_λ4,tcd_tile_3478,Taiwan subtropical evergreen forests,SE Asian & Pacific rainforest,,4021,0.3507,22,35,4,31,18,0.1143,0.1818,0.1404,0.86,0.0606,0.1132
phase21_B_λ4,tcd_tile_3479,Northern Congolian forest-savanna mosaic,African tropical forest,,1062,0.3507,147,174,99,75,48,0.569,0.6735,0.6168,0.8299,0.5966,0.6942
phase21_B_λ4,tcd_tile_348,Northern Zanzibar-Inhambane coastal forest mosaic,African tropical forest,,1007,0.3507,231,483,164,319,67,0.3395,0.71,0.4594,0.859,0.4503,0.5909
phase21_B_λ4,tcd_tile_3480,East European forest steppe,European forest,,4298,0.3507,10,114,6,108,4,0.0526,0.6,0.0968,0.8985,0.1269,0.2224
phase21_B_λ4,tcd_tile_3481,Northern Zanzibar-Inhambane coastal forest mosaic,African tropical forest,,2028,0.3507,164,13,12,1,152,0.9231,0.0732,0.1356,0.7414,0.1191,0.2052
phase21_B_λ4,tcd_tile_3482,Atlantic dry forests,Other,,1162,0.3507,328,149,102,47,226,0.6846,0.311,0.4277,0.7422,0.3409,0.4672
phase21_B_λ4,tcd_tile_3483,Nihonkai montane deciduous forests,Other,,4255,0.3507,21,14,7,7,14,0.5,0.3333,0.4,0.8415,0.0079,0.0157
phase21_B_λ4,tcd_tile_3484,"Sao Tome, Principe and Annobon moist lowland forests",Other,,204,0.3507,36,44,27,17,9,0.6136,0.75,0.675,0.7618,0.7734,0.7675
phase21_B_λ4,tcd_tile_3485,Valdivian temperate forests,Other,,2624,0.3507,15,7,4,3,11,0.5714,0.2667,0.3636,0.6679,0.2117,0.3215
phase21_B_λ4,tcd_tile_3486,Irrawaddy moist deciduous forests,Other,,49,0.3507,132,86,49,37,83,0.5698,0.3712,0.4495,0.8969,0.2307,0.367
phase21_B_λ4,tcd_tile_3487,,Other,,137,0.3507,0,1,0,1,0,0.0,0.0,0.0,0.0,0.0,0.0
phase21_B_λ4,tcd_tile_3488,Mindanao-Eastern Visayas rain forests,SE Asian & Pacific rainforest,,1032,0.3507,8,30,2,28,6,0.0667,0.25,0.1053,0.4994,0.2735,0.3535
phase21_B_λ4,tcd_tile_3489,Appalachian-Blue Ridge forests,N. American forest,,584,0.3507,30,36,14,22,16,0.3889,0.4667,0.4242,0.6788,0.1363,0.227
phase21_B_λ4,tcd_tile_349,California interior chaparral and woodlands,Other,,141,0.3507,9,23,3,20,6,0.1304,0.3333,0.1875,0.9404,0.0162,0.0318
phase21_B_λ4,tcd_tile_3490,Mindanao-Eastern Visayas rain forests,SE Asian & Pacific rainforest,,4146,0.3507,57,396,22,374,35,0.0556,0.386,0.0971,0.9033,0.2359,0.3741
phase21_B_λ4,tcd_tile_3491,,Other,,1275,0.3507,49,123,28,95,21,0.2276,0.5714,0.3256,0.7577,0.2363,0.3602
phase21_B_λ4,tcd_tile_3492,Mizoram-Manipur-Kachin rain forests,SE Asian & Pacific rainforest,,4482,0.3507,104,126,29,97,75,0.2302,0.2788,0.2522,0.9363,0.3048,0.4598
phase21_B_λ4,tcd_tile_3493,East European forest steppe,European forest,,3581,0.3507,67,175,55,120,12,0.3143,0.8209,0.4545,0.8159,0.4077,0.5437
phase21_B_λ4,tcd_tile_3494,Central European mixed forests,European forest,,2528,0.3507,42,28,13,15,29,0.4643,0.3095,0.3714,0.8457,0.1036,0.1846
phase21_B_λ4,tcd_tile_3495,Sulawesi lowland rain forests,SE Asian & Pacific rainforest,,4423,0.3507,155,57,37,20,118,0.6491,0.2387,0.3491,0.6152,0.6596,0.6366
phase21_B_λ4,tcd_tile_3496,,Other,,4827,0.3507,0,50,0,50,0,0.0,0.0,0.0,0.0,0.0,0.0
phase21_B_λ4,tcd_tile_3497,,Other,,3163,0.3507,0,15,0,15,0,0.0,0.0,0.0,0.0,0.0,0.0
phase21_B_λ4,tcd_tile_3498,Madeira-Tapajós moist forests,Latin American forest,,3186,0.3507,3,112,2,110,1,0.0179,0.6667,0.0348,1.0,0.2402,0.3874
phase21_B_λ4,tcd_tile_3499,Eastern Mediterranean conifer-sclerophyllous-broadleaf forests,Other,,871,0.3507,274,341,243,98,31,0.7126,0.8869,0.7902,0.8535,0.7817,0.816
phase21_B_λ4,tcd_tile_35,Zambezian and Mopane woodlands,Arid / dryland,,767,0.3507,15,99,12,87,3,0.1212,0.8,0.2105,0.3765,0.1816,0.245
phase21_B_λ4,tcd_tile_350,Northern Zanzibar-Inhambane coastal forest mosaic,African tropical forest,,4504,0.3507,65,123,12,111,53,0.0976,0.1846,0.1277,0.9508,0.0405,0.0776
phase21_B_λ4,tcd_tile_3500,,Other,,4346,0.3507,89,443,52,391,37,0.1174,0.5843,0.1955,0.9538,0.3782,0.5417
phase21_B_λ4,tcd_tile_3501,Willamette Valley forests,N. American forest,,2452,0.3507,106,24,9,15,97,0.375,0.0849,0.1385,0.7618,0.2955,0.4258
phase21_B_λ4,tcd_tile_3502,Central U.S. hardwood forests,N. American forest,,1954,0.3507,59,52,16,36,43,0.3077,0.2712,0.2883,0.7124,0.3699,0.487
phase21_B_λ4,tcd_tile_3503,Cerrado,Latin American forest,,184,0.3507,45,51,17,34,28,0.3333,0.3778,0.3542,0.7201,0.204,0.3179
phase21_B_λ4,tcd_tile_3504,Valdivian temperate forests,Other,,4068,0.3507,45,135,25,110,20,0.1852,0.5556,0.2778,0.5253,0.1862,0.2749
phase21_B_λ4,tcd_tile_3505,Western European broadleaf forests,European forest,,4601,0.3507,2,23,1,22,1,0.0435,0.5,0.08,0.9999,0.0585,0.1105
phase21_B_λ4,tcd_tile_3506,Central European mixed forests,European forest,,4512,0.3507,0,86,0,86,0,0.0,0.0,0.0,0.0,0.0,0.0
phase21_B_λ4,tcd_tile_3507,Balkan mixed forests,European forest,,2960,0.3507,32,103,20,83,12,0.1942,0.625,0.2963,0.9378,0.3628,0.5232
phase21_B_λ4,tcd_tile_3508,English Lowlands beech forests,European forest,,967,0.3507,70,99,45,54,25,0.4545,0.6429,0.5325,0.8746,0.4314,0.5778
phase21_B_λ4,tcd_tile_3509,Celtic broadleaf forests,European forest,,1641,0.3507,33,52,18,34,15,0.3462,0.5455,0.4235,0.3774,0.7154,0.4941
phase21_B_λ4,tcd_tile_351,,Other,,4488,0.3507,6,61,2,59,4,0.0328,0.3333,0.0597,0.9411,0.0143,0.0282
phase21_B_λ4,tcd_tile_3510,Sulawesi lowland rain forests,SE Asian & Pacific rainforest,,3663,0.3507,67,82,21,61,46,0.2561,0.3134,0.2819,0.5169,0.1599,0.2443
phase21_B_λ4,tcd_tile_3511,Atlantic mixed forests,European forest,,3642,0.3507,12,7,0,7,12,0.0,0.0,0.0,0.001,0.0006,0.0008
phase21_B_λ4,tcd_tile_3512,Caucasus mixed forests,European forest,,3146,0.3507,1,1,1,0,0,1.0,1.0,1.0,1.0,0.0016,0.0032
phase21_B_λ4,tcd_tile_3513,Hispaniolan moist forests,SE Asian & Pacific rainforest,,2648,0.3507,88,119,25,94,63,0.2101,0.2841,0.2415,0.324,0.1589,0.2132
phase21_B_λ4,tcd_tile_3514,Lesser Sundas deciduous forests,SE Asian & Pacific rainforest,,3300,0.3507,7,643,5,638,2,0.0078,0.7143,0.0154,0.9964,0.3414,0.5085
phase21_B_λ4,tcd_tile_3515,Valdivian temperate forests,Other,,2729,0.3507,26,11,7,4,19,0.6364,0.2692,0.3784,0.8268,0.1147,0.2014
phase21_B_λ4,tcd_tile_3516,Western European broadleaf forests,European forest,,4800,0.3507,5,25,2,23,3,0.08,0.4,0.1333,1.0,0.0621,0.117
phase21_B_λ4,tcd_tile_3517,Northern Zanzibar-Inhambane coastal forest mosaic,African tropical forest,,813,0.3507,231,135,103,32,128,0.763,0.4459,0.5628,0.7771,0.3045,0.4375
phase21_B_λ4,tcd_tile_3518,Northern Zanzibar-Inhambane coastal forest mosaic,African tropical forest,,3773,0.3507,1,879,1,878,0,0.0011,1.0,0.0023,0.9979,0.3308,0.4968
phase21_B_λ4,tcd_tile_3519,Changjiang Plain evergreen forests,Other,,2822,0.3507,44,24,9,15,35,0.375,0.2045,0.2647,0.5632,0.0341,0.0643
phase21_B_λ4,tcd_tile_352,Madeira-Tapajós moist forests,Latin American forest,,3864,0.3507,1,345,1,344,0,0.0029,1.0,0.0058,0.9994,0.3558,0.5248
phase21_B_λ4,tcd_tile_3520,Changjiang Plain evergreen forests,Other,,1896,0.3507,231,67,45,22,186,0.6716,0.1948,0.302,0.8036,0.1414,0.2405
phase21_B_λ4,tcd_tile_3521,Northern Zanzibar-Inhambane coastal forest mosaic,African tropical forest,,1913,0.3507,160,95,68,27,92,0.7158,0.425,0.5333,0.7119,0.3486,0.468
phase21_B_λ4,tcd_tile_3522,Rodope montane mixed forests,European forest,,4405,0.3507,93,177,53,124,40,0.2994,0.5699,0.3926,0.8549,0.3465,0.4932
phase21_B_λ4,tcd_tile_3523,Northern Zanzibar-Inhambane coastal forest mosaic,African tropical forest,,4209,0.3507,292,62,51,11,241,0.8226,0.1747,0.2881,0.7942,0.1933,0.311
phase21_B_λ4,tcd_tile_3524,Sarmatic mixed forests,European forest,,3511,0.3507,53,119,27,92,26,0.2269,0.5094,0.314,0.6952,0.1614,0.262
phase21_B_λ4,tcd_tile_3525,Northern Zanzibar-Inhambane coastal forest mosaic,African tropical forest,,3630,0.3507,221,95,73,22,148,0.7684,0.3303,0.462,0.7452,0.3338,0.4611
phase21_B_λ4,tcd_tile_3526,English Lowlands beech forests,European forest,,2157,0.3507,11,96,6,90,5,0.0625,0.5455,0.1121,0.5636,0.4629,0.5083
phase21_B_λ4,tcd_tile_3527,Mato Grosso seasonal forests,Latin American forest,,2219,0.3507,104,82,55,27,49,0.6707,0.5288,0.5914,0.7,0.5509,0.6166
phase21_B_λ4,tcd_tile_3528,Central Indochina dry forests,Other,,4526,0.3507,200,325,76,249,124,0.2338,0.38,0.2895,0.8324,0.3523,0.4951
phase21_B_λ4,tcd_tile_3529,Taiwan subtropical evergreen forests,SE Asian & Pacific rainforest,,3724,0.3507,5,33,4,29,1,0.1212,0.8,0.2105,0.977,0.0416,0.0797
phase21_B_λ4,tcd_tile_353,Central European mixed forests,European forest,,505,0.3507,101,232,82,150,19,0.3534,0.8119,0.4925,0.9527,0.3808,0.5441
phase21_B_λ4,tcd_tile_3530,Uatuma-Trombetas moist forests,Latin American forest,,3512,0.3507,90,133,48,85,42,0.3609,0.5333,0.4305,0.7168,0.3086,0.4314
phase21_B_λ4,tcd_tile_3531,Central Andean puna,Other,,717,0.3507,52,11,8,3,44,0.7273,0.1538,0.254,0.6823,0.1786,0.283
phase21_B_λ4,tcd_tile_3532,New England-Acadian forests,N. American forest,,1620,0.3507,12,291,3,288,9,0.0103,0.25,0.0198,0.968,0.3345,0.4972
phase21_B_λ4,tcd_tile_3533,Rodope montane mixed forests,European forest,,4673,0.3507,116,169,52,117,64,0.3077,0.4483,0.3649,0.7536,0.3973,0.5203
phase21_B_λ4,tcd_tile_3534,Taiwan subtropical evergreen forests,SE Asian & Pacific rainforest,,4778,0.3507,186,151,41,110,145,0.2715,0.2204,0.2433,0.8814,0.3658,0.5171
phase21_B_λ4,tcd_tile_3535,Luzon rain forests,SE Asian & Pacific rainforest,,3938,0.3507,3,10,1,9,2,0.1,0.3333,0.1538,0.9885,0.1158,0.2073
phase21_B_λ4,tcd_tile_3536,Timor and Wetar deciduous forests,SE Asian & Pacific rainforest,,719,0.3507,184,112,67,45,117,0.5982,0.3641,0.4527,0.4789,0.3884,0.4289
phase21_B_λ4,tcd_tile_3537,Northern Zanzibar-Inhambane coastal forest mosaic,African tropical forest,,2977,0.3507,87,225,53,172,34,0.2356,0.6092,0.3397,0.9324,0.3023,0.4566
phase21_B_λ4,tcd_tile_3538,Southern Great Lakes forests,N. American forest,,5067,0.3507,47,134,39,95,8,0.291,0.8298,0.4309,0.8024,0.5053,0.6201
phase21_B_λ4,tcd_tile_3539,North Central Rockies forests,N. American forest,,3160,0.3507,3,148,1,147,2,0.0068,0.3333,0.0132,0.9975,0.2198,0.3602
phase21_B_λ4,tcd_tile_354,Western European broadleaf forests,European forest,,3430,0.3507,3,32,1,31,2,0.0312,0.3333,0.0571,0.9742,0.1046,0.189
phase21_B_λ4,tcd_tile_3540,Balkan mixed forests,European forest,,1933,0.3507,218,170,100,70,118,0.5882,0.4587,0.5155,0.887,0.5528,0.6811
phase21_B_λ4,tcd_tile_3541,Sarmatic mixed forests,European forest,,1659,0.3507,30,175,15,160,15,0.0857,0.5,0.1463,0.9421,0.4583,0.6166
phase21_B_λ4,tcd_tile_3542,Northern Zanzibar-Inhambane coastal forest mosaic,African tropical forest,,1331,0.3507,12,28,10,18,2,0.3571,0.8333,0.5,0.8151,0.4725,0.5982
phase21_B_λ4,tcd_tile_3543,Veracruz moist forests,Other,,1906,0.3507,65,153,40,113,25,0.2614,0.6154,0.367,0.7706,0.0997,0.1766
phase21_B_λ4,tcd_tile_3544,Granitic Seychelles forests,Other,,726,0.3507,13,735,9,726,4,0.0122,0.6923,0.0241,0.171,0.3761,0.2351
phase21_B_λ4,tcd_tile_3545,Central European mixed forests,European forest,,3666,0.3507,68,102,23,79,45,0.2255,0.3382,0.2706,0.2148,0.2826,0.244
phase21_B_λ4,tcd_tile_3546,Northern Zanzibar-Inhambane coastal forest mosaic,African tropical forest,,707,0.3507,2,57,1,56,1,0.0175,0.5,0.0339,0.9576,0.0225,0.044
phase21_B_λ4,tcd_tile_3547,Willamette Valley forests,N. American forest,,2942,0.3507,9,11,1,10,8,0.0909,0.1111,0.1,0.2433,0.0142,0.0268
phase21_B_λ4,tcd_tile_3548,Lesser Sundas deciduous forests,SE Asian & Pacific rainforest,,3613,0.3507,3,199,2,197,1,0.0101,0.6667,0.0198,0.9657,0.1452,0.2524
phase21_B_λ4,tcd_tile_3549,Willamette Valley forests,N. American forest,,2681,0.3507,31,26,11,15,20,0.4231,0.3548,0.386,0.6087,0.267,0.3711
phase21_B_λ4,tcd_tile_355,Maputaland coastal forest mosaic,African tropical forest,,963,0.3507,84,64,39,25,45,0.6094,0.4643,0.527,0.7994,0.381,0.516
phase21_B_λ4,tcd_tile_3550,Eastern Guinean forests,African tropical forest,,3220,0.3507,9,31,2,29,7,0.0645,0.2222,0.1,0.9663,0.0568,0.1074
phase21_B_λ4,tcd_tile_3551,Changjiang Plain evergreen forests,Other,,4808,0.3507,41,72,28,44,13,0.3889,0.6829,0.4956,0.9385,0.3053,0.4607
phase21_B_λ4,tcd_tile_3552,Cerrado,Latin American forest,,764,0.3507,61,130,23,107,38,0.1769,0.377,0.2408,0.897,0.2411,0.3801
phase21_B_λ4,tcd_tile_3553,Eastern Great Lakes lowland forests,N. American forest,,2093,0.3507,1,35,0,35,1,0.0,0.0,0.0,0.0,0.0,0.0
phase21_B_λ4,tcd_tile_3554,Western Siberian hemiboreal forests,Other,,4082,0.3507,16,41,6,35,10,0.1463,0.375,0.2105,0.5486,0.0709,0.1255
phase21_B_λ4,tcd_tile_3555,Northern Zanzibar-Inhambane coastal forest mosaic,African tropical forest,,304,0.3507,45,193,20,173,25,0.1036,0.4444,0.1681,0.961,0.3009,0.4583
phase21_B_λ4,tcd_tile_3556,,Other,,1055,0.3507,131,170,54,116,77,0.3176,0.4122,0.3588,0.6248,0.4095,0.4947
phase21_B_λ4,tcd_tile_3557,Eastern Mediterranean conifer-sclerophyllous-broadleaf forests,Other,,82,0.3507,301,486,243,243,58,0.5,0.8073,0.6175,0.7843,0.8016,0.7928
phase21_B_λ4,tcd_tile_3558,Sulawesi lowland rain forests,SE Asian & Pacific rainforest,,3516,0.3507,106,246,52,194,54,0.2114,0.4906,0.2955,0.7832,0.2083,0.3291
phase21_B_λ4,tcd_tile_3559,Mato Grosso seasonal forests,Latin American forest,,3023,0.3507,82,283,47,236,35,0.1661,0.5732,0.2575,0.8512,0.4311,0.5723
phase21_B_λ4,tcd_tile_356,Western Guinean lowland forests,African tropical forest,,4159,0.3507,84,30,13,17,71,0.4333,0.1548,0.2281,0.5268,0.2852,0.37
phase21_B_λ4,tcd_tile_3560,Bahia coastal forests,Latin American forest,,4326,0.3507,123,92,36,56,87,0.3913,0.2927,0.3349,0.4823,0.2376,0.3184
phase21_B_λ4,tcd_tile_3561,Northern California coastal forests,N. American forest,,2206,0.3507,4,37,1,36,3,0.027,0.25,0.0488,0.9928,0.036,0.0694
phase21_B_λ4,tcd_tile_3562,Central Indochina dry forests,Other,,2639,0.3507,2,295,1,294,1,0.0034,0.5,0.0067,0.9997,0.4449,0.6158
phase21_B_λ4,tcd_tile_3563,Snake-Columbia shrub steppe,Other,,1317,0.3507,43,414,19,395,24,0.0459,0.4419,0.0832,0.9629,0.4729,0.6343
phase21_B_λ4,tcd_tile_3564,Caucasus mixed forests,European forest,,3491,0.3507,9,0,0,0,9,0.0,0.0,0.0,0.0,0.0,0.0
phase21_B_λ4,tcd_tile_3565,Bahia coastal forests,Latin American forest,,1875,0.3507,1,192,1,191,0,0.0052,1.0,0.0104,1.0,0.3468,0.5149
phase21_B_λ4,tcd_tile_3566,East European forest steppe,European forest,,4984,0.3507,13,167,10,157,3,0.0599,0.7692,0.1111,0.8772,0.1913,0.314
phase21_B_λ4,tcd_tile_3567,Madeira-Tapajós moist forests,Latin American forest,,1075,0.3507,1,1095,1,1094,0,0.0009,1.0,0.0018,0.9957,0.5025,0.6679
phase21_B_λ4,tcd_tile_3568,Central European mixed forests,European forest,,4946,0.3507,67,86,29,57,38,0.3372,0.4328,0.3791,0.5376,0.4779,0.506
phase21_B_λ4,tcd_tile_3569,Tigris-Euphrates alluvial salt marsh,Other,,1301,0.3507,20,40,16,24,4,0.4,0.8,0.5333,0.4072,0.3882,0.3975
phase21_B_λ4,tcd_tile_357,,Other,,3716,0.3507,0,3,0,3,0,0.0,0.0,0.0,0.0,0.0,0.0
phase21_B_λ4,tcd_tile_3570,Southern Great Lakes forests,N. American forest,,1109,0.3507,96,98,47,51,49,0.4796,0.4896,0.4845,0.7889,0.39,0.5219
phase21_B_λ4,tcd_tile_3571,Hispaniolan moist forests,SE Asian & Pacific rainforest,,4367,0.3507,46,82,9,73,37,0.1098,0.1957,0.1406,0.1117,0.4066,0.1752
phase21_B_λ4,tcd_tile_3572,Appalachian mixed mesophytic forests,Other,,3407,0.3507,242,340,119,221,123,0.35,0.4917,0.4089,0.6077,0.3769,0.4653
phase21_B_λ4,tcd_tile_3573,,Other,,579,0.3507,44,19,12,7,32,0.6316,0.2727,0.381,0.8552,0.1674,0.28
phase21_B_λ4,tcd_tile_3574,Mato Grosso seasonal forests,Latin American forest,,3771,0.3507,29,240,15,225,14,0.0625,0.5172,0.1115,0.9335,0.4855,0.6388
phase21_B_λ4,tcd_tile_3575,Sarmatic mixed forests,European forest,,592,0.3507,16,87,8,79,8,0.092,0.5,0.1553,0.4731,0.144,0.2208
phase21_B_λ4,tcd_tile_3576,Sierra Nevada forests,N. American forest,,2853,0.3507,121,119,51,68,70,0.4286,0.4215,0.425,0.7842,0.3397,0.474
phase21_B_λ4,tcd_tile_3577,Araucaria moist forests,Other,,671,0.3507,103,107,39,68,64,0.3645,0.3786,0.3714,0.637,0.3022,0.4099
phase21_B_λ4,tcd_tile_3578,Mindanao-Eastern Visayas rain forests,SE Asian & Pacific rainforest,,1564,0.3507,21,78,6,72,15,0.0769,0.2857,0.1212,0.1437,0.2854,0.1911
phase21_B_λ4,tcd_tile_3579,Maputaland coastal forest mosaic,African tropical forest,,139,0.3507,42,28,19,9,23,0.6786,0.4524,0.5429,0.6528,0.3968,0.4936
phase21_B_λ4,tcd_tile_358,Mindanao-Eastern Visayas rain forests,SE Asian & Pacific rainforest,,2617,0.3507,92,65,19,46,73,0.2923,0.2065,0.242,0.3942,0.2558,0.3103
phase21_B_λ4,tcd_tile_3580,Central American pine-oak forests,Other,,3986,0.3507,10,111,3,108,7,0.027,0.3,0.0496,0.9797,0.1259,0.2231
phase21_B_λ4,tcd_tile_3581,Northern Zanzibar-Inhambane coastal forest mosaic,African tropical forest,,2276,0.3507,42,141,1,140,41,0.0071,0.0238,0.0109,0.9998,0.1192,0.213
phase21_B_λ4,tcd_tile_3582,Sarmatic mixed forests,European forest,,2390,0.3507,5,12,3,9,2,0.25,0.6,0.3529,0.6608,0.4079,0.5045
phase21_B_λ4,tcd_tile_3583,Southern Great Lakes forests,N. American forest,,463,0.3507,119,198,48,150,71,0.2424,0.4034,0.3028,0.5818,0.4572,0.512
phase21_B_λ4,tcd_tile_3584,Sulawesi lowland rain forests,SE Asian & Pacific rainforest,,4739,0.3507,201,145,50,95,151,0.3448,0.2488,0.289,0.4743,0.2961,0.3646
phase21_B_λ4,tcd_tile_3585,Changjiang Plain evergreen forests,Other,,3513,0.3507,19,26,6,20,13,0.2308,0.3158,0.2667,0.2346,0.472,0.3134
phase21_B_λ4,tcd_tile_3586,Northeastern coastal forests,N. American forest,,2112,0.3507,4,129,3,126,1,0.0233,0.75,0.0451,0.9704,0.2525,0.4007
phase21_B_λ4,tcd_tile_3587,Balkan mixed forests,European forest,,2833,0.3507,2,11,2,9,0,0.1818,1.0,0.3077,0.8146,0.0402,0.0765
phase21_B_λ4,tcd_tile_3588,Southern Zanzibar-Inhambane coastal forest mosaic,African tropical forest,,3198,0.3507,31,7,4,3,27,0.5714,0.129,0.2105,0.8924,0.0265,0.0515
phase21_B_λ4,tcd_tile_3589,Middle Atlantic coastal forests,Other,,3913,0.3507,109,173,30,143,79,0.1734,0.2752,0.2128,0.8086,0.3357,0.4744
phase21_B_λ4,tcd_tile_359,Western Siberian hemiboreal forests,Other,,2184,0.3507,16,37,4,33,12,0.1081,0.25,0.1509,0.4809,0.038,0.0704
phase21_B_λ4,tcd_tile_3590,Mindanao-Eastern Visayas rain forests,SE Asian & Pacific rainforest,,880,0.3507,426,217,135,82,291,0.6221,0.3169,0.4199,0.6646,0.401,0.5002
phase21_B_λ4,tcd_tile_3591,Celtic broadleaf forests,European forest,,2754,0.3507,52,29,6,23,46,0.2069,0.1154,0.1481,0.1977,0.0546,0.0856
phase21_B_λ4,tcd_tile_3592,Northern Zanzibar-Inhambane coastal forest mosaic,African tropical forest,,1765,0.3507,263,765,218,547,45,0.285,0.8289,0.4241,0.9472,0.5516,0.6972
phase21_B_λ4,tcd_tile_3593,Taiheiyo montane deciduous forests,Other,,4344,0.3507,0,33,0,33,0,0.0,0.0,0.0,0.0,0.0,0.0
phase21_B_λ4,tcd_tile_3594,Southern Great Lakes forests,N. American forest,,3176,0.3507,22,15,9,6,13,0.6,0.4091,0.4865,0.7501,0.0493,0.0924
phase21_B_λ4,tcd_tile_3595,South Central Rockies forests,Other,,4729,0.3507,57,173,50,123,7,0.289,0.8772,0.4348,0.6061,0.592,0.599
phase21_B_λ4,tcd_tile_3596,Balkan mixed forests,European forest,,2460,0.3507,41,191,30,161,11,0.1571,0.7317,0.2586,0.9117,0.3091,0.4617
phase21_B_λ4,tcd_tile_3597,Balkan mixed forests,European forest,,1804,0.3507,46,44,23,21,23,0.5227,0.5,0.5111,0.6105,0.4349,0.5079
phase21_B_λ4,tcd_tile_3598,Changjiang Plain evergreen forests,Other,,2194,0.3507,124,76,45,31,79,0.5921,0.3629,0.45,0.7487,0.08,0.1446
phase21_B_λ4,tcd_tile_3599,Sarmatic mixed forests,European forest,,2396,0.3507,33,13,8,5,25,0.6154,0.2424,0.3478,0.7908,0.2592,0.3904
phase21_B_λ4,tcd_tile_36,West Sudanian savanna,Arid / dryland,,1009,0.3507,150,167,63,104,87,0.3772,0.42,0.3975,0.9246,0.3404,0.4976
phase21_B_λ4,tcd_tile_360,Atlantic mixed forests,European forest,,4358,0.3507,21,165,16,149,5,0.097,0.7619,0.172,0.4425,0.3055,0.3615
phase21_B_λ4,tcd_tile_3600,Southeast Australia temperate forests,Other,,2971,0.3507,56,128,39,89,17,0.3047,0.6964,0.4239,0.8157,0.4653,0.5926
phase21_B_λ4,tcd_tile_3601,Himalayan subtropical pine forests,Other,,4281,0.3507,117,489,73,416,44,0.1493,0.6239,0.2409,0.868,0.3838,0.5322
phase21_B_λ4,tcd_tile_3602,,Other,,3985,0.3507,0,276,0,276,0,0.0,0.0,0.0,0.0,0.0,0.0
phase21_B_λ4,tcd_tile_3603,Mindanao-Eastern Visayas rain forests,SE Asian & Pacific rainforest,,3295,0.3507,132,112,24,88,108,0.2143,0.1818,0.1967,0.9,0.0849,0.1551
phase21_B_λ4,tcd_tile_3604,Central Indochina dry forests,Other,,4285,0.3507,178,325,106,219,72,0.3262,0.5955,0.4215,0.7451,0.5835,0.6545
phase21_B_λ4,tcd_tile_3605,Eastern Guinean forests,African tropical forest,,2664,0.3507,3,5,2,3,1,0.4,0.6667,0.5,0.7802,0.023,0.0446
phase21_B_λ4,tcd_tile_3606,Lesser Sundas deciduous forests,SE Asian & Pacific rainforest,,1655,0.3507,18,93,8,85,10,0.086,0.4444,0.1441,0.3937,0.191,0.2572
phase21_B_λ4,tcd_tile_3607,Eastern Java-Bali rain forests,SE Asian & Pacific rainforest,,4953,0.3507,64,199,19,180,45,0.0955,0.2969,0.1445,0.7874,0.3701,0.5035
phase21_B_λ4,tcd_tile_3608,Central European mixed forests,European forest,,2723,0.3507,29,42,7,35,22,0.1667,0.2414,0.1972,0.3469,0.4664,0.3979
phase21_B_λ4,tcd_tile_3609,,Other,,936,0.3507,55,164,37,127,18,0.2256,0.6727,0.3379,0.7404,0.3079,0.4349
phase21_B_λ4,tcd_tile_361,Balkan mixed forests,European forest,,2246,0.3507,217,154,122,32,95,0.7922,0.5622,0.6577,0.8832,0.5689,0.6921
phase21_B_λ4,tcd_tile_3610,Hokkaido deciduous forests,Other,,2813,0.3507,1,36,1,35,0,0.0278,1.0,0.0541,0.91,0.339,0.4939
phase21_B_λ4,tcd_tile_3611,Upper Gangetic Plains moist deciduous forests,Other,,2442,0.3507,85,110,23,87,62,0.2091,0.2706,0.2359,0.9336,0.3555,0.5149
phase21_B_λ4,tcd_tile_3612,Northern Zanzibar-Inhambane coastal forest mosaic,African tropical forest,,2107,0.3507,298,208,184,24,114,0.8846,0.6174,0.7273,0.8941,0.4594,0.607
phase21_B_λ4,tcd_tile_3613,Central European mixed forests,European forest,,3662,0.3507,21,130,8,122,13,0.0615,0.381,0.106,0.3008,0.4159,0.3491
phase21_B_λ4,tcd_tile_3614,Northern Anatolian conifer and deciduous forests,Other,,1387,0.3507,7,13,4,9,3,0.3077,0.5714,0.4,0.9048,0.4383,0.5906
phase21_B_λ4,tcd_tile_3615,Central European mixed forests,European forest,,4005,0.3507,139,127,67,60,72,0.5276,0.482,0.5038,0.8366,0.471,0.6027
phase21_B_λ4,tcd_tile_3616,Iquitos varzeá,Other,,2553,0.3507,196,244,92,152,104,0.377,0.4694,0.4182,0.8534,0.3233,0.4689
phase21_B_λ4,tcd_tile_3617,Northern Zanzibar-Inhambane coastal forest mosaic,African tropical forest,,839,0.3507,21,125,9,116,12,0.072,0.4286,0.1233,0.7056,0.0383,0.0727
phase21_B_λ4,tcd_tile_3618,Maputaland coastal forest mosaic,African tropical forest,,380,0.3507,97,106,45,61,52,0.4245,0.4639,0.4433,0.7662,0.5961,0.6705
phase21_B_λ4,tcd_tile_3619,Himalayan subtropical broadleaf forests,Other,,1517,0.3507,116,69,29,40,87,0.4203,0.25,0.3135,0.584,0.385,0.464
phase21_B_λ4,tcd_tile_362,Caucasus mixed forests,European forest,,3438,0.3507,1,6,1,5,0,0.1667,1.0,0.2857,1.0,0.0108,0.0213
phase21_B_λ4,tcd_tile_3620,North Central Rockies forests,N. American forest,,2731,0.3507,2,364,1,363,1,0.0027,0.5,0.0055,0.9991,0.2001,0.3334
phase21_B_λ4,tcd_tile_3621,Sierra Nevada forests,N. American forest,,320,0.3507,37,54,19,35,18,0.3519,0.5135,0.4176,0.5792,0.5596,0.5692
phase21_B_λ4,tcd_tile_3622,Northern Zanzibar-Inhambane coastal forest mosaic,African tropical forest,,926,0.3507,32,112,18,94,14,0.1607,0.5625,0.25,0.8841,0.1137,0.2015
phase21_B_λ4,tcd_tile_3623,Maputaland coastal forest mosaic,African tropical forest,,1542,0.3507,8,12,5,7,3,0.4167,0.625,0.5,0.9007,0.8468,0.8729
phase21_B_λ4,tcd_tile_3624,Southern Zanzibar-Inhambane coastal forest mosaic,African tropical forest,,1054,0.3507,8,177,7,170,1,0.0395,0.875,0.0757,0.8756,0.4001,0.5492
phase21_B_λ4,tcd_tile_3625,Bahia coastal forests,Latin American forest,,760,0.3507,113,135,48,87,65,0.3556,0.4248,0.3871,0.9649,0.1616,0.2768
phase21_B_λ4,tcd_tile_3626,Balsas dry forests,Other,,3832,0.3507,82,85,20,65,62,0.2353,0.2439,0.2395,0.4367,0.071,0.1222
phase21_B_λ4,tcd_tile_3627,Atlantic mixed forests,European forest,,3537,0.3507,5,1,1,0,4,1.0,0.2,0.3333,0.9932,0.0073,0.0145
phase21_B_λ4,tcd_tile_3628,Luzon rain forests,SE Asian & Pacific rainforest,,811,0.3507,277,359,142,217,135,0.3955,0.5126,0.4465,0.4032,0.6848,0.5075
phase21_B_λ4,tcd_tile_3629,Sarmatic mixed forests,European forest,,4694,0.3507,2,74,1,73,1,0.0135,0.5,0.0263,0.9574,0.3695,0.5332
phase21_B_λ4,tcd_tile_363,Sierra Nevada forests,N. American forest,,2558,0.3507,32,47,11,36,21,0.234,0.3438,0.2785,0.8791,0.1156,0.2044
phase21_B_λ4,tcd_tile_3630,Sierra Nevada forests,N. American forest,,4215,0.3507,27,20,15,5,12,0.75,0.5556,0.6383,0.6529,0.6651,0.659
phase21_B_λ4,tcd_tile_3631,,Other,,401,0.3507,12,48,4,44,8,0.0833,0.3333,0.1333,0.1092,0.063,0.0799
phase21_B_λ4,tcd_tile_3632,Southeastern conifer forests,N. American forest,,3528,0.3507,8,282,1,281,7,0.0035,0.125,0.0069,0.8718,0.2767,0.4201
phase21_B_λ4,tcd_tile_3633,Tasmanian temperate forests,Other,,2525,0.3507,3,139,2,137,1,0.0144,0.6667,0.0282,0.8002,0.1332,0.2284
phase21_B_λ4,tcd_tile_3634,Magdalena Valley montane forests,Other,,4139,0.3507,103,151,43,108,60,0.2848,0.4175,0.3386,0.6875,0.493,0.5742
phase21_B_λ4,tcd_tile_3635,Sarmatic mixed forests,European forest,,890,0.3507,173,153,66,87,107,0.4314,0.3815,0.4049,0.5487,0.4519,0.4956
phase21_B_λ4,tcd_tile_3636,Sarmatic mixed forests,European forest,,4316,0.3507,5,43,5,38,0,0.1163,1.0,0.2083,0.736,0.5547,0.6326
phase21_B_λ4,tcd_tile_3637,Changjiang Plain evergreen forests,Other,,2020,0.3507,121,60,32,28,89,0.5333,0.2645,0.3536,0.5554,0.1514,0.2379
phase21_B_λ4,tcd_tile_3638,Uatuma-Trombetas moist forests,Latin American forest,,2615,0.3507,21,8,3,5,18,0.375,0.1429,0.2069,0.5791,0.0485,0.0896
phase21_B_λ4,tcd_tile_3639,Celtic broadleaf forests,European forest,,1605,0.3507,111,69,42,27,69,0.6087,0.3784,0.4667,0.6858,0.2969,0.4144
phase21_B_λ4,tcd_tile_364,Northern Anatolian conifer and deciduous forests,Other,,1975,0.3507,267,221,94,127,173,0.4253,0.3521,0.3852,0.6982,0.2922,0.412
phase21_B_λ4,tcd_tile_3640,Western European broadleaf forests,European forest,,2058,0.3507,7,2,2,0,5,1.0,0.2857,0.4444,0.9237,0.1587,0.2709
phase21_B_λ4,tcd_tile_3641,English Lowlands beech forests,European forest,,1588,0.3507,17,94,5,89,12,0.0532,0.2941,0.0901,0.3262,0.1639,0.2182
phase21_B_λ4,tcd_tile_3642,Northern Zanzibar-Inhambane coastal forest mosaic,African tropical forest,,1681,0.3507,93,467,82,385,11,0.1756,0.8817,0.2929,0.9325,0.429,0.5876
phase21_B_λ4,tcd_tile_3643,Southern Great Lakes forests,N. American forest,,3497,0.3507,20,57,10,47,10,0.1754,0.5,0.2597,0.7203,0.1292,0.2192
phase21_B_λ4,tcd_tile_3644,Greater Negros-Panay rain forests,SE Asian & Pacific rainforest,,2415,0.3507,49,37,7,30,42,0.1892,0.1429,0.1628,0.6794,0.3158,0.4312
phase21_B_λ4,tcd_tile_3645,Central Zambezian Miombo woodlands,Other,,796,0.3507,153,112,61,51,92,0.5446,0.3987,0.4604,0.5071,0.5795,0.5409
phase21_B_λ4,tcd_tile_3646,Northern Zanzibar-Inhambane coastal forest mosaic,African tropical forest,,1489,0.3507,219,471,111,360,108,0.2357,0.5068,0.3217,0.85,0.4944,0.6251
phase21_B_λ4,tcd_tile_3647,Atlantic coastal pine barrens,Other,,2861,0.3507,87,43,13,30,74,0.3023,0.1494,0.2,0.9228,0.1619,0.2755
phase21_B_λ4,tcd_tile_3648,Balkan mixed forests,European forest,,1888,0.3507,45,46,11,35,34,0.2391,0.2444,0.2418,0.6576,0.2802,0.393
phase21_B_λ4,tcd_tile_3649,Scandinavian Montane Birch forest and grasslands,Other,,1039,0.3507,40,13,5,8,35,0.3846,0.125,0.1887,0.4262,0.0203,0.0388
phase21_B_λ4,tcd_tile_365,East African mangroves,Other,,2266,0.3507,84,131,43,88,41,0.3282,0.5119,0.4,0.4536,0.7147,0.5549
phase21_B_λ4,tcd_tile_3650,Northern Acacia-Commiphora bushlands and thickets,Other,,501,0.3507,97,38,21,17,76,0.5526,0.2165,0.3111,0.4607,0.3509,0.3984
phase21_B_λ4,tcd_tile_3651,Northeastern coastal forests,N. American forest,,3436,0.3507,107,111,43,68,64,0.3874,0.4019,0.3945,0.8283,0.3261,0.4679
phase21_B_λ4,tcd_tile_3652,Bahia coastal forests,Latin American forest,,678,0.3507,20,25,5,20,15,0.2,0.25,0.2222,0.9673,0.192,0.3205
phase21_B_λ4,tcd_tile_3653,Luzon rain forests,SE Asian & Pacific rainforest,,4569,0.3507,153,352,64,288,89,0.1818,0.4183,0.2535,0.829,0.5654,0.6723
phase21_B_λ4,tcd_tile_3654,Changjiang Plain evergreen forests,Other,,4410,0.3507,67,63,23,40,44,0.3651,0.3433,0.3538,0.96,0.3112,0.47
phase21_B_λ4,tcd_tile_3655,Central and Southern mixed grasslands,Other,,500,0.3507,122,116,70,46,52,0.6034,0.5738,0.5882,0.7692,0.3463,0.4776
phase21_B_λ4,tcd_tile_3656,Bahia coastal forests,Latin American forest,,3456,0.3507,14,233,2,231,12,0.0086,0.1429,0.0162,0.962,0.3369,0.499
phase21_B_λ4,tcd_tile_3657,Central American pine-oak forests,Other,,739,0.3507,378,176,69,107,309,0.392,0.1825,0.2491,0.8177,0.3434,0.4837
phase21_B_λ4,tcd_tile_3658,Bahia coastal forests,Latin American forest,,4108,0.3507,1,182,1,181,0,0.0055,1.0,0.0109,0.9977,0.3249,0.4901
phase21_B_λ4,tcd_tile_3659,Sarmatic mixed forests,European forest,,2643,0.3507,1,60,1,59,0,0.0167,1.0,0.0328,0.9902,0.1167,0.2088
phase21_B_λ4,tcd_tile_366,Mindanao-Eastern Visayas rain forests,SE Asian & Pacific rainforest,,826,0.3507,79,130,28,102,51,0.2154,0.3544,0.2679,0.7939,0.1629,0.2703
phase21_B_λ4,tcd_tile_3660,Lesser Sundas deciduous forests,SE Asian & Pacific rainforest,,2769,0.3507,18,67,13,54,5,0.194,0.7222,0.3059,0.1542,0.3266,0.2095
phase21_B_λ4,tcd_tile_3661,Northern Zanzibar-Inhambane coastal forest mosaic,African tropical forest,,209,0.3507,15,59,4,55,11,0.0678,0.2667,0.1081,0.9795,0.0562,0.1062
phase21_B_λ4,tcd_tile_3662,Northern Zanzibar-Inhambane coastal forest mosaic,African tropical forest,,2984,0.3507,125,142,57,85,68,0.4014,0.456,0.427,0.8553,0.2859,0.4285
phase21_B_λ4,tcd_tile_3663,Madeira-Tapajós moist forests,Latin American forest,,940,0.3507,1,1078,1,1077,0,0.0009,1.0,0.0019,0.9998,0.4963,0.6634
phase21_B_λ4,tcd_tile_3664,Changjiang Plain evergreen forests,Other,,4383,0.3507,192,205,137,68,55,0.6683,0.7135,0.6902,0.9192,0.6784,0.7807
phase21_B_λ4,tcd_tile_3665,Sarmatic mixed forests,European forest,,2593,0.3507,29,12,10,2,19,0.8333,0.3448,0.4878,0.8087,0.2373,0.367
phase21_B_λ4,tcd_tile_3666,Changjiang Plain evergreen forests,Other,,4889,0.3507,137,112,55,57,82,0.4911,0.4015,0.4418,0.8831,0.3177,0.4673
phase21_B_λ4,tcd_tile_3667,Upper Midwest forest-savanna transition,N. American forest,,2901,0.3507,34,72,26,46,8,0.3611,0.7647,0.4906,0.9371,0.5986,0.7305
phase21_B_λ4,tcd_tile_3668,Central European mixed forests,European forest,,4337,0.3507,33,84,17,67,16,0.2024,0.5152,0.2906,0.2224,0.4117,0.2888
phase21_B_λ4,tcd_tile_3669,Sumatran lowland rain forests,SE Asian & Pacific rainforest,,323,0.3507,14,321,10,311,4,0.0312,0.7143,0.0597,0.9907,0.315,0.478
phase21_B_λ4,tcd_tile_367,Northern Zanzibar-Inhambane coastal forest mosaic,African tropical forest,,1807,0.3507,158,155,90,65,68,0.5806,0.5696,0.5751,0.7218,0.6247,0.6697
phase21_B_λ4,tcd_tile_3670,Celtic broadleaf forests,European forest,,3038,0.3507,65,44,9,35,56,0.2045,0.1385,0.1651,0.884,0.1075,0.1917
phase21_B_λ4,tcd_tile_3671,Eastern Great Lakes lowland forests,N. American forest,,2922,0.3507,11,122,6,116,5,0.0492,0.5455,0.0902,0.9666,0.2328,0.3752
phase21_B_λ4,tcd_tile_3672,Central European mixed forests,European forest,,3886,0.3507,34,91,18,73,16,0.1978,0.5294,0.288,0.8179,0.4864,0.61
phase21_B_λ4,tcd_tile_3673,Veracruz moist forests,Other,,1525,0.3507,141,47,36,11,105,0.766,0.2553,0.383,0.8315,0.2134,0.3397
phase21_B_λ4,tcd_tile_3674,Sierra Nevada forests,N. American forest,,3534,0.3507,72,23,18,5,54,0.7826,0.25,0.3789,0.5807,0.1082,0.1823
phase21_B_λ4,tcd_tile_3675,Sierra Nevada forests,N. American forest,,115,0.3507,90,141,72,69,18,0.5106,0.8,0.6234,0.7711,0.7604,0.7658
phase21_B_λ4,tcd_tile_3676,Crimean Submediterranean forest complex,Other,,2536,0.3507,82,90,29,61,53,0.3222,0.3537,0.3372,0.9203,0.1721,0.2899
phase21_B_λ4,tcd_tile_3677,Celtic broadleaf forests,European forest,,1959,0.3507,1,24,1,23,0,0.0417,1.0,0.08,0.8538,0.5371,0.6594
phase21_B_λ4,tcd_tile_3678,Sierra Nevada forests,N. American forest,,462,0.3507,81,79,60,19,21,0.7595,0.7407,0.75,0.7618,0.7705,0.7661
phase21_B_λ4,tcd_tile_3679,Western European broadleaf forests,European forest,,95,0.3507,12,117,10,107,2,0.0855,0.8333,0.155,0.8284,0.3024,0.4431
phase21_B_λ4,tcd_tile_368,Changjiang Plain evergreen forests,Other,,381,0.3507,232,127,114,13,118,0.8976,0.4914,0.6351,0.9016,0.3328,0.4862
phase21_B_λ4,tcd_tile_3680,Vanuatu rain forests,Other,,1575,0.3507,4,481,3,478,1,0.0062,0.75,0.0124,0.9945,0.3339,0.4999
phase21_B_λ4,tcd_tile_3681,East European forest steppe,European forest,,448,0.3507,3,157,2,155,1,0.0127,0.6667,0.025,0.9754,0.5135,0.6728
phase21_B_λ4,tcd_tile_3682,Southern Great Lakes forests,N. American forest,,2988,0.3507,106,150,79,71,27,0.5267,0.7453,0.6172,0.8238,0.4525,0.5841
phase21_B_λ4,tcd_tile_3683,Timor and Wetar deciduous forests,SE Asian & Pacific rainforest,,772,0.3507,106,104,65,39,41,0.625,0.6132,0.619,0.7882,0.3285,0.4637
phase21_B_λ4,tcd_tile_3684,Southeastern conifer forests,N. American forest,,4884,0.3507,0,74,0,74,0,0.0,0.0,0.0,0.0,0.0,0.0
phase21_B_λ4,tcd_tile_3685,Sarmatic mixed forests,European forest,,3267,0.3507,1,4,1,3,0,0.25,1.0,0.4,0.9828,0.2079,0.3432
phase21_B_λ4,tcd_tile_3686,Western European broadleaf forests,European forest,,1061,0.3507,38,75,24,51,14,0.32,0.6316,0.4248,0.4959,0.6114,0.5477
phase21_B_λ4,tcd_tile_3687,Carpathian montane forests,Other,,5000,0.3507,18,43,11,32,7,0.2558,0.6111,0.3607,0.8574,0.2399,0.3749
phase21_B_λ4,tcd_tile_3688,Himalayan subtropical pine forests,Other,,4956,0.3507,86,472,53,419,33,0.1123,0.6163,0.19,0.8712,0.452,0.5952
phase21_B_λ4,tcd_tile_3689,Southeastern mixed forests,N. American forest,,4479,0.3507,3,8,2,6,1,0.25,0.6667,0.3636,0.3771,0.8118,0.515
phase21_B_λ4,tcd_tile_369,Mindanao-Eastern Visayas rain forests,SE Asian & Pacific rainforest,,4071,0.3507,253,102,41,61,212,0.402,0.1621,0.231,0.8367,0.1485,0.2522
phase21_B_λ4,tcd_tile_3690,Northern Zanzibar-Inhambane coastal forest mosaic,African tropical forest,,438,0.3507,43,276,28,248,15,0.1014,0.6512,0.1755,0.9295,0.4172,0.5759
phase21_B_λ4,tcd_tile_3691,Luzon rain forests,SE Asian & Pacific rainforest,,4613,0.3507,174,215,75,140,99,0.3488,0.431,0.3856,0.7417,0.5219,0.6127
phase21_B_λ4,tcd_tile_3692,Taiheiyo evergreen forests,Other,,3283,0.3507,23,271,17,254,6,0.0627,0.7391,0.1156,0.9056,0.4302,0.5833
phase21_B_λ4,tcd_tile_3693,Pannonian mixed forests,European forest,,4873,0.3507,86,182,27,155,59,0.1484,0.314,0.2015,0.7405,0.3627,0.4869
phase21_B_λ4,tcd_tile_3694,Central U.S. hardwood forests,N. American forest,,186,0.3507,37,44,7,37,30,0.1591,0.1892,0.1728,0.1268,0.0979,0.1105
phase21_B_λ4,tcd_tile_3695,Northeastern coastal forests,N. American forest,,3368,0.3507,4,65,3,62,1,0.0462,0.75,0.087,0.7746,0.3166,0.4495
phase21_B_λ4,tcd_tile_3696,Taiwan subtropical evergreen forests,SE Asian & Pacific rainforest,,4113,0.3507,32,84,18,66,14,0.2143,0.5625,0.3103,0.7542,0.4955,0.5981
phase21_B_λ4,tcd_tile_3697,Western Java rain forests,Other,,980,0.3507,318,129,60,69,258,0.4651,0.1887,0.2685,0.7032,0.3826,0.4956
phase21_B_λ4,tcd_tile_3698,Eastern Java-Bali rain forests,SE Asian & Pacific rainforest,,4503,0.3507,0,101,0,101,0,0.0,0.0,0.0,0.0,0.0,0.0
phase21_B_λ4,tcd_tile_3699,Bahia coastal forests,Latin American forest,,1029,0.3507,108,34,15,19,93,0.4412,0.1389,0.2113,0.9219,0.073,0.1353
phase21_B_λ4,tcd_tile_37,Chilean matorral,Arid / dryland,,1209,0.3507,0,1,0,1,0,0.0,0.0,0.0,0.0,0.0,0.0
phase21_B_λ4,tcd_tile_370,Southern Great Lakes forests,N. American forest,,4523,0.3507,74,208,52,156,22,0.25,0.7027,0.3688,0.8719,0.489,0.6266
phase21_B_λ4,tcd_tile_3700,Magdalena Valley montane forests,Other,,2583,0.3507,133,76,40,36,93,0.5263,0.3008,0.3828,0.8811,0.2825,0.4278
phase21_B_λ4,tcd_tile_3701,Bahia coastal forests,Latin American forest,,2515,0.3507,3,194,2,192,1,0.0103,0.6667,0.0203,0.9549,0.3738,0.5372
phase21_B_λ4,tcd_tile_3702,Maputaland coastal forest mosaic,African tropical forest,,3752,0.3507,9,7,5,2,4,0.7143,0.5556,0.625,0.6302,0.5642,0.5954
phase21_B_λ4,tcd_tile_3703,Northern Zanzibar-Inhambane coastal forest mosaic,African tropical forest,,3052,0.3507,66,222,17,205,49,0.0766,0.2576,0.1181,0.9783,0.1058,0.1909
phase21_B_λ4,tcd_tile_3704,Uatuma-Trombetas moist forests,Latin American forest,,2299,0.3507,37,36,16,20,21,0.4444,0.4324,0.4384,0.4936,0.091,0.1536
phase21_B_λ4,tcd_tile_3705,Southeastern mixed forests,N. American forest,,2767,0.3507,20,3,1,2,19,0.3333,0.05,0.087,0.7615,0.0064,0.0127
phase21_B_λ4,tcd_tile_3706,Northern Zanzibar-Inhambane coastal forest mosaic,African tropical forest,,645,0.3507,138,271,82,189,56,0.3026,0.5942,0.401,0.8535,0.3446,0.491
phase21_B_λ4,tcd_tile_3707,Western Java rain forests,Other,,160,0.3507,69,123,33,90,36,0.2683,0.4783,0.3438,0.3746,0.6762,0.4821
phase21_B_λ4,tcd_tile_3708,Northern Zanzibar-Inhambane coastal forest mosaic,African tropical forest,,2182,0.3507,21,15,9,6,12,0.6,0.4286,0.5,0.8285,0.7119,0.7658
phase21_B_λ4,tcd_tile_3709,East European forest steppe,European forest,,4306,0.3507,37,95,21,74,16,0.2211,0.5676,0.3182,0.509,0.2503,0.3356
phase21_B_λ4,tcd_tile_371,Sarmatic mixed forests,European forest,,4730,0.3507,6,78,1,77,5,0.0128,0.1667,0.0238,0.9391,0.2241,0.3619
phase21_B_λ4,tcd_tile_3710,Peruvian Yungas,Latin American forest,,2356,0.3507,9,27,1,26,8,0.037,0.1111,0.0556,0.014,0.2873,0.0266
phase21_B_λ4,tcd_tile_3711,Upper Gangetic Plains moist deciduous forests,Other,,3839,0.3507,43,78,20,58,23,0.2564,0.4651,0.3306,0.6419,0.3314,0.4372
phase21_B_λ4,tcd_tile_3712,Central European mixed forests,European forest,,3299,0.3507,27,88,15,73,12,0.1705,0.5556,0.2609,0.8266,0.3497,0.4914
phase21_B_λ4,tcd_tile_3713,Alps conifer and mixed forests,European forest,,4254,0.3507,1,6,1,5,0,0.1667,1.0,0.2857,0.9783,0.0372,0.0717
phase21_B_λ4,tcd_tile_3714,Atlantic dry forests,Other,,1143,0.3507,312,115,81,34,231,0.7043,0.2596,0.3794,0.8112,0.4349,0.5662
phase21_B_λ4,tcd_tile_3715,Pontic steppe,Other,,1381,0.3507,43,113,33,80,10,0.292,0.7674,0.4231,0.9161,0.5717,0.704
phase21_B_λ4,tcd_tile_3716,Sarmatic mixed forests,European forest,,4599,0.3507,36,44,2,42,34,0.0455,0.0556,0.05,0.0475,0.294,0.0818
phase21_B_λ4,tcd_tile_3717,Luzon rain forests,SE Asian & Pacific rainforest,,4630,0.3507,125,373,35,338,90,0.0938,0.28,0.1406,0.8718,0.4558,0.5986
phase21_B_λ4,tcd_tile_3718,Balkan mixed forests,European forest,,3911,0.3507,44,31,13,18,31,0.4194,0.2955,0.3467,0.8497,0.1395,0.2396
phase21_B_λ4,tcd_tile_3719,Northern Zanzibar-Inhambane coastal forest mosaic,African tropical forest,,4566,0.3507,300,2,2,0,298,1.0,0.0067,0.0132,0.8779,0.0033,0.0066
phase21_B_λ4,tcd_tile_372,Taiheiyo montane deciduous forests,Other,,5068,0.3507,0,54,0,54,0,0.0,0.0,0.0,0.0,0.0,0.0
phase21_B_λ4,tcd_tile_3720,Sulawesi lowland rain forests,SE Asian & Pacific rainforest,,4584,0.3507,223,218,116,102,107,0.5321,0.5202,0.5261,0.8326,0.6357,0.721
phase21_B_λ4,tcd_tile_3721,Celtic broadleaf forests,European forest,,3152,0.3507,5,12,1,11,4,0.0833,0.2,0.1176,0.9931,0.0664,0.1245
phase21_B_λ4,tcd_tile_3722,,Other,,3413,0.3507,27,308,19,289,8,0.0617,0.7037,0.1134,0.9885,0.2852,0.4427
phase21_B_λ4,tcd_tile_3723,Northeastern coastal forests,N. American forest,,3623,0.3507,98,119,36,83,62,0.3025,0.3673,0.3318,0.881,0.2607,0.4023
phase21_B_λ4,tcd_tile_3724,Mindanao-Eastern Visayas rain forests,SE Asian & Pacific rainforest,,626,0.3507,231,144,66,78,165,0.4583,0.2857,0.352,0.6655,0.3292,0.4405
phase21_B_λ4,tcd_tile_3725,Changjiang Plain evergreen forests,Other,,2186,0.3507,275,87,61,26,214,0.7011,0.2218,0.337,0.7427,0.24,0.3628
phase21_B_λ4,tcd_tile_3726,Eastern Guinean forests,African tropical forest,,2386,0.3507,2,3,0,3,2,0.0,0.0,0.0,0.0,0.0,0.0
phase21_B_λ4,tcd_tile_3727,Himalayan subtropical broadleaf forests,Other,,4104,0.3507,49,72,27,45,22,0.375,0.551,0.4463,0.5649,0.1118,0.1866
phase21_B_λ4,tcd_tile_3728,Madeira-Tapajós moist forests,Latin American forest,,1112,0.3507,1,658,1,657,0,0.0015,1.0,0.003,0.9998,0.4995,0.6661
phase21_B_λ4,tcd_tile_3729,Sumatran lowland rain forests,SE Asian & Pacific rainforest,,651,0.3507,59,416,17,399,42,0.0409,0.2881,0.0716,0.9667,0.2265,0.367
phase21_B_λ4,tcd_tile_373,Scandinavian coastal conifer forests,Other,,1917,0.3507,0,3,0,3,0,0.0,0.0,0.0,0.0,0.0,0.0
phase21_B_λ4,tcd_tile_3730,Central European mixed forests,European forest,,4710,0.3507,0,63,0,63,0,0.0,0.0,0.0,0.0,0.0,0.0
phase21_B_λ4,tcd_tile_3731,Appalachian-Blue Ridge forests,N. American forest,,4048,0.3507,55,139,37,102,18,0.2662,0.6727,0.3814,0.7942,0.1884,0.3045
phase21_B_λ4,tcd_tile_3732,North Central Rockies forests,N. American forest,,2385,0.3507,1,703,1,702,0,0.0014,1.0,0.0028,0.9791,0.4761,0.6407
phase21_B_λ4,tcd_tile_3733,Central European mixed forests,European forest,,3884,0.3507,30,3,0,3,30,0.0,0.0,0.0,0.0,0.0,0.0
phase21_B_λ4,tcd_tile_3734,Tigris-Euphrates alluvial salt marsh,Other,,351,0.3507,27,40,9,31,18,0.225,0.3333,0.2687,0.4427,0.8577,0.584
phase21_B_λ4,tcd_tile_3735,Scandinavian and Russian taiga,Other,,48,0.3507,96,119,39,80,57,0.3277,0.4062,0.3628,0.6217,0.1355,0.2225
phase21_B_λ4,tcd_tile_3736,Ucayali moist forests,Latin American forest,,2543,0.3507,22,136,8,128,14,0.0588,0.3636,0.1013,0.8608,0.2182,0.3482
phase21_B_λ4,tcd_tile_3737,Timor and Wetar deciduous forests,SE Asian & Pacific rainforest,,4964,0.3507,95,103,35,68,60,0.3398,0.3684,0.3535,0.6678,0.411,0.5089
phase21_B_λ4,tcd_tile_3738,Celtic broadleaf forests,European forest,,3847,0.3507,17,120,2,118,15,0.0167,0.1176,0.0292,0.8997,0.3213,0.4735
phase21_B_λ4,tcd_tile_3739,Southeastern mixed forests,N. American forest,,4015,0.3507,31,4,1,3,30,0.25,0.0323,0.0571,0.1509,0.0022,0.0043
phase21_B_λ4,tcd_tile_374,Atlantic mixed forests,European forest,,4294,0.3507,10,331,7,324,3,0.0211,0.7,0.0411,0.3067,0.2698,0.2871
phase21_B_λ4,tcd_tile_3740,Northern Zanzibar-Inhambane coastal forest mosaic,African tropical forest,,3616,0.3507,40,356,26,330,14,0.073,0.65,0.1313,0.9468,0.3318,0.4914
phase21_B_λ4,tcd_tile_3741,Vanuatu rain forests,Other,,1775,0.3507,53,7,2,5,51,0.2857,0.0377,0.0667,0.7774,0.0049,0.0098
phase21_B_λ4,tcd_tile_3742,Eastern Guinean forests,African tropical forest,,2701,0.3507,89,8,2,6,87,0.25,0.0225,0.0412,0.643,0.1208,0.2034
phase21_B_λ4,tcd_tile_3743,Taiheiyo evergreen forests,Other,,2852,0.3507,179,99,40,59,139,0.404,0.2235,0.2878,0.4979,0.414,0.4521
phase21_B_λ4,tcd_tile_3744,Granitic Seychelles forests,Other,,3097,0.3507,0,562,0,562,0,0.0,0.0,0.0,0.0,0.0,0.0
phase21_B_λ4,tcd_tile_3745,Western European broadleaf forests,European forest,,4843,0.3507,9,18,2,16,7,0.1111,0.2222,0.1481,0.9995,0.0502,0.0956
phase21_B_λ4,tcd_tile_3746,Cerrado,Latin American forest,,802,0.3507,1,3,0,3,1,0.0,0.0,0.0,0.0,0.0,0.0
phase21_B_λ4,tcd_tile_3747,Atlantic mixed forests,European forest,,4776,0.3507,18,276,18,258,0,0.0652,1.0,0.1224,0.9089,0.5331,0.6721
phase21_B_λ4,tcd_tile_3748,Bahia coastal forests,Latin American forest,,4996,0.3507,72,102,32,70,40,0.3137,0.4444,0.3678,0.5285,0.2668,0.3546
phase21_B_λ4,tcd_tile_3749,Sarmatic mixed forests,European forest,,3484,0.3507,5,141,4,137,1,0.0284,0.8,0.0548,0.9788,0.2312,0.374
phase21_B_λ4,tcd_tile_375,Northern Zanzibar-Inhambane coastal forest mosaic,African tropical forest,,4983,0.3507,177,137,75,62,102,0.5474,0.4237,0.4777,0.8482,0.3226,0.4674
phase21_B_λ4,tcd_tile_3750,Eastern Guinean forests,African tropical forest,,2650,0.3507,32,150,13,137,19,0.0867,0.4062,0.1429,0.9581,0.3372,0.4988
phase21_B_λ4,tcd_tile_3751,Central European mixed forests,European forest,,778,0.3507,118,140,37,103,81,0.2643,0.3136,0.2868,0.6404,0.4692,0.5415
phase21_B_λ4,tcd_tile_3752,Northern Zanzibar-Inhambane coastal forest mosaic,African tropical forest,,121,0.3507,34,12,12,0,22,1.0,0.3529,0.5217,0.8648,0.3262,0.4737
phase21_B_λ4,tcd_tile_3753,Pontic steppe,Other,,978,0.3507,36,144,32,112,4,0.2222,0.8889,0.3556,0.9277,0.5352,0.6788
phase21_B_λ4,tcd_tile_3754,Eastern Java-Bali rain forests,SE Asian & Pacific rainforest,,4501,0.3507,17,74,9,65,8,0.1216,0.5294,0.1978,0.8769,0.1982,0.3234
phase21_B_λ4,tcd_tile_3755,Western European broadleaf forests,European forest,,240,0.3507,15,145,12,133,3,0.0828,0.8,0.15,0.9566,0.5616,0.7077
phase21_B_λ4,tcd_tile_3756,Northeastern coastal forests,N. American forest,,2983,0.3507,2,33,1,32,1,0.0303,0.5,0.0571,0.8055,0.1353,0.2317
phase21_B_λ4,tcd_tile_3757,Mindanao-Eastern Visayas rain forests,SE Asian & Pacific rainforest,,3105,0.3507,37,138,14,124,23,0.1014,0.3784,0.16,0.8645,0.285,0.4286
phase21_B_λ4,tcd_tile_3758,Sulawesi lowland rain forests,SE Asian & Pacific rainforest,,2741,0.3507,103,134,42,92,61,0.3134,0.4078,0.3544,0.7846,0.1437,0.2429
phase21_B_λ4,tcd_tile_3759,Nihonkai montane deciduous forests,Other,,4395,0.3507,3,13,1,12,2,0.0769,0.3333,0.125,0.9854,0.0356,0.0687
phase21_B_λ4,tcd_tile_376,Bahamian pine mosaic,Other,,4985,0.3507,1,24,1,23,0,0.0417,1.0,0.08,0.193,0.014,0.026
phase21_B_λ4,tcd_tile_3760,Cerrado,Latin American forest,,708,0.3507,15,225,6,219,9,0.0267,0.4,0.05,0.6571,0.2484,0.3605
phase21_B_λ4,tcd_tile_3761,Sarmatic mixed forests,European forest,,3287,0.3507,20,157,17,140,3,0.1083,0.85,0.1921,0.8411,0.2306,0.362
phase21_B_λ4,tcd_tile_3762,Southeastern conifer forests,N. American forest,,1951,0.3507,129,98,21,77,108,0.2143,0.1628,0.185,0.2285,0.4817,0.31
phase21_B_λ4,tcd_tile_3763,Hispaniolan moist forests,SE Asian & Pacific rainforest,,4944,0.3507,0,93,0,93,0,0.0,0.0,0.0,0.0,0.0,0.0
phase21_B_λ4,tcd_tile_3764,Baltic mixed forests,European forest,,4651,0.3507,1,54,1,53,0,0.0185,1.0,0.0364,0.9999,0.043,0.0825
phase21_B_λ4,tcd_tile_3765,,Other,,3736,0.3507,1,4,1,3,0,0.25,1.0,0.4,0.3272,0.3686,0.3467
phase21_B_λ4,tcd_tile_3766,Madeira-Tapajós moist forests,Latin American forest,,1912,0.3507,1,327,1,326,0,0.0031,1.0,0.0061,1.0,0.2985,0.4598
phase21_B_λ4,tcd_tile_3767,Atlantic mixed forests,European forest,,63,0.3507,29,28,17,11,12,0.6071,0.5862,0.5965,0.9146,0.414,0.57
phase21_B_λ4,tcd_tile_3768,Mindanao-Eastern Visayas rain forests,SE Asian & Pacific rainforest,,12,0.3507,113,295,43,252,70,0.1458,0.3805,0.2108,0.8063,0.253,0.3851
phase21_B_λ4,tcd_tile_3769,,Other,,1012,0.3507,0,11,0,11,0,0.0,0.0,0.0,0.0,0.0,0.0
phase21_B_λ4,tcd_tile_377,East European forest steppe,European forest,,1124,0.3507,15,69,9,60,6,0.1304,0.6,0.2143,0.1118,0.8788,0.1984
phase21_B_λ4,tcd_tile_3770,Madeira-Tapajós moist forests,Latin American forest,,632,0.3507,1,934,1,933,0,0.0011,1.0,0.0021,0.9997,0.4572,0.6274
phase21_B_λ4,tcd_tile_3771,Tongan tropical moist forests,SE Asian & Pacific rainforest,,4885,0.3507,7,502,3,499,4,0.006,0.4286,0.0118,0.991,0.2726,0.4276
phase21_B_λ4,tcd_tile_3772,Sulawesi lowland rain forests,SE Asian & Pacific rainforest,,4871,0.3507,160,233,100,133,60,0.4292,0.625,0.5089,0.6184,0.6583,0.6377
phase21_B_λ4,tcd_tile_3773,Taiheiyo montane deciduous forests,Other,,4176,0.3507,5,48,1,47,4,0.0208,0.2,0.0377,0.415,0.1732,0.2444
phase21_B_λ4,tcd_tile_3774,Northern Zanzibar-Inhambane coastal forest mosaic,African tropical forest,,4205,0.3507,37,7,5,2,32,0.7143,0.1351,0.2273,0.7125,0.0677,0.1236
phase21_B_λ4,tcd_tile_3775,Central European mixed forests,European forest,,3867,0.3507,26,40,9,31,17,0.225,0.3462,0.2727,0.8986,0.0633,0.1182
phase21_B_λ4,tcd_tile_3776,Nigerian lowland forests,African tropical forest,,4590,0.3507,0,132,0,132,0,0.0,0.0,0.0,0.0,0.0,0.0
phase21_B_λ4,tcd_tile_3777,Appalachian mixed mesophytic forests,Other,,2294,0.3507,171,219,54,165,117,0.2466,0.3158,0.2769,0.8899,0.5031,0.6428
phase21_B_λ4,tcd_tile_3778,Hispaniolan moist forests,SE Asian & Pacific rainforest,,4027,0.3507,18,71,8,63,10,0.1127,0.4444,0.1798,0.2283,0.2767,0.2502
phase21_B_λ4,tcd_tile_3779,Southern Zanzibar-Inhambane coastal forest mosaic,African tropical forest,,5023,0.3507,95,57,38,19,57,0.6667,0.4,0.5,0.9165,0.512,0.657
phase21_B_λ4,tcd_tile_378,,Other,,1919,0.3507,40,68,13,55,27,0.1912,0.325,0.2407,0.2165,0.5171,0.3052
phase21_B_λ4,tcd_tile_3780,Central European mixed forests,European forest,,4633,0.3507,0,38,0,38,0,0.0,0.0,0.0,0.0,0.0,0.0
phase21_B_λ4,tcd_tile_3781,Appalachian-Blue Ridge forests,N. American forest,,617,0.3507,15,44,3,41,12,0.0682,0.2,0.1017,0.1924,0.1278,0.1536
phase21_B_λ4,tcd_tile_3782,Greater Negros-Panay rain forests,SE Asian & Pacific rainforest,,211,0.3507,33,40,11,29,22,0.275,0.3333,0.3014,0.5049,0.3473,0.4115
phase21_B_λ4,tcd_tile_3783,Vanuatu rain forests,Other,,2049,0.3507,76,51,16,35,60,0.3137,0.2105,0.252,0.3067,0.0504,0.0866
phase21_B_λ4,tcd_tile_3784,Northeastern coastal forests,N. American forest,,3777,0.3507,59,58,20,38,39,0.3448,0.339,0.3419,0.8856,0.3918,0.5433
phase21_B_λ4,tcd_tile_3785,Western European broadleaf forests,European forest,,3359,0.3507,5,2,2,0,3,1.0,0.4,0.5714,0.5986,0.2294,0.3317
phase21_B_λ4,tcd_tile_3786,Mato Grosso seasonal forests,Latin American forest,,2577,0.3507,117,193,78,115,39,0.4041,0.6667,0.5032,0.5632,0.7226,0.633
phase21_B_λ4,tcd_tile_3787,Northern Zanzibar-Inhambane coastal forest mosaic,African tropical forest,,1880,0.3507,47,234,37,197,10,0.1581,0.7872,0.2633,0.86,0.3596,0.5072
phase21_B_λ4,tcd_tile_3788,North Central Rockies forests,N. American forest,,3932,0.3507,11,286,9,277,2,0.0315,0.8182,0.0606,0.922,0.4001,0.5581
phase21_B_λ4,tcd_tile_3789,Mato Grosso seasonal forests,Latin American forest,,3514,0.3507,66,224,58,166,8,0.2589,0.8788,0.4,0.8276,0.5412,0.6544
phase21_B_λ4,tcd_tile_379,Po Basin mixed forests,Other,,1083,0.3507,49,120,41,79,8,0.3417,0.8367,0.4852,0.6824,0.4684,0.5555
phase21_B_λ4,tcd_tile_3790,Timor and Wetar deciduous forests,SE Asian & Pacific rainforest,,3649,0.3507,97,139,56,83,41,0.4029,0.5773,0.4746,0.6738,0.563,0.6134
phase21_B_λ4,tcd_tile_3791,Eastern Cordillera real montane forests,Other,,1628,0.3507,2,54,1,53,1,0.0185,0.5,0.0357,0.073,0.3153,0.1186
phase21_B_λ4,tcd_tile_3792,Taiheiyo evergreen forests,Other,,2166,0.3507,162,211,57,154,105,0.2701,0.3519,0.3056,0.7752,0.3629,0.4944
phase21_B_λ4,tcd_tile_3793,South Siberian forest steppe,Other,,804,0.3507,152,108,59,49,93,0.5463,0.3882,0.4538,0.7773,0.4085,0.5356
phase21_B_λ4,tcd_tile_3794,Northern Zanzibar-Inhambane coastal forest mosaic,African tropical forest,,1380,0.3507,235,346,181,165,54,0.5231,0.7702,0.6231,0.8304,0.4893,0.6158
phase21_B_λ4,tcd_tile_3795,Iberian sclerophyllous and semi-deciduous forests,Other,,481,0.3507,690,629,602,27,88,0.9571,0.8725,0.9128,0.828,0.9184,0.8709
phase21_B_λ4,tcd_tile_3796,Northern Zanzibar-Inhambane coastal forest mosaic,African tropical forest,,3301,0.3507,178,263,113,150,65,0.4297,0.6348,0.5125,0.7065,0.58,0.637
phase21_B_λ4,tcd_tile_3797,Pannonian mixed forests,European forest,,3717,0.3507,1,312,1,311,0,0.0032,1.0,0.0064,0.9922,0.3889,0.5588
phase21_B_λ4,tcd_tile_3798,Southern Great Lakes forests,N. American forest,,620,0.3507,33,24,7,17,26,0.2917,0.2121,0.2456,0.5837,0.134,0.2179
phase21_B_λ4,tcd_tile_3799,Hispaniolan moist forests,SE Asian & Pacific rainforest,,4895,0.3507,0,105,0,105,0,0.0,0.0,0.0,0.0,0.0,0.0
phase21_B_λ4,tcd_tile_38,West Sudanian savanna,Arid / dryland,,572,0.3507,50,130,35,95,15,0.2692,0.7,0.3889,0.5159,0.6579,0.5783
phase21_B_λ4,tcd_tile_380,Sundaland heath forests,Other,,2264,0.3507,1,311,1,310,0,0.0032,1.0,0.0064,0.9976,0.4028,0.5739
phase21_B_λ4,tcd_tile_3800,Changjiang Plain evergreen forests,Other,,4581,0.3507,78,59,34,25,44,0.5763,0.4359,0.4964,0.845,0.2003,0.3238
phase21_B_λ4,tcd_tile_3801,Southeast Australia temperate forests,Other,,2855,0.3507,18,7,3,4,15,0.4286,0.1667,0.24,0.3982,0.0119,0.0231
phase21_B_λ4,tcd_tile_3802,Baltic mixed forests,European forest,,4453,0.3507,3,60,2,58,1,0.0333,0.6667,0.0635,0.9871,0.0489,0.0933
phase21_B_λ4,tcd_tile_3803,Central European mixed forests,European forest,,4451,0.3507,59,174,33,141,26,0.1897,0.5593,0.2833,0.7679,0.2532,0.3808
phase21_B_λ4,tcd_tile_3804,North Island temperate forests,Other,,87,0.3507,8,7,2,5,6,0.2857,0.25,0.2667,0.8595,0.0269,0.0522
phase21_B_λ4,tcd_tile_3805,Central European mixed forests,European forest,,2005,0.3507,31,95,23,72,8,0.2421,0.7419,0.3651,0.8746,0.4326,0.5789
phase21_B_λ4,tcd_tile_3806,Sri Lanka dry-zone dry evergreen forests,Other,,1622,0.3507,178,292,63,229,115,0.2158,0.3539,0.2681,0.6838,0.5495,0.6093
phase21_B_λ4,tcd_tile_3807,Vanuatu rain forests,Other,,1838,0.3507,1,8,1,7,0,0.125,1.0,0.2222,0.9985,0.0112,0.0221
phase21_B_λ4,tcd_tile_3808,Madeira-Tapajós moist forests,Latin American forest,,2927,0.3507,1,532,1,531,0,0.0019,1.0,0.0038,0.9982,0.3788,0.5492
phase21_B_λ4,tcd_tile_3809,East European forest steppe,European forest,,4514,0.3507,36,68,14,54,22,0.2059,0.3889,0.2692,0.4943,0.2456,0.3281
phase21_B_λ4,tcd_tile_381,Pannonian mixed forests,European forest,,2484,0.3507,120,41,33,8,87,0.8049,0.275,0.4099,0.9099,0.4181,0.5729
phase21_B_λ4,tcd_tile_3810,Southeast Australia temperate forests,Other,,154,0.3507,100,113,56,57,44,0.4956,0.56,0.5258,0.8437,0.3481,0.4928
phase21_B_λ4,tcd_tile_3811,Luzon rain forests,SE Asian & Pacific rainforest,,428,0.3507,115,346,39,307,76,0.1127,0.3391,0.1692,0.8245,0.3566,0.4979
phase21_B_λ4,tcd_tile_3812,Northern Zanzibar-Inhambane coastal forest mosaic,African tropical forest,,2764,0.3507,185,283,152,131,33,0.5371,0.8216,0.6496,0.6766,0.6925,0.6844
phase21_B_λ4,tcd_tile_3813,Hawaii tropical moist forests,Other,,1624,0.3507,4,159,3,156,1,0.0189,0.75,0.0368,0.9983,0.121,0.2158
phase21_B_λ4,tcd_tile_3814,Lesser Sundas deciduous forests,SE Asian & Pacific rainforest,,1856,0.3507,74,58,6,52,68,0.1034,0.0811,0.0909,0.1352,0.0853,0.1046
phase21_B_λ4,tcd_tile_3815,,Other,,340,0.3507,18,91,14,77,4,0.1538,0.7778,0.2569,0.4642,0.1929,0.2725
phase21_B_λ4,tcd_tile_3816,Balkan mixed forests,European forest,,4002,0.3507,85,85,39,46,46,0.4588,0.4588,0.4588,0.7564,0.4729,0.582
phase21_B_λ4,tcd_tile_3817,Eastern Guinean forests,African tropical forest,,3305,0.3507,36,242,18,224,18,0.0744,0.5,0.1295,0.9528,0.3816,0.5449
phase21_B_λ4,tcd_tile_3818,Atlantic mixed forests,European forest,,3108,0.3507,7,26,5,21,2,0.1923,0.7143,0.303,0.1776,0.0478,0.0753
phase21_B_λ4,tcd_tile_3819,Sarmatic mixed forests,European forest,,4559,0.3507,9,201,2,199,7,0.01,0.2222,0.019,0.9757,0.3193,0.4811
phase21_B_λ4,tcd_tile_382,Central Indochina dry forests,Other,,5038,0.3507,236,301,137,164,99,0.4551,0.5805,0.5102,0.6985,0.482,0.5704
phase21_B_λ4,tcd_tile_3820,English Lowlands beech forests,European forest,,3051,0.3507,11,57,3,54,8,0.0526,0.2727,0.0882,0.8509,0.2325,0.3652
phase21_B_λ4,tcd_tile_3821,Southern Pacific dry forests,Other,,1847,0.3507,63,155,32,123,31,0.2065,0.5079,0.2936,0.8939,0.1356,0.2354
phase21_B_λ4,tcd_tile_3822,Northern Zanzibar-Inhambane coastal forest mosaic,African tropical forest,,2449,0.3507,104,106,19,87,85,0.1792,0.1827,0.181,0.9495,0.1816,0.3048
phase21_B_λ4,tcd_tile_3823,Nigerian lowland forests,African tropical forest,,2989,0.3507,2,49,1,48,1,0.0204,0.5,0.0392,0.0106,0.2882,0.0204
phase21_B_λ4,tcd_tile_3824,Southern Great Lakes forests,N. American forest,,1550,0.3507,28,24,12,12,16,0.5,0.4286,0.4615,0.4336,0.7673,0.5541
phase21_B_λ4,tcd_tile_3825,Timor and Wetar deciduous forests,SE Asian & Pacific rainforest,,4063,0.3507,228,136,78,58,150,0.5735,0.3421,0.4286,0.8553,0.207,0.3334
phase21_B_λ4,tcd_tile_3826,Mindanao-Eastern Visayas rain forests,SE Asian & Pacific rainforest,,2867,0.3507,64,66,32,34,32,0.4848,0.5,0.4923,0.663,0.4041,0.5022
phase21_B_λ4,tcd_tile_3827,English Lowlands beech forests,European forest,,4094,0.3507,9,40,5,35,4,0.125,0.5556,0.2041,0.3111,0.1548,0.2068
phase21_B_λ4,tcd_tile_3828,Northern Zanzibar-Inhambane coastal forest mosaic,African tropical forest,,4124,0.3507,64,48,24,24,40,0.5,0.375,0.4286,0.847,0.1372,0.2362
phase21_B_λ4,tcd_tile_3829,Greater Negros-Panay rain forests,SE Asian & Pacific rainforest,,3445,0.3507,99,37,23,14,76,0.6216,0.2323,0.3382,0.7843,0.2684,0.3999
phase21_B_λ4,tcd_tile_383,Eastern Mediterranean conifer-sclerophyllous-broadleaf forests,Other,,881,0.3507,204,280,185,95,19,0.6607,0.9069,0.7645,0.8088,0.7776,0.7929
phase21_B_λ4,tcd_tile_3830,Northern Zanzibar-Inhambane coastal forest mosaic,African tropical forest,,1065,0.3507,6,0,0,0,6,0.0,0.0,0.0,0.0,0.0,0.0
phase21_B_λ4,tcd_tile_3831,East European forest steppe,European forest,,4050,0.3507,76,261,59,202,17,0.2261,0.7763,0.3501,0.9398,0.5046,0.6566
phase21_B_λ4,tcd_tile_3832,Balkan mixed forests,European forest,,1212,0.3507,67,110,42,68,25,0.3818,0.6269,0.4746,0.6498,0.4731,0.5475
phase21_B_λ4,tcd_tile_3833,Changjiang Plain evergreen forests,Other,,470,0.3507,302,108,92,16,210,0.8519,0.3046,0.4488,0.8439,0.2845,0.4256
phase21_B_λ4,tcd_tile_3834,Northern Zanzibar-Inhambane coastal forest mosaic,African tropical forest,,468,0.3507,145,401,101,300,44,0.2519,0.6966,0.37,0.8161,0.4959,0.617
phase21_B_λ4,tcd_tile_3835,Northern Zanzibar-Inhambane coastal forest mosaic,African tropical forest,,4915,0.3507,124,22,12,10,112,0.5455,0.0968,0.1644,0.7516,0.0835,0.1504
phase21_B_λ4,tcd_tile_3836,North Island temperate forests,Other,,3002,0.3507,29,65,24,41,5,0.3692,0.8276,0.5106,0.8816,0.5347,0.6656
phase21_B_λ4,tcd_tile_3837,East European forest steppe,European forest,,426,0.3507,6,7,1,6,5,0.1429,0.1667,0.1538,0.285,0.5268,0.3699
phase21_B_λ4,tcd_tile_3838,Timor and Wetar deciduous forests,SE Asian & Pacific rainforest,,1372,0.3507,1,210,1,209,0,0.0048,1.0,0.0095,0.9913,0.1368,0.2404
phase21_B_λ4,tcd_tile_3839,Northern Zanzibar-Inhambane coastal forest mosaic,African tropical forest,,3395,0.3507,191,25,24,1,167,0.96,0.1257,0.2222,0.8766,0.1344,0.233
phase21_B_λ4,tcd_tile_384,Luzon rain forests,SE Asian & Pacific rainforest,,4382,0.3507,0,157,0,157,0,0.0,0.0,0.0,0.0,0.0,0.0
phase21_B_λ4,tcd_tile_3840,Caucasus mixed forests,European forest,,1349,0.3507,4,11,1,10,3,0.0909,0.25,0.1333,0.999,0.0329,0.0638
phase21_B_λ4,tcd_tile_3841,California interior chaparral and woodlands,Other,,921,0.3507,0,0,0,0,0,0.0,0.0,0.0,0.0,0.0,0.0
phase21_B_λ4,tcd_tile_3842,Western Siberian hemiboreal forests,Other,,1768,0.3507,7,31,4,27,3,0.129,0.5714,0.2105,0.4544,0.0985,0.1619
phase21_B_λ4,tcd_tile_3843,Northern Zanzibar-Inhambane coastal forest mosaic,African tropical forest,,1789,0.3507,145,227,83,144,62,0.3656,0.5724,0.4462,0.8696,0.2864,0.4309
phase21_B_λ4,tcd_tile_3844,Changjiang Plain evergreen forests,Other,,1907,0.3507,105,35,21,14,84,0.6,0.2,0.3,0.6704,0.2224,0.334
phase21_B_λ4,tcd_tile_3845,Taiheiyo evergreen forests,Other,,348,0.3507,95,99,62,37,33,0.6263,0.6526,0.6392,0.7936,0.5749,0.6667
phase21_B_λ4,tcd_tile_3846,Western Guinean lowland forests,African tropical forest,,876,0.3507,36,54,17,37,19,0.3148,0.4722,0.3778,0.4137,0.1402,0.2095
phase21_B_λ4,tcd_tile_3847,Balkan mixed forests,European forest,,1555,0.3507,24,86,11,75,13,0.1279,0.4583,0.2,0.9216,0.3479,0.5051
phase21_B_λ4,tcd_tile_3848,Central and Southern mixed grasslands,Other,,282,0.3507,55,36,25,11,30,0.6944,0.4545,0.5495,0.7458,0.6485,0.6938
phase21_B_λ4,tcd_tile_3849,Uatuma-Trombetas moist forests,Latin American forest,,2759,0.3507,1,1,0,1,1,0.0,0.0,0.0,0.0,0.0,0.0
phase21_B_λ4,tcd_tile_385,Serra do Mar coastal forests,Latin American forest,,4893,0.3507,1,294,1,293,0,0.0034,1.0,0.0068,0.9995,0.1998,0.333
phase21_B_λ4,tcd_tile_3850,Madeira-Tapajós moist forests,Latin American forest,,3967,0.3507,1,621,1,620,0,0.0016,1.0,0.0032,1.0,0.366,0.5358
phase21_B_λ4,tcd_tile_3851,Mizoram-Manipur-Kachin rain forests,SE Asian & Pacific rainforest,,4780,0.3507,3,121,1,120,2,0.0083,0.3333,0.0161,0.9641,0.1698,0.2888
phase21_B_λ4,tcd_tile_3852,Greater Negros-Panay rain forests,SE Asian & Pacific rainforest,,1327,0.3507,12,3,1,2,11,0.3333,0.0833,0.1333,0.7659,0.1111,0.1941
phase21_B_λ4,tcd_tile_3853,Western Java montane rain forests,Other,,1736,0.3507,26,141,8,133,18,0.0567,0.3077,0.0958,0.8966,0.1844,0.3058
phase21_B_λ4,tcd_tile_3854,Cerrado,Latin American forest,,680,0.3507,72,145,42,103,30,0.2897,0.5833,0.3871,0.7681,0.4668,0.5806
phase21_B_λ4,tcd_tile_3855,Changjiang Plain evergreen forests,Other,,1285,0.3507,308,147,126,21,182,0.8571,0.4091,0.5538,0.8726,0.3352,0.4844
phase21_B_λ4,tcd_tile_3856,Himalayan subtropical broadleaf forests,Other,,1610,0.3507,101,509,45,464,56,0.0884,0.4455,0.1475,0.9518,0.4129,0.5759
phase21_B_λ4,tcd_tile_3857,Lesser Sundas deciduous forests,SE Asian & Pacific rainforest,,1662,0.3507,22,118,10,108,12,0.0847,0.4545,0.1429,0.5769,0.2356,0.3345
phase21_B_λ4,tcd_tile_3858,Western European broadleaf forests,European forest,,4649,0.3507,5,37,1,36,4,0.027,0.2,0.0476,0.9854,0.1132,0.2031
phase21_B_λ4,tcd_tile_3859,Maputaland coastal forest mosaic,African tropical forest,,1314,0.3507,2,0,0,0,2,0.0,0.0,0.0,0.0,0.0,0.0
phase21_B_λ4,tcd_tile_386,Iberian sclerophyllous and semi-deciduous forests,Other,,689,0.3507,198,83,56,27,142,0.6747,0.2828,0.3986,0.8077,0.4,0.535
phase21_B_λ4,tcd_tile_3860,Hokkaido deciduous forests,Other,,3128,0.3507,6,192,5,187,1,0.026,0.8333,0.0505,0.9889,0.3385,0.5043
phase21_B_λ4,tcd_tile_3861,Sarmatic mixed forests,European forest,,2156,0.3507,52,88,29,59,23,0.3295,0.5577,0.4143,0.7809,0.1437,0.2428
phase21_B_λ4,tcd_tile_3862,Atlantic coastal pine barrens,Other,,2427,0.3507,25,34,8,26,17,0.2353,0.32,0.2712,0.615,0.1195,0.2001
phase21_B_λ4,tcd_tile_3863,Atlantic mixed forests,European forest,,2649,0.3507,8,194,8,186,0,0.0412,1.0,0.0792,0.9585,0.495,0.6529
phase21_B_λ4,tcd_tile_3864,Western Java rain forests,Other,,4656,0.3507,168,124,67,57,101,0.5403,0.3988,0.4589,0.876,0.4039,0.5529
phase21_B_λ4,tcd_tile_3865,Southern Zanzibar-Inhambane coastal forest mosaic,African tropical forest,,3405,0.3507,32,8,4,4,28,0.5,0.125,0.2,0.3106,0.0269,0.0494
phase21_B_λ4,tcd_tile_3866,Tongan tropical moist forests,SE Asian & Pacific rainforest,,4530,0.3507,78,12,3,9,75,0.25,0.0385,0.0667,0.1701,0.0192,0.0345
phase21_B_λ4,tcd_tile_3867,,Other,,328,0.3507,24,492,13,479,11,0.0264,0.5417,0.0504,0.991,0.3226,0.4868
phase21_B_λ4,tcd_tile_3868,Serra do Mar coastal forests,Latin American forest,,4639,0.3507,266,183,48,135,218,0.2623,0.1805,0.2138,0.4512,0.3343,0.384
phase21_B_λ4,tcd_tile_3869,Sarmatic mixed forests,European forest,,2325,0.3507,14,226,2,224,12,0.0088,0.1429,0.0167,0.9984,0.372,0.542
phase21_B_λ4,tcd_tile_387,Willamette Valley forests,N. American forest,,2531,0.3507,91,32,5,27,86,0.1562,0.0549,0.0813,0.0438,0.2299,0.0735
phase21_B_λ4,tcd_tile_3870,North Central Rockies forests,N. American forest,,2081,0.3507,73,502,26,476,47,0.0518,0.3562,0.0904,0.9991,0.3672,0.537
phase21_B_λ4,tcd_tile_3871,Southern Great Lakes forests,N. American forest,,4325,0.3507,13,16,11,5,2,0.6875,0.8462,0.7586,0.9016,0.5966,0.7181
phase21_B_λ4,tcd_tile_3872,"Sao Tome, Principe and Annobon moist lowland forests",Other,,3158,0.3507,111,57,36,21,75,0.6316,0.3243,0.4286,0.7788,0.5194,0.6232
phase21_B_λ4,tcd_tile_3873,Northern Anatolian conifer and deciduous forests,Other,,2790,0.3507,431,367,145,222,286,0.3951,0.3364,0.3634,0.6274,0.4418,0.5185
phase21_B_λ4,tcd_tile_3874,North Central Rockies forests,N. American forest,,4029,0.3507,4,223,2,221,2,0.009,0.5,0.0176,0.9965,0.2144,0.3529
phase21_B_λ4,tcd_tile_3875,Huang He Plain mixed forests,Other,,2335,0.3507,41,38,10,28,31,0.2632,0.2439,0.2532,0.9107,0.2716,0.4184
phase21_B_λ4,tcd_tile_3876,Central Indochina dry forests,Other,,4958,0.3507,219,516,147,369,72,0.2849,0.6712,0.4,0.7559,0.4751,0.5835
phase21_B_λ4,tcd_tile_3877,Central European mixed forests,European forest,,2924,0.3507,53,142,12,130,41,0.0845,0.2264,0.1231,0.0867,0.5594,0.1501
phase21_B_λ4,tcd_tile_3878,Pannonian mixed forests,European forest,,2860,0.3507,3,496,2,494,1,0.004,0.6667,0.008,0.9125,0.4249,0.5799
phase21_B_λ4,tcd_tile_3879,Northern Zanzibar-Inhambane coastal forest mosaic,African tropical forest,,2786,0.3507,54,623,30,593,24,0.0482,0.5556,0.0886,0.9696,0.3852,0.5514
phase21_B_λ4,tcd_tile_388,Northern Zanzibar-Inhambane coastal forest mosaic,African tropical forest,,1101,0.3507,96,426,63,363,33,0.1479,0.6562,0.2414,0.8549,0.4138,0.5576
phase21_B_λ4,tcd_tile_3880,Central European mixed forests,European forest,,5055,0.3507,34,44,16,28,18,0.3636,0.4706,0.4103,0.6679,0.3027,0.4166
phase21_B_λ4,tcd_tile_3881,Northern Zanzibar-Inhambane coastal forest mosaic,African tropical forest,,1760,0.3507,135,237,82,155,53,0.346,0.6074,0.4409,0.3558,0.7518,0.483
phase21_B_λ4,tcd_tile_3882,Serra do Mar coastal forests,Latin American forest,,4933,0.3507,15,155,12,143,3,0.0774,0.8,0.1412,0.9062,0.2313,0.3685
phase21_B_λ4,tcd_tile_3883,Northern Zanzibar-Inhambane coastal forest mosaic,African tropical forest,,2986,0.3507,175,254,146,108,29,0.5748,0.8343,0.6807,0.8625,0.6967,0.7708
phase21_B_λ4,tcd_tile_3884,Appalachian-Blue Ridge forests,N. American forest,,2342,0.3507,47,203,32,171,15,0.1576,0.6809,0.256,0.9491,0.303,0.4594
phase21_B_λ4,tcd_tile_3885,Italian sclerophyllous and semi-deciduous forests,Other,,519,0.3507,16,269,14,255,2,0.052,0.875,0.0982,0.7001,0.6368,0.6669
phase21_B_λ4,tcd_tile_3886,Northern Zanzibar-Inhambane coastal forest mosaic,African tropical forest,,177,0.3507,7,8,3,5,4,0.375,0.4286,0.4,0.414,0.7079,0.5225
phase21_B_λ4,tcd_tile_3887,Northeastern coastal forests,N. American forest,,1441,0.3507,25,50,3,47,22,0.06,0.12,0.08,0.8425,0.3911,0.5342
phase21_B_λ4,tcd_tile_3888,Cardamom Mountains rain forests,Other,,2428,0.3507,644,611,422,189,222,0.6907,0.6553,0.6725,0.9233,0.3604,0.5184
phase21_B_λ4,tcd_tile_3889,East European forest steppe,European forest,,3410,0.3507,2,7,0,7,2,0.0,0.0,0.0,0.0494,0.0012,0.0023
phase21_B_λ4,tcd_tile_389,Northern Zanzibar-Inhambane coastal forest mosaic,African tropical forest,,1071,0.3507,283,438,211,227,72,0.4817,0.7456,0.5853,0.8101,0.4879,0.609
phase21_B_λ4,tcd_tile_3890,Cerrado,Latin American forest,,1811,0.3507,23,158,10,148,13,0.0633,0.4348,0.1105,0.957,0.1198,0.2129
phase21_B_λ4,tcd_tile_3891,Western Guinean lowland forests,African tropical forest,,2031,0.3507,104,40,23,17,81,0.575,0.2212,0.3194,0.6322,0.3637,0.4617
phase21_B_λ4,tcd_tile_3892,,Other,,4299,0.3507,153,349,76,273,77,0.2178,0.4967,0.3028,0.8896,0.4484,0.5963
phase21_B_λ4,tcd_tile_3893,Northeastern coastal forests,N. American forest,,2074,0.3507,29,105,2,103,27,0.019,0.069,0.0299,0.8586,0.1195,0.2098
phase21_B_λ4,tcd_tile_3894,Southern Zanzibar-Inhambane coastal forest mosaic,African tropical forest,,4178,0.3507,81,91,26,65,55,0.2857,0.321,0.3023,0.8155,0.2457,0.3776
phase21_B_λ4,tcd_tile_3895,Hispaniolan moist forests,SE Asian & Pacific rainforest,,3703,0.3507,79,152,25,127,54,0.1645,0.3165,0.2165,0.1748,0.5584,0.2663
phase21_B_λ4,tcd_tile_3896,Central European mixed forests,European forest,,4509,0.3507,0,87,0,87,0,0.0,0.0,0.0,0.0,0.0,0.0
phase21_B_λ4,tcd_tile_3897,Southern Great Lakes forests,N. American forest,,2586,0.3507,3,32,2,30,1,0.0625,0.6667,0.1143,0.1534,0.4373,0.2271
phase21_B_λ4,tcd_tile_3898,Madeira-Tapajós moist forests,Latin American forest,,3344,0.3507,9,783,7,776,2,0.0089,0.7778,0.0177,0.9864,0.449,0.6171
phase21_B_λ4,tcd_tile_3899,Nihonkai montane deciduous forests,Other,,4230,0.3507,7,6,2,4,5,0.3333,0.2857,0.3077,0.9999,0.0029,0.0058
phase21_B_λ4,tcd_tile_39,Sonoran desert,Arid / dryland,,559,0.3507,112,184,77,107,35,0.4185,0.6875,0.5203,0.6657,0.5669,0.6124
phase21_B_λ4,tcd_tile_390,Serra do Mar coastal forests,Latin American forest,,4406,0.3507,0,331,0,331,0,0.0,0.0,0.0,0.0,0.0,0.0
phase21_B_λ4,tcd_tile_3900,Northern Zanzibar-Inhambane coastal forest mosaic,African tropical forest,,3496,0.3507,2,13,2,11,0,0.1538,1.0,0.2667,0.1799,0.9129,0.3005
phase21_B_λ4,tcd_tile_3901,Cerrado,Latin American forest,,718,0.3507,20,48,6,42,14,0.125,0.3,0.1765,0.9588,0.0657,0.1229
phase21_B_λ4,tcd_tile_3902,Iquitos varzeá,Other,,4161,0.3507,82,211,47,164,35,0.2227,0.5732,0.3208,0.873,0.3015,0.4483
phase21_B_λ4,tcd_tile_3903,Lesser Sundas deciduous forests,SE Asian & Pacific rainforest,,4173,0.3507,126,24,16,8,110,0.6667,0.127,0.2133,0.6935,0.1365,0.2281
phase21_B_λ4,tcd_tile_3904,Granitic Seychelles forests,Other,,393,0.3507,3,585,2,583,1,0.0034,0.6667,0.0068,0.9991,0.2474,0.3966
phase21_B_λ4,tcd_tile_3905,Taiheiyo evergreen forests,Other,,2908,0.3507,8,6,4,2,4,0.6667,0.5,0.5714,0.8524,0.7401,0.7923
phase21_B_λ4,tcd_tile_3906,Southern Great Lakes forests,N. American forest,,1421,0.3507,12,89,11,78,1,0.1236,0.9167,0.2178,0.1544,0.547,0.2408
phase21_B_λ4,tcd_tile_3907,Taiwan subtropical evergreen forests,SE Asian & Pacific rainforest,,3897,0.3507,118,130,43,87,75,0.3308,0.3644,0.3468,0.8972,0.5098,0.6502
phase21_B_λ4,tcd_tile_3908,Southeast Australia temperate forests,Other,,1859,0.3507,15,38,10,28,5,0.2632,0.6667,0.3774,0.7698,0.366,0.4961
phase21_B_λ4,tcd_tile_3909,Celtic broadleaf forests,European forest,,1578,0.3507,41,38,20,18,21,0.5263,0.4878,0.5063,0.6905,0.6968,0.6936
phase21_B_λ4,tcd_tile_391,Changjiang Plain evergreen forests,Other,,2709,0.3507,6,17,0,17,6,0.0,0.0,0.0,0.0,0.0,0.0
phase21_B_λ4,tcd_tile_3910,Tongan tropical moist forests,SE Asian & Pacific rainforest,,4476,0.3507,166,150,51,99,115,0.34,0.3072,0.3228,0.4431,0.2364,0.3083
phase21_B_λ4,tcd_tile_3911,Greater Negros-Panay rain forests,SE Asian & Pacific rainforest,,2882,0.3507,48,10,7,3,41,0.7,0.1458,0.2414,0.8262,0.2357,0.3668
phase21_B_λ4,tcd_tile_3912,Sulawesi lowland rain forests,SE Asian & Pacific rainforest,,4256,0.3507,125,203,55,148,70,0.2709,0.44,0.3354,0.5621,0.5287,0.5449
phase21_B_λ4,tcd_tile_3913,Central Andean puna,Other,,474,0.3507,2,1,0,1,2,0.0,0.0,0.0,0.0,0.0,0.0
phase21_B_λ4,tcd_tile_3914,Mindanao-Eastern Visayas rain forests,SE Asian & Pacific rainforest,,4090,0.3507,36,40,18,22,18,0.45,0.5,0.4737,0.7136,0.3413,0.4617
phase21_B_λ4,tcd_tile_3915,Northern Zanzibar-Inhambane coastal forest mosaic,African tropical forest,,2499,0.3507,90,132,39,93,51,0.2955,0.4333,0.3514,0.9453,0.3473,0.508
phase21_B_λ4,tcd_tile_3916,Timor and Wetar deciduous forests,SE Asian & Pacific rainforest,,4592,0.3507,162,194,99,95,63,0.5103,0.6111,0.5562,0.6553,0.5846,0.6179
phase21_B_λ4,tcd_tile_3917,Jalisco dry forests,Other,,1808,0.3507,27,93,11,82,16,0.1183,0.4074,0.1833,0.9215,0.3142,0.4687
phase21_B_λ4,tcd_tile_3918,,Other,,4461,0.3507,19,260,3,257,16,0.0115,0.1579,0.0215,0.9699,0.1874,0.3141
phase21_B_λ4,tcd_tile_3919,Central U.S. hardwood forests,N. American forest,,1412,0.3507,209,113,62,51,147,0.5487,0.2967,0.3851,0.7527,0.554,0.6382
phase21_B_λ4,tcd_tile_392,,Other,,3225,0.3507,43,83,7,76,36,0.0843,0.1628,0.1111,0.1992,0.4657,0.279
phase21_B_λ4,tcd_tile_3920,Baltic mixed forests,European forest,,2625,0.3507,1,22,1,21,0,0.0455,1.0,0.087,0.8839,0.1089,0.1939
phase21_B_λ4,tcd_tile_3921,Northeastern coastal forests,N. American forest,,3961,0.3507,146,123,44,79,102,0.3577,0.3014,0.3271,0.7914,0.2911,0.4257
phase21_B_λ4,tcd_tile_3922,Central Indochina dry forests,Other,,4798,0.3507,270,354,149,205,121,0.4209,0.5519,0.4776,0.7556,0.663,0.7063
phase21_B_λ4,tcd_tile_3923,Atlantic mixed forests,European forest,,1316,0.3507,25,153,20,133,5,0.1307,0.8,0.2247,0.956,0.2585,0.407
phase21_B_λ4,tcd_tile_3924,Sarmatic mixed forests,European forest,,2519,0.3507,1,148,1,147,0,0.0068,1.0,0.0134,0.9975,0.3804,0.5507
phase21_B_λ4,tcd_tile_3925,Central European mixed forests,European forest,,1878,0.3507,52,84,24,60,28,0.2857,0.4615,0.3529,0.6105,0.3611,0.4538
phase21_B_λ4,tcd_tile_3926,Northeastern coastal forests,N. American forest,,3989,0.3507,177,119,51,68,126,0.4286,0.2881,0.3446,0.9047,0.3551,0.51
phase21_B_λ4,tcd_tile_3927,Northern Zanzibar-Inhambane coastal forest mosaic,African tropical forest,,1041,0.3507,113,171,50,121,63,0.2924,0.4425,0.3521,0.8947,0.1686,0.2837
phase21_B_λ4,tcd_tile_3928,Mindanao-Eastern Visayas rain forests,SE Asian & Pacific rainforest,,2420,0.3507,26,349,4,345,22,0.0115,0.1538,0.0213,0.998,0.1327,0.2343
phase21_B_λ4,tcd_tile_3929,Hispaniolan moist forests,SE Asian & Pacific rainforest,,2469,0.3507,8,77,6,71,2,0.0779,0.75,0.1412,0.0576,0.1836,0.0877
phase21_B_λ4,tcd_tile_393,Northland temperate kauri forests,Other,,1282,0.3507,103,51,26,25,77,0.5098,0.2524,0.3377,0.5771,0.1423,0.2283
phase21_B_λ4,tcd_tile_3930,Central U.S. hardwood forests,N. American forest,,2133,0.3507,41,23,7,16,34,0.3043,0.1707,0.2188,0.8058,0.4516,0.5788
phase21_B_λ4,tcd_tile_3931,Taiheiyo evergreen forests,Other,,2351,0.3507,4,41,1,40,3,0.0244,0.25,0.0444,0.8519,0.1303,0.226
phase21_B_λ4,tcd_tile_3932,Southeastern mixed forests,N. American forest,,1504,0.3507,45,3,3,0,42,1.0,0.0667,0.125,0.8141,0.0067,0.0133
phase21_B_λ4,tcd_tile_3933,Central European mixed forests,European forest,,4663,0.3507,2,43,1,42,1,0.0233,0.5,0.0444,0.0111,0.144,0.0207
phase21_B_λ4,tcd_tile_3934,Hispaniolan moist forests,SE Asian & Pacific rainforest,,1048,0.3507,39,81,16,65,23,0.1975,0.4103,0.2667,0.1989,0.6705,0.3068
phase21_B_λ4,tcd_tile_3935,Luzon rain forests,SE Asian & Pacific rainforest,,2915,0.3507,66,132,41,91,25,0.3106,0.6212,0.4141,0.7989,0.4777,0.5979
phase21_B_λ4,tcd_tile_3936,Sierra Nevada forests,N. American forest,,3032,0.3507,11,34,8,26,3,0.2353,0.7273,0.3556,0.8245,0.0838,0.1522
phase21_B_λ4,tcd_tile_3937,Hispaniolan moist forests,SE Asian & Pacific rainforest,,4638,0.3507,0,167,0,167,0,0.0,0.0,0.0,0.0,0.0,0.0
phase21_B_λ4,tcd_tile_3938,Eastern Guinean forests,African tropical forest,,3805,0.3507,12,80,4,76,8,0.05,0.3333,0.087,0.9885,0.1267,0.2247
phase21_B_λ4,tcd_tile_3939,Sarmatic mixed forests,European forest,,2321,0.3507,1,391,1,390,0,0.0026,1.0,0.0051,0.9995,0.4763,0.6451
phase21_B_λ4,tcd_tile_394,Mindanao-Eastern Visayas rain forests,SE Asian & Pacific rainforest,,4571,0.3507,51,206,19,187,32,0.0922,0.3725,0.1479,0.9484,0.2836,0.4366
phase21_B_λ4,tcd_tile_3940,Sarmatic mixed forests,European forest,,3384,0.3507,0,6,0,6,0,0.0,0.0,0.0,0.0,0.0,0.0
phase21_B_λ4,tcd_tile_3941,Southern Great Lakes forests,N. American forest,,4418,0.3507,41,118,32,86,9,0.2712,0.7805,0.4025,0.6977,0.426,0.529
phase21_B_λ4,tcd_tile_3942,Bahia coastal forests,Latin American forest,,750,0.3507,52,81,17,64,35,0.2099,0.3269,0.2556,0.9762,0.1373,0.2408
phase21_B_λ4,tcd_tile_3943,Balkan mixed forests,European forest,,1310,0.3507,84,220,45,175,39,0.2045,0.5357,0.2961,0.838,0.3443,0.4881
phase21_B_λ4,tcd_tile_3944,Atlantic mixed forests,European forest,,1103,0.3507,49,32,14,18,35,0.4375,0.2857,0.3457,0.5545,0.1933,0.2867
phase21_B_λ4,tcd_tile_3945,Sarmatic mixed forests,European forest,,3018,0.3507,1,15,1,14,0,0.0667,1.0,0.125,0.7592,0.3402,0.4699
phase21_B_λ4,tcd_tile_3946,Southern Zanzibar-Inhambane coastal forest mosaic,African tropical forest,,562,0.3507,6,10,3,7,3,0.3,0.5,0.375,0.4921,0.4087,0.4466
phase21_B_λ4,tcd_tile_3947,Sulawesi lowland rain forests,SE Asian & Pacific rainforest,,4791,0.3507,154,233,88,145,66,0.3777,0.5714,0.4548,0.6977,0.6276,0.6608
phase21_B_λ4,tcd_tile_3948,Mindanao-Eastern Visayas rain forests,SE Asian & Pacific rainforest,,2055,0.3507,46,297,31,266,15,0.1044,0.6739,0.1808,0.8316,0.2883,0.4281
phase21_B_λ4,tcd_tile_3949,Tongan tropical moist forests,SE Asian & Pacific rainforest,,377,0.3507,130,312,58,254,72,0.1859,0.4462,0.2624,0.8705,0.3088,0.4559
phase21_B_λ4,tcd_tile_395,Iquitos varzeá,Other,,4013,0.3507,39,293,26,267,13,0.0887,0.6667,0.1566,0.9034,0.3422,0.4964
phase21_B_λ4,tcd_tile_3950,Northern Zanzibar-Inhambane coastal forest mosaic,African tropical forest,,3697,0.3507,226,351,162,189,64,0.4615,0.7168,0.5615,0.8554,0.4844,0.6185
phase21_B_λ4,tcd_tile_3951,Peruvian Yungas,Latin American forest,,1457,0.3507,47,26,6,20,41,0.2308,0.1277,0.1644,0.4664,0.3582,0.4052
phase21_B_λ4,tcd_tile_3952,Sarmatic mixed forests,European forest,,2589,0.3507,81,173,48,125,33,0.2775,0.5926,0.378,0.4742,0.5622,0.5145
phase21_B_λ4,tcd_tile_3953,Western European broadleaf forests,European forest,,4700,0.3507,2,8,1,7,1,0.125,0.5,0.2,0.9585,0.0238,0.0464
phase21_B_λ4,tcd_tile_3954,Northern Zanzibar-Inhambane coastal forest mosaic,African tropical forest,,751,0.3507,9,71,1,70,8,0.0141,0.1111,0.025,0.9523,0.1031,0.186
phase21_B_λ4,tcd_tile_3955,Crimean Submediterranean forest complex,Other,,3545,0.3507,133,100,36,64,97,0.36,0.2707,0.309,0.5478,0.266,0.3581
phase21_B_λ4,tcd_tile_3956,Cerrado,Latin American forest,,1040,0.3507,1,5,1,4,0,0.2,1.0,0.3333,0.9536,0.0295,0.0572
phase21_B_λ4,tcd_tile_3957,,Other,,563,0.3507,24,9,2,7,22,0.2222,0.0833,0.1212,0.0665,0.0775,0.0716
phase21_B_λ4,tcd_tile_3958,Sumatran lowland rain forests,SE Asian & Pacific rainforest,,220,0.3507,362,165,122,43,240,0.7394,0.337,0.463,0.6413,0.3601,0.4612
phase21_B_λ4,tcd_tile_3959,New England-Acadian forests,N. American forest,,3802,0.3507,63,139,21,118,42,0.1511,0.3333,0.2079,0.9374,0.2389,0.3807
phase21_B_λ4,tcd_tile_396,Southeast Australia temperate forests,Other,,694,0.3507,260,124,97,27,163,0.7823,0.3731,0.5052,0.8833,0.3518,0.5032
phase21_B_λ4,tcd_tile_3960,Bolivian montane dry forests,Latin American forest,,4400,0.3507,0,19,0,19,0,0.0,0.0,0.0,0.0,0.0,0.0
phase21_B_λ4,tcd_tile_3961,Northern Zanzibar-Inhambane coastal forest mosaic,African tropical forest,,1406,0.3507,38,26,12,14,26,0.4615,0.3158,0.375,0.6959,0.4188,0.5229
phase21_B_λ4,tcd_tile_3962,Mato Grosso seasonal forests,Latin American forest,,1961,0.3507,33,17,6,11,27,0.3529,0.1818,0.24,0.8428,0.0865,0.1569
phase21_B_λ4,tcd_tile_3963,Western Java montane rain forests,Other,,3701,0.3507,30,66,10,56,20,0.1515,0.3333,0.2083,0.7782,0.0916,0.1639
phase21_B_λ4,tcd_tile_3964,Northern Zanzibar-Inhambane coastal forest mosaic,African tropical forest,,843,0.3507,1,441,1,440,0,0.0023,1.0,0.0045,0.9922,0.1413,0.2473
phase21_B_λ4,tcd_tile_3965,North Central Rockies forests,N. American forest,,3363,0.3507,1,259,1,258,0,0.0039,1.0,0.0077,0.9997,0.2143,0.3529
phase21_B_λ4,tcd_tile_3966,Upper Midwest forest-savanna transition,N. American forest,,4076,0.3507,75,219,47,172,28,0.2146,0.6267,0.3197,0.9351,0.3627,0.5227
phase21_B_λ4,tcd_tile_3967,Central European mixed forests,European forest,,2252,0.3507,68,77,33,44,35,0.4286,0.4853,0.4552,0.6901,0.5265,0.5973
phase21_B_λ4,tcd_tile_3968,Celtic broadleaf forests,European forest,,3916,0.3507,25,262,20,242,5,0.0763,0.8,0.1394,0.9303,0.4956,0.6467
phase21_B_λ4,tcd_tile_3969,Northern Anatolian conifer and deciduous forests,Other,,77,0.3507,1,9,1,8,0,0.1111,1.0,0.2,0.0731,0.1364,0.0952
phase21_B_λ4,tcd_tile_397,Luzon rain forests,SE Asian & Pacific rainforest,,3924,0.3507,3,7,2,5,1,0.2857,0.6667,0.4,0.9742,0.0853,0.1569
phase21_B_λ4,tcd_tile_3970,Taiwan subtropical evergreen forests,SE Asian & Pacific rainforest,,1911,0.3507,115,90,45,45,70,0.5,0.3913,0.439,0.7433,0.2773,0.4039
phase21_B_λ4,tcd_tile_3971,Peruvian Yungas,Latin American forest,,3754,0.3507,86,84,15,69,71,0.1786,0.1744,0.1765,0.2559,0.3267,0.287
phase21_B_λ4,tcd_tile_3972,Nigerian lowland forests,African tropical forest,,4491,0.3507,13,107,1,106,12,0.0093,0.0769,0.0167,0.0278,0.7765,0.0536
phase21_B_λ4,tcd_tile_3973,Sarmatic mixed forests,European forest,,4799,0.3507,4,20,0,20,4,0.0,0.0,0.0,0.0,0.0,0.0
phase21_B_λ4,tcd_tile_3974,East European forest steppe,European forest,,1165,0.3507,21,123,16,107,5,0.1301,0.7619,0.2222,0.9033,0.4537,0.604
phase21_B_λ4,tcd_tile_3975,Celtic broadleaf forests,European forest,,1694,0.3507,54,46,9,37,45,0.1957,0.1667,0.18,0.2765,0.1282,0.1751
phase21_B_λ4,tcd_tile_3976,Lesser Sundas deciduous forests,SE Asian & Pacific rainforest,,1900,0.3507,30,253,16,237,14,0.0632,0.5333,0.1131,0.7825,0.1685,0.2773
phase21_B_λ4,tcd_tile_3977,Cerrado,Latin American forest,,820,0.3507,102,125,56,69,46,0.448,0.549,0.4934,0.6953,0.3545,0.4696
phase21_B_λ4,tcd_tile_3978,Northern Zanzibar-Inhambane coastal forest mosaic,African tropical forest,,2837,0.3507,229,75,38,37,191,0.5067,0.1659,0.25,0.8592,0.1335,0.231
phase21_B_λ4,tcd_tile_3979,Taiheiyo evergreen forests,Other,,4006,0.3507,37,32,13,19,24,0.4062,0.3514,0.3768,0.7229,0.3989,0.5141
phase21_B_λ4,tcd_tile_398,,Other,,1068,0.3507,13,24,5,19,8,0.2083,0.3846,0.2703,0.4025,0.1957,0.2633
phase21_B_λ4,tcd_tile_3980,Southern Great Lakes forests,N. American forest,,4620,0.3507,18,98,11,87,7,0.1122,0.6111,0.1897,0.8149,0.4465,0.5769
phase21_B_λ4,tcd_tile_3981,,Other,,4385,0.3507,23,152,14,138,9,0.0921,0.6087,0.16,0.9532,0.2995,0.4558
phase21_B_λ4,tcd_tile_3982,Northeastern coastal forests,N. American forest,,2520,0.3507,90,116,48,68,42,0.4138,0.5333,0.466,0.8117,0.2741,0.4098
phase21_B_λ4,tcd_tile_3983,Eastern Guinean forests,African tropical forest,,2973,0.3507,94,44,33,11,61,0.75,0.3511,0.4783,0.6526,0.3943,0.4916
phase21_B_λ4,tcd_tile_3984,Upper Midwest forest-savanna transition,N. American forest,,4032,0.3507,24,61,20,41,4,0.3279,0.8333,0.4706,0.6048,0.4777,0.5338
phase21_B_λ4,tcd_tile_3985,Atlantic mixed forests,European forest,,4668,0.3507,10,511,9,502,1,0.0176,0.9,0.0345,0.9436,0.5691,0.71
phase21_B_λ4,tcd_tile_3986,"Sao Tome, Principe and Annobon moist lowland forests",Other,,4145,0.3507,87,282,77,205,10,0.273,0.8851,0.4173,0.7365,0.5512,0.6305
phase21_B_λ4,tcd_tile_3987,Huang He Plain mixed forests,Other,,3137,0.3507,148,157,73,84,75,0.465,0.4932,0.4787,0.4079,0.7022,0.516
phase21_B_λ4,tcd_tile_3988,Willamette Valley forests,N. American forest,,3466,0.3507,51,29,9,20,42,0.3103,0.1765,0.225,0.4648,0.1939,0.2737
phase21_B_λ4,tcd_tile_3989,Upper Midwest forest-savanna transition,N. American forest,,2290,0.3507,67,88,27,61,40,0.3068,0.403,0.3484,0.8942,0.2295,0.3652
phase21_B_λ4,tcd_tile_399,Southern Great Lakes forests,N. American forest,,5017,0.3507,31,375,22,353,9,0.0587,0.7097,0.1084,0.9804,0.5157,0.6759
phase21_B_λ4,tcd_tile_3990,Taiheiyo evergreen forests,Other,,1632,0.3507,43,20,12,8,31,0.6,0.2791,0.381,0.7778,0.2418,0.369
phase21_B_λ4,tcd_tile_3991,Willamette Valley forests,N. American forest,,2870,0.3507,23,40,11,29,12,0.275,0.4783,0.3492,0.5904,0.464,0.5196
phase21_B_λ4,tcd_tile_3992,Tumbes-Piura dry forests,Other,,2490,0.3507,78,92,40,52,38,0.4348,0.5128,0.4706,0.8691,0.2543,0.3934
phase21_B_λ4,tcd_tile_3993,Changjiang Plain evergreen forests,Other,,3293,0.3507,123,79,41,38,82,0.519,0.3333,0.4059,0.3879,0.3771,0.3824
phase21_B_λ4,tcd_tile_3994,North Central Rockies forests,N. American forest,,2247,0.3507,2,153,1,152,1,0.0065,0.5,0.0129,0.9895,0.249,0.3978
phase21_B_λ4,tcd_tile_3995,English Lowlands beech forests,European forest,,207,0.3507,7,6,3,3,4,0.5,0.4286,0.4615,0.4166,0.2982,0.3476
phase21_B_λ4,tcd_tile_3996,Western Guinean lowland forests,African tropical forest,,1248,0.3507,74,162,55,107,19,0.3395,0.7432,0.4661,0.3748,0.6623,0.4787
phase21_B_λ4,tcd_tile_3997,Central European mixed forests,European forest,,278,0.3507,49,151,38,113,11,0.2517,0.7755,0.38,0.7501,0.5359,0.6252
phase21_B_λ4,tcd_tile_3998,Luzon rain forests,SE Asian & Pacific rainforest,,185,0.3507,204,269,81,188,123,0.3011,0.3971,0.3425,0.3781,0.6519,0.4786
phase21_B_λ4,tcd_tile_3999,Eastern Guinean forests,African tropical forest,,2606,0.3507,1,12,1,11,0,0.0833,1.0,0.1538,0.9853,0.0345,0.0667
phase21_B_λ4,tcd_tile_4,West Sudanian savanna,Arid / dryland,,1194,0.3507,121,74,39,35,82,0.527,0.3223,0.4,0.7564,0.2547,0.381
phase21_B_λ4,tcd_tile_40,West Sudanian savanna,Arid / dryland,,656,0.3507,134,119,99,20,35,0.8319,0.7388,0.7826,0.8551,0.8006,0.827
phase21_B_λ4,tcd_tile_400,Northern Zanzibar-Inhambane coastal forest mosaic,African tropical forest,,690,0.3507,187,190,110,80,77,0.5789,0.5882,0.5836,0.905,0.3899,0.5449
phase21_B_λ4,tcd_tile_4000,Alps conifer and mixed forests,European forest,,4809,0.3507,2,1,0,1,2,0.0,0.0,0.0,0.0,0.0,0.0
phase21_B_λ4,tcd_tile_4001,North Island temperate forests,Other,,3352,0.3507,6,24,0,24,6,0.0,0.0,0.0,0.0,0.0,0.0
phase21_B_λ4,tcd_tile_4002,Bahamian-Antillean mangroves,Other,,317,0.3507,30,211,16,195,14,0.0758,0.5333,0.1328,0.2572,0.2021,0.2264
phase21_B_λ4,tcd_tile_4003,Cerrado,Latin American forest,,101,0.3507,148,194,83,111,65,0.4278,0.5608,0.4854,0.7807,0.334,0.4679
phase21_B_λ4,tcd_tile_4004,Central European mixed forests,European forest,,4419,0.3507,0,47,0,47,0,0.0,0.0,0.0,0.0,0.0,0.0
phase21_B_λ4,tcd_tile_4005,Palawan rain forests,SE Asian & Pacific rainforest,,2757,0.3507,21,143,7,136,14,0.049,0.3333,0.0854,0.8731,0.1686,0.2826
phase21_B_λ4,tcd_tile_4006,Mizoram-Manipur-Kachin rain forests,SE Asian & Pacific rainforest,,5054,0.3507,87,32,10,22,77,0.3125,0.1149,0.1681,0.4158,0.26,0.3199
phase21_B_λ4,tcd_tile_4007,Eastern Himalayan broadleaf forests,Other,,4051,0.3507,125,117,62,55,63,0.5299,0.496,0.5124,0.7584,0.4539,0.568
phase21_B_λ4,tcd_tile_4008,Hispaniolan moist forests,SE Asian & Pacific rainforest,,1931,0.3507,8,37,2,35,6,0.0541,0.25,0.0889,0.0457,0.2321,0.0764
phase21_B_λ4,tcd_tile_4009,Central European mixed forests,European forest,,2560,0.3507,106,109,28,81,78,0.2569,0.2642,0.2605,0.6594,0.1476,0.2412
phase21_B_λ4,tcd_tile_401,Alto Paraná Atlantic forests,Other,,2188,0.3507,107,62,29,33,78,0.4677,0.271,0.3432,0.5494,0.4651,0.5037
phase21_B_λ4,tcd_tile_4010,East European forest steppe,European forest,,1204,0.3507,21,93,17,76,4,0.1828,0.8095,0.2982,0.7139,0.452,0.5535
phase21_B_λ4,tcd_tile_4011,Southeastern mixed forests,N. American forest,,2682,0.3507,59,82,23,59,36,0.2805,0.3898,0.3262,0.7296,0.1806,0.2896
phase21_B_λ4,tcd_tile_4012,Western Guinean lowland forests,African tropical forest,,743,0.3507,68,204,37,167,31,0.1814,0.5441,0.2721,0.197,0.4761,0.2786
phase21_B_λ4,tcd_tile_4013,East African montane forests,African tropical forest,,2312,0.3507,114,263,33,230,81,0.1255,0.2895,0.1751,0.8637,0.3442,0.4923
phase21_B_λ4,tcd_tile_4014,Celtic broadleaf forests,European forest,,3620,0.3507,35,233,16,217,19,0.0687,0.4571,0.1194,0.9564,0.3841,0.5481
phase21_B_λ4,tcd_tile_4015,Palawan rain forests,SE Asian & Pacific rainforest,,3944,0.3507,45,300,18,282,27,0.06,0.4,0.1043,0.9778,0.4035,0.5713
phase21_B_λ4,tcd_tile_4016,Baltic mixed forests,European forest,,1922,0.3507,2,98,2,96,0,0.0204,1.0,0.04,0.986,0.3628,0.5305
phase21_B_λ4,tcd_tile_4017,Peruvian Yungas,Latin American forest,,1827,0.3507,69,27,5,22,64,0.1852,0.0725,0.1042,0.3958,0.1179,0.1817
phase21_B_λ4,tcd_tile_4018,Madeira-Tapajós moist forests,Latin American forest,,1108,0.3507,1,882,1,881,0,0.0011,1.0,0.0023,1.0,0.3984,0.5698
phase21_B_λ4,tcd_tile_4019,Northern Zanzibar-Inhambane coastal forest mosaic,African tropical forest,,1603,0.3507,1,768,1,767,0,0.0013,1.0,0.0026,0.9984,0.399,0.5702
phase21_B_λ4,tcd_tile_402,Northern Zanzibar-Inhambane coastal forest mosaic,African tropical forest,,1002,0.3507,152,168,88,80,64,0.5238,0.5789,0.55,0.8056,0.3969,0.5318
phase21_B_λ4,tcd_tile_4020,Vanuatu rain forests,Other,,3263,0.3507,17,4,0,4,17,0.0,0.0,0.0,0.0,0.0,0.0
phase21_B_λ4,tcd_tile_4021,Central European mixed forests,European forest,,3998,0.3507,86,53,29,24,57,0.5472,0.3372,0.4173,0.8707,0.1449,0.2485
phase21_B_λ4,tcd_tile_4022,Western European broadleaf forests,European forest,,4242,0.3507,36,16,6,10,30,0.375,0.1667,0.2308,0.9592,0.0464,0.0886
phase21_B_λ4,tcd_tile_4023,Sulawesi lowland rain forests,SE Asian & Pacific rainforest,,682,0.3507,8,11,3,8,5,0.2727,0.375,0.3158,0.6618,0.0794,0.1417
phase21_B_λ4,tcd_tile_4024,Hispaniolan moist forests,SE Asian & Pacific rainforest,,3661,0.3507,120,159,41,118,79,0.2579,0.3417,0.2939,0.266,0.5265,0.3534
phase21_B_λ4,tcd_tile_4025,Northern Zanzibar-Inhambane coastal forest mosaic,African tropical forest,,1360,0.3507,1,440,1,439,0,0.0023,1.0,0.0045,0.9996,0.1494,0.26
phase21_B_λ4,tcd_tile_4026,Timor and Wetar deciduous forests,SE Asian & Pacific rainforest,,2144,0.3507,127,161,47,114,80,0.2919,0.3701,0.3264,0.6684,0.2792,0.3939
phase21_B_λ4,tcd_tile_4027,Northern Zanzibar-Inhambane coastal forest mosaic,African tropical forest,,3020,0.3507,262,637,215,422,47,0.3375,0.8206,0.4783,0.5973,0.6988,0.644
phase21_B_λ4,tcd_tile_4028,Palawan rain forests,SE Asian & Pacific rainforest,,1414,0.3507,22,64,9,55,13,0.1406,0.4091,0.2093,0.3947,0.2678,0.3191
phase21_B_λ4,tcd_tile_4029,Southern Zanzibar-Inhambane coastal forest mosaic,African tropical forest,,1988,0.3507,164,87,62,25,102,0.7126,0.378,0.494,0.8551,0.2918,0.4351
phase21_B_λ4,tcd_tile_403,Western European broadleaf forests,European forest,,4340,0.3507,9,39,5,34,4,0.1282,0.5556,0.2083,0.9794,0.1058,0.191
phase21_B_λ4,tcd_tile_4030,Sulawesi lowland rain forests,SE Asian & Pacific rainforest,,4417,0.3507,177,189,66,123,111,0.3492,0.3729,0.3607,0.8419,0.4203,0.5607
phase21_B_λ4,tcd_tile_4031,Luzon rain forests,SE Asian & Pacific rainforest,,2064,0.3507,70,373,33,340,37,0.0885,0.4714,0.149,0.9628,0.4217,0.5866
phase21_B_λ4,tcd_tile_4032,Sierra Nevada forests,N. American forest,,1091,0.3507,200,185,155,30,45,0.8378,0.775,0.8052,0.8684,0.7518,0.8059
phase21_B_λ4,tcd_tile_4033,East European forest steppe,European forest,,4304,0.3507,24,83,12,71,12,0.1446,0.5,0.2243,0.8285,0.217,0.3439
phase21_B_λ4,tcd_tile_4034,Sulawesi lowland rain forests,SE Asian & Pacific rainforest,,4563,0.3507,172,232,109,123,63,0.4698,0.6337,0.5396,0.7678,0.5554,0.6445
phase21_B_λ4,tcd_tile_4035,Northeastern coastal forests,N. American forest,,3234,0.3507,4,150,2,148,2,0.0133,0.5,0.026,0.9963,0.1508,0.2619
phase21_B_λ4,tcd_tile_4036,Sarmatic mixed forests,European forest,,808,0.3507,6,40,4,36,2,0.1,0.6667,0.1739,0.6271,0.5861,0.6059
phase21_B_λ4,tcd_tile_4037,Northern Zanzibar-Inhambane coastal forest mosaic,African tropical forest,,1506,0.3507,150,327,105,222,45,0.3211,0.7,0.4403,0.8058,0.4475,0.5754
phase21_B_λ4,tcd_tile_4038,Himalayan subtropical broadleaf forests,Other,,2811,0.3507,43,212,20,192,23,0.0943,0.4651,0.1569,0.9863,0.1115,0.2004
phase21_B_λ4,tcd_tile_4039,Palawan rain forests,SE Asian & Pacific rainforest,,2463,0.3507,113,279,67,212,46,0.2401,0.5929,0.3418,0.8766,0.6012,0.7133
phase21_B_λ4,tcd_tile_404,North Central Rockies forests,N. American forest,,2805,0.3507,54,569,9,560,45,0.0158,0.1667,0.0289,0.9976,0.3405,0.5077
phase21_B_λ4,tcd_tile_4040,Sarmatic mixed forests,European forest,,3221,0.3507,3,201,2,199,1,0.01,0.6667,0.0196,0.9832,0.3123,0.474
phase21_B_λ4,tcd_tile_4041,East European forest steppe,European forest,,3088,0.3507,55,217,35,182,20,0.1613,0.6364,0.2574,0.8368,0.4912,0.619
phase21_B_λ4,tcd_tile_4042,Southeastern conifer forests,N. American forest,,2806,0.3507,1,38,1,37,0,0.0263,1.0,0.0513,0.9094,0.2276,0.3641
phase21_B_λ4,tcd_tile_4043,Northern Zanzibar-Inhambane coastal forest mosaic,African tropical forest,,854,0.3507,157,47,43,4,114,0.9149,0.2739,0.4216,0.7643,0.4844,0.5929
phase21_B_λ4,tcd_tile_4044,East European forest steppe,European forest,,2659,0.3507,83,35,11,24,72,0.3143,0.1325,0.1864,0.5669,0.2304,0.3276
phase21_B_λ4,tcd_tile_4045,Balkan mixed forests,European forest,,2631,0.3507,57,51,16,35,41,0.3137,0.2807,0.2963,0.8419,0.1649,0.2758
phase21_B_λ4,tcd_tile_4046,Northern Zanzibar-Inhambane coastal forest mosaic,African tropical forest,,4900,0.3507,337,477,252,225,85,0.5283,0.7478,0.6192,0.6689,0.6818,0.6753
phase21_B_λ4,tcd_tile_4047,Northern Zanzibar-Inhambane coastal forest mosaic,African tropical forest,,2841,0.3507,39,38,19,19,20,0.5,0.4872,0.4935,0.5904,0.7874,0.6748
phase21_B_λ4,tcd_tile_4048,Madeira-Tapajós moist forests,Latin American forest,,1576,0.3507,1,481,1,480,0,0.0021,1.0,0.0041,0.9993,0.3808,0.5515
phase21_B_λ4,tcd_tile_4049,Vanuatu rain forests,Other,,3226,0.3507,10,177,6,171,4,0.0339,0.6,0.0642,0.9917,0.2907,0.4496
phase21_B_λ4,tcd_tile_405,Northern Zanzibar-Inhambane coastal forest mosaic,African tropical forest,,944,0.3507,94,221,67,154,27,0.3032,0.7128,0.4254,0.7451,0.4046,0.5244
phase21_B_λ4,tcd_tile_4050,Northeastern coastal forests,N. American forest,,3553,0.3507,3,39,2,37,1,0.0513,0.6667,0.0952,0.5714,0.1112,0.1862
phase21_B_λ4,tcd_tile_4051,Tongan tropical moist forests,SE Asian & Pacific rainforest,,4636,0.3507,226,330,126,204,100,0.3818,0.5575,0.4532,0.6694,0.2961,0.4106
phase21_B_λ4,tcd_tile_4052,Granitic Seychelles forests,Other,,3204,0.3507,0,755,0,755,0,0.0,0.0,0.0,0.0,0.0,0.0
phase21_B_λ4,tcd_tile_4053,Northern Zanzibar-Inhambane coastal forest mosaic,African tropical forest,,4921,0.3507,268,603,217,386,51,0.3599,0.8097,0.4983,0.8122,0.5242,0.6371
phase21_B_λ4,tcd_tile_4054,Irrawaddy moist deciduous forests,Other,,1095,0.3507,61,29,24,5,37,0.8276,0.3934,0.5333,0.8403,0.2575,0.3942
phase21_B_λ4,tcd_tile_4055,Southern Great Lakes forests,N. American forest,,445,0.3507,38,95,15,80,23,0.1579,0.3947,0.2256,0.8567,0.1328,0.23
phase21_B_λ4,tcd_tile_4056,Caucasus mixed forests,European forest,,4842,0.3507,34,57,15,42,19,0.2632,0.4412,0.3297,0.9233,0.3979,0.5561
phase21_B_λ4,tcd_tile_4057,Celtic broadleaf forests,European forest,,1444,0.3507,82,39,12,27,70,0.3077,0.1463,0.1983,0.6684,0.1643,0.2637
phase21_B_λ4,tcd_tile_4058,Lesser Sundas deciduous forests,SE Asian & Pacific rainforest,,1107,0.3507,7,23,6,17,1,0.2609,0.8571,0.4,0.4206,0.6678,0.5161
phase21_B_λ4,tcd_tile_4059,Lesser Sundas deciduous forests,SE Asian & Pacific rainforest,,3089,0.3507,17,70,8,62,9,0.1143,0.4706,0.1839,0.2905,0.2621,0.2756
phase21_B_λ4,tcd_tile_406,Northern Zanzibar-Inhambane coastal forest mosaic,African tropical forest,,4951,0.3507,187,453,128,325,59,0.2826,0.6845,0.4,0.8851,0.438,0.586
phase21_B_λ4,tcd_tile_4060,Madeira-Tapajós moist forests,Latin American forest,,1284,0.3507,1,1011,1,1010,0,0.001,1.0,0.002,0.9997,0.4781,0.6468
phase21_B_λ4,tcd_tile_4061,,Other,,1232,0.3507,173,179,61,118,112,0.3408,0.3526,0.3466,0.3398,0.4945,0.4028
phase21_B_λ4,tcd_tile_4062,Western Guinean lowland forests,African tropical forest,,2293,0.3507,49,14,11,3,38,0.7857,0.2245,0.3492,0.7527,0.3577,0.485
phase21_B_λ4,tcd_tile_4063,Mindanao-Eastern Visayas rain forests,SE Asian & Pacific rainforest,,1168,0.3507,243,162,81,81,162,0.5,0.3333,0.4,0.7192,0.2926,0.416
phase21_B_λ4,tcd_tile_4064,Western Java montane rain forests,Other,,2562,0.3507,8,27,5,22,3,0.1852,0.625,0.2857,0.9591,0.102,0.1843
phase21_B_λ4,tcd_tile_4065,Pannonian mixed forests,European forest,,5058,0.3507,90,194,33,161,57,0.1701,0.3667,0.2324,0.7695,0.4041,0.5299
phase21_B_λ4,tcd_tile_4066,Southern Zanzibar-Inhambane coastal forest mosaic,African tropical forest,,4502,0.3507,302,174,105,69,197,0.6034,0.3477,0.4412,0.9292,0.2811,0.4316
phase21_B_λ4,tcd_tile_4067,Northern Congolian forest-savanna mosaic,African tropical forest,,25,0.3507,58,31,5,26,53,0.1613,0.0862,0.1124,0.0472,0.1373,0.0702
phase21_B_λ4,tcd_tile_4068,Lake,Other,,81,0.3507,30,53,24,29,6,0.4528,0.8,0.5783,0.7615,0.3462,0.476
phase21_B_λ4,tcd_tile_4069,Timor and Wetar deciduous forests,SE Asian & Pacific rainforest,,3770,0.3507,63,67,23,44,40,0.3433,0.3651,0.3538,0.4055,0.3936,0.3994
phase21_B_λ4,tcd_tile_407,Greater Negros-Panay rain forests,SE Asian & Pacific rainforest,,2832,0.3507,62,123,24,99,38,0.1951,0.3871,0.2595,0.9187,0.4356,0.5909
phase21_B_λ4,tcd_tile_4070,Pannonian mixed forests,European forest,,3593,0.3507,123,48,36,12,87,0.75,0.2927,0.4211,0.8927,0.339,0.4914
phase21_B_λ4,tcd_tile_4071,Taiheiyo montane deciduous forests,Other,,4749,0.3507,0,6,0,6,0,0.0,0.0,0.0,0.0,0.0,0.0
phase21_B_λ4,tcd_tile_4072,Celtic broadleaf forests,European forest,,3030,0.3507,16,6,1,5,15,0.1667,0.0625,0.0909,0.4233,0.0252,0.0476
phase21_B_λ4,tcd_tile_4073,Western Guinean lowland forests,African tropical forest,,3277,0.3507,87,54,36,18,51,0.6667,0.4138,0.5106,0.7527,0.5129,0.6101
phase21_B_λ4,tcd_tile_4074,East European forest steppe,European forest,,4258,0.3507,18,45,9,36,9,0.2,0.5,0.2857,0.9236,0.186,0.3097
phase21_B_λ4,tcd_tile_4075,North Central Rockies forests,N. American forest,,4033,0.3507,17,357,9,348,8,0.0252,0.5294,0.0481,0.9593,0.4911,0.6497
phase21_B_λ4,tcd_tile_4076,Northern Zanzibar-Inhambane coastal forest mosaic,African tropical forest,,2718,0.3507,367,104,79,25,288,0.7596,0.2153,0.3355,0.839,0.3537,0.4976
phase21_B_λ4,tcd_tile_4077,Eastern Java-Bali montane rain forests,Other,,2159,0.3507,32,102,28,74,4,0.2745,0.875,0.4179,0.7854,0.3197,0.4545
phase21_B_λ4,tcd_tile_4078,Lake,Other,,554,0.3507,21,74,20,54,1,0.2703,0.9524,0.4211,0.4619,0.6132,0.5269
phase21_B_λ4,tcd_tile_4079,Changjiang Plain evergreen forests,Other,,3786,0.3507,75,81,38,43,37,0.4691,0.5067,0.4872,0.4459,0.4741,0.4595
phase21_B_λ4,tcd_tile_408,Western Java rain forests,Other,,324,0.3507,51,39,29,10,22,0.7436,0.5686,0.6444,0.8601,0.8051,0.8317
phase21_B_λ4,tcd_tile_4080,Southern Great Lakes forests,N. American forest,,4675,0.3507,11,17,8,9,3,0.4706,0.7273,0.5714,0.776,0.3684,0.4996
phase21_B_λ4,tcd_tile_4081,Scandinavian Montane Birch forest and grasslands,Other,,663,0.3507,13,34,4,30,9,0.1176,0.3077,0.1702,0.594,0.0768,0.136
phase21_B_λ4,tcd_tile_4082,Luzon rain forests,SE Asian & Pacific rainforest,,3027,0.3507,21,122,15,107,6,0.123,0.7143,0.2098,0.848,0.1988,0.3221
phase21_B_λ4,tcd_tile_4083,Changjiang Plain evergreen forests,Other,,2261,0.3507,150,53,40,13,110,0.7547,0.2667,0.3941,0.6733,0.2442,0.3584
phase21_B_λ4,tcd_tile_4084,Southern Great Lakes forests,N. American forest,,2720,0.3507,3,28,1,27,2,0.0357,0.3333,0.0645,0.8299,0.0641,0.119
phase21_B_λ4,tcd_tile_4085,Tongan tropical moist forests,SE Asian & Pacific rainforest,,4846,0.3507,111,71,24,47,87,0.338,0.2162,0.2637,0.4177,0.1169,0.1827
phase21_B_λ4,tcd_tile_4086,Northern Zanzibar-Inhambane coastal forest mosaic,African tropical forest,,1527,0.3507,150,268,74,194,76,0.2761,0.4933,0.3541,0.5706,0.4881,0.5261
phase21_B_λ4,tcd_tile_4087,Changjiang Plain evergreen forests,Other,,2265,0.3507,154,65,51,14,103,0.7846,0.3312,0.4658,0.8244,0.2695,0.4063
phase21_B_λ4,tcd_tile_4088,,Other,,979,0.3507,87,16,3,13,84,0.1875,0.0345,0.0583,0.1011,0.0261,0.0415
phase21_B_λ4,tcd_tile_4089,Northern Zanzibar-Inhambane coastal forest mosaic,African tropical forest,,2774,0.3507,58,144,27,117,31,0.1875,0.4655,0.2673,0.8541,0.2363,0.3701
phase21_B_λ4,tcd_tile_409,Bolivian montane dry forests,Latin American forest,,4607,0.3507,128,280,71,209,57,0.2536,0.5547,0.348,0.3066,0.6279,0.412
phase21_B_λ4,tcd_tile_4090,Northern Zanzibar-Inhambane coastal forest mosaic,African tropical forest,,1745,0.3507,106,45,30,15,76,0.6667,0.283,0.3974,0.9361,0.333,0.4912
phase21_B_λ4,tcd_tile_4091,Northern Zanzibar-Inhambane coastal forest mosaic,African tropical forest,,3207,0.3507,169,42,25,17,144,0.5952,0.1479,0.237,0.6984,0.5214,0.5971
phase21_B_λ4,tcd_tile_4092,Pontic steppe,Other,,1264,0.3507,192,159,84,75,108,0.5283,0.4375,0.4786,0.813,0.6617,0.7296
phase21_B_λ4,tcd_tile_4093,Vanuatu rain forests,Other,,2492,0.3507,34,15,1,14,33,0.0667,0.0294,0.0408,0.6953,0.0035,0.007
phase21_B_λ4,tcd_tile_4094,Mato Grosso seasonal forests,Latin American forest,,1935,0.3507,93,97,60,37,33,0.6186,0.6452,0.6316,0.8178,0.4548,0.5845
phase21_B_λ4,tcd_tile_4095,Northern Zanzibar-Inhambane coastal forest mosaic,African tropical forest,,3485,0.3507,152,257,59,198,93,0.2296,0.3882,0.2885,0.9432,0.283,0.4354
phase21_B_λ4,tcd_tile_4096,Northern Zanzibar-Inhambane coastal forest mosaic,African tropical forest,,1658,0.3507,328,120,101,19,227,0.8417,0.3079,0.4509,0.7804,0.2395,0.3666
phase21_B_λ4,tcd_tile_4097,Mindanao-Eastern Visayas rain forests,SE Asian & Pacific rainforest,,3414,0.3507,200,320,47,273,153,0.1469,0.235,0.1808,0.8408,0.2224,0.3518
phase21_B_λ4,tcd_tile_4098,Eastern Guinean forests,African tropical forest,,2534,0.3507,33,3,2,1,31,0.6667,0.0606,0.1111,0.762,0.0371,0.0708
phase21_B_λ4,tcd_tile_4099,Southern Great Lakes forests,N. American forest,,4543,0.3507,66,196,55,141,11,0.2806,0.8333,0.4198,0.8197,0.4891,0.6126
phase21_B_λ4,tcd_tile_41,West Sudanian savanna,Arid / dryland,,108,0.3507,127,124,82,42,45,0.6613,0.6457,0.6534,0.7707,0.7958,0.7831
phase21_B_λ4,tcd_tile_410,Northern Zanzibar-Inhambane coastal forest mosaic,African tropical forest,,2999,0.3507,183,73,60,13,123,0.8219,0.3279,0.4687,0.7749,0.2657,0.3958
phase21_B_λ4,tcd_tile_4100,Northeastern coastal forests,N. American forest,,3133,0.3507,119,149,52,97,67,0.349,0.437,0.3881,0.8119,0.303,0.4413
phase21_B_λ4,tcd_tile_4101,Northern Zanzibar-Inhambane coastal forest mosaic,African tropical forest,,749,0.3507,92,235,36,199,56,0.1532,0.3913,0.2202,0.8577,0.3605,0.5077
phase21_B_λ4,tcd_tile_4102,Central U.S. hardwood forests,N. American forest,,1894,0.3507,25,31,12,19,13,0.3871,0.48,0.4286,0.7634,0.1144,0.1989
phase21_B_λ4,tcd_tile_4103,Western Java rain forests,Other,,4993,0.3507,195,224,100,124,95,0.4464,0.5128,0.4773,0.8788,0.3743,0.525
phase21_B_λ4,tcd_tile_4104,Southern Zanzibar-Inhambane coastal forest mosaic,African tropical forest,,2929,0.3507,45,8,5,3,40,0.625,0.1111,0.1887,0.6829,0.0858,0.1524
phase21_B_λ4,tcd_tile_4105,Northern Zanzibar-Inhambane coastal forest mosaic,African tropical forest,,1940,0.3507,8,22,3,19,5,0.1364,0.375,0.2,0.2585,0.2863,0.2717
phase21_B_λ4,tcd_tile_4106,Northern Zanzibar-Inhambane coastal forest mosaic,African tropical forest,,2227,0.3507,15,60,12,48,3,0.2,0.8,0.32,0.8365,0.2381,0.3707
phase21_B_λ4,tcd_tile_4107,Northern Zanzibar-Inhambane coastal forest mosaic,African tropical forest,,4403,0.3507,44,3,1,2,43,0.3333,0.0227,0.0426,0.2178,0.0005,0.001
phase21_B_λ4,tcd_tile_4108,Central European mixed forests,European forest,,4573,0.3507,90,60,21,39,69,0.35,0.2333,0.28,0.7032,0.3234,0.443
phase21_B_λ4,tcd_tile_4109,Northern Zanzibar-Inhambane coastal forest mosaic,African tropical forest,,1573,0.3507,33,27,18,9,15,0.6667,0.5455,0.6,0.6461,0.5051,0.5669
phase21_B_λ4,tcd_tile_411,Northern Zanzibar-Inhambane coastal forest mosaic,African tropical forest,,4578,0.3507,1,1,1,0,0,1.0,1.0,1.0,0.9783,0.0027,0.0054
phase21_B_λ4,tcd_tile_4110,Peruvian Yungas,Latin American forest,,1432,0.3507,35,44,8,36,27,0.1818,0.2286,0.2025,0.3068,0.2131,0.2515
phase21_B_λ4,tcd_tile_4111,Atlantic coastal pine barrens,Other,,1519,0.3507,22,32,13,19,9,0.4062,0.5909,0.4815,0.7613,0.1277,0.2187
phase21_B_λ4,tcd_tile_4112,Western Java rain forests,Other,,109,0.3507,45,47,8,39,37,0.1702,0.1778,0.1739,0.1721,0.6189,0.2693
phase21_B_λ4,tcd_tile_4113,Nihonkai montane deciduous forests,Other,,4650,0.3507,1,11,1,10,0,0.0909,1.0,0.1667,0.9818,0.0074,0.0147
phase21_B_λ4,tcd_tile_4114,East European forest steppe,European forest,,1102,0.3507,47,477,43,434,4,0.0901,0.9149,0.1641,0.8204,0.5537,0.6612
phase21_B_λ4,tcd_tile_4115,Atlantic dry forests,Other,,1242,0.3507,205,107,73,34,132,0.6822,0.3561,0.4679,0.8471,0.6685,0.7473
phase21_B_λ4,tcd_tile_4116,Nihonkai montane deciduous forests,Other,,4536,0.3507,2,100,1,99,1,0.01,0.5,0.0196,1.0,0.1284,0.2275
phase21_B_λ4,tcd_tile_4117,Tongan tropical moist forests,SE Asian & Pacific rainforest,,4179,0.3507,143,51,23,28,120,0.451,0.1608,0.2371,0.5496,0.2798,0.3708
phase21_B_λ4,tcd_tile_4118,Northern Zanzibar-Inhambane coastal forest mosaic,African tropical forest,,4670,0.3507,279,67,55,12,224,0.8209,0.1971,0.3179,0.843,0.3671,0.5114
phase21_B_λ4,tcd_tile_4119,Sierra Nevada forests,N. American forest,,2633,0.3507,167,54,41,13,126,0.7593,0.2455,0.371,0.8726,0.146,0.2502
phase21_B_λ4,tcd_tile_412,"Sao Tome, Principe and Annobon moist lowland forests",Other,,2221,0.3507,74,117,33,84,41,0.2821,0.4459,0.3455,0.6989,0.2906,0.4105
phase21_B_λ4,tcd_tile_4120,,Other,,2322,0.3507,0,4,0,4,0,0.0,0.0,0.0,0.0,0.0,0.0
phase21_B_λ4,tcd_tile_4121,Northern Zanzibar-Inhambane coastal forest mosaic,African tropical forest,,1680,0.3507,11,18,5,13,6,0.2778,0.4545,0.3448,0.3982,0.7825,0.5278
phase21_B_λ4,tcd_tile_4122,Northeastern coastal forests,N. American forest,,2970,0.3507,1,29,1,28,0,0.0345,1.0,0.0667,0.9939,0.0685,0.1282
phase21_B_λ4,tcd_tile_4123,Central European mixed forests,European forest,,181,0.3507,88,267,68,199,20,0.2547,0.7727,0.3831,0.942,0.4114,0.5727
phase21_B_λ4,tcd_tile_4124,Greater Negros-Panay rain forests,SE Asian & Pacific rainforest,,3258,0.3507,13,18,5,13,8,0.2778,0.3846,0.3226,0.5829,0.3068,0.402
phase21_B_λ4,tcd_tile_4125,Balkan mixed forests,European forest,,1795,0.3507,30,95,21,74,9,0.2211,0.7,0.336,0.8339,0.3406,0.4836
phase21_B_λ4,tcd_tile_4126,Veracruz moist forests,Other,,1298,0.3507,277,117,81,36,196,0.6923,0.2924,0.4112,0.6742,0.1932,0.3004
phase21_B_λ4,tcd_tile_4127,Pannonian mixed forests,European forest,,2393,0.3507,143,43,24,19,119,0.5581,0.1678,0.2581,0.9637,0.4153,0.5805
phase21_B_λ4,tcd_tile_4128,Eastern Mediterranean conifer-sclerophyllous-broadleaf forests,Other,,1342,0.3507,208,230,144,86,64,0.6261,0.6923,0.6575,0.8402,0.6707,0.746
phase21_B_λ4,tcd_tile_4129,Greater Negros-Panay rain forests,SE Asian & Pacific rainforest,,4112,0.3507,55,612,27,585,28,0.0441,0.4909,0.081,0.9878,0.4802,0.6463
phase21_B_λ4,tcd_tile_413,Sulawesi lowland rain forests,SE Asian & Pacific rainforest,,4529,0.3507,189,417,53,364,136,0.1271,0.2804,0.1749,0.9159,0.3072,0.4601
phase21_B_λ4,tcd_tile_4130,Western European broadleaf forests,European forest,,4484,0.3507,17,11,3,8,14,0.2727,0.1765,0.2143,0.9873,0.0277,0.0539
phase21_B_λ4,tcd_tile_4131,Celtic broadleaf forests,European forest,,2628,0.3507,6,8,2,6,4,0.25,0.3333,0.2857,0.9962,0.0635,0.1193
phase21_B_λ4,tcd_tile_4132,Sarmatic mixed forests,European forest,,4028,0.3507,110,225,16,209,94,0.0711,0.1455,0.0955,0.7674,0.3055,0.4371
phase21_B_λ4,tcd_tile_4133,Eastern Himalayan broadleaf forests,Other,,3585,0.3507,153,89,39,50,114,0.4382,0.2549,0.3223,0.4001,0.36,0.379
phase21_B_λ4,tcd_tile_4134,Western Java rain forests,Other,,4583,0.3507,230,273,113,160,117,0.4139,0.4913,0.4493,0.8614,0.4008,0.5471
phase21_B_λ4,tcd_tile_4135,California interior chaparral and woodlands,Other,,774,0.3507,262,78,51,27,211,0.6538,0.1947,0.3,0.7937,0.4426,0.5683
phase21_B_λ4,tcd_tile_4136,Balkan mixed forests,European forest,,4870,0.3507,0,20,0,20,0,0.0,0.0,0.0,0.0,0.0,0.0
phase21_B_λ4,tcd_tile_4137,Cerrado,Latin American forest,,849,0.3507,81,115,48,67,33,0.4174,0.5926,0.4898,0.6748,0.4697,0.5539
phase21_B_λ4,tcd_tile_4138,Northern Zanzibar-Inhambane coastal forest mosaic,African tropical forest,,1986,0.3507,123,148,43,105,80,0.2905,0.3496,0.3173,0.3204,0.4779,0.3836
phase21_B_λ4,tcd_tile_4139,Lesser Sundas deciduous forests,SE Asian & Pacific rainforest,,3166,0.3507,10,198,5,193,5,0.0253,0.5,0.0481,0.9515,0.1559,0.2679
phase21_B_λ4,tcd_tile_414,Central African mangroves,African tropical forest,,2339,0.3507,0,61,0,61,0,0.0,0.0,0.0,0.0,0.0,0.0
phase21_B_λ4,tcd_tile_4140,Northern Zanzibar-Inhambane coastal forest mosaic,African tropical forest,,2807,0.3507,21,30,16,14,5,0.5333,0.7619,0.6275,0.7132,0.9096,0.7995
phase21_B_λ4,tcd_tile_4141,Southeastern mixed forests,N. American forest,,4615,0.3507,3,228,2,226,1,0.0088,0.6667,0.0173,0.9486,0.4594,0.619
phase21_B_λ4,tcd_tile_4142,New England-Acadian forests,N. American forest,,4140,0.3507,5,286,3,283,2,0.0105,0.6,0.0206,0.9976,0.2633,0.4166
phase21_B_λ4,tcd_tile_4143,Mato Grosso seasonal forests,Latin American forest,,2969,0.3507,239,176,112,64,127,0.6364,0.4686,0.5398,0.726,0.7168,0.7214
phase21_B_λ4,tcd_tile_4144,Southeastern mixed forests,N. American forest,,2547,0.3507,12,9,3,6,9,0.3333,0.25,0.2857,0.9669,0.0954,0.1736
phase21_B_λ4,tcd_tile_4145,Atlantic mixed forests,European forest,,1458,0.3507,3,484,2,482,1,0.0041,0.6667,0.0082,0.987,0.5631,0.7171
phase21_B_λ4,tcd_tile_4146,Central European mixed forests,European forest,,5049,0.3507,67,85,33,52,34,0.3882,0.4925,0.4342,0.6334,0.3419,0.4441
phase21_B_λ4,tcd_tile_4147,Central African mangroves,African tropical forest,,4962,0.3507,0,104,0,104,0,0.0,0.0,0.0,0.0,0.0,0.0
phase21_B_λ4,tcd_tile_4148,Changjiang Plain evergreen forests,Other,,679,0.3507,240,142,119,23,121,0.838,0.4958,0.623,0.7976,0.5652,0.6616
phase21_B_λ4,tcd_tile_4149,Central Indochina dry forests,Other,,4864,0.3507,129,304,68,236,61,0.2237,0.5271,0.3141,0.8277,0.4113,0.5495
phase21_B_λ4,tcd_tile_415,Western European broadleaf forests,European forest,,2066,0.3507,93,114,41,73,52,0.3596,0.4409,0.3961,0.6976,0.4474,0.5451
phase21_B_λ4,tcd_tile_4150,Eastern Great Lakes lowland forests,N. American forest,,3698,0.3507,17,17,4,13,13,0.2353,0.2353,0.2353,0.4776,0.0187,0.036
phase21_B_λ4,tcd_tile_4151,California coastal sage and chaparral,Other,,1333,0.3507,0,40,0,40,0,0.0,0.0,0.0,0.0,0.0,0.0
phase21_B_λ4,tcd_tile_4152,Appalachian-Blue Ridge forests,N. American forest,,3843,0.3507,32,113,18,95,14,0.1593,0.5625,0.2483,0.4962,0.6097,0.5471
phase21_B_λ4,tcd_tile_4153,Sarmatic mixed forests,European forest,,315,0.3507,35,152,25,127,10,0.1645,0.7143,0.2674,0.6074,0.3036,0.4048
phase21_B_λ4,tcd_tile_4154,Madeira-Tapajós moist forests,Latin American forest,,721,0.3507,1,986,1,985,0,0.001,1.0,0.002,1.0,0.4428,0.6138
phase21_B_λ4,tcd_tile_4155,Madeira-Tapajós moist forests,Latin American forest,,3421,0.3507,4,661,4,657,0,0.0061,1.0,0.012,0.9998,0.3525,0.5213
phase21_B_λ4,tcd_tile_4156,Himalayan subtropical broadleaf forests,Other,,4189,0.3507,76,107,24,83,52,0.2243,0.3158,0.2623,0.8962,0.4084,0.5611
phase21_B_λ4,tcd_tile_4157,Northern Zanzibar-Inhambane coastal forest mosaic,African tropical forest,,3138,0.3507,147,121,60,61,87,0.4959,0.4082,0.4478,0.7559,0.1427,0.24
phase21_B_λ4,tcd_tile_4158,Central European mixed forests,European forest,,5002,0.3507,2,111,2,109,0,0.018,1.0,0.0354,0.009,0.1939,0.0173
phase21_B_λ4,tcd_tile_4159,Eastern Australian temperate forests,Other,,3744,0.3507,11,24,3,21,8,0.125,0.2727,0.1714,0.1187,0.0902,0.1025
phase21_B_λ4,tcd_tile_416,Changjiang Plain evergreen forests,Other,,4719,0.3507,85,87,33,54,52,0.3793,0.3882,0.3837,0.9463,0.3699,0.5319
phase21_B_λ4,tcd_tile_4160,Sarmatic mixed forests,European forest,,2694,0.3507,39,193,16,177,23,0.0829,0.4103,0.1379,0.748,0.1817,0.2924
phase21_B_λ4,tcd_tile_4161,Sulawesi lowland rain forests,SE Asian & Pacific rainforest,,709,0.3507,81,72,10,62,71,0.1389,0.1235,0.1307,0.9137,0.0465,0.0885
phase21_B_λ4,tcd_tile_4162,Sulawesi lowland rain forests,SE Asian & Pacific rainforest,,4397,0.3507,165,438,61,377,104,0.1393,0.3697,0.2023,0.8881,0.3415,0.4934
phase21_B_λ4,tcd_tile_4163,East European forest steppe,European forest,,1627,0.3507,30,40,5,35,25,0.125,0.1667,0.1429,0.4886,0.087,0.1477
phase21_B_λ4,tcd_tile_4164,Sumatran lowland rain forests,SE Asian & Pacific rainforest,,1997,0.3507,80,268,35,233,45,0.1306,0.4375,0.2011,0.7556,0.1876,0.3006
phase21_B_λ4,tcd_tile_4165,Taiwan subtropical evergreen forests,SE Asian & Pacific rainforest,,2950,0.3507,37,213,22,191,15,0.1033,0.5946,0.176,0.598,0.4355,0.504
phase21_B_λ4,tcd_tile_4166,Madeira-Tapajós moist forests,Latin American forest,,2652,0.3507,1,804,1,803,0,0.0012,1.0,0.0025,0.9958,0.3833,0.5535
phase21_B_λ4,tcd_tile_4167,Hispaniolan moist forests,SE Asian & Pacific rainforest,,4240,0.3507,0,142,0,142,0,0.0,0.0,0.0,0.0,0.0,0.0
phase21_B_λ4,tcd_tile_4168,Central European mixed forests,European forest,,1985,0.3507,37,82,18,64,19,0.2195,0.4865,0.3025,0.8164,0.2524,0.3856
phase21_B_λ4,tcd_tile_4169,Greater Negros-Panay rain forests,SE Asian & Pacific rainforest,,2373,0.3507,79,58,37,21,42,0.6379,0.4684,0.5401,0.8703,0.2445,0.3818
phase21_B_λ4,tcd_tile_417,Northern Zanzibar-Inhambane coastal forest mosaic,African tropical forest,,2637,0.3507,20,0,0,0,20,0.0,0.0,0.0,0.0,0.0,0.0
phase21_B_λ4,tcd_tile_4170,Western European broadleaf forests,European forest,,525,0.3507,27,46,14,32,13,0.3043,0.5185,0.3836,0.8355,0.2846,0.4246
phase21_B_λ4,tcd_tile_4171,Western Java rain forests,Other,,4518,0.3507,275,279,123,156,152,0.4409,0.4473,0.444,0.9159,0.3996,0.5564
phase21_B_λ4,tcd_tile_4172,Pontic steppe,Other,,916,0.3507,64,61,18,43,46,0.2951,0.2812,0.288,0.725,0.75,0.7373
phase21_B_λ4,tcd_tile_4173,Baltic mixed forests,European forest,,4635,0.3507,32,29,7,22,25,0.2414,0.2188,0.2295,0.7807,0.0215,0.0418
phase21_B_λ4,tcd_tile_4174,Northern Zanzibar-Inhambane coastal forest mosaic,African tropical forest,,4111,0.3507,107,19,16,3,91,0.8421,0.1495,0.254,0.773,0.2625,0.3919
phase21_B_λ4,tcd_tile_4175,Bolivian montane dry forests,Latin American forest,,4740,0.3507,57,246,23,223,34,0.0935,0.4035,0.1518,0.0944,0.6513,0.1649
phase21_B_λ4,tcd_tile_4176,Hispaniolan moist forests,SE Asian & Pacific rainforest,,4997,0.3507,0,148,0,148,0,0.0,0.0,0.0,0.0,0.0,0.0
phase21_B_λ4,tcd_tile_4177,Bolivian montane dry forests,Latin American forest,,4508,0.3507,59,166,24,142,35,0.1446,0.4068,0.2133,0.2816,0.4655,0.3509
phase21_B_λ4,tcd_tile_4178,Upper Gangetic Plains moist deciduous forests,Other,,3695,0.3507,64,91,23,68,41,0.2527,0.3594,0.2968,0.8344,0.4213,0.5599
phase21_B_λ4,tcd_tile_4179,Bolivian montane dry forests,Latin American forest,,1619,0.3507,84,128,28,100,56,0.2188,0.3333,0.2642,0.4163,0.3916,0.4035
phase21_B_λ4,tcd_tile_418,Hispaniolan moist forests,SE Asian & Pacific rainforest,,2002,0.3507,94,116,20,96,74,0.1724,0.2128,0.1905,0.1795,0.5435,0.2699
phase21_B_λ4,tcd_tile_4180,Magdalena Valley montane forests,Other,,3082,0.3507,157,109,49,60,108,0.4495,0.3121,0.3684,0.6592,0.4659,0.5459
phase21_B_λ4,tcd_tile_4181,Luzon rain forests,SE Asian & Pacific rainforest,,2598,0.3507,64,69,41,28,23,0.5942,0.6406,0.6165,0.8933,0.7616,0.8222
phase21_B_λ4,tcd_tile_4182,Sarmatic mixed forests,European forest,,3713,0.3507,1,5,1,4,0,0.2,1.0,0.3333,1.0,0.4227,0.5943
phase21_B_λ4,tcd_tile_4183,Northeastern coastal forests,N. American forest,,1705,0.3507,74,60,23,37,51,0.3833,0.3108,0.3433,0.8645,0.3155,0.4623
phase21_B_λ4,tcd_tile_4184,,Other,,362,0.3507,0,3,0,3,0,0.0,0.0,0.0,0.0,0.0,0.0
phase21_B_λ4,tcd_tile_4185,Central European mixed forests,European forest,,4618,0.3507,95,80,40,40,55,0.5,0.4211,0.4571,0.7353,0.2991,0.4252
phase21_B_λ4,tcd_tile_4186,Ecuadorian dry forests,Other,,830,0.3507,60,44,24,20,36,0.5455,0.4,0.4615,0.7883,0.1845,0.299
phase21_B_λ4,tcd_tile_4187,Northeastern Spain and Southern France Mediterranean forests,Other,,754,0.3507,50,113,24,89,26,0.2124,0.48,0.2945,0.788,0.2547,0.3849
phase21_B_λ4,tcd_tile_4188,Luzon rain forests,SE Asian & Pacific rainforest,,5016,0.3507,199,267,81,186,118,0.3034,0.407,0.3476,0.8521,0.4897,0.6219
phase21_B_λ4,tcd_tile_4189,Atlantic coastal pine barrens,Other,,3584,0.3507,260,41,10,31,250,0.2439,0.0385,0.0664,0.9266,0.2227,0.3591
phase21_B_λ4,tcd_tile_419,Hispaniolan moist forests,SE Asian & Pacific rainforest,,4331,0.3507,15,77,8,69,7,0.1039,0.5333,0.1739,0.1248,0.2937,0.1751
phase21_B_λ4,tcd_tile_4190,East European forest steppe,European forest,,4349,0.3507,20,37,10,27,10,0.2703,0.5,0.3509,0.5927,0.2032,0.3026
phase21_B_λ4,tcd_tile_4191,Northern Zanzibar-Inhambane coastal forest mosaic,African tropical forest,,3517,0.3507,6,757,6,751,0,0.0079,1.0,0.0157,0.998,0.4284,0.5995
phase21_B_λ4,tcd_tile_4192,Granitic Seychelles forests,Other,,3817,0.3507,115,424,92,332,23,0.217,0.8,0.3414,0.848,0.4578,0.5946
phase21_B_λ4,tcd_tile_4193,Balkan mixed forests,European forest,,5065,0.3507,140,40,25,15,115,0.625,0.1786,0.2778,0.7659,0.4649,0.5786
phase21_B_λ4,tcd_tile_4194,Nigerian lowland forests,African tropical forest,,5050,0.3507,0,81,0,81,0,0.0,0.0,0.0,0.0,0.0,0.0
phase21_B_λ4,tcd_tile_4195,Northeastern coastal forests,N. American forest,,2077,0.3507,7,214,6,208,1,0.028,0.8571,0.0543,0.9589,0.3751,0.5393
phase21_B_λ4,tcd_tile_4196,Sumatran lowland rain forests,SE Asian & Pacific rainforest,,19,0.3507,1,500,1,499,0,0.002,1.0,0.004,0.9907,0.3488,0.5159
phase21_B_λ4,tcd_tile_4197,Snake-Columbia shrub steppe,Other,,736,0.3507,8,546,7,539,1,0.0128,0.875,0.0253,0.9649,0.5044,0.6625
phase21_B_λ4,tcd_tile_4198,Baltic mixed forests,European forest,,1767,0.3507,4,5,1,4,3,0.2,0.25,0.2222,0.4985,0.4039,0.4462
phase21_B_λ4,tcd_tile_4199,Chiquitano dry forests,Other,,1340,0.3507,60,89,26,63,34,0.2921,0.4333,0.349,0.5634,0.2092,0.3051
phase21_B_λ4,tcd_tile_42,West Sudanian savanna,Arid / dryland,,675,0.3507,50,80,27,53,23,0.3375,0.54,0.4154,0.6912,0.3619,0.4751
phase21_B_λ4,tcd_tile_420,Hokkaido deciduous forests,Other,,3563,0.3507,30,125,1,124,29,0.008,0.0333,0.0129,0.9619,0.4263,0.5907
phase21_B_λ4,tcd_tile_4200,Mindanao-Eastern Visayas rain forests,SE Asian & Pacific rainforest,,4879,0.3507,9,6,1,5,8,0.1667,0.1111,0.1333,0.5159,0.2233,0.3117
phase21_B_λ4,tcd_tile_4201,,Other,,303,0.3507,118,82,18,64,100,0.2195,0.1525,0.18,0.4978,0.1009,0.1678
phase21_B_λ4,tcd_tile_4202,Northern mixed grasslands,Other,,356,0.3507,19,71,17,54,2,0.2394,0.8947,0.3778,0.8313,0.4723,0.6023
phase21_B_λ4,tcd_tile_4203,Cerrado,Latin American forest,,117,0.3507,2,7,0,7,2,0.0,0.0,0.0,0.0,0.0,0.0
phase21_B_λ4,tcd_tile_4204,Sarmatic mixed forests,European forest,,2149,0.3507,12,96,9,87,3,0.0938,0.75,0.1667,0.6737,0.4853,0.5642
phase21_B_λ4,tcd_tile_4205,Sarmatic mixed forests,European forest,,326,0.3507,38,121,15,106,23,0.124,0.3947,0.1887,0.8128,0.1254,0.2173
phase21_B_λ4,tcd_tile_4206,Pontic steppe,Other,,1353,0.3507,79,55,30,25,49,0.5455,0.3797,0.4478,0.7849,0.6162,0.6904
phase21_B_λ4,tcd_tile_4207,Nigerian lowland forests,African tropical forest,,4270,0.3507,0,85,0,85,0,0.0,0.0,0.0,0.0,0.0,0.0
phase21_B_λ4,tcd_tile_4208,Northeastern coastal forests,N. American forest,,2148,0.3507,8,87,7,80,1,0.0805,0.875,0.1474,0.7832,0.1842,0.2983
phase21_B_λ4,tcd_tile_4209,Peruvian Yungas,Latin American forest,,2521,0.3507,50,89,22,67,28,0.2472,0.44,0.3165,0.2449,0.7503,0.3693
phase21_B_λ4,tcd_tile_421,Caucasus mixed forests,European forest,,5053,0.3507,20,96,11,85,9,0.1146,0.55,0.1897,0.9503,0.3754,0.5382
phase21_B_λ4,tcd_tile_4210,Central European mixed forests,European forest,,4531,0.3507,64,71,30,41,34,0.4225,0.4688,0.4444,0.6342,0.3555,0.4556
phase21_B_λ4,tcd_tile_4211,,Other,,86,0.3507,17,66,8,58,9,0.1212,0.4706,0.1928,0.8154,0.1244,0.2159
phase21_B_λ4,tcd_tile_4212,Northern Zanzibar-Inhambane coastal forest mosaic,African tropical forest,,1904,0.3507,4,774,4,770,0,0.0052,1.0,0.0103,0.996,0.3432,0.5105
phase21_B_λ4,tcd_tile_4213,Po Basin mixed forests,Other,,3808,0.3507,30,58,4,54,26,0.069,0.1333,0.0909,0.222,0.2568,0.2381
phase21_B_λ4,tcd_tile_4214,Celtic broadleaf forests,European forest,,1843,0.3507,10,6,1,5,9,0.1667,0.1,0.125,0.3091,0.2341,0.2664
phase21_B_λ4,tcd_tile_4215,Madeira-Tapajós moist forests,Latin American forest,,2389,0.3507,1,229,1,228,0,0.0044,1.0,0.0087,0.9999,0.237,0.3832
phase21_B_λ4,tcd_tile_4216,Sarmatic mixed forests,European forest,,4354,0.3507,7,488,5,483,2,0.0102,0.7143,0.0202,0.9676,0.46,0.6235
phase21_B_λ4,tcd_tile_4217,Southern Zanzibar-Inhambane coastal forest mosaic,African tropical forest,,4237,0.3507,79,31,16,15,63,0.5161,0.2025,0.2909,0.9193,0.403,0.5604
phase21_B_λ4,tcd_tile_4218,Western Guinean lowland forests,African tropical forest,,3875,0.3507,102,51,39,12,63,0.7647,0.3824,0.5098,0.7536,0.3938,0.5173
phase21_B_λ4,tcd_tile_4219,Southeastern mixed forests,N. American forest,,1395,0.3507,4,223,1,222,3,0.0045,0.25,0.0088,0.9601,0.3769,0.5413
phase21_B_λ4,tcd_tile_422,Celtic broadleaf forests,European forest,,2354,0.3507,97,52,27,25,70,0.5192,0.2784,0.3624,0.6319,0.1109,0.1887
phase21_B_λ4,tcd_tile_4220,Pannonian mixed forests,European forest,,1669,0.3507,8,461,5,456,3,0.0108,0.625,0.0213,0.9829,0.3697,0.5373
phase21_B_λ4,tcd_tile_4221,Northern Zanzibar-Inhambane coastal forest mosaic,African tropical forest,,1205,0.3507,94,234,53,181,41,0.2265,0.5638,0.3232,0.8239,0.5774,0.679
phase21_B_λ4,tcd_tile_4222,Western Guinean lowland forests,African tropical forest,,1077,0.3507,44,38,14,24,30,0.3684,0.3182,0.3415,0.4662,0.2606,0.3343
phase21_B_λ4,tcd_tile_4223,Snake-Columbia shrub steppe,Other,,257,0.3507,38,13,8,5,30,0.6154,0.2105,0.3137,0.4798,0.3602,0.4115
phase21_B_λ4,tcd_tile_4224,Hokkaido deciduous forests,Other,,2885,0.3507,11,171,7,164,4,0.0409,0.6364,0.0769,0.9226,0.4684,0.6213
phase21_B_λ4,tcd_tile_4225,Caucasus mixed forests,European forest,,1343,0.3507,108,150,63,87,45,0.42,0.5833,0.4884,0.9528,0.4239,0.5868
phase21_B_λ4,tcd_tile_4226,Timor and Wetar deciduous forests,SE Asian & Pacific rainforest,,1322,0.3507,111,288,73,215,38,0.2535,0.6577,0.3659,0.5975,0.2869,0.3877
phase21_B_λ4,tcd_tile_4227,Upper Midwest forest-savanna transition,N. American forest,,2404,0.3507,39,0,0,0,39,0.0,0.0,0.0,0.0,0.0,0.0
phase21_B_λ4,tcd_tile_4228,Sarmatic mixed forests,European forest,,4537,0.3507,12,67,1,66,11,0.0149,0.0833,0.0253,0.9165,0.39,0.5471
phase21_B_λ4,tcd_tile_4229,Southern Zanzibar-Inhambane coastal forest mosaic,African tropical forest,,2943,0.3507,93,186,60,126,33,0.3226,0.6452,0.4301,0.9102,0.3948,0.5507
phase21_B_λ4,tcd_tile_423,Pannonian mixed forests,European forest,,3428,0.3507,199,85,57,28,142,0.6706,0.2864,0.4014,0.9184,0.4718,0.6234
phase21_B_λ4,tcd_tile_4230,Lesser Sundas deciduous forests,SE Asian & Pacific rainforest,,2542,0.3507,46,424,25,399,21,0.059,0.5435,0.1064,0.9353,0.3244,0.4817
phase21_B_λ4,tcd_tile_4231,Hispaniolan moist forests,SE Asian & Pacific rainforest,,4370,0.3507,69,192,26,166,43,0.1354,0.3768,0.1992,0.1103,0.5867,0.1857
phase21_B_λ4,tcd_tile_4232,Southern Zanzibar-Inhambane coastal forest mosaic,African tropical forest,,3439,0.3507,85,31,21,10,64,0.6774,0.2471,0.3621,0.8688,0.3196,0.4673
phase21_B_λ4,tcd_tile_4233,Mesopotamian shrub desert,Other,,39,0.3507,220,350,194,156,26,0.5543,0.8818,0.6807,0.7872,0.7847,0.7859
phase21_B_λ4,tcd_tile_4234,Granitic Seychelles forests,Other,,928,0.3507,71,449,23,426,48,0.0512,0.3239,0.0885,0.9837,0.2818,0.4381
phase21_B_λ4,tcd_tile_4235,Southern Zanzibar-Inhambane coastal forest mosaic,African tropical forest,,3437,0.3507,97,58,43,15,54,0.7414,0.4433,0.5548,0.8755,0.5424,0.6698
phase21_B_λ4,tcd_tile_4236,Northern Zanzibar-Inhambane coastal forest mosaic,African tropical forest,,1842,0.3507,122,221,85,136,37,0.3846,0.6967,0.4956,0.9201,0.268,0.4151
phase21_B_λ4,tcd_tile_4237,Western Great Lakes forests,Other,,1493,0.3507,18,32,9,23,9,0.2812,0.5,0.36,0.8119,0.1722,0.2841
phase21_B_λ4,tcd_tile_4238,Central U.S. hardwood forests,N. American forest,,2142,0.3507,15,45,8,37,7,0.1778,0.5333,0.2667,0.8498,0.1077,0.1912
phase21_B_λ4,tcd_tile_424,Sierra Nevada forests,N. American forest,,3211,0.3507,20,46,10,36,10,0.2174,0.5,0.303,0.757,0.0726,0.1326
phase21_B_λ4,tcd_tile_425,Northern Zanzibar-Inhambane coastal forest mosaic,African tropical forest,,2875,0.3507,326,76,58,18,268,0.7632,0.1779,0.2886,0.7089,0.2778,0.3992
phase21_B_λ4,tcd_tile_426,Upper Gangetic Plains moist deciduous forests,Other,,2919,0.3507,37,104,23,81,14,0.2212,0.6216,0.3262,0.9444,0.2796,0.4314
phase21_B_λ4,tcd_tile_427,Lesser Sundas deciduous forests,SE Asian & Pacific rainforest,,1861,0.3507,51,263,37,226,14,0.1407,0.7255,0.2357,0.4216,0.2275,0.2955
phase21_B_λ4,tcd_tile_428,Mizoram-Manipur-Kachin rain forests,SE Asian & Pacific rainforest,,4744,0.3507,18,414,8,406,10,0.0193,0.4444,0.037,0.9998,0.1934,0.3241
phase21_B_λ4,tcd_tile_429,Northern Zanzibar-Inhambane coastal forest mosaic,African tropical forest,,1018,0.3507,111,201,65,136,46,0.3234,0.5856,0.4167,0.7219,0.4471,0.5522
phase21_B_λ4,tcd_tile_43,East Sudanian savanna,Arid / dryland,,887,0.3507,16,11,1,10,15,0.0909,0.0625,0.0741,0.0695,0.1837,0.1009
phase21_B_λ4,tcd_tile_430,Sulawesi lowland rain forests,SE Asian & Pacific rainforest,,4489,0.3507,262,192,131,61,131,0.6823,0.5,0.5771,0.9354,0.5349,0.6806
phase21_B_λ4,tcd_tile_431,Madeira-Tapajós moist forests,Latin American forest,,2200,0.3507,9,1067,8,1059,1,0.0075,0.8889,0.0149,1.0,0.5309,0.6936
phase21_B_λ4,tcd_tile_432,Araucaria moist forests,Other,,411,0.3507,75,60,24,36,51,0.4,0.32,0.3556,0.7087,0.0724,0.1314
phase21_B_λ4,tcd_tile_433,Scandinavian Montane Birch forest and grasslands,Other,,164,0.3507,868,79,35,44,833,0.443,0.0403,0.0739,0.8919,0.1856,0.3073
phase21_B_λ4,tcd_tile_434,Bahia coastal forests,Latin American forest,,2100,0.3507,7,85,2,83,5,0.0235,0.2857,0.0435,0.9682,0.1552,0.2675
phase21_B_λ4,tcd_tile_435,Appalachian mixed mesophytic forests,Other,,2097,0.3507,5,79,4,75,1,0.0506,0.8,0.0952,0.9123,0.4642,0.6153
phase21_B_λ4,tcd_tile_436,South Siberian forest steppe,Other,,712,0.3507,57,96,54,42,3,0.5625,0.9474,0.7059,0.8273,0.6623,0.7357
phase21_B_λ4,tcd_tile_437,Western Java montane rain forests,Other,,3524,0.3507,18,111,14,97,4,0.1261,0.7778,0.2171,0.998,0.2729,0.4286
phase21_B_λ4,tcd_tile_438,Hawaii tropical moist forests,Other,,3354,0.3507,5,172,2,170,3,0.0116,0.4,0.0226,0.9982,0.1339,0.2361
phase21_B_λ4,tcd_tile_439,Northern Zanzibar-Inhambane coastal forest mosaic,African tropical forest,,2101,0.3507,149,206,107,99,42,0.5194,0.7181,0.6028,0.7499,0.2797,0.4075
phase21_B_λ4,tcd_tile_44,Chilean matorral,Arid / dryland,,410,0.3507,83,231,47,184,36,0.2035,0.5663,0.2994,0.7373,0.4523,0.5606
phase21_B_λ4,tcd_tile_440,Eastern Himalayan broadleaf forests,Other,,2964,0.3507,131,93,46,47,85,0.4946,0.3511,0.4107,0.542,0.3439,0.4208
phase21_B_λ4,tcd_tile_441,Northern Congolian forest-savanna mosaic,African tropical forest,,1096,0.3507,108,23,10,13,98,0.4348,0.0926,0.1527,0.4008,0.2091,0.2748
phase21_B_λ4,tcd_tile_442,Upper Midwest forest-savanna transition,N. American forest,,3908,0.3507,66,116,46,70,20,0.3966,0.697,0.5055,0.3462,0.7051,0.4644
phase21_B_λ4,tcd_tile_443,Eastern Java-Bali rain forests,SE Asian & Pacific rainforest,,4459,0.3507,25,62,13,49,12,0.2097,0.52,0.2989,0.5211,0.07,0.1234
phase21_B_λ4,tcd_tile_444,Northern Zanzibar-Inhambane coastal forest mosaic,African tropical forest,,130,0.3507,184,74,43,31,141,0.5811,0.2337,0.3333,0.7951,0.1381,0.2353
phase21_B_λ4,tcd_tile_445,Central European mixed forests,European forest,,5003,0.3507,34,111,23,88,11,0.2072,0.6765,0.3172,0.438,0.4607,0.4491
phase21_B_λ4,tcd_tile_446,Western Guinean lowland forests,African tropical forest,,1104,0.3507,93,195,48,147,45,0.2462,0.5161,0.3333,0.3333,0.5187,0.4058
phase21_B_λ4,tcd_tile_447,Cordillera Oriental montane forests,Other,,3643,0.3507,91,32,12,20,79,0.375,0.1319,0.1951,0.4276,0.1793,0.2527
phase21_B_λ4,tcd_tile_448,Sumatran lowland rain forests,SE Asian & Pacific rainforest,,3834,0.3507,83,75,29,46,54,0.3867,0.3494,0.3671,0.6767,0.2597,0.3753
phase21_B_λ4,tcd_tile_449,Sumatran lowland rain forests,SE Asian & Pacific rainforest,,1885,0.3507,435,169,100,69,335,0.5917,0.2299,0.3311,0.5121,0.169,0.2541
phase21_B_λ4,tcd_tile_45,Zambezian and Mopane woodlands,Arid / dryland,,2524,0.3507,166,162,73,89,93,0.4506,0.4398,0.4451,0.8305,0.3305,0.4729
phase21_B_λ4,tcd_tile_450,Eastern forest-boreal transition,Other,,2421,0.3507,1,510,1,509,0,0.002,1.0,0.0039,1.0,0.3155,0.4796
phase21_B_λ4,tcd_tile_451,Sulawesi lowland rain forests,SE Asian & Pacific rainforest,,3518,0.3507,107,248,66,182,41,0.2661,0.6168,0.3718,0.6683,0.3237,0.4361
phase21_B_λ4,tcd_tile_452,Sarmatic mixed forests,European forest,,4841,0.3507,1,100,1,99,0,0.01,1.0,0.0198,0.8713,0.4738,0.6138
phase21_B_λ4,tcd_tile_453,Sarmatic mixed forests,European forest,,4454,0.3507,0,57,0,57,0,0.0,0.0,0.0,0.0,0.0,0.0
phase21_B_λ4,tcd_tile_454,East European forest steppe,European forest,,4602,0.3507,62,35,4,31,58,0.1143,0.0645,0.0825,0.5983,0.0643,0.1162
phase21_B_λ4,tcd_tile_455,Vanuatu rain forests,Other,,3807,0.3507,50,49,2,47,48,0.0408,0.04,0.0404,0.0096,0.0421,0.0157
phase21_B_λ4,tcd_tile_456,Northern Zanzibar-Inhambane coastal forest mosaic,African tropical forest,,2744,0.3507,151,149,29,120,122,0.1946,0.1921,0.1933,0.8767,0.168,0.282
phase21_B_λ4,tcd_tile_457,Mizoram-Manipur-Kachin rain forests,SE Asian & Pacific rainforest,,4226,0.3507,51,42,15,27,36,0.3571,0.2941,0.3226,0.8531,0.1508,0.2564
phase21_B_λ4,tcd_tile_458,Northern Anatolian conifer and deciduous forests,Other,,4058,0.3507,448,188,134,54,314,0.7128,0.2991,0.4214,0.6003,0.3316,0.4272
phase21_B_λ4,tcd_tile_459,English Lowlands beech forests,European forest,,191,0.3507,10,8,4,4,6,0.5,0.4,0.4444,0.503,0.4788,0.4906
phase21_B_λ4,tcd_tile_46,Chilean matorral,Arid / dryland,,1279,0.3507,69,71,28,43,41,0.3944,0.4058,0.4,0.4392,0.5086,0.4714
phase21_B_λ4,tcd_tile_460,Crimean Submediterranean forest complex,Other,,2122,0.3507,174,179,95,84,79,0.5307,0.546,0.5382,0.7043,0.3772,0.4913
phase21_B_λ4,tcd_tile_461,Irrawaddy moist deciduous forests,Other,,668,0.3507,68,51,23,28,45,0.451,0.3382,0.3866,0.9182,0.1242,0.2188
phase21_B_λ4,tcd_tile_462,Northern Zanzibar-Inhambane coastal forest mosaic,African tropical forest,,3451,0.3507,189,48,27,21,162,0.5625,0.1429,0.2278,0.826,0.1307,0.2256
phase21_B_λ4,tcd_tile_463,Sumatran lowland rain forests,SE Asian & Pacific rainforest,,1696,0.3507,252,93,66,27,186,0.7097,0.2619,0.3826,0.5539,0.2613,0.3551
phase21_B_λ4,tcd_tile_464,Northern Acacia-Commiphora bushlands and thickets,Other,,1350,0.3507,20,9,8,1,12,0.8889,0.4,0.5517,0.7293,0.5494,0.6267
phase21_B_λ4,tcd_tile_465,East European forest steppe,European forest,,1654,0.3507,36,29,5,24,31,0.1724,0.1389,0.1538,0.5745,0.2231,0.3214
phase21_B_λ4,tcd_tile_466,Balsas dry forests,Other,,1990,0.3507,169,57,40,17,129,0.7018,0.2367,0.354,0.7345,0.2735,0.3986
phase21_B_λ4,tcd_tile_467,Lesser Sundas deciduous forests,SE Asian & Pacific rainforest,,2981,0.3507,49,443,22,421,27,0.0497,0.449,0.0894,0.9729,0.3244,0.4865
phase21_B_λ4,tcd_tile_468,Northern Zanzibar-Inhambane coastal forest mosaic,African tropical forest,,2673,0.3507,143,91,63,28,80,0.6923,0.4406,0.5385,0.8544,0.342,0.4885
phase21_B_λ4,tcd_tile_469,Atlantic mixed forests,European forest,,1551,0.3507,8,7,2,5,6,0.2857,0.25,0.2667,0.9959,0.0152,0.0299
phase21_B_λ4,tcd_tile_47,Chilean matorral,Arid / dryland,,732,0.3507,16,22,3,19,13,0.1364,0.1875,0.1579,0.1657,0.653,0.2643
phase21_B_λ4,tcd_tile_470,Sarmatic mixed forests,European forest,,3077,0.3507,22,79,12,67,10,0.1519,0.5455,0.2376,0.7525,0.0698,0.1277
phase21_B_λ4,tcd_tile_471,Central European mixed forests,European forest,,986,0.3507,57,186,49,137,8,0.2634,0.8596,0.4033,0.6872,0.4371,0.5343
phase21_B_λ4,tcd_tile_472,Fiji tropical dry forests,Other,,2674,0.3507,54,675,14,661,40,0.0207,0.2593,0.0384,0.9607,0.2859,0.4406
phase21_B_λ4,tcd_tile_473,Western Guinean lowland forests,African tropical forest,,3956,0.3507,50,46,14,32,36,0.3043,0.28,0.2917,0.3988,0.3444,0.3696
phase21_B_λ4,tcd_tile_474,Western European broadleaf forests,European forest,,120,0.3507,18,31,12,19,6,0.3871,0.6667,0.4898,0.7344,0.6179,0.6712
phase21_B_λ4,tcd_tile_475,Caucasus mixed forests,European forest,,1492,0.3507,5,1,1,0,4,1.0,0.2,0.3333,0.9949,0.0017,0.0034
phase21_B_λ4,tcd_tile_476,Northern Congolian forest-savanna mosaic,African tropical forest,,685,0.3507,35,19,7,12,28,0.3684,0.2,0.2593,0.2246,0.3295,0.2671
phase21_B_λ4,tcd_tile_477,Maputaland coastal forest mosaic,African tropical forest,,3845,0.3507,33,6,4,2,29,0.6667,0.1212,0.2051,0.5946,0.3062,0.4043
phase21_B_λ4,tcd_tile_478,Northern Zanzibar-Inhambane coastal forest mosaic,African tropical forest,,1229,0.3507,217,329,160,169,57,0.4863,0.7373,0.5861,0.6778,0.5977,0.6352
phase21_B_λ4,tcd_tile_479,East European forest steppe,European forest,,2796,0.3507,75,158,51,107,24,0.3228,0.68,0.4378,0.7859,0.5368,0.6379
phase21_B_λ4,tcd_tile_48,Zambezian and Mopane woodlands,Arid / dryland,,2400,0.3507,109,223,60,163,49,0.2691,0.5505,0.3614,0.9151,0.2386,0.3785
phase21_B_λ4,tcd_tile_480,Northern Zanzibar-Inhambane coastal forest mosaic,African tropical forest,,3672,0.3507,347,243,227,16,120,0.9342,0.6542,0.7695,0.9125,0.5678,0.7
phase21_B_λ4,tcd_tile_481,Lesser Sundas deciduous forests,SE Asian & Pacific rainforest,,2355,0.3507,16,239,8,231,8,0.0335,0.5,0.0627,0.8847,0.1967,0.3219
phase21_B_λ4,tcd_tile_482,Hokkaido deciduous forests,Other,,1653,0.3507,2,15,2,13,0,0.1333,1.0,0.2353,0.9546,0.1681,0.2858
phase21_B_λ4,tcd_tile_483,Changjiang Plain evergreen forests,Other,,4099,0.3507,178,49,34,15,144,0.6939,0.191,0.2996,0.6752,0.1431,0.2361
phase21_B_λ4,tcd_tile_484,California coastal sage and chaparral,Other,,431,0.3507,0,47,0,47,0,0.0,0.0,0.0,0.0,0.0,0.0
phase21_B_λ4,tcd_tile_485,East European forest steppe,European forest,,4116,0.3507,61,279,35,244,26,0.1254,0.5738,0.2059,0.5465,0.1024,0.1725
phase21_B_λ4,tcd_tile_486,Caucasus mixed forests,European forest,,2517,0.3507,2,0,0,0,2,0.0,0.0,0.0,0.0,0.0,0.0
phase21_B_λ4,tcd_tile_487,,Other,,3203,0.3507,0,41,0,41,0,0.0,0.0,0.0,0.0,0.0,0.0
phase21_B_λ4,tcd_tile_488,Central European mixed forests,European forest,,1465,0.3507,42,105,26,79,16,0.2476,0.619,0.3537,0.7189,0.4738,0.5712
phase21_B_λ4,tcd_tile_489,Southeastern mixed forests,N. American forest,,4149,0.3507,39,0,0,0,39,0.0,0.0,0.0,0.0,0.0,0.0
phase21_B_λ4,tcd_tile_49,West Sudanian savanna,Arid / dryland,,761,0.3507,85,23,21,2,64,0.913,0.2471,0.3889,0.9117,0.2718,0.4188
phase21_B_λ4,tcd_tile_490,Changjiang Plain evergreen forests,Other,,4404,0.3507,136,166,75,91,61,0.4518,0.5515,0.4967,0.9394,0.592,0.7263
phase21_B_λ4,tcd_tile_491,Southern Zanzibar-Inhambane coastal forest mosaic,African tropical forest,,2143,0.3507,52,64,24,40,28,0.375,0.4615,0.4138,0.8829,0.3211,0.4709
phase21_B_λ4,tcd_tile_492,Western Guinean lowland forests,African tropical forest,,2859,0.3507,38,10,6,4,32,0.6,0.1579,0.25,0.5765,0.1644,0.2558
phase21_B_λ4,tcd_tile_493,Sumatran lowland rain forests,SE Asian & Pacific rainforest,,4611,0.3507,144,205,51,154,93,0.2488,0.3542,0.2923,0.7328,0.1639,0.2679
phase21_B_λ4,tcd_tile_494,Northern Zanzibar-Inhambane coastal forest mosaic,African tropical forest,,4948,0.3507,334,26,24,2,310,0.9231,0.0719,0.1333,0.8282,0.0739,0.1358
phase21_B_λ4,tcd_tile_495,Cerrado,Latin American forest,,906,0.3507,2,4,1,3,1,0.25,0.5,0.3333,0.9031,0.034,0.0655
phase21_B_λ4,tcd_tile_496,Taiheiyo evergreen forests,Other,,3562,0.3507,236,95,40,55,196,0.4211,0.1695,0.2417,0.5091,0.3813,0.436
phase21_B_λ4,tcd_tile_497,Western European broadleaf forests,European forest,,930,0.3507,24,127,18,109,6,0.1417,0.75,0.2384,0.7559,0.3067,0.4363
phase21_B_λ4,tcd_tile_498,"Sao Tome, Principe and Annobon moist lowland forests",Other,,1782,0.3507,15,19,12,7,3,0.6316,0.8,0.7059,0.9452,0.8186,0.8774
phase21_B_λ4,tcd_tile_499,Celtic broadleaf forests,European forest,,2801,0.3507,4,0,0,0,4,0.0,0.0,0.0,0.0,0.0,0.0
phase21_B_λ4,tcd_tile_5,West Sudanian savanna,Arid / dryland,,1058,0.3507,69,61,37,24,32,0.6066,0.5362,0.5692,0.6933,0.6045,0.6458
phase21_B_λ4,tcd_tile_50,West Sudanian savanna,Arid / dryland,,629,0.3507,132,103,77,26,55,0.7476,0.5833,0.6553,0.8544,0.6638,0.7471
phase21_B_λ4,tcd_tile_500,Northern Zanzibar-Inhambane coastal forest mosaic,African tropical forest,,1623,0.3507,70,168,50,118,20,0.2976,0.7143,0.4202,0.7198,0.5352,0.614
phase21_B_λ4,tcd_tile_501,Celtic broadleaf forests,European forest,,3865,0.3507,79,39,18,21,61,0.4615,0.2278,0.3051,0.54,0.0644,0.115
phase21_B_λ4,tcd_tile_502,Western Guinean lowland forests,African tropical forest,,3684,0.3507,115,54,37,17,78,0.6852,0.3217,0.4379,0.6769,0.4224,0.5202
phase21_B_λ4,tcd_tile_503,Cardamom Mountains rain forests,Other,,2306,0.3507,79,646,33,613,46,0.0511,0.4177,0.091,0.969,0.4558,0.62
phase21_B_λ4,tcd_tile_504,Hokkaido deciduous forests,Other,,3706,0.3507,10,0,0,0,10,0.0,0.0,0.0,0.0,0.0,0.0
phase21_B_λ4,tcd_tile_505,Central African mangroves,African tropical forest,,5060,0.3507,0,35,0,35,0,0.0,0.0,0.0,0.0,0.0,0.0
phase21_B_λ4,tcd_tile_506,Celtic broadleaf forests,European forest,,2161,0.3507,21,31,9,22,12,0.2903,0.4286,0.3462,0.8417,0.2328,0.3647
phase21_B_λ4,tcd_tile_507,"Sao Tome, Principe and Annobon moist lowland forests",Other,,1849,0.3507,36,196,6,190,30,0.0306,0.1667,0.0517,0.9908,0.325,0.4895
phase21_B_λ4,tcd_tile_508,Southeastern conifer forests,N. American forest,,3206,0.3507,25,283,11,272,14,0.0389,0.44,0.0714,0.797,0.4154,0.5462
phase21_B_λ4,tcd_tile_509,Hispaniolan moist forests,SE Asian & Pacific rainforest,,4763,0.3507,16,59,9,50,7,0.1525,0.5625,0.24,0.1873,0.5554,0.2802
phase21_B_λ4,tcd_tile_51,Sonoran desert,Arid / dryland,,691,0.3507,133,190,79,111,54,0.4158,0.594,0.4892,0.5226,0.6706,0.5874
phase21_B_λ4,tcd_tile_510,Baltic mixed forests,European forest,,4751,0.3507,11,187,2,185,9,0.0107,0.1818,0.0202,0.9897,0.1635,0.2806
phase21_B_λ4,tcd_tile_511,Southern Great Lakes forests,N. American forest,,241,0.3507,62,74,33,41,29,0.4459,0.5323,0.4853,0.6817,0.2015,0.311
phase21_B_λ4,tcd_tile_512,East European forest steppe,European forest,,3243,0.3507,9,2,1,1,8,0.5,0.1111,0.1818,0.1601,0.0073,0.014
phase21_B_λ4,tcd_tile_513,Luzon rain forests,SE Asian & Pacific rainforest,,2876,0.3507,42,52,8,44,34,0.1538,0.1905,0.1702,0.9138,0.0107,0.0211
phase21_B_λ4,tcd_tile_514,English Lowlands beech forests,European forest,,1939,0.3507,6,33,5,28,1,0.1515,0.8333,0.2564,0.8127,0.5097,0.6265
phase21_B_λ4,tcd_tile_515,Nihonkai montane deciduous forests,Other,,5010,0.3507,22,35,13,22,9,0.3714,0.5909,0.4561,0.8739,0.0178,0.0349
phase21_B_λ4,tcd_tile_516,Eastern forest-boreal transition,Other,,3760,0.3507,6,205,5,200,1,0.0244,0.8333,0.0474,0.9759,0.4144,0.5818
phase21_B_λ4,tcd_tile_517,Sarmatic mixed forests,European forest,,2636,0.3507,27,64,19,45,8,0.2969,0.7037,0.4176,0.695,0.1048,0.1821
phase21_B_λ4,tcd_tile_518,Palawan rain forests,SE Asian & Pacific rainforest,,2072,0.3507,83,165,60,105,23,0.3636,0.7229,0.4839,0.7778,0.5632,0.6533
phase21_B_λ4,tcd_tile_519,Atlantic mixed forests,European forest,,1056,0.3507,13,297,11,286,2,0.037,0.8462,0.071,0.9472,0.3808,0.5432
phase21_B_λ4,tcd_tile_52,West Sudanian savanna,Arid / dryland,,630,0.3507,61,175,36,139,25,0.2057,0.5902,0.3051,0.5095,0.2661,0.3496
phase21_B_λ4,tcd_tile_520,Maputaland coastal forest mosaic,African tropical forest,,2468,0.3507,2,0,0,0,2,0.0,0.0,0.0,0.0,0.0,0.0
phase21_B_λ4,tcd_tile_521,Palawan rain forests,SE Asian & Pacific rainforest,,3017,0.3507,11,26,6,20,5,0.2308,0.5455,0.3243,0.5384,0.2204,0.3127
phase21_B_λ4,tcd_tile_522,Eastern Himalayan broadleaf forests,Other,,3618,0.3507,168,77,26,51,142,0.3377,0.1548,0.2122,0.4487,0.309,0.366
phase21_B_λ4,tcd_tile_523,Sierra Nevada forests,N. American forest,,2289,0.3507,51,393,26,367,25,0.0662,0.5098,0.1171,0.9531,0.4162,0.5794
phase21_B_λ4,tcd_tile_524,Northern Zanzibar-Inhambane coastal forest mosaic,African tropical forest,,4412,0.3507,228,138,100,38,128,0.7246,0.4386,0.5464,0.8602,0.4199,0.5643
phase21_B_λ4,tcd_tile_525,Greater Negros-Panay rain forests,SE Asian & Pacific rainforest,,2214,0.3507,46,336,27,309,19,0.0804,0.587,0.1414,0.9661,0.3949,0.5607
phase21_B_λ4,tcd_tile_526,Southeastern mixed forests,N. American forest,,4708,0.3507,59,73,33,40,26,0.4521,0.5593,0.5,0.4474,0.8452,0.5851
phase21_B_λ4,tcd_tile_527,Tongan tropical moist forests,SE Asian & Pacific rainforest,,4967,0.3507,30,432,10,422,20,0.0231,0.3333,0.0433,0.9724,0.2545,0.4034
phase21_B_λ4,tcd_tile_528,Pannonian mixed forests,European forest,,2203,0.3507,85,51,9,42,76,0.1765,0.1059,0.1324,0.983,0.1809,0.3056
phase21_B_λ4,tcd_tile_529,Northern Zanzibar-Inhambane coastal forest mosaic,African tropical forest,,2716,0.3507,139,101,77,24,62,0.7624,0.554,0.6417,0.7537,0.4024,0.5247
phase21_B_λ4,tcd_tile_53,Gulf of Oman desert and semi-desert,Arid / dryland,,22,0.3507,55,45,6,39,49,0.1333,0.1091,0.12,0.1504,0.2494,0.1876
phase21_B_λ4,tcd_tile_530,Maputaland coastal forest mosaic,African tropical forest,,948,0.3507,3,5,0,5,3,0.0,0.0,0.0,0.0608,0.1264,0.0821
phase21_B_λ4,tcd_tile_531,,Other,,2557,0.3507,1,71,1,70,0,0.0141,1.0,0.0278,0.6656,0.0586,0.1077
phase21_B_λ4,tcd_tile_532,Northern Zanzibar-Inhambane coastal forest mosaic,African tropical forest,,1553,0.3507,413,240,200,40,213,0.8333,0.4843,0.6126,0.9252,0.3951,0.5537
phase21_B_λ4,tcd_tile_533,Irrawaddy moist deciduous forests,Other,,398,0.3507,62,33,17,16,45,0.5152,0.2742,0.3579,0.7949,0.1256,0.2169
phase21_B_λ4,tcd_tile_534,Pontic steppe,Other,,539,0.3507,111,80,41,39,70,0.5125,0.3694,0.4293,0.6599,0.7527,0.7032
phase21_B_λ4,tcd_tile_535,Southeastern mixed forests,N. American forest,,4519,0.3507,17,75,10,65,7,0.1333,0.5882,0.2174,0.2496,0.3559,0.2934
phase21_B_λ4,tcd_tile_536,Northern Zanzibar-Inhambane coastal forest mosaic,African tropical forest,,1073,0.3507,19,126,12,114,7,0.0952,0.6316,0.1655,0.9255,0.1561,0.2672
phase21_B_λ4,tcd_tile_537,Northern Zanzibar-Inhambane coastal forest mosaic,African tropical forest,,2178,0.3507,69,140,55,85,14,0.3929,0.7971,0.5263,0.5378,0.6165,0.5745
phase21_B_λ4,tcd_tile_538,Pannonian mixed forests,European forest,,2431,0.3507,3,523,3,520,0,0.0057,1.0,0.0114,0.9941,0.3987,0.5692
phase21_B_λ4,tcd_tile_539,Eastern Australian temperate forests,Other,,3842,0.3507,32,18,9,9,23,0.5,0.2812,0.36,0.7425,0.151,0.251
phase21_B_λ4,tcd_tile_54,Zambezian and Mopane woodlands,Arid / dryland,,3668,0.3507,210,164,110,54,100,0.6707,0.5238,0.5882,0.7893,0.4129,0.5421
phase21_B_λ4,tcd_tile_540,Northeastern coastal forests,N. American forest,,3434,0.3507,8,21,5,16,3,0.2381,0.625,0.3448,0.5094,0.5232,0.5162
phase21_B_λ4,tcd_tile_541,Central European mixed forests,European forest,,2821,0.3507,34,62,8,54,26,0.129,0.2353,0.1667,0.773,0.0687,0.1262
phase21_B_λ4,tcd_tile_542,Northern Zanzibar-Inhambane coastal forest mosaic,African tropical forest,,4662,0.3507,201,329,100,229,101,0.304,0.4975,0.3774,0.7931,0.3373,0.4733
phase21_B_λ4,tcd_tile_543,Central European mixed forests,European forest,,2905,0.3507,19,44,12,32,7,0.2727,0.6316,0.381,0.9539,0.0726,0.1349
phase21_B_λ4,tcd_tile_544,Central Indochina dry forests,Other,,3675,0.3507,2,550,1,549,1,0.0018,0.5,0.0036,0.9964,0.4626,0.6319
phase21_B_λ4,tcd_tile_545,Sarmatic mixed forests,European forest,,2570,0.3507,174,148,59,89,115,0.3986,0.3391,0.3665,0.6766,0.4135,0.5133
phase21_B_λ4,tcd_tile_546,Hispaniolan moist forests,SE Asian & Pacific rainforest,,5051,0.3507,63,111,28,83,35,0.2523,0.4444,0.3218,0.2721,0.5711,0.3686
phase21_B_λ4,tcd_tile_547,Northern Congolian forest-savanna mosaic,African tropical forest,,856,0.3507,43,54,21,33,22,0.3889,0.4884,0.433,0.3833,0.6902,0.4928
phase21_B_λ4,tcd_tile_548,Northern California coastal forests,N. American forest,,2416,0.3507,3,19,1,18,2,0.0526,0.3333,0.0909,0.9996,0.0084,0.0166
phase21_B_λ4,tcd_tile_549,Bolivian montane dry forests,Latin American forest,,3290,0.3507,18,56,4,52,14,0.0714,0.2222,0.1081,0.1016,0.4363,0.1648
phase21_B_λ4,tcd_tile_55,West Sudanian savanna,Arid / dryland,,405,0.3507,106,117,72,45,34,0.6154,0.6792,0.6457,0.7183,0.7359,0.727
phase21_B_λ4,tcd_tile_550,Sarmatic mixed forests,European forest,,4991,0.3507,4,125,4,121,0,0.032,1.0,0.062,0.9643,0.3619,0.5263
phase21_B_λ4,tcd_tile_551,North Central Rockies forests,N. American forest,,3628,0.3507,0,65,0,65,0,0.0,0.0,0.0,0.0,0.0,0.0
phase21_B_λ4,tcd_tile_552,Eastern Great Lakes lowland forests,N. American forest,,3965,0.3507,85,108,25,83,60,0.2315,0.2941,0.2591,0.9207,0.2111,0.3434
phase21_B_λ4,tcd_tile_553,Taiheiyo evergreen forests,Other,,1435,0.3507,28,49,15,34,13,0.3061,0.5357,0.3896,0.4207,0.7595,0.5414
phase21_B_λ4,tcd_tile_554,Western Siberian hemiboreal forests,Other,,2399,0.3507,86,40,11,29,75,0.275,0.1279,0.1746,0.4515,0.042,0.0769
phase21_B_λ4,tcd_tile_555,Southeastern mixed forests,N. American forest,,3869,0.3507,11,0,0,0,11,0.0,0.0,0.0,0.0,0.0,0.0
phase21_B_λ4,tcd_tile_556,Timor and Wetar deciduous forests,SE Asian & Pacific rainforest,,2537,0.3507,152,325,97,228,55,0.2985,0.6382,0.4067,0.7917,0.3236,0.4595
phase21_B_λ4,tcd_tile_557,Southern Zanzibar-Inhambane coastal forest mosaic,African tropical forest,,3868,0.3507,185,115,69,46,116,0.6,0.373,0.46,0.9096,0.3603,0.5162
phase21_B_λ4,tcd_tile_558,Atlantic mixed forests,European forest,,100,0.3507,21,29,9,20,12,0.3103,0.4286,0.36,0.6306,0.5881,0.6086
phase21_B_λ4,tcd_tile_559,Sierra Nevada forests,N. American forest,,3432,0.3507,77,357,63,294,14,0.1765,0.8182,0.2903,0.8413,0.5819,0.688
phase21_B_λ4,tcd_tile_56,Chilean matorral,Arid / dryland,,848,0.3507,32,27,10,17,22,0.3704,0.3125,0.339,0.3969,0.5676,0.4672
phase21_B_λ4,tcd_tile_560,Central European mixed forests,European forest,,309,0.3507,113,235,49,186,64,0.2085,0.4336,0.2816,0.8936,0.4729,0.6185
phase21_B_λ4,tcd_tile_561,Luzon rain forests,SE Asian & Pacific rainforest,,3339,0.3507,53,67,29,38,24,0.4328,0.5472,0.4833,0.8533,0.4202,0.5631
phase21_B_λ4,tcd_tile_562,Northeastern coastal forests,N. American forest,,3751,0.3507,12,208,7,201,5,0.0337,0.5833,0.0636,0.8375,0.2634,0.4008
phase21_B_λ4,tcd_tile_563,Sulawesi lowland rain forests,SE Asian & Pacific rainforest,,4883,0.3507,195,153,72,81,123,0.4706,0.3692,0.4138,0.6947,0.6427,0.6677
phase21_B_λ4,tcd_tile_564,Huang He Plain mixed forests,Other,,2850,0.3507,92,81,41,40,51,0.5062,0.4457,0.474,0.428,0.4924,0.4579
phase21_B_λ4,tcd_tile_565,English Lowlands beech forests,European forest,,3740,0.3507,6,8,5,3,1,0.625,0.8333,0.7143,0.8392,0.1134,0.1998
phase21_B_λ4,tcd_tile_566,Northeastern coastal forests,N. American forest,,2667,0.3507,2,29,2,27,0,0.069,1.0,0.129,0.3152,0.0699,0.1145
phase21_B_λ4,tcd_tile_567,Valdivian temperate forests,Other,,2824,0.3507,7,46,4,42,3,0.087,0.5714,0.1509,0.0464,0.7659,0.0876
phase21_B_λ4,tcd_tile_568,Balkan mixed forests,European forest,,373,0.3507,59,88,20,68,39,0.2273,0.339,0.2721,0.4592,0.3287,0.3831
phase21_B_λ4,tcd_tile_569,Valdivian temperate forests,Other,,1152,0.3507,95,160,43,117,52,0.2687,0.4526,0.3373,0.7628,0.1927,0.3076
phase21_B_λ4,tcd_tile_57,Central Mexican matorral,Arid / dryland,,140,0.3507,65,53,25,28,40,0.4717,0.3846,0.4237,0.856,0.4433,0.5841
phase21_B_λ4,tcd_tile_570,Serra do Mar coastal forests,Latin American forest,,5012,0.3507,728,269,127,142,601,0.4721,0.1745,0.2548,0.5673,0.454,0.5044
phase21_B_λ4,tcd_tile_571,Eastern Guinean forests,African tropical forest,,1757,0.3507,3,13,0,13,3,0.0,0.0,0.0,0.0,0.0,0.0
phase21_B_λ4,tcd_tile_572,Baltic mixed forests,European forest,,4485,0.3507,4,38,1,37,3,0.0263,0.25,0.0476,0.993,0.0266,0.0519
phase21_B_λ4,tcd_tile_573,,Other,,1037,0.3507,17,27,10,17,7,0.3704,0.5882,0.4545,0.077,0.1677,0.1056
phase21_B_λ4,tcd_tile_574,Southeastern mixed forests,N. American forest,,4867,0.3507,45,103,28,75,17,0.2718,0.6222,0.3784,0.7478,0.3098,0.4381
phase21_B_λ4,tcd_tile_575,Eastern Java-Bali rain forests,SE Asian & Pacific rainforest,,4246,0.3507,183,147,30,117,153,0.2041,0.1639,0.1818,0.9036,0.1408,0.2437
phase21_B_λ4,tcd_tile_576,Luzon rain forests,SE Asian & Pacific rainforest,,2895,0.3507,11,29,4,25,7,0.1379,0.3636,0.2,0.1392,0.1739,0.1546
phase21_B_λ4,tcd_tile_577,Sierra Nevada forests,N. American forest,,3955,0.3507,59,146,51,95,8,0.3493,0.8644,0.4976,0.7419,0.5485,0.6307
phase21_B_λ4,tcd_tile_578,Southern Annamites montane rain forests,Other,,2938,0.3507,3,702,1,701,2,0.0014,0.3333,0.0028,0.9872,0.4175,0.5868
phase21_B_λ4,tcd_tile_579,Taiwan subtropical evergreen forests,SE Asian & Pacific rainforest,,3515,0.3507,57,53,12,41,45,0.2264,0.2105,0.2182,0.463,0.2296,0.307
phase21_B_λ4,tcd_tile_58,Zambezian and Mopane woodlands,Arid / dryland,,2621,0.3507,128,61,31,30,97,0.5082,0.2422,0.328,0.5893,0.1732,0.2678
phase21_B_λ4,tcd_tile_580,Northern Zanzibar-Inhambane coastal forest mosaic,African tropical forest,,3818,0.3507,90,201,69,132,21,0.3433,0.7667,0.4742,0.8191,0.4073,0.5441
phase21_B_λ4,tcd_tile_581,Northern Zanzibar-Inhambane coastal forest mosaic,African tropical forest,,5035,0.3507,178,536,138,398,40,0.2575,0.7753,0.3866,0.9026,0.4271,0.5798
phase21_B_λ4,tcd_tile_582,Central Andean puna,Other,,66,0.3507,29,0,0,0,29,0.0,0.0,0.0,0.0,0.0,0.0
phase21_B_λ4,tcd_tile_583,North Central Rockies forests,N. American forest,,4356,0.3507,15,22,1,21,14,0.0455,0.0667,0.0541,0.807,0.1582,0.2645
phase21_B_λ4,tcd_tile_584,Hispaniolan dry forests,Other,,4926,0.3507,105,137,58,79,47,0.4234,0.5524,0.4793,0.7139,0.3768,0.4933
phase21_B_λ4,tcd_tile_585,Northern Zanzibar-Inhambane coastal forest mosaic,African tropical forest,,2566,0.3507,289,550,277,273,12,0.5036,0.9585,0.6603,0.7521,0.7187,0.735
phase21_B_λ4,tcd_tile_586,Appalachian-Blue Ridge forests,N. American forest,,2666,0.3507,6,131,5,126,1,0.0382,0.8333,0.073,0.8367,0.3801,0.5227
phase21_B_λ4,tcd_tile_587,,Other,,3846,0.3507,0,50,0,50,0,0.0,0.0,0.0,0.0,0.0,0.0
phase21_B_λ4,tcd_tile_588,Northern Zanzibar-Inhambane coastal forest mosaic,African tropical forest,,3310,0.3507,1,258,1,257,0,0.0039,1.0,0.0077,1.0,0.1253,0.2227
phase21_B_λ4,tcd_tile_589,Alps conifer and mixed forests,European forest,,4579,0.3507,4,3,1,2,3,0.3333,0.25,0.2857,0.662,0.0128,0.025
phase21_B_λ4,tcd_tile_59,West Sudanian savanna,Arid / dryland,,1191,0.3507,47,198,27,171,20,0.1364,0.5745,0.2204,0.3428,0.4843,0.4014
phase21_B_λ4,tcd_tile_590,Southeastern Indochina dry evergreen forests,Other,,2510,0.3507,208,240,98,142,110,0.4083,0.4712,0.4375,0.7126,0.247,0.3668
phase21_B_λ4,tcd_tile_591,Central U.S. hardwood forests,N. American forest,,1855,0.3507,20,61,11,50,9,0.1803,0.55,0.2716,0.8395,0.1973,0.3194
phase21_B_λ4,tcd_tile_592,Palawan rain forests,SE Asian & Pacific rainforest,,3835,0.3507,147,389,73,316,74,0.1877,0.4966,0.2724,0.8785,0.5798,0.6986
phase21_B_λ4,tcd_tile_593,Southern Great Lakes forests,N. American forest,,633,0.3507,60,56,24,32,36,0.4286,0.4,0.4138,0.7278,0.153,0.2529
phase21_B_λ4,tcd_tile_594,Araucaria moist forests,Other,,301,0.3507,214,168,68,100,146,0.4048,0.3178,0.356,0.4364,0.5168,0.4732
phase21_B_λ4,tcd_tile_595,Northern Zanzibar-Inhambane coastal forest mosaic,African tropical forest,,1809,0.3507,110,54,46,8,64,0.8519,0.4182,0.561,0.6132,0.2877,0.3917
phase21_B_λ4,tcd_tile_596,Palawan rain forests,SE Asian & Pacific rainforest,,3249,0.3507,139,433,82,351,57,0.1894,0.5899,0.2867,0.877,0.4628,0.6058
phase21_B_λ4,tcd_tile_597,Sierra Nevada forests,N. American forest,,2088,0.3507,267,115,76,39,191,0.6609,0.2846,0.3979,0.861,0.4843,0.6199
phase21_B_λ4,tcd_tile_598,South Siberian forest steppe,Other,,18,0.3507,15,44,6,38,9,0.1364,0.4,0.2034,0.6904,0.4142,0.5178
phase21_B_λ4,tcd_tile_599,Northern Zanzibar-Inhambane coastal forest mosaic,African tropical forest,,3560,0.3507,76,43,20,23,56,0.4651,0.2632,0.3361,0.8682,0.1711,0.2859
phase21_B_λ4,tcd_tile_6,West Sudanian savanna,Arid / dryland,,402,0.3507,38,57,21,36,17,0.3684,0.5526,0.4421,0.6151,0.5192,0.5631
phase21_B_λ4,tcd_tile_60,East Sudanian savanna,Arid / dryland,,844,0.3507,36,37,15,22,21,0.4054,0.4167,0.411,0.3214,0.5477,0.4051
phase21_B_λ4,tcd_tile_600,Serra do Mar coastal forests,Latin American forest,,4660,0.3507,0,664,0,664,0,0.0,0.0,0.0,0.0,0.0,0.0
phase21_B_λ4,tcd_tile_601,Magdalena Valley montane forests,Other,,3488,0.3507,20,11,5,6,15,0.4545,0.25,0.3226,0.9176,0.1529,0.2621
phase21_B_λ4,tcd_tile_602,Timor and Wetar deciduous forests,SE Asian & Pacific rainforest,,3700,0.3507,178,68,44,24,134,0.6471,0.2472,0.3577,0.7168,0.1976,0.3098
phase21_B_λ4,tcd_tile_603,Central European mixed forests,European forest,,4264,0.3507,41,51,22,29,19,0.4314,0.5366,0.4783,0.578,0.19,0.286
phase21_B_λ4,tcd_tile_604,Western Guinean lowland forests,African tropical forest,,536,0.3507,66,107,40,67,26,0.3738,0.6061,0.4624,0.4084,0.8081,0.5426
phase21_B_λ4,tcd_tile_605,Caucasus mixed forests,European forest,,4192,0.3507,3,93,2,91,1,0.0215,0.6667,0.0417,0.9795,0.2354,0.3795
phase21_B_λ4,tcd_tile_606,Central Indochina dry forests,Other,,4839,0.3507,91,231,51,180,40,0.2208,0.5604,0.3168,0.6672,0.128,0.2148
phase21_B_λ4,tcd_tile_607,Balkan mixed forests,European forest,,1437,0.3507,152,69,39,30,113,0.5652,0.2566,0.3529,0.6371,0.5889,0.6121
phase21_B_λ4,tcd_tile_608,California interior chaparral and woodlands,Other,,657,0.3507,32,12,2,10,30,0.1667,0.0625,0.0909,0.6115,0.0236,0.0455
phase21_B_λ4,tcd_tile_609,Sarmatic mixed forests,European forest,,3121,0.3507,46,196,31,165,15,0.1582,0.6739,0.2562,0.8332,0.5109,0.6334
phase21_B_λ4,tcd_tile_61,Chilean matorral,Arid / dryland,,901,0.3507,58,69,23,46,35,0.3333,0.3966,0.3622,0.5619,0.5765,0.5691
phase21_B_λ4,tcd_tile_610,Northern Zanzibar-Inhambane coastal forest mosaic,African tropical forest,,3127,0.3507,6,82,3,79,3,0.0366,0.5,0.0682,0.0338,0.2481,0.0594
phase21_B_λ4,tcd_tile_611,Eastern Great Lakes lowland forests,N. American forest,,3370,0.3507,18,34,9,25,9,0.2647,0.5,0.3462,0.8597,0.4827,0.6183
phase21_B_λ4,tcd_tile_612,Northern Anatolian conifer and deciduous forests,Other,,1200,0.3507,8,31,8,23,0,0.2581,1.0,0.4103,0.7694,0.4849,0.5949
phase21_B_λ4,tcd_tile_613,Northeastern coastal forests,N. American forest,,3735,0.3507,3,1,1,0,2,1.0,0.3333,0.5,0.7332,0.0913,0.1623
phase21_B_λ4,tcd_tile_614,English Lowlands beech forests,European forest,,3570,0.3507,1,37,1,36,0,0.027,1.0,0.0526,0.7446,0.702,0.7227
phase21_B_λ4,tcd_tile_615,Taiwan subtropical evergreen forests,SE Asian & Pacific rainforest,,3928,0.3507,65,79,25,54,40,0.3165,0.3846,0.3472,0.7996,0.2238,0.3498
phase21_B_λ4,tcd_tile_616,Scandinavian Montane Birch forest and grasslands,Other,,1181,0.3507,26,8,3,5,23,0.375,0.1154,0.1765,0.5621,0.0219,0.0422
phase21_B_λ4,tcd_tile_617,Sulawesi lowland rain forests,SE Asian & Pacific rainforest,,4247,0.3507,79,56,27,29,52,0.4821,0.3418,0.4,0.8964,0.547,0.6795
phase21_B_λ4,tcd_tile_618,Caucasus mixed forests,European forest,,4154,0.3507,2,1,1,0,1,1.0,0.5,0.6667,1.0,0.0018,0.0036
phase21_B_λ4,tcd_tile_619,Southern Zanzibar-Inhambane coastal forest mosaic,African tropical forest,,2839,0.3507,124,68,35,33,89,0.5147,0.2823,0.3646,0.8904,0.2152,0.3467
phase21_B_λ4,tcd_tile_62,East European forest steppe,European forest,,661,0.3507,52,592,29,563,23,0.049,0.5577,0.0901,0.9836,0.4966,0.66
phase21_B_λ4,tcd_tile_620,Northern Zanzibar-Inhambane coastal forest mosaic,African tropical forest,,1164,0.3507,2,7,2,5,0,0.2857,1.0,0.4444,0.9204,0.2859,0.4362
phase21_B_λ4,tcd_tile_621,Northern Zanzibar-Inhambane coastal forest mosaic,African tropical forest,,1047,0.3507,405,507,196,311,209,0.3866,0.484,0.4298,0.7278,0.5815,0.6465
phase21_B_λ4,tcd_tile_622,Baltic mixed forests,European forest,,3756,0.3507,24,4,3,1,21,0.75,0.125,0.2143,0.9947,0.2027,0.3367
phase21_B_λ4,tcd_tile_623,Scandinavian and Russian taiga,Other,,701,0.3507,36,118,23,95,13,0.1949,0.6389,0.2987,0.8051,0.3179,0.4558
phase21_B_λ4,tcd_tile_624,Sierra Nevada forests,N. American forest,,1169,0.3507,87,106,58,48,29,0.5472,0.6667,0.601,0.7688,0.5568,0.6459
phase21_B_λ4,tcd_tile_625,Lesser Sundas deciduous forests,SE Asian & Pacific rainforest,,3429,0.3507,152,257,66,191,86,0.2568,0.4342,0.3227,0.8398,0.2854,0.4261
phase21_B_λ4,tcd_tile_626,North Island temperate forests,Other,,956,0.3507,25,7,6,1,19,0.8571,0.24,0.375,0.8725,0.1622,0.2736
phase21_B_λ4,tcd_tile_627,Upper Midwest forest-savanna transition,N. American forest,,3080,0.3507,31,17,6,11,25,0.3529,0.1935,0.25,0.7696,0.0956,0.1701
phase21_B_λ4,tcd_tile_628,Lake,Other,,9,0.3507,26,94,20,74,6,0.2128,0.7692,0.3333,0.7164,0.4907,0.5824
phase21_B_λ4,tcd_tile_629,Hispaniolan moist forests,SE Asian & Pacific rainforest,,2653,0.3507,26,90,8,82,18,0.0889,0.3077,0.1379,0.1399,0.1717,0.1541
phase21_B_λ4,tcd_tile_63,Eastern Guinean forests,African tropical forest,,2039,0.3507,61,21,5,16,56,0.2381,0.082,0.122,0.734,0.0419,0.0793
phase21_B_λ4,tcd_tile_630,Northern Zanzibar-Inhambane coastal forest mosaic,African tropical forest,,1190,0.3507,35,232,25,207,10,0.1078,0.7143,0.1873,0.8968,0.3467,0.5001
phase21_B_λ4,tcd_tile_631,Lesser Sundas deciduous forests,SE Asian & Pacific rainforest,,2025,0.3507,227,307,92,215,135,0.2997,0.4053,0.3446,0.4073,0.3598,0.3821
phase21_B_λ4,tcd_tile_632,Southern Great Lakes forests,N. American forest,,1396,0.3507,14,10,3,7,11,0.3,0.2143,0.25,0.9142,0.3129,0.4662
phase21_B_λ4,tcd_tile_633,Sarmatic mixed forests,European forest,,1946,0.3507,4,430,1,429,3,0.0023,0.25,0.0046,0.9956,0.4719,0.6403
phase21_B_λ4,tcd_tile_634,Northern Zanzibar-Inhambane coastal forest mosaic,African tropical forest,,4318,0.3507,0,257,0,257,0,0.0,0.0,0.0,0.0,0.0,0.0
phase21_B_λ4,tcd_tile_635,Palawan rain forests,SE Asian & Pacific rainforest,,1428,0.3507,58,555,39,516,19,0.0703,0.6724,0.1272,0.9727,0.2766,0.4307
phase21_B_λ4,tcd_tile_636,,Other,,3856,0.3507,1,140,1,139,0,0.0071,1.0,0.0142,0.9995,0.1342,0.2366
phase21_B_λ4,tcd_tile_637,Central European mixed forests,European forest,,4296,0.3507,50,62,31,31,19,0.5,0.62,0.5536,0.6468,0.5218,0.5776
phase21_B_λ4,tcd_tile_638,Appalachian-Blue Ridge forests,N. American forest,,3659,0.3507,38,85,16,69,22,0.1882,0.4211,0.2602,0.3888,0.4842,0.4313
phase21_B_λ4,tcd_tile_639,Luzon rain forests,SE Asian & Pacific rainforest,,476,0.3507,24,375,9,366,15,0.024,0.375,0.0451,0.9228,0.35,0.5076
phase21_B_λ4,tcd_tile_640,Southeastern Indochina dry evergreen forests,Other,,1786,0.3507,19,280,10,270,9,0.0357,0.5263,0.0669,0.9022,0.2603,0.4041
phase21_B_λ4,tcd_tile_641,Central Andean puna,Other,,677,0.3507,26,4,4,0,22,1.0,0.1538,0.2667,0.6541,0.0931,0.163
phase21_B_λ4,tcd_tile_642,Eastern Great Lakes lowland forests,N. American forest,,2330,0.3507,1,18,1,17,0,0.0556,1.0,0.1053,0.7242,0.2947,0.419
phase21_B_λ4,tcd_tile_643,Southern Great Lakes forests,N. American forest,,2724,0.3507,4,35,3,32,1,0.0857,0.75,0.1538,0.328,0.2347,0.2736
phase21_B_λ4,tcd_tile_644,Northern Zanzibar-Inhambane coastal forest mosaic,African tropical forest,,1521,0.3507,23,3,1,2,22,0.3333,0.0435,0.0769,0.2943,0.0342,0.0613
phase21_B_λ4,tcd_tile_645,Northern Zanzibar-Inhambane coastal forest mosaic,African tropical forest,,3216,0.3507,123,88,58,30,65,0.6591,0.4715,0.5498,0.7387,0.3012,0.428
phase21_B_λ4,tcd_tile_646,Crimean Submediterranean forest complex,Other,,2599,0.3507,83,281,63,218,20,0.2242,0.759,0.3462,0.7839,0.3964,0.5265
phase21_B_λ4,tcd_tile_647,Sarmatic mixed forests,European forest,,2549,0.3507,7,95,7,88,0,0.0737,1.0,0.1373,0.8737,0.5571,0.6804
phase21_B_λ4,tcd_tile_648,Valdivian temperate forests,Other,,1024,0.3507,86,119,42,77,44,0.3529,0.4884,0.4098,0.5933,0.5001,0.5427
phase21_B_λ4,tcd_tile_649,Luzon rain forests,SE Asian & Pacific rainforest,,3435,0.3507,34,13,8,5,26,0.6154,0.2353,0.3404,0.6239,0.0644,0.1168
phase21_B_λ4,tcd_tile_65,Northern Zanzibar-Inhambane coastal forest mosaic,African tropical forest,,543,0.3507,271,652,189,463,82,0.2899,0.6974,0.4095,0.7279,0.603,0.6596
phase21_B_λ4,tcd_tile_650,Sierra Nevada forests,N. American forest,,524,0.3507,40,51,31,20,9,0.6078,0.775,0.6813,0.8077,0.643,0.716
phase21_B_λ4,tcd_tile_651,Northern Anatolian conifer and deciduous forests,Other,,3327,0.3507,254,129,66,63,188,0.5116,0.2598,0.3446,0.5316,0.4519,0.4886
phase21_B_λ4,tcd_tile_652,Southern Anatolian montane conifer and deciduous forests,Other,,990,0.3507,51,158,27,131,24,0.1709,0.5294,0.2584,0.8111,0.287,0.424
phase21_B_λ4,tcd_tile_653,Eastern Great Lakes lowland forests,N. American forest,,2496,0.3507,87,74,28,46,59,0.3784,0.3218,0.3478,0.7856,0.1841,0.2983
phase21_B_λ4,tcd_tile_654,Magdalena Valley montane forests,Other,,1530,0.3507,81,108,43,65,38,0.3981,0.5309,0.455,0.6685,0.6521,0.6602
phase21_B_λ4,tcd_tile_655,Veracruz moist forests,Other,,1324,0.3507,18,63,10,53,8,0.1587,0.5556,0.2469,0.4679,0.2399,0.3172
phase21_B_λ4,tcd_tile_656,,Other,,3009,0.3507,12,8,2,6,10,0.25,0.1667,0.2,0.127,0.001,0.0019
phase21_B_λ4,tcd_tile_657,Northern Zanzibar-Inhambane coastal forest mosaic,African tropical forest,,2419,0.3507,55,220,44,176,11,0.2,0.8,0.32,0.69,0.4647,0.5554
phase21_B_λ4,tcd_tile_658,Vanuatu rain forests,Other,,3200,0.3507,11,120,8,112,3,0.0667,0.7273,0.1221,0.8246,0.1976,0.3188
phase21_B_λ4,tcd_tile_659,Ucayali moist forests,Latin American forest,,3652,0.3507,57,250,24,226,33,0.096,0.4211,0.1564,0.8351,0.2319,0.363
phase21_B_λ4,tcd_tile_66,Ucayali moist forests,Latin American forest,,2333,0.3507,310,337,137,200,173,0.4065,0.4419,0.4235,0.679,0.3983,0.5021
phase21_B_λ4,tcd_tile_660,Northeastern coastal forests,N. American forest,,3838,0.3507,4,2,0,2,4,0.0,0.0,0.0,0.1235,0.195,0.1512
phase21_B_λ4,tcd_tile_661,Sulawesi lowland rain forests,SE Asian & Pacific rainforest,,4224,0.3507,117,583,58,525,59,0.0995,0.4957,0.1657,0.9476,0.4187,0.5808
phase21_B_λ4,tcd_tile_662,Taiwan subtropical evergreen forests,SE Asian & Pacific rainforest,,3840,0.3507,37,206,25,181,12,0.1214,0.6757,0.2058,0.9201,0.2214,0.3569
phase21_B_λ4,tcd_tile_663,Central Andean puna,Other,,1133,0.3507,16,1,1,0,15,1.0,0.0625,0.1176,0.8165,0.0656,0.1214
phase21_B_λ4,tcd_tile_664,Irrawaddy moist deciduous forests,Other,,253,0.3507,66,77,30,47,36,0.3896,0.4545,0.4196,0.8402,0.3052,0.4477
phase21_B_λ4,tcd_tile_665,Upper Midwest forest-savanna transition,N. American forest,,3636,0.3507,62,205,22,183,40,0.1073,0.3548,0.1648,0.9778,0.322,0.4845
phase21_B_λ4,tcd_tile_666,Araucaria moist forests,Other,,552,0.3507,239,171,95,76,144,0.5556,0.3975,0.4634,0.6874,0.3875,0.4956
phase21_B_λ4,tcd_tile_667,Northern Zanzibar-Inhambane coastal forest mosaic,African tropical forest,,1405,0.3507,174,116,76,40,98,0.6552,0.4368,0.5241,0.6595,0.5123,0.5766
phase21_B_λ4,tcd_tile_668,Northern Zanzibar-Inhambane coastal forest mosaic,African tropical forest,,2900,0.3507,10,706,9,697,1,0.0127,0.9,0.0251,0.9908,0.4128,0.5828
phase21_B_λ4,tcd_tile_669,Western European broadleaf forests,European forest,,2854,0.3507,13,66,8,58,5,0.1212,0.6154,0.2025,0.8899,0.1665,0.2805
phase21_B_λ4,tcd_tile_67,Southern Zanzibar-Inhambane coastal forest mosaic,African tropical forest,,3458,0.3507,208,25,20,5,188,0.8,0.0962,0.1717,0.7921,0.3789,0.5126
phase21_B_λ4,tcd_tile_670,Northeastern coastal forests,N. American forest,,2825,0.3507,12,11,6,5,6,0.5455,0.5,0.5217,0.795,0.1849,0.3
phase21_B_λ4,tcd_tile_671,Tongan tropical moist forests,SE Asian & Pacific rainforest,,5028,0.3507,134,29,20,9,114,0.6897,0.1493,0.2454,0.6844,0.0404,0.0764
phase21_B_λ4,tcd_tile_672,Madeira-Tapajós moist forests,Latin American forest,,688,0.3507,1,555,1,554,0,0.0018,1.0,0.0036,1.0,0.4718,0.6412
phase21_B_λ4,tcd_tile_673,Northern Zanzibar-Inhambane coastal forest mosaic,African tropical forest,,3590,0.3507,61,407,31,376,30,0.0762,0.5082,0.1325,0.8964,0.3715,0.5253
phase21_B_λ4,tcd_tile_674,Southern Great Lakes forests,N. American forest,,4637,0.3507,10,13,5,8,5,0.3846,0.5,0.4348,0.5694,0.2124,0.3093
phase21_B_λ4,tcd_tile_675,Southern Zanzibar-Inhambane coastal forest mosaic,African tropical forest,,4904,0.3507,150,186,82,104,68,0.4409,0.5467,0.4881,0.9122,0.4048,0.5607
phase21_B_λ4,tcd_tile_676,Tongan tropical moist forests,SE Asian & Pacific rainforest,,4360,0.3507,131,246,66,180,65,0.2683,0.5038,0.3501,0.8963,0.2989,0.4483
phase21_B_λ4,tcd_tile_677,Atlantic coastal pine barrens,Other,,1411,0.3507,15,127,9,118,6,0.0709,0.6,0.1268,0.7864,0.1903,0.3065
phase21_B_λ4,tcd_tile_678,Southeastern mixed forests,N. American forest,,3288,0.3507,14,11,2,9,12,0.1818,0.1429,0.16,0.9458,0.0232,0.0452
phase21_B_λ4,tcd_tile_679,Central African mangroves,African tropical forest,,4457,0.3507,1,127,1,126,0,0.0079,1.0,0.0156,0.0025,0.5297,0.0051
phase21_B_λ4,tcd_tile_680,Northern Zanzibar-Inhambane coastal forest mosaic,African tropical forest,,280,0.3507,34,50,8,42,26,0.16,0.2353,0.1905,0.9792,0.0946,0.1725
phase21_B_λ4,tcd_tile_681,Brigalow tropical savanna,Other,,79,0.3507,16,20,7,13,9,0.35,0.4375,0.3889,0.3886,0.4309,0.4086
phase21_B_λ4,tcd_tile_682,Hispaniolan moist forests,SE Asian & Pacific rainforest,,4865,0.3507,0,117,0,117,0,0.0,0.0,0.0,0.0,0.0,0.0
phase21_B_λ4,tcd_tile_683,Timor and Wetar deciduous forests,SE Asian & Pacific rainforest,,68,0.3507,156,131,80,51,76,0.6107,0.5128,0.5575,0.6578,0.4325,0.5219
phase21_B_λ4,tcd_tile_684,Changjiang Plain evergreen forests,Other,,3800,0.3507,87,30,11,19,76,0.3667,0.1264,0.188,0.3565,0.0685,0.1149
phase21_B_λ4,tcd_tile_685,Sarmatic mixed forests,European forest,,394,0.3507,18,130,11,119,7,0.0846,0.6111,0.1486,0.8856,0.157,0.2667
phase21_B_λ4,tcd_tile_686,Taiheiyo montane deciduous forests,Other,,4916,0.3507,24,60,8,52,16,0.1333,0.3333,0.1905,0.631,0.0647,0.1174
phase21_B_λ4,tcd_tile_687,Central European mixed forests,European forest,,3595,0.3507,5,16,0,16,5,0.0,0.0,0.0,0.0,0.0,0.0
phase21_B_λ4,tcd_tile_688,Himalayan subtropical broadleaf forests,Other,,2223,0.3507,6,155,1,154,5,0.0065,0.1667,0.0124,0.9988,0.0918,0.1681
phase21_B_λ4,tcd_tile_689,Northern Anatolian conifer and deciduous forests,Other,,3171,0.3507,90,155,38,117,52,0.2452,0.4222,0.3102,0.6974,0.1806,0.2868
phase21_B_λ4,tcd_tile_690,Cerrado,Latin American forest,,436,0.3507,0,0,0,0,0,0.0,0.0,0.0,0.0,0.0,0.0
phase21_B_λ4,tcd_tile_691,Northern Zanzibar-Inhambane coastal forest mosaic,African tropical forest,,3007,0.3507,66,95,35,60,31,0.3684,0.5303,0.4348,0.8627,0.3383,0.486
phase21_B_λ4,tcd_tile_692,Western Siberian hemiboreal forests,Other,,3431,0.3507,3,29,2,27,1,0.069,0.6667,0.125,0.9995,0.0395,0.076
phase21_B_λ4,tcd_tile_693,East European forest steppe,European forest,,4642,0.3507,0,2,0,2,0,0.0,0.0,0.0,0.0,0.0,0.0
phase21_B_λ4,tcd_tile_694,Luzon rain forests,SE Asian & Pacific rainforest,,2752,0.3507,37,66,4,62,33,0.0606,0.1081,0.0777,0.8982,0.0177,0.0347
phase21_B_λ4,tcd_tile_695,Lesser Sundas deciduous forests,SE Asian & Pacific rainforest,,3266,0.3507,1,243,1,242,0,0.0041,1.0,0.0082,0.9007,0.192,0.3165
phase21_B_λ4,tcd_tile_696,Central European mixed forests,European forest,,608,0.3507,74,63,27,36,47,0.4286,0.3649,0.3942,0.8617,0.5694,0.6857
phase21_B_λ4,tcd_tile_697,Willamette Valley forests,N. American forest,,1419,0.3507,62,19,5,14,57,0.2632,0.0806,0.1235,0.3358,0.2014,0.2518
phase21_B_λ4,tcd_tile_698,Lesser Sundas deciduous forests,SE Asian & Pacific rainforest,,4582,0.3507,11,325,6,319,5,0.0185,0.5455,0.0357,0.9891,0.3625,0.5306
phase21_B_λ4,tcd_tile_699,Tongan tropical moist forests,SE Asian & Pacific rainforest,,4777,0.3507,244,158,85,73,159,0.538,0.3484,0.4229,0.8585,0.1861,0.3059
phase21_B_λ4,tcd_tile_7,Chilean matorral,Arid / dryland,,358,0.3507,1,5,0,5,1,0.0,0.0,0.0,0.0,0.0,0.0
phase21_B_λ4,tcd_tile_70,English Lowlands beech forests,European forest,,24,0.3507,1,17,1,16,0,0.0588,1.0,0.1111,0.1224,0.879,0.2149
phase21_B_λ4,tcd_tile_700,Pannonian mixed forests,European forest,,2130,0.3507,157,73,47,26,110,0.6438,0.2994,0.4087,0.9379,0.397,0.5579
phase21_B_λ4,tcd_tile_701,Po Basin mixed forests,Other,,196,0.3507,40,75,31,44,9,0.4133,0.775,0.5391,0.5398,0.7252,0.6189
phase21_B_λ4,tcd_tile_702,Eastern Great Lakes lowland forests,N. American forest,,2048,0.3507,111,74,25,49,86,0.3378,0.2252,0.2703,0.5112,0.1511,0.2333
phase21_B_λ4,tcd_tile_703,Southeastern conifer forests,N. American forest,,4774,0.3507,0,31,0,31,0,0.0,0.0,0.0,0.0,0.0,0.0
phase21_B_λ4,tcd_tile_704,Sarmatic mixed forests,European forest,,1319,0.3507,11,101,5,96,6,0.0495,0.4545,0.0893,0.9673,0.0467,0.0891
phase21_B_λ4,tcd_tile_705,Southern Great Lakes forests,N. American forest,,4188,0.3507,34,432,30,402,4,0.0694,0.8824,0.1288,0.9399,0.5613,0.7029
phase21_B_λ4,tcd_tile_706,Central Zambezian Miombo woodlands,Other,,1351,0.3507,45,41,8,33,37,0.1951,0.1778,0.186,0.1386,0.3709,0.2018
phase21_B_λ4,tcd_tile_707,East European forest steppe,European forest,,4902,0.3507,29,177,16,161,13,0.0904,0.5517,0.1553,0.8641,0.3061,0.4521
phase21_B_λ4,tcd_tile_708,Changjiang Plain evergreen forests,Other,,1050,0.3507,216,109,63,46,153,0.578,0.2917,0.3877,0.7709,0.1664,0.2737
phase21_B_λ4,tcd_tile_709,Northeastern coastal forests,N. American forest,,2713,0.3507,24,11,4,7,20,0.3636,0.1667,0.2286,0.6994,0.1354,0.2268
phase21_B_λ4,tcd_tile_71,Northern Zanzibar-Inhambane coastal forest mosaic,African tropical forest,,2091,0.3507,90,211,49,162,41,0.2322,0.5444,0.3256,0.8221,0.3707,0.511
phase21_B_λ4,tcd_tile_710,Iquitos varzeá,Other,,4118,0.3507,17,183,9,174,8,0.0492,0.5294,0.09,0.9873,0.197,0.3285
phase21_B_λ4,tcd_tile_711,East European forest steppe,European forest,,3935,0.3507,120,160,58,102,62,0.3625,0.4833,0.4143,0.748,0.5504,0.6342
phase21_B_λ4,tcd_tile_712,East European forest steppe,European forest,,254,0.3507,81,156,60,96,21,0.3846,0.7407,0.5063,0.7263,0.638,0.6793
phase21_B_λ4,tcd_tile_713,Northern Zanzibar-Inhambane coastal forest mosaic,African tropical forest,,1735,0.3507,3,65,1,64,2,0.0154,0.3333,0.0294,0.999,0.0161,0.0317
phase21_B_λ4,tcd_tile_714,English Lowlands beech forests,European forest,,1119,0.3507,27,75,22,53,5,0.2933,0.8148,0.4314,0.8745,0.3651,0.5151
phase21_B_λ4,tcd_tile_715,East European forest steppe,European forest,,232,0.3507,1,446,1,445,0,0.0022,1.0,0.0045,1.0,0.242,0.3897
phase21_B_λ4,tcd_tile_716,Eastern Guinean forests,African tropical forest,,2706,0.3507,32,144,19,125,13,0.1319,0.5938,0.2159,0.9442,0.4262,0.5873
phase21_B_λ4,tcd_tile_717,Upper Midwest forest-savanna transition,N. American forest,,1685,0.3507,21,67,15,52,6,0.2239,0.7143,0.3409,0.794,0.5564,0.6543
phase21_B_λ4,tcd_tile_718,Northern Zanzibar-Inhambane coastal forest mosaic,African tropical forest,,733,0.3507,117,108,58,50,59,0.537,0.4957,0.5156,0.846,0.2972,0.4399
phase21_B_λ4,tcd_tile_719,Celtic broadleaf forests,European forest,,4288,0.3507,0,12,0,12,0,0.0,0.0,0.0,0.0,0.0,0.0
phase21_B_λ4,tcd_tile_72,Himalayan subtropical broadleaf forests,Other,,4300,0.3507,134,195,85,110,49,0.4359,0.6343,0.5167,0.7569,0.6216,0.6826
phase21_B_λ4,tcd_tile_720,Northern Zanzibar-Inhambane coastal forest mosaic,African tropical forest,,1359,0.3507,117,264,78,186,39,0.2955,0.6667,0.4094,0.8363,0.4145,0.5543
phase21_B_λ4,tcd_tile_721,Middle Atlantic coastal forests,Other,,1881,0.3507,78,190,25,165,53,0.1316,0.3205,0.1866,0.7453,0.3454,0.472
phase21_B_λ4,tcd_tile_722,East European forest steppe,European forest,,3306,0.3507,24,146,18,128,6,0.1233,0.75,0.2118,0.3509,0.3818,0.3657
phase21_B_λ4,tcd_tile_723,Serra do Mar coastal forests,Latin American forest,,4506,0.3507,197,887,60,827,137,0.0676,0.3046,0.1107,0.9053,0.3948,0.5498
phase21_B_λ4,tcd_tile_724,Tongan tropical moist forests,SE Asian & Pacific rainforest,,4388,0.3507,226,97,38,59,188,0.3918,0.1681,0.2353,0.8604,0.1883,0.309
phase21_B_λ4,tcd_tile_725,Sumatran lowland rain forests,SE Asian & Pacific rainforest,,4812,0.3507,178,140,40,100,138,0.2857,0.2247,0.2516,0.6079,0.1009,0.1731
phase21_B_λ4,tcd_tile_726,Appalachian-Blue Ridge forests,N. American forest,,1476,0.3507,53,115,21,94,32,0.1826,0.3962,0.25,0.384,0.5831,0.4631
phase21_B_λ4,tcd_tile_727,Timor and Wetar deciduous forests,SE Asian & Pacific rainforest,,1905,0.3507,138,175,63,112,75,0.36,0.4565,0.4026,0.6673,0.2436,0.3569
phase21_B_λ4,tcd_tile_728,Northern Zanzibar-Inhambane coastal forest mosaic,African tropical forest,,1876,0.3507,220,285,93,192,127,0.3263,0.4227,0.3683,0.9135,0.24,0.3801
phase21_B_λ4,tcd_tile_729,Changjiang Plain evergreen forests,Other,,4803,0.3507,114,88,58,30,56,0.6591,0.5088,0.5743,0.7233,0.3638,0.4841
phase21_B_λ4,tcd_tile_730,Atlantic mixed forests,European forest,,5033,0.3507,15,182,9,173,6,0.0495,0.6,0.0914,0.6847,0.3037,0.4208
phase21_B_λ4,tcd_tile_731,Caucasus mixed forests,European forest,,3827,0.3507,56,2,2,0,54,1.0,0.0357,0.069,0.8478,0.005,0.01
phase21_B_λ4,tcd_tile_732,Mesopotamian shrub desert,Other,,809,0.3507,108,115,87,28,21,0.7565,0.8056,0.7803,0.8407,0.8227,0.8316
phase21_B_λ4,tcd_tile_733,Lesser Sundas deciduous forests,SE Asian & Pacific rainforest,,4641,0.3507,11,566,5,561,6,0.0088,0.4545,0.0173,0.9537,0.4732,0.6325
phase21_B_λ4,tcd_tile_734,Southern Great Lakes forests,N. American forest,,2297,0.3507,10,57,9,48,1,0.1579,0.9,0.2687,0.9028,0.222,0.3563
phase21_B_λ4,tcd_tile_735,Fiji tropical dry forests,Other,,3677,0.3507,81,604,34,570,47,0.0563,0.4198,0.0993,0.9779,0.2535,0.4026
phase21_B_λ4,tcd_tile_736,Northern Zanzibar-Inhambane coastal forest mosaic,African tropical forest,,3083,0.3507,84,221,72,149,12,0.3258,0.8571,0.4721,0.755,0.4889,0.5935
phase21_B_λ4,tcd_tile_737,Veracruz moist forests,Other,,3476,0.3507,24,7,3,4,21,0.4286,0.125,0.1935,0.9378,0.0076,0.0151
phase21_B_λ4,tcd_tile_738,Caucasus mixed forests,European forest,,641,0.3507,27,10,2,8,25,0.2,0.0741,0.1081,0.9968,0.0151,0.0298
phase21_B_λ4,tcd_tile_739,North Central Rockies forests,N. American forest,,1920,0.3507,0,1,0,1,0,0.0,0.0,0.0,0.0,0.0,0.0
phase21_B_λ4,tcd_tile_740,Southern Zanzibar-Inhambane coastal forest mosaic,African tropical forest,,1686,0.3507,19,36,9,27,10,0.25,0.4737,0.3273,0.809,0.226,0.3533
phase21_B_λ4,tcd_tile_741,Pannonian mixed forests,European forest,,2302,0.3507,16,0,0,0,16,0.0,0.0,0.0,0.0,0.0,0.0
phase21_B_λ4,tcd_tile_742,Southeastern conifer forests,N. American forest,,5037,0.3507,0,139,0,139,0,0.0,0.0,0.0,0.0,0.0,0.0
phase21_B_λ4,tcd_tile_743,Central European mixed forests,European forest,,1815,0.3507,14,208,10,198,4,0.0481,0.7143,0.0901,0.961,0.5459,0.6962
phase21_B_λ4,tcd_tile_744,Taiheiyo montane deciduous forests,Other,,4754,0.3507,10,48,1,47,9,0.0208,0.1,0.0345,0.2469,0.391,0.3027
phase21_B_λ4,tcd_tile_745,Petén-Veracruz moist forests,Latin American forest,,2083,0.3507,87,232,49,183,38,0.2112,0.5632,0.3072,0.876,0.4144,0.5627
phase21_B_λ4,tcd_tile_746,Sarmatic mixed forests,European forest,,4760,0.3507,3,440,2,438,1,0.0045,0.6667,0.009,0.9786,0.4332,0.6006
phase21_B_λ4,tcd_tile_747,Northern Zanzibar-Inhambane coastal forest mosaic,African tropical forest,,4039,0.3507,19,10,4,6,15,0.4,0.2105,0.2759,0.5909,0.9246,0.721
phase21_B_λ4,tcd_tile_748,Central European mixed forests,European forest,,275,0.3507,82,324,58,266,24,0.179,0.7073,0.2857,0.9447,0.4442,0.6042
phase21_B_λ4,tcd_tile_749,Northern Anatolian conifer and deciduous forests,Other,,3073,0.3507,312,152,102,50,210,0.6711,0.3269,0.4397,0.5286,0.4435,0.4823
phase21_B_λ4,tcd_tile_750,Central Indochina dry forests,Other,,4549,0.3507,156,236,76,160,80,0.322,0.4872,0.3878,0.7381,0.2039,0.3195
phase21_B_λ4,tcd_tile_751,Sierra Nevada forests,N. American forest,,3619,0.3507,146,62,37,25,109,0.5968,0.2534,0.3558,0.6861,0.447,0.5413
phase21_B_λ4,tcd_tile_752,Sulawesi lowland rain forests,SE Asian & Pacific rainforest,,4987,0.3507,125,277,59,218,66,0.213,0.472,0.2935,0.8404,0.2994,0.4415
phase21_B_λ4,tcd_tile_753,Sarmatic mixed forests,European forest,,1821,0.3507,30,47,11,36,19,0.234,0.3667,0.2857,0.605,0.1371,0.2236
phase21_B_λ4,tcd_tile_754,Hokkaido deciduous forests,Other,,3164,0.3507,8,189,4,185,4,0.0212,0.5,0.0406,0.8276,0.3783,0.5193
phase21_B_λ4,tcd_tile_755,Western Java rain forests,Other,,4463,0.3507,151,140,81,59,70,0.5786,0.5364,0.5567,0.8614,0.474,0.6115
phase21_B_λ4,tcd_tile_756,Luzon rain forests,SE Asian & Pacific rainforest,,3722,0.3507,34,47,13,34,21,0.2766,0.3824,0.321,0.7351,0.2343,0.3553
phase21_B_λ4,tcd_tile_757,Sarmatic mixed forests,European forest,,4411,0.3507,2,9,0,9,2,0.0,0.0,0.0,0.0003,0.0009,0.0004
phase21_B_λ4,tcd_tile_758,Eastern Guinean forests,African tropical forest,,4092,0.3507,17,24,2,22,15,0.0833,0.1176,0.0976,0.0715,0.0472,0.0569
phase21_B_λ4,tcd_tile_759,Northern Zanzibar-Inhambane coastal forest mosaic,African tropical forest,,2310,0.3507,286,186,69,117,217,0.371,0.2413,0.2924,0.8267,0.3041,0.4447
phase21_B_λ4,tcd_tile_76,Madeira-Tapajós moist forests,Latin American forest,,3471,0.3507,2,902,2,900,0,0.0022,1.0,0.0044,0.9962,0.4739,0.6422
phase21_B_λ4,tcd_tile_760,Bahia coastal forests,Latin American forest,,3624,0.3507,7,374,1,373,6,0.0027,0.1429,0.0052,0.9874,0.2865,0.4442
phase21_B_λ4,tcd_tile_761,Middle Atlantic coastal forests,Other,,3195,0.3507,84,84,16,68,68,0.1905,0.1905,0.1905,0.2385,0.4147,0.3028
phase21_B_λ4,tcd_tile_762,Pannonian mixed forests,European forest,,3579,0.3507,15,79,3,76,12,0.038,0.2,0.0638,0.9736,0.2298,0.3718
phase21_B_λ4,tcd_tile_763,Caucasus mixed forests,European forest,,2195,0.3507,14,0,0,0,14,0.0,0.0,0.0,0.0,0.0,0.0
phase21_B_λ4,tcd_tile_764,Northeastern coastal forests,N. American forest,,2705,0.3507,209,73,39,34,170,0.5342,0.1866,0.2766,0.8384,0.3191,0.4622
phase21_B_λ4,tcd_tile_765,Appalachian-Blue Ridge forests,N. American forest,,2605,0.3507,140,114,40,74,100,0.3509,0.2857,0.315,0.4786,0.403,0.4376
phase21_B_λ4,tcd_tile_766,Balkan mixed forests,European forest,,3614,0.3507,28,79,19,60,9,0.2405,0.6786,0.3551,0.9431,0.3466,0.5069
phase21_B_λ4,tcd_tile_767,Cerrado,Latin American forest,,1211,0.3507,20,419,13,406,7,0.031,0.65,0.0592,0.9407,0.4621,0.6198
phase21_B_λ4,tcd_tile_768,Tongan tropical moist forests,SE Asian & Pacific rainforest,,4260,0.3507,108,68,28,40,80,0.4118,0.2593,0.3182,0.7819,0.1417,0.24
phase21_B_λ4,tcd_tile_769,Lesser Sundas deciduous forests,SE Asian & Pacific rainforest,,2991,0.3507,8,304,3,301,5,0.0099,0.375,0.0192,0.9839,0.1599,0.2751
phase21_B_λ4,tcd_tile_77,Taiwan subtropical evergreen forests,SE Asian & Pacific rainforest,,3539,0.3507,172,85,42,43,130,0.4941,0.2442,0.3268,0.6627,0.5758,0.6162
phase21_B_λ4,tcd_tile_770,Taiheiyo evergreen forests,Other,,467,0.3507,46,29,15,14,31,0.5172,0.3261,0.4,0.6981,0.5644,0.6242
phase21_B_λ4,tcd_tile_771,Bolivian montane dry forests,Latin American forest,,4957,0.3507,49,221,15,206,34,0.0679,0.3061,0.1111,0.075,0.4824,0.1299
phase21_B_λ4,tcd_tile_772,Celtic broadleaf forests,European forest,,3806,0.3507,14,33,4,29,10,0.1212,0.2857,0.1702,0.4276,0.2259,0.2956
phase21_B_λ4,tcd_tile_773,Northern Zanzibar-Inhambane coastal forest mosaic,African tropical forest,,2712,0.3507,46,808,37,771,9,0.0458,0.8043,0.0867,0.8087,0.4987,0.617
phase21_B_λ4,tcd_tile_774,Nigerian lowland forests,African tropical forest,,4472,0.3507,0,96,0,96,0,0.0,0.0,0.0,0.0,0.0,0.0
phase21_B_λ4,tcd_tile_775,Pontic steppe,Other,,1358,0.3507,165,152,78,74,87,0.5132,0.4727,0.4921,0.7639,0.5783,0.6583
phase21_B_λ4,tcd_tile_776,Mizoram-Manipur-Kachin rain forests,SE Asian & Pacific rainforest,,4276,0.3507,0,119,0,119,0,0.0,0.0,0.0,0.0,0.0,0.0
phase21_B_λ4,tcd_tile_777,Mindanao-Eastern Visayas rain forests,SE Asian & Pacific rainforest,,3872,0.3507,28,67,12,55,16,0.1791,0.4286,0.2526,0.3186,0.2572,0.2847
phase21_B_λ4,tcd_tile_778,Hispaniolan dry forests,Other,,4804,0.3507,107,160,51,109,56,0.3187,0.4766,0.382,0.8505,0.4527,0.5909
phase21_B_λ4,tcd_tile_779,Eastern forest-boreal transition,Other,,2084,0.3507,12,192,3,189,9,0.0156,0.25,0.0294,0.9941,0.3911,0.5614
phase21_B_λ4,tcd_tile_78,Madeira-Tapajós moist forests,Latin American forest,,1113,0.3507,1,1033,1,1032,0,0.001,1.0,0.0019,1.0,0.4607,0.6308
phase21_B_λ4,tcd_tile_780,Northwestern Andean montane forests,Latin American forest,,3711,0.3507,77,83,18,65,59,0.2169,0.2338,0.225,0.3248,0.1862,0.2367
phase21_B_λ4,tcd_tile_781,Sarmatic mixed forests,European forest,,522,0.3507,146,112,52,60,94,0.4643,0.3562,0.4031,0.5709,0.3124,0.4038
phase21_B_λ4,tcd_tile_782,,Other,,5072,0.3507,0,67,0,67,0,0.0,0.0,0.0,0.0,0.0,0.0
phase21_B_λ4,tcd_tile_783,Sumatran lowland rain forests,SE Asian & Pacific rainforest,,1591,0.3507,20,331,3,328,17,0.0091,0.15,0.0171,0.9725,0.1867,0.3133
phase21_B_λ4,tcd_tile_784,Southern Great Lakes forests,N. American forest,,1255,0.3507,15,19,3,16,12,0.1579,0.2,0.1765,0.4592,0.3178,0.3756
phase21_B_λ4,tcd_tile_785,Western Java montane rain forests,Other,,1546,0.3507,219,92,13,79,206,0.1413,0.0594,0.0836,0.8181,0.1286,0.2223
phase21_B_λ4,tcd_tile_786,Scandinavian coastal conifer forests,Other,,2604,0.3507,12,239,9,230,3,0.0377,0.75,0.0717,0.6421,0.3261,0.4325
phase21_B_λ4,tcd_tile_787,Granitic Seychelles forests,Other,,1203,0.3507,151,812,54,758,97,0.0665,0.3576,0.1121,0.9631,0.4378,0.602
phase21_B_λ4,tcd_tile_788,Northern Zanzibar-Inhambane coastal forest mosaic,African tropical forest,,4143,0.3507,104,221,79,142,25,0.3575,0.7596,0.4862,0.6352,0.7127,0.6717
phase21_B_λ4,tcd_tile_789,Western European broadleaf forests,European forest,,4768,0.3507,5,17,3,14,2,0.1765,0.6,0.2727,0.9947,0.0653,0.1226
phase21_B_λ4,tcd_tile_79,Greater Negros-Panay rain forests,SE Asian & Pacific rainforest,,3056,0.3507,75,69,25,44,50,0.3623,0.3333,0.3472,0.9309,0.2981,0.4516
phase21_B_λ4,tcd_tile_790,Northern California coastal forests,N. American forest,,3743,0.3507,5,7,1,6,4,0.1429,0.2,0.1667,0.9982,0.0068,0.0135
phase21_B_λ4,tcd_tile_791,Southern Zanzibar-Inhambane coastal forest mosaic,African tropical forest,,2623,0.3507,90,49,31,18,59,0.6327,0.3444,0.446,0.911,0.3671,0.5234
phase21_B_λ4,tcd_tile_792,Eastern Great Lakes lowland forests,N. American forest,,2845,0.3507,75,45,8,37,67,0.1778,0.1067,0.1333,0.4336,0.0794,0.1342
phase21_B_λ4,tcd_tile_793,Western European broadleaf forests,European forest,,2508,0.3507,37,13,10,3,27,0.7692,0.2703,0.4,0.9756,0.1793,0.3029
phase21_B_λ4,tcd_tile_794,Northeastern coastal forests,N. American forest,,2047,0.3507,98,23,8,15,90,0.3478,0.0816,0.1322,0.8905,0.5648,0.6912
phase21_B_λ4,tcd_tile_795,Sierra Nevada forests,N. American forest,,997,0.3507,151,152,121,31,30,0.7961,0.8013,0.7987,0.851,0.7348,0.7887
phase21_B_λ4,tcd_tile_796,Luzon rain forests,SE Asian & Pacific rainforest,,729,0.3507,202,175,93,82,109,0.5314,0.4604,0.4934,0.6362,0.4159,0.503
phase21_B_λ4,tcd_tile_797,Palawan rain forests,SE Asian & Pacific rainforest,,4207,0.3507,6,232,5,227,1,0.0216,0.8333,0.042,0.9986,0.1537,0.2663
phase21_B_λ4,tcd_tile_798,North Central Rockies forests,N. American forest,,1388,0.3507,1,253,1,252,0,0.004,1.0,0.0079,0.9981,0.1271,0.2255
phase21_B_λ4,tcd_tile_799,Vanuatu rain forests,Other,,1513,0.3507,20,35,2,33,18,0.0571,0.1,0.0727,0.2836,0.0185,0.0348
phase21_B_λ4,tcd_tile_8,West Sudanian savanna,Arid / dryland,,336,0.3507,111,75,46,29,65,0.6133,0.4144,0.4946,0.8993,0.5141,0.6542
phase21_B_λ4,tcd_tile_800,Tongan tropical moist forests,SE Asian & Pacific rainforest,,4922,0.3507,137,106,36,70,101,0.3396,0.2628,0.2963,0.6725,0.0898,0.1585
phase21_B_λ4,tcd_tile_801,Mesopotamian shrub desert,Other,,1059,0.3507,328,404,275,129,53,0.6807,0.8384,0.7514,0.8379,0.7878,0.8121
phase21_B_λ4,tcd_tile_802,East European forest steppe,European forest,,3925,0.3507,124,145,66,79,58,0.4552,0.5323,0.4907,0.7487,0.4252,0.5424
phase21_B_λ4,tcd_tile_803,Celtic broadleaf forests,European forest,,4020,0.3507,14,3,2,1,12,0.6667,0.1429,0.2353,0.6884,0.0199,0.0387
phase21_B_λ4,tcd_tile_804,Taiheiyo evergreen forests,Other,,2136,0.3507,150,86,44,42,106,0.5116,0.2933,0.3729,0.7413,0.6721,0.705
phase21_B_λ4,tcd_tile_805,Northern Zanzibar-Inhambane coastal forest mosaic,African tropical forest,,2197,0.3507,1,822,1,821,0,0.0012,1.0,0.0024,0.9999,0.3986,0.57
phase21_B_λ4,tcd_tile_806,Northeastern coastal forests,N. American forest,,1817,0.3507,35,22,11,11,24,0.5,0.3143,0.386,0.8583,0.1679,0.2809
phase21_B_λ4,tcd_tile_807,Southern Zanzibar-Inhambane coastal forest mosaic,African tropical forest,,1514,0.3507,60,37,23,14,37,0.6216,0.3833,0.4742,0.8689,0.216,0.346
phase21_B_λ4,tcd_tile_808,Himalayan subtropical broadleaf forests,Other,,4314,0.3507,56,72,28,44,28,0.3889,0.5,0.4375,0.5359,0.2691,0.3583
phase21_B_λ4,tcd_tile_809,Vanuatu rain forests,Other,,3050,0.3507,12,45,3,42,9,0.0667,0.25,0.1053,0.8693,0.0219,0.0427
phase21_B_λ4,tcd_tile_810,Mindanao-Eastern Visayas rain forests,SE Asian & Pacific rainforest,,4787,0.3507,19,155,4,151,15,0.0258,0.2105,0.046,0.9834,0.1654,0.2831
phase21_B_λ4,tcd_tile_811,Celtic broadleaf forests,European forest,,3974,0.3507,37,102,15,87,22,0.1471,0.4054,0.2158,0.965,0.3323,0.4944
phase21_B_λ4,tcd_tile_812,Cerrado,Latin American forest,,47,0.3507,0,0,0,0,0,0.0,0.0,0.0,0.0,0.0,0.0
phase21_B_λ4,tcd_tile_813,Northern California coastal forests,N. American forest,,1442,0.3507,1,3,0,3,1,0.0,0.0,0.0,0.0,0.0,0.0
phase21_B_λ4,tcd_tile_814,Northern Zanzibar-Inhambane coastal forest mosaic,African tropical forest,,541,0.3507,216,103,56,47,160,0.5437,0.2593,0.3511,0.8111,0.4466,0.576
phase21_B_λ4,tcd_tile_815,Northern Zanzibar-Inhambane coastal forest mosaic,African tropical forest,,451,0.3507,309,423,201,222,108,0.4752,0.6505,0.5492,0.8464,0.5243,0.6475
phase21_B_λ4,tcd_tile_816,Eastern Guinean forests,African tropical forest,,4321,0.3507,127,163,36,127,91,0.2209,0.2835,0.2483,0.9434,0.4097,0.5713
phase21_B_λ4,tcd_tile_817,Central European mixed forests,European forest,,3271,0.3507,44,91,27,64,17,0.2967,0.6136,0.4,0.8538,0.3723,0.5185
phase21_B_λ4,tcd_tile_818,,Other,,1862,0.3507,55,19,12,7,43,0.6316,0.2182,0.3243,0.7281,0.0882,0.1573
phase21_B_λ4,tcd_tile_819,Caucasus mixed forests,European forest,,4817,0.3507,45,175,27,148,18,0.1543,0.6,0.2455,0.9736,0.3443,0.5087
phase21_B_λ4,tcd_tile_820,Magdalena Valley montane forests,Other,,2597,0.3507,255,130,68,62,187,0.5231,0.2667,0.3532,0.6845,0.4741,0.5602
phase21_B_λ4,tcd_tile_821,Northeastern coastal forests,N. American forest,,2137,0.3507,4,267,4,263,0,0.015,1.0,0.0295,0.9408,0.3051,0.4608
phase21_B_λ4,tcd_tile_822,North Island temperate forests,Other,,673,0.3507,3,15,3,12,0,0.2,1.0,0.3333,0.9857,0.0705,0.1317
phase21_B_λ4,tcd_tile_823,Uatuma-Trombetas moist forests,Latin American forest,,1410,0.3507,1,20,1,19,0,0.05,1.0,0.0952,0.9294,0.0436,0.0832
phase21_B_λ4,tcd_tile_824,Luzon rain forests,SE Asian & Pacific rainforest,,3417,0.3507,9,8,4,4,5,0.5,0.4444,0.4706,0.4738,0.7362,0.5765
phase21_B_λ4,tcd_tile_825,Northern Zanzibar-Inhambane coastal forest mosaic,African tropical forest,,4262,0.3507,4,3,0,3,4,0.0,0.0,0.0,0.0,0.0,0.0
phase21_B_λ4,tcd_tile_826,Changjiang Plain evergreen forests,Other,,583,0.3507,294,157,141,16,153,0.8981,0.4796,0.6253,0.8778,0.4662,0.609
phase21_B_λ4,tcd_tile_827,North Central Rockies forests,N. American forest,,4283,0.3507,5,5,2,3,3,0.4,0.4,0.4,0.4152,0.2647,0.3233
phase21_B_λ4,tcd_tile_828,Northern Zanzibar-Inhambane coastal forest mosaic,African tropical forest,,1800,0.3507,196,112,85,27,111,0.7589,0.4337,0.5519,0.8223,0.3332,0.4743
phase21_B_λ4,tcd_tile_829,Bajío dry forests,Other,,1797,0.3507,301,167,87,80,214,0.521,0.289,0.3718,0.572,0.4446,0.5003
phase21_B_λ4,tcd_tile_83,Northern Zanzibar-Inhambane coastal forest mosaic,African tropical forest,,654,0.3507,102,77,34,43,68,0.4416,0.3333,0.3799,0.8048,0.0852,0.154
phase21_B_λ4,tcd_tile_830,,Other,,224,0.3507,6,0,0,0,6,0.0,0.0,0.0,0.0,0.0,0.0
phase21_B_λ4,tcd_tile_831,Mindanao-Eastern Visayas rain forests,SE Asian & Pacific rainforest,,1613,0.3507,134,75,23,52,111,0.3067,0.1716,0.2201,0.8834,0.0681,0.1265
phase21_B_λ4,tcd_tile_832,California coastal sage and chaparral,Other,,143,0.3507,52,191,38,153,14,0.199,0.7308,0.3128,0.7765,0.4723,0.5873
phase21_B_λ4,tcd_tile_833,Bahia coastal forests,Latin American forest,,4127,0.3507,2,168,2,166,0,0.0119,1.0,0.0235,0.9983,0.1625,0.2796
phase21_B_λ4,tcd_tile_834,Nigerian lowland forests,African tropical forest,,4748,0.3507,18,50,8,42,10,0.16,0.4444,0.2353,0.1124,0.7041,0.1939
phase21_B_λ4,tcd_tile_835,Luzon rain forests,SE Asian & Pacific rainforest,,3093,0.3507,0,1,0,1,0,0.0,0.0,0.0,0.0,0.0,0.0
phase21_B_λ4,tcd_tile_836,Northern Zanzibar-Inhambane coastal forest mosaic,African tropical forest,,2120,0.3507,166,243,82,161,84,0.3374,0.494,0.401,0.5696,0.4909,0.5273
phase21_B_λ4,tcd_tile_837,Southeastern mixed forests,N. American forest,,1352,0.3507,161,119,98,21,63,0.8235,0.6087,0.7,0.8561,0.4354,0.5772
phase21_B_λ4,tcd_tile_838,Atlantic mixed forests,European forest,,1790,0.3507,5,4,3,1,2,0.75,0.6,0.6667,0.958,0.156,0.2683
phase21_B_λ4,tcd_tile_839,California coastal sage and chaparral,Other,,969,0.3507,15,62,13,49,2,0.2097,0.8667,0.3377,0.3991,0.6329,0.4895
phase21_B_λ4,tcd_tile_84,Southern Zanzibar-Inhambane coastal forest mosaic,African tropical forest,,3371,0.3507,128,116,56,60,72,0.4828,0.4375,0.459,0.8804,0.2809,0.4259
phase21_B_λ4,tcd_tile_840,Atlantic mixed forests,European forest,,236,0.3507,49,45,21,24,28,0.4667,0.4286,0.4468,0.7075,0.2549,0.3748
phase21_B_λ4,tcd_tile_841,Vanuatu rain forests,Other,,3328,0.3507,73,44,22,22,51,0.5,0.3014,0.3761,0.4737,0.0308,0.0578
phase21_B_λ4,tcd_tile_842,Balkan mixed forests,European forest,,2787,0.3507,119,99,65,34,54,0.6566,0.5462,0.5963,0.7916,0.5971,0.6807
phase21_B_λ4,tcd_tile_843,Sierra Nevada forests,N. American forest,,3275,0.3507,25,9,2,7,23,0.2222,0.08,0.1176,0.095,0.1334,0.1109
phase21_B_λ4,tcd_tile_844,Appalachian mixed mesophytic forests,Other,,3268,0.3507,0,12,0,12,0,0.0,0.0,0.0,0.0,0.0,0.0
phase21_B_λ4,tcd_tile_845,Caucasus mixed forests,European forest,,2378,0.3507,3,1,1,0,2,1.0,0.3333,0.5,0.9826,0.0034,0.0068
phase21_B_λ4,tcd_tile_846,Balkan mixed forests,European forest,,4784,0.3507,96,62,44,18,52,0.7097,0.4583,0.557,0.9246,0.5783,0.7116
phase21_B_λ4,tcd_tile_847,Bolivian Yungas,Other,,4011,0.3507,80,77,45,32,35,0.5844,0.5625,0.5732,0.6623,0.7295,0.6943
phase21_B_λ4,tcd_tile_848,Central U.S. hardwood forests,N. American forest,,3286,0.3507,43,59,15,44,28,0.2542,0.3488,0.2941,0.9132,0.1466,0.2526
phase21_B_λ4,tcd_tile_849,Caucasus mixed forests,European forest,,899,0.3507,120,18,7,11,113,0.3889,0.0583,0.1014,0.9813,0.0396,0.0761
phase21_B_λ4,tcd_tile_85,Mato Grosso seasonal forests,Latin American forest,,3779,0.3507,37,190,30,160,7,0.1579,0.8108,0.2643,0.8755,0.5132,0.6471
phase21_B_λ4,tcd_tile_850,Northeastern coastal forests,N. American forest,,4049,0.3507,74,52,28,24,46,0.5385,0.3784,0.4444,0.8277,0.2632,0.3994
phase21_B_λ4,tcd_tile_851,Bolivian montane dry forests,Latin American forest,,4552,0.3507,70,237,27,210,43,0.1139,0.3857,0.1759,0.2263,0.4454,0.3001
phase21_B_λ4,tcd_tile_852,Tigris-Euphrates alluvial salt marsh,Other,,458,0.3507,59,74,19,55,40,0.2568,0.322,0.2857,0.3438,0.7528,0.4721
phase21_B_λ4,tcd_tile_853,Nigerian lowland forests,African tropical forest,,2559,0.3507,31,49,5,44,26,0.102,0.1613,0.125,0.1157,0.0846,0.0977
phase21_B_λ4,tcd_tile_854,Alps conifer and mixed forests,European forest,,4483,0.3507,1,2,0,2,1,0.0,0.0,0.0,0.0,0.0,0.0
phase21_B_λ4,tcd_tile_855,Nigerian lowland forests,African tropical forest,,4381,0.3507,25,74,11,63,14,0.1486,0.44,0.2222,0.2042,0.3884,0.2677
phase21_B_λ4,tcd_tile_856,New England-Acadian forests,N. American forest,,1397,0.3507,14,156,4,152,10,0.0256,0.2857,0.0471,0.984,0.2465,0.3942
phase21_B_λ4,tcd_tile_857,Celtic broadleaf forests,European forest,,3367,0.3507,35,28,9,19,26,0.3214,0.2571,0.2857,0.3891,0.1239,0.188
phase21_B_λ4,tcd_tile_858,Central U.S. hardwood forests,N. American forest,,3183,0.3507,76,82,33,49,43,0.4024,0.4342,0.4177,0.7359,0.2524,0.3759
phase21_B_λ4,tcd_tile_859,Southeastern mixed forests,N. American forest,,3763,0.3507,15,117,7,110,8,0.0598,0.4667,0.1061,0.9485,0.3614,0.5234
phase21_B_λ4,tcd_tile_860,Luzon rain forests,SE Asian & Pacific rainforest,,1851,0.3507,1,0,0,0,1,0.0,0.0,0.0,0.0,0.0,0.0
phase21_B_λ4,tcd_tile_861,Tongan tropical moist forests,SE Asian & Pacific rainforest,,4810,0.3507,286,96,48,48,238,0.5,0.1678,0.2513,0.3486,0.1974,0.252
phase21_B_λ4,tcd_tile_862,South Siberian forest steppe,Other,,571,0.3507,39,117,25,92,14,0.2137,0.641,0.3205,0.6937,0.628,0.6592
phase21_B_λ4,tcd_tile_863,Northern Zanzibar-Inhambane coastal forest mosaic,African tropical forest,,1253,0.3507,126,61,45,16,81,0.7377,0.3571,0.4813,0.8131,0.4381,0.5694
phase21_B_λ4,tcd_tile_864,Araucaria moist forests,Other,,3247,0.3507,71,133,33,100,38,0.2481,0.4648,0.3235,0.8236,0.3549,0.496
phase21_B_λ4,tcd_tile_865,Balkan mixed forests,European forest,,3815,0.3507,94,168,72,96,22,0.4286,0.766,0.5496,0.8663,0.5025,0.636
phase21_B_λ4,tcd_tile_866,Sarmatic mixed forests,European forest,,1826,0.3507,1,57,1,56,0,0.0175,1.0,0.0345,0.9144,0.1611,0.2739
phase21_B_λ4,tcd_tile_867,Northern Zanzibar-Inhambane coastal forest mosaic,African tropical forest,,1516,0.3507,44,288,38,250,6,0.1319,0.8636,0.2289,0.934,0.2778,0.4283
phase21_B_λ4,tcd_tile_868,Upper Midwest forest-savanna transition,N. American forest,,3654,0.3507,54,105,24,81,30,0.2286,0.4444,0.3019,0.6679,0.3843,0.4879
phase21_B_λ4,tcd_tile_869,Luzon rain forests,SE Asian & Pacific rainforest,,2766,0.3507,0,7,0,7,0,0.0,0.0,0.0,0.0,0.0,0.0
phase21_B_λ4,tcd_tile_87,Sumatran lowland rain forests,SE Asian & Pacific rainforest,,3403,0.3507,200,162,93,69,107,0.5741,0.465,0.5138,0.7581,0.3913,0.5162
phase21_B_λ4,tcd_tile_870,Taiheiyo evergreen forests,Other,,2095,0.3507,107,344,29,315,78,0.0843,0.271,0.1286,0.9081,0.3299,0.484
phase21_B_λ4,tcd_tile_871,Peruvian Yungas,Latin American forest,,2780,0.3507,24,24,4,20,20,0.1667,0.1667,0.1667,0.0581,0.132,0.0807
phase21_B_λ4,tcd_tile_872,East European forest steppe,European forest,,2035,0.3507,10,91,4,87,6,0.044,0.4,0.0792,0.9483,0.1896,0.316
phase21_B_λ4,tcd_tile_873,Nihonkai montane deciduous forests,Other,,4750,0.3507,10,44,7,37,3,0.1591,0.7,0.2593,0.9695,0.0369,0.0711
phase21_B_λ4,tcd_tile_874,Greater Negros-Panay rain forests,SE Asian & Pacific rainforest,,3302,0.3507,99,32,17,15,82,0.5312,0.1717,0.2595,0.8629,0.1446,0.2477
phase21_B_λ4,tcd_tile_875,Northeastern Spain and Southern France Mediterranean forests,Other,,925,0.3507,529,373,239,134,290,0.6408,0.4518,0.5299,0.8384,0.3321,0.4758
phase21_B_λ4,tcd_tile_876,Luzon rain forests,SE Asian & Pacific rainforest,,1902,0.3507,101,125,71,54,30,0.568,0.703,0.6283,0.9117,0.5264,0.6674
phase21_B_λ4,tcd_tile_877,,Other,,898,0.3507,28,14,6,8,22,0.4286,0.2143,0.2857,0.8571,0.2268,0.3587
phase21_B_λ4,tcd_tile_878,Central Indochina dry forests,Other,,5062,0.3507,100,282,56,226,44,0.1986,0.56,0.2932,0.8441,0.251,0.3869
phase21_B_λ4,tcd_tile_879,Nigerian lowland forests,African tropical forest,,2150,0.3507,1,81,0,81,1,0.0,0.0,0.0,0.0,0.0,0.0
phase21_B_λ4,tcd_tile_880,Northern Zanzibar-Inhambane coastal forest mosaic,African tropical forest,,3314,0.3507,1,77,1,76,0,0.013,1.0,0.0256,1.0,0.1175,0.2103
phase21_B_λ4,tcd_tile_881,Eastern forest-boreal transition,Other,,2677,0.3507,1,956,1,955,0,0.001,1.0,0.0021,0.9999,0.365,0.5348
phase21_B_λ4,tcd_tile_882,"Sao Tome, Principe and Annobon moist lowland forests",Other,,2595,0.3507,3,360,3,357,0,0.0083,1.0,0.0165,0.9943,0.4677,0.6362
phase21_B_λ4,tcd_tile_883,,Other,,1941,0.3507,0,29,0,29,0,0.0,0.0,0.0,0.0,0.0,0.0
phase21_B_λ4,tcd_tile_884,Luzon rain forests,SE Asian & Pacific rainforest,,487,0.3507,52,23,17,6,35,0.7391,0.3269,0.4533,0.8442,0.3402,0.4849
phase21_B_λ4,tcd_tile_885,Serra do Mar coastal forests,Latin American forest,,4963,0.3507,120,388,52,336,68,0.134,0.4333,0.2047,0.712,0.3761,0.4922
phase21_B_λ4,tcd_tile_886,Northern Zanzibar-Inhambane coastal forest mosaic,African tropical forest,,4138,0.3507,73,403,31,372,42,0.0769,0.4247,0.1303,0.9677,0.3405,0.5037
phase21_B_λ4,tcd_tile_887,Central Indochina dry forests,Other,,4291,0.3507,82,635,72,563,10,0.1134,0.878,0.2008,0.9058,0.4925,0.6381
phase21_B_λ4,tcd_tile_888,Northern Zanzibar-Inhambane coastal forest mosaic,African tropical forest,,2314,0.3507,90,166,83,83,7,0.5,0.9222,0.6484,0.535,0.8155,0.6461
phase21_B_λ4,tcd_tile_889,Luzon rain forests,SE Asian & Pacific rainforest,,13,0.3507,27,264,8,256,19,0.0303,0.2963,0.055,0.9817,0.3092,0.4703
phase21_B_λ4,tcd_tile_89,Balkan mixed forests,European forest,,2879,0.3507,91,197,55,142,36,0.2792,0.6044,0.3819,0.9432,0.4558,0.6146
phase21_B_λ4,tcd_tile_890,Northern Zanzibar-Inhambane coastal forest mosaic,African tropical forest,,2612,0.3507,173,146,68,78,105,0.4658,0.3931,0.4263,0.6801,0.3479,0.4603
phase21_B_λ4,tcd_tile_891,Timor and Wetar deciduous forests,SE Asian & Pacific rainforest,,3587,0.3507,191,102,45,57,146,0.4412,0.2356,0.3072,0.4256,0.4117,0.4185
phase21_B_λ4,tcd_tile_892,Sulawesi lowland rain forests,SE Asian & Pacific rainforest,,3660,0.3507,110,135,45,90,65,0.3333,0.4091,0.3673,0.6523,0.1846,0.2878
phase21_B_λ4,tcd_tile_893,Balkan mixed forests,European forest,,4366,0.3507,37,25,10,15,27,0.4,0.2703,0.3226,0.8888,0.4375,0.5864
phase21_B_λ4,tcd_tile_894,Southern Zanzibar-Inhambane coastal forest mosaic,African tropical forest,,4622,0.3507,117,76,49,27,68,0.6447,0.4188,0.5078,0.7923,0.6103,0.6895
phase21_B_λ4,tcd_tile_895,Balkan mixed forests,European forest,,1481,0.3507,49,122,34,88,15,0.2787,0.6939,0.3977,0.7699,0.3747,0.5041
phase21_B_λ4,tcd_tile_896,Central European mixed forests,European forest,,3945,0.3507,36,34,11,23,25,0.3235,0.3056,0.3143,0.6635,0.0674,0.1224
phase21_B_λ4,tcd_tile_897,,Other,,720,0.3507,62,52,22,30,40,0.4231,0.3548,0.386,0.3187,0.3084,0.3135
phase21_B_λ4,tcd_tile_898,Lake,Other,,378,0.3507,0,57,0,57,0,0.0,0.0,0.0,0.0,0.0,0.0
phase21_B_λ4,tcd_tile_899,Changjiang Plain evergreen forests,Other,,3155,0.3507,113,39,25,14,88,0.641,0.2212,0.3289,0.88,0.0819,0.1499
phase21_B_λ4,tcd_tile_9,West Sudanian savanna,Arid / dryland,,659,0.3507,48,145,30,115,18,0.2069,0.625,0.3109,0.7579,0.2871,0.4164
phase21_B_λ4,tcd_tile_90,Eastern Java-Bali rain forests,SE Asian & Pacific rainforest,,4852,0.3507,92,190,13,177,79,0.0684,0.1413,0.0922,0.8771,0.1736,0.2898
phase21_B_λ4,tcd_tile_900,Western Guinean lowland forests,African tropical forest,,423,0.3507,85,204,60,144,25,0.2941,0.7059,0.4152,0.3307,0.6537,0.4392
phase21_B_λ4,tcd_tile_901,Northeastern coastal forests,N. American forest,,3147,0.3507,98,110,58,52,40,0.5273,0.5918,0.5577,0.83,0.3593,0.5015
phase21_B_λ4,tcd_tile_902,Hokkaido deciduous forests,Other,,3253,0.3507,10,4,2,2,8,0.5,0.2,0.2857,0.887,0.0268,0.052
phase21_B_λ4,tcd_tile_903,Southern Zanzibar-Inhambane coastal forest mosaic,African tropical forest,,270,0.3507,68,209,40,169,28,0.1914,0.5882,0.2888,0.8632,0.4216,0.5665
phase21_B_λ4,tcd_tile_904,Northern Zanzibar-Inhambane coastal forest mosaic,African tropical forest,,5059,0.3507,398,617,325,292,73,0.5267,0.8166,0.6404,0.8294,0.6357,0.7197
phase21_B_λ4,tcd_tile_905,Sarmatic mixed forests,European forest,,233,0.3507,5,2,0,2,5,0.0,0.0,0.0,0.0,0.0,0.0
phase21_B_λ4,tcd_tile_906,Southern Pacific dry forests,Other,,2939,0.3507,86,114,28,86,58,0.2456,0.3256,0.28,0.8467,0.2207,0.3501
phase21_B_λ4,tcd_tile_907,,Other,,6,0.3507,106,69,35,34,71,0.5072,0.3302,0.4,0.6232,0.4456,0.5197
phase21_B_λ4,tcd_tile_908,Southern Annamites montane rain forests,Other,,975,0.3507,11,616,8,608,3,0.013,0.7273,0.0255,0.9058,0.4119,0.5663
phase21_B_λ4,tcd_tile_909,Luzon rain forests,SE Asian & Pacific rainforest,,2394,0.3507,0,5,0,5,0,0.0,0.0,0.0,0.0,0.0,0.0
phase21_B_λ4,tcd_tile_91,Caucasus mixed forests,European forest,,2946,0.3507,1,0,0,0,1,0.0,0.0,0.0,0.0,0.0,0.0
phase21_B_λ4,tcd_tile_910,Caucasus mixed forests,European forest,,2124,0.3507,6,1,1,0,5,1.0,0.1667,0.2857,1.0,0.0066,0.0132
phase21_B_λ4,tcd_tile_911,Nigerian lowland forests,African tropical forest,,4505,0.3507,31,44,8,36,23,0.1818,0.2581,0.2133,0.1173,0.2964,0.1681
phase21_B_λ4,tcd_tile_912,Timor and Wetar deciduous forests,SE Asian & Pacific rainforest,,2963,0.3507,141,264,101,163,40,0.3826,0.7163,0.4988,0.7335,0.4306,0.5427
phase21_B_λ4,tcd_tile_913,Lake,Other,,698,0.3507,8,60,8,52,0,0.1333,1.0,0.2353,0.6301,0.6016,0.6155
phase21_B_λ4,tcd_tile_914,North Central Rockies forests,N. American forest,,2873,0.3507,151,250,89,161,62,0.356,0.5894,0.4439,0.4942,0.4571,0.475
phase21_B_λ4,tcd_tile_915,Eastern forest-boreal transition,Other,,1943,0.3507,11,872,2,870,9,0.0023,0.1818,0.0045,0.9682,0.405,0.5711
phase21_B_λ4,tcd_tile_916,Taiwan subtropical evergreen forests,SE Asian & Pacific rainforest,,2245,0.3507,56,227,36,191,20,0.1586,0.6429,0.2544,0.6087,0.2868,0.3899
phase21_B_λ4,tcd_tile_917,Northern Zanzibar-Inhambane coastal forest mosaic,African tropical forest,,3270,0.3507,74,435,39,396,35,0.0897,0.527,0.1532,0.9862,0.415,0.5841
phase21_B_λ4,tcd_tile_918,Humid Pampas,Other,,511,0.3507,17,53,15,38,2,0.283,0.8824,0.4286,0.4754,0.7174,0.5718
phase21_B_λ4,tcd_tile_919,Irrawaddy moist deciduous forests,Other,,1128,0.3507,33,61,11,50,22,0.1803,0.3333,0.234,0.9458,0.1902,0.3167
phase21_B_λ4,tcd_tile_92,Eastern Guinean forests,African tropical forest,,1424,0.3507,67,204,3,201,64,0.0147,0.0448,0.0221,0.9742,0.1651,0.2823
phase21_B_λ4,tcd_tile_920,Sundaland heath forests,Other,,3228,0.3507,338,201,73,128,265,0.3632,0.216,0.2709,0.9055,0.4654,0.6148
phase21_B_λ4,tcd_tile_921,East European forest steppe,European forest,,391,0.3507,128,264,83,181,45,0.3144,0.6484,0.4235,0.7338,0.4259,0.539
phase21_B_λ4,tcd_tile_922,Iquitos varzeá,Other,,3281,0.3507,7,413,4,409,3,0.0097,0.5714,0.019,0.9969,0.3161,0.48
phase21_B_λ4,tcd_tile_923,Northern Zanzibar-Inhambane coastal forest mosaic,African tropical forest,,1320,0.3507,119,91,37,54,82,0.4066,0.3109,0.3524,0.6829,0.3636,0.4746
phase21_B_λ4,tcd_tile_924,Sierra Nevada forests,N. American forest,,4728,0.3507,60,55,37,18,23,0.6727,0.6167,0.6435,0.7874,0.624,0.6962
phase21_B_λ4,tcd_tile_925,Balkan mixed forests,European forest,,768,0.3507,21,416,12,404,9,0.0288,0.5714,0.0549,0.942,0.5159,0.6667
phase21_B_λ4,tcd_tile_926,Hispaniolan moist forests,SE Asian & Pacific rainforest,,4373,0.3507,13,134,6,128,7,0.0448,0.4615,0.0816,0.0605,0.2822,0.0997
phase21_B_λ4,tcd_tile_927,Central Indochina dry forests,Other,,1877,0.3507,1,336,1,335,0,0.003,1.0,0.0059,0.9983,0.4899,0.6573
phase21_B_λ4,tcd_tile_928,Central U.S. hardwood forests,N. American forest,,3583,0.3507,8,19,4,15,4,0.2105,0.5,0.2963,0.8988,0.1533,0.262
phase21_B_λ4,tcd_tile_929,Northern Zanzibar-Inhambane coastal forest mosaic,African tropical forest,,918,0.3507,1,74,1,73,0,0.0135,1.0,0.0267,0.9961,0.0691,0.1292
phase21_B_λ4,tcd_tile_93,Upper Midwest forest-savanna transition,N. American forest,,3687,0.3507,10,131,7,124,3,0.0534,0.7,0.0993,0.8505,0.5119,0.6392
phase21_B_λ4,tcd_tile_930,Western Siberian hemiboreal forests,Other,,4152,0.3507,1,50,1,49,0,0.02,1.0,0.0392,0.7812,0.0387,0.0738
phase21_B_λ4,tcd_tile_931,Celtic broadleaf forests,European forest,,3473,0.3507,43,16,12,4,31,0.75,0.2791,0.4068,0.8991,0.1106,0.197
phase21_B_λ4,tcd_tile_932,Celtic broadleaf forests,European forest,,2408,0.3507,28,39,13,26,15,0.3333,0.4643,0.3881,0.5714,0.4464,0.5012
phase21_B_λ4,tcd_tile_933,Atlantic mixed forests,European forest,,2417,0.3507,30,13,9,4,21,0.6923,0.3,0.4186,0.9733,0.164,0.2807
phase21_B_λ4,tcd_tile_934,Central Andean puna,Other,,125,0.3507,2,0,0,0,2,0.0,0.0,0.0,0.0,0.0,0.0
phase21_B_λ4,tcd_tile_935,Northwestern Andean montane forests,Latin American forest,,2422,0.3507,58,115,20,95,38,0.1739,0.3448,0.2312,0.3706,0.2804,0.3192
phase21_B_λ4,tcd_tile_936,Northern Zanzibar-Inhambane coastal forest mosaic,African tropical forest,,4525,0.3507,59,11,5,6,54,0.4545,0.0847,0.1429,0.3859,0.0104,0.0203
phase21_B_λ4,tcd_tile_937,Willamette Valley forests,N. American forest,,3933,0.3507,390,77,17,60,373,0.2208,0.0436,0.0728,0.0889,0.1884,0.1208
phase21_B_λ4,tcd_tile_938,East European forest steppe,European forest,,1860,0.3507,1,235,1,234,0,0.0043,1.0,0.0085,0.9291,0.0696,0.1294
phase21_B_λ4,tcd_tile_939,Northern Zanzibar-Inhambane coastal forest mosaic,African tropical forest,,285,0.3507,0,0,0,0,0,0.0,0.0,0.0,0.0,0.0,0.0
phase21_B_λ4,tcd_tile_94,Caucasus mixed forests,European forest,,2985,0.3507,1,3,1,2,0,0.3333,1.0,0.5,1.0,0.0119,0.0236
phase21_B_λ4,tcd_tile_940,Western Siberian hemiboreal forests,Other,,2172,0.3507,9,30,6,24,3,0.2,0.6667,0.3077,0.2536,0.1772,0.2086
phase21_B_λ4,tcd_tile_941,Cardamom Mountains rain forests,Other,,2877,0.3507,23,183,19,164,4,0.1038,0.8261,0.1845,0.8109,0.4534,0.5816
phase21_B_λ4,tcd_tile_942,Pannonian mixed forests,European forest,,3837,0.3507,2,240,2,238,0,0.0083,1.0,0.0165,0.9959,0.2271,0.3699
phase21_B_λ4,tcd_tile_943,Humid Pampas,Other,,176,0.3507,44,97,30,67,14,0.3093,0.6818,0.4255,0.397,0.311,0.3487
phase21_B_λ4,tcd_tile_944,Maputaland coastal forest mosaic,African tropical forest,,993,0.3507,18,21,10,11,8,0.4762,0.5556,0.5128,0.5773,0.3811,0.4591
phase21_B_λ4,tcd_tile_945,Western European broadleaf forests,European forest,,4268,0.3507,3,14,1,13,2,0.0714,0.3333,0.1176,0.9999,0.0341,0.066
phase21_B_λ4,tcd_tile_946,Greater Negros-Panay rain forests,SE Asian & Pacific rainforest,,1196,0.3507,5,5,3,2,2,0.6,0.6,0.6,0.8559,0.3421,0.4888
phase21_B_λ4,tcd_tile_947,Madeira-Tapajós moist forests,Latin American forest,,3136,0.3507,3,530,2,528,1,0.0038,0.6667,0.0075,0.9848,0.3463,0.5124
phase21_B_λ4,tcd_tile_948,Nihonkai montane deciduous forests,Other,,4213,0.3507,2,33,2,31,0,0.0606,1.0,0.1143,0.9771,0.0406,0.078
phase21_B_λ4,tcd_tile_949,Sarmatic mixed forests,European forest,,3644,0.3507,7,14,3,11,4,0.2143,0.4286,0.2857,0.8085,0.2367,0.3662
phase21_B_λ4,tcd_tile_95,Hispaniolan moist forests,SE Asian & Pacific rainforest,,4600,0.3507,0,125,0,125,0,0.0,0.0,0.0,0.0,0.0,0.0
phase21_B_λ4,tcd_tile_950,Scandinavian and Russian taiga,Other,,71,0.3507,55,159,29,130,26,0.1824,0.5273,0.271,0.8721,0.3594,0.509
phase21_B_λ4,tcd_tile_951,North Central Rockies forests,N. American forest,,2476,0.3507,1,294,1,293,0,0.0034,1.0,0.0068,0.9993,0.1387,0.2437
phase21_B_λ4,tcd_tile_952,Upper Midwest forest-savanna transition,N. American forest,,4687,0.3507,72,57,29,28,43,0.5088,0.4028,0.4496,0.884,0.3599,0.5116
phase21_B_λ4,tcd_tile_953,Luzon rain forests,SE Asian & Pacific rainforest,,4447,0.3507,99,176,40,136,59,0.2273,0.404,0.2909,0.8541,0.348,0.4946
phase21_B_λ4,tcd_tile_954,Luzon rain forests,SE Asian & Pacific rainforest,,1045,0.3507,224,40,34,6,190,0.85,0.1518,0.2576,0.7762,0.1138,0.1985
phase21_B_λ4,tcd_tile_955,Caucasus mixed forests,European forest,,828,0.3507,103,12,10,2,93,0.8333,0.0971,0.1739,0.8582,0.0083,0.0164
phase21_B_λ4,tcd_tile_956,Western Guinean lowland forests,African tropical forest,,1703,0.3507,61,34,19,15,42,0.5588,0.3115,0.4,0.6908,0.4211,0.5233
phase21_B_λ4,tcd_tile_957,Northern Zanzibar-Inhambane coastal forest mosaic,African tropical forest,,4103,0.3507,105,130,56,74,49,0.4308,0.5333,0.4766,0.704,0.1611,0.2622
phase21_B_λ4,tcd_tile_958,Baltic mixed forests,European forest,,4324,0.3507,4,101,1,100,3,0.0099,0.25,0.019,0.9951,0.1044,0.189
phase21_B_λ4,tcd_tile_959,Bajío dry forests,Other,,2858,0.3507,134,138,35,103,99,0.2536,0.2612,0.2574,0.8126,0.2936,0.4313
phase21_B_λ4,tcd_tile_96,Balkan mixed forests,European forest,,1402,0.3507,92,157,59,98,33,0.3758,0.6413,0.4739,0.8331,0.5402,0.6555
phase21_B_λ4,tcd_tile_960,Northern Zanzibar-Inhambane coastal forest mosaic,African tropical forest,,1337,0.3507,136,503,113,390,23,0.2247,0.8309,0.3537,0.8853,0.5147,0.651
phase21_B_λ4,tcd_tile_961,Alps conifer and mixed forests,European forest,,4328,0.3507,23,19,2,17,21,0.1053,0.087,0.0952,0.315,0.027,0.0497
phase21_B_λ4,tcd_tile_962,Willamette Valley forests,N. American forest,,1393,0.3507,7,36,0,36,7,0.0,0.0,0.0,0.0,0.0,0.0
phase21_B_λ4,tcd_tile_963,Malabar Coast moist forests,Other,,4589,0.3507,5,139,5,134,0,0.036,1.0,0.0694,0.69,0.4798,0.566
phase21_B_λ4,tcd_tile_964,Hispaniolan moist forests,SE Asian & Pacific rainforest,,228,0.3507,0,0,0,0,0,0.0,0.0,0.0,0.0,0.0,0.0
phase21_B_λ4,tcd_tile_965,Central European mixed forests,European forest,,4731,0.3507,45,163,33,130,12,0.2025,0.7333,0.3173,0.3375,0.4046,0.368
phase21_B_λ4,tcd_tile_966,Tigris-Euphrates alluvial salt marsh,Other,,496,0.3507,83,113,37,76,46,0.3274,0.4458,0.3776,0.4101,0.8482,0.5529
phase21_B_λ4,tcd_tile_967,Appalachian-Blue Ridge forests,N. American forest,,4133,0.3507,20,33,13,20,7,0.3939,0.65,0.4906,0.8261,0.607,0.6998
phase21_B_λ4,tcd_tile_968,Northern Zanzibar-Inhambane coastal forest mosaic,African tropical forest,,3780,0.3507,157,229,112,117,45,0.4891,0.7134,0.5803,0.839,0.4573,0.592
phase21_B_λ4,tcd_tile_969,Atlantic mixed forests,European forest,,3757,0.3507,40,55,32,23,8,0.5818,0.8,0.6737,0.9145,0.6147,0.7352
phase21_B_λ4,tcd_tile_97,Northern Congolian forest-savanna mosaic,African tropical forest,,136,0.3507,123,29,13,16,110,0.4483,0.1057,0.1711,0.3921,0.215,0.2777
phase21_B_λ4,tcd_tile_970,Uatuma-Trombetas moist forests,Latin American forest,,4095,0.3507,18,32,7,25,11,0.2188,0.3889,0.28,0.6452,0.2371,0.3468
phase21_B_λ4,tcd_tile_971,Rodope montane mixed forests,European forest,,4368,0.3507,82,144,49,95,33,0.3403,0.5976,0.4336,0.7742,0.5061,0.6121
phase21_B_λ4,tcd_tile_972,Northern Zanzibar-Inhambane coastal forest mosaic,African tropical forest,,2747,0.3507,1,1,1,0,0,1.0,1.0,1.0,0.6886,0.9113,0.7844
phase21_B_λ4,tcd_tile_973,Northern Zanzibar-Inhambane coastal forest mosaic,African tropical forest,,1697,0.3507,1,126,1,125,0,0.0079,1.0,0.0157,0.9999,0.1321,0.2334
phase21_B_λ4,tcd_tile_974,Western European broadleaf forests,European forest,,3688,0.3507,55,24,18,6,37,0.75,0.3273,0.4557,0.9486,0.1996,0.3298
phase21_B_λ4,tcd_tile_975,Taiheiyo evergreen forests,Other,,1639,0.3507,42,254,23,231,19,0.0906,0.5476,0.1554,0.844,0.3977,0.5406
phase21_B_λ4,tcd_tile_976,Irrawaddy freshwater swamp forests,Other,,80,0.3507,4,218,4,214,0,0.0183,1.0,0.036,0.7656,0.3132,0.4445
phase21_B_λ4,tcd_tile_977,Iquitos varzeá,Other,,3000,0.3507,21,148,5,143,16,0.0338,0.2381,0.0592,0.9782,0.2435,0.39
phase21_B_λ4,tcd_tile_978,Appalachian-Blue Ridge forests,N. American forest,,4055,0.3507,33,66,21,45,12,0.3182,0.6364,0.4242,0.4964,0.6368,0.5579
phase21_B_λ4,tcd_tile_979,Southern Great Lakes forests,N. American forest,,3197,0.3507,12,49,2,47,10,0.0408,0.1667,0.0656,0.8996,0.0781,0.1438
phase21_B_λ4,tcd_tile_98,Celtic broadleaf forests,European forest,,1257,0.3507,71,165,39,126,32,0.2364,0.5493,0.3305,0.741,0.3871,0.5086
phase21_B_λ4,tcd_tile_980,Uatuma-Trombetas moist forests,Latin American forest,,3442,0.3507,38,93,22,71,16,0.2366,0.5789,0.3359,0.6205,0.2004,0.3029
phase21_B_λ4,tcd_tile_981,Hispaniolan moist forests,SE Asian & Pacific rainforest,,4713,0.3507,119,192,47,145,72,0.2448,0.395,0.3023,0.2027,0.6732,0.3116
phase21_B_λ4,tcd_tile_982,Baltic mixed forests,European forest,,852,0.3507,18,35,9,26,9,0.2571,0.5,0.3396,0.8331,0.4163,0.5551
phase21_B_λ4,tcd_tile_983,,Other,,1563,0.3507,61,82,2,80,59,0.0244,0.0328,0.028,0.6488,0.139,0.229
phase21_B_λ4,tcd_tile_984,Central European mixed forests,European forest,,3532,0.3507,80,115,46,69,34,0.4,0.575,0.4718,0.7746,0.5578,0.6486
phase21_B_λ4,tcd_tile_985,East European forest steppe,European forest,,4608,0.3507,5,289,5,284,0,0.0173,1.0,0.034,0.9257,0.3048,0.4586
phase21_B_λ4,tcd_tile_986,Western European broadleaf forests,European forest,,2251,0.3507,10,126,3,123,7,0.0238,0.3,0.0441,0.9372,0.2348,0.3756
phase21_B_λ4,tcd_tile_987,Northern Zanzibar-Inhambane coastal forest mosaic,African tropical forest,,1250,0.3507,8,6,6,0,2,1.0,0.75,0.8571,0.7933,0.8771,0.8331
phase21_B_λ4,tcd_tile_988,Greater Negros-Panay rain forests,SE Asian & Pacific rainforest,,742,0.3507,15,4,4,0,11,1.0,0.2667,0.4211,0.95,0.0928,0.169
phase21_B_λ4,tcd_tile_989,Northern Zanzibar-Inhambane coastal forest mosaic,African tropical forest,,486,0.3507,24,5,2,3,22,0.4,0.0833,0.1379,0.4226,0.1172,0.1835
phase21_B_λ4,tcd_tile_990,Northern Zanzibar-Inhambane coastal forest mosaic,African tropical forest,,3782,0.3507,141,172,49,123,92,0.2849,0.3475,0.3131,0.8514,0.1217,0.2129
phase21_B_λ4,tcd_tile_991,Central European mixed forests,European forest,,4709,0.3507,57,77,19,58,38,0.2468,0.3333,0.2836,0.5247,0.5234,0.524
phase21_B_λ4,tcd_tile_992,Eastern Java-Bali rain forests,SE Asian & Pacific rainforest,,4857,0.3507,103,147,31,116,72,0.2109,0.301,0.248,0.8555,0.4386,0.5799
phase21_B_λ4,tcd_tile_993,Po Basin mixed forests,Other,,532,0.3507,25,32,10,22,15,0.3125,0.4,0.3509,0.6535,0.407,0.5016
phase21_B_λ4,tcd_tile_994,Sarmatic mixed forests,European forest,,3241,0.3507,24,100,17,83,7,0.17,0.7083,0.2742,0.8675,0.2909,0.4357
phase21_B_λ4,tcd_tile_995,Northern Zanzibar-Inhambane coastal forest mosaic,African tropical forest,,2886,0.3507,155,348,86,262,69,0.2471,0.5548,0.3419,0.9332,0.4509,0.608
phase21_B_λ4,tcd_tile_996,Cerrado,Latin American forest,,502,0.3507,0,1,0,1,0,0.0,0.0,0.0,0.0,0.0,0.0
phase21_B_λ4,tcd_tile_997,Central European mixed forests,European forest,,1597,0.3507,3,6,0,6,3,0.0,0.0,0.0,0.0,0.0,0.0
phase21_B_λ4,tcd_tile_998,Northern Zanzibar-Inhambane coastal forest mosaic,African tropical forest,,3605,0.3507,539,47,42,5,497,0.8936,0.0779,0.1433,0.795,0.2174,0.3414
phase21_B_λ4,tcd_tile_999,Granitic Seychelles forests,Other,,2113,0.3507,237,324,114,210,123,0.3519,0.481,0.4064,0.7223,0.5222,0.6062
