model,tile_stem,biome_name,biome_group,country,image_id,threshold,n_gt,n_pred,tp,fp,fn,poly_precision,poly_recall,poly_f1,area_precision,area_recall,area_f1
weecology,tcd_tile_0,West Sudanian savanna,Arid / dryland,,1159,0.3965,42,187,14,173,28,0.0749,0.3333,0.1223,0.9345,0.2047,0.3358
weecology,tcd_tile_1,West Sudanian savanna,Arid / dryland,,1325,0.3965,43,50,27,23,16,0.54,0.6279,0.5806,0.7998,0.1666,0.2757
weecology,tcd_tile_10,West Sudanian savanna,Arid / dryland,,775,0.3965,34,33,8,25,26,0.2424,0.2353,0.2388,0.6768,0.1015,0.1766
weecology,tcd_tile_100,Northern Zanzibar-Inhambane coastal forest mosaic,African tropical forest,,2591,0.3965,177,114,42,72,135,0.3684,0.2373,0.2887,0.9378,0.0496,0.0943
weecology,tcd_tile_1000,Western Java montane rain forests,Other,,2944,0.3965,20,83,5,78,15,0.0602,0.25,0.0971,0.9344,0.035,0.0674
weecology,tcd_tile_1001,,Other,,1378,0.3965,67,36,15,21,52,0.4167,0.2239,0.2913,0.5951,0.11,0.1856
weecology,tcd_tile_1002,Northern Zanzibar-Inhambane coastal forest mosaic,African tropical forest,,337,0.3965,77,26,25,1,52,0.9615,0.3247,0.4854,0.9898,0.0431,0.0827
weecology,tcd_tile_1003,Huang He Plain mixed forests,Other,,2828,0.3965,106,72,39,33,67,0.5417,0.3679,0.4382,0.7,0.298,0.418
weecology,tcd_tile_1004,Sulawesi lowland rain forests,SE Asian & Pacific rainforest,,4869,0.3965,257,77,39,38,218,0.5065,0.1518,0.2335,0.9292,0.12,0.2126
weecology,tcd_tile_1005,Luzon rain forests,SE Asian & Pacific rainforest,,4989,0.3965,162,131,52,79,110,0.3969,0.321,0.3549,0.9162,0.0864,0.1579
weecology,tcd_tile_1006,Cerrado,Latin American forest,,1227,0.3965,0,1,0,1,0,0.0,0.0,0.0,0.0,0.0,0.0
weecology,tcd_tile_1007,Northern Zanzibar-Inhambane coastal forest mosaic,African tropical forest,,2869,0.3965,188,230,89,141,99,0.387,0.4734,0.4258,0.8051,0.1945,0.3134
weecology,tcd_tile_1008,Central U.S. hardwood forests,N. American forest,,2872,0.3965,44,16,3,13,41,0.1875,0.0682,0.1,0.5298,0.0819,0.1419
weecology,tcd_tile_1009,North Central Rockies forests,N. American forest,,576,0.3965,102,538,67,471,35,0.1245,0.6569,0.2094,0.5571,0.0934,0.16
weecology,tcd_tile_101,Sulawesi lowland rain forests,SE Asian & Pacific rainforest,,4396,0.3965,98,33,23,10,75,0.697,0.2347,0.3511,0.8769,0.1518,0.2589
weecology,tcd_tile_1010,Willamette Valley forests,N. American forest,,1636,0.3965,30,11,5,6,25,0.4545,0.1667,0.2439,0.837,0.0869,0.1574
weecology,tcd_tile_1011,Northern Zanzibar-Inhambane coastal forest mosaic,African tropical forest,,2209,0.3965,129,101,46,55,83,0.4554,0.3566,0.4,0.8355,0.1102,0.1947
weecology,tcd_tile_1012,Greater Negros-Panay rain forests,SE Asian & Pacific rainforest,,3507,0.3965,140,46,15,31,125,0.3261,0.1071,0.1613,0.8791,0.0506,0.0957
weecology,tcd_tile_1013,Southern Zanzibar-Inhambane coastal forest mosaic,African tropical forest,,1853,0.3965,133,77,37,40,96,0.4805,0.2782,0.3524,0.7786,0.0871,0.1567
weecology,tcd_tile_1014,Western Guinean lowland forests,African tropical forest,,3016,0.3965,51,16,9,7,42,0.5625,0.1765,0.2687,0.7594,0.0471,0.0887
weecology,tcd_tile_1015,Atlantic mixed forests,European forest,,4201,0.3965,25,73,9,64,16,0.1233,0.36,0.1837,0.5998,0.0594,0.1082
weecology,tcd_tile_1016,Nihonkai montane deciduous forests,Other,,4832,0.3965,3,102,3,99,0,0.0294,1.0,0.0571,0.9989,0.03,0.0583
weecology,tcd_tile_1017,South Central Rockies forests,Other,,3033,0.3965,113,27,24,3,89,0.8889,0.2124,0.3429,0.9099,0.0705,0.1309
weecology,tcd_tile_1018,Himalayan subtropical pine forests,Other,,5042,0.3965,269,434,88,346,181,0.2028,0.3271,0.2504,0.8485,0.1707,0.2842
weecology,tcd_tile_1019,,Other,,3115,0.3965,0,167,0,167,0,0.0,0.0,0.0,0.0,0.0,0.0
weecology,tcd_tile_102,Rodope montane mixed forests,European forest,,4562,0.3965,47,56,14,42,33,0.25,0.2979,0.2718,0.8454,0.1023,0.1825
weecology,tcd_tile_1020,Central European mixed forests,European forest,,3976,0.3965,1,1,0,1,1,0.0,0.0,0.0,0.0,0.0,0.0
weecology,tcd_tile_1021,Northwestern Andean montane forests,Latin American forest,,3230,0.3965,200,38,21,17,179,0.5526,0.105,0.1765,0.852,0.0269,0.0521
weecology,tcd_tile_1022,Balkan mixed forests,European forest,,1156,0.3965,87,55,24,31,63,0.4364,0.2759,0.338,0.782,0.0577,0.1075
weecology,tcd_tile_1023,Hispaniolan moist forests,SE Asian & Pacific rainforest,,465,0.3965,0,0,0,0,0,0.0,0.0,0.0,0.0,0.0,0.0
weecology,tcd_tile_1024,Southern Zanzibar-Inhambane coastal forest mosaic,African tropical forest,,2500,0.3965,113,13,10,3,103,0.7692,0.0885,0.1587,0.9456,0.0664,0.124
weecology,tcd_tile_1025,Western Java montane rain forests,Other,,1677,0.3965,12,17,3,14,9,0.1765,0.25,0.2069,0.9997,0.0134,0.0264
weecology,tcd_tile_1026,North Island temperate forests,Other,,776,0.3965,6,3,1,2,5,0.3333,0.1667,0.2222,0.3769,0.0016,0.0033
weecology,tcd_tile_1027,Changjiang Plain evergreen forests,Other,,2241,0.3965,32,4,1,3,31,0.25,0.0312,0.0556,0.2684,0.0023,0.0046
weecology,tcd_tile_1028,Central European mixed forests,European forest,,1992,0.3965,88,40,22,18,66,0.55,0.25,0.3438,0.8708,0.0283,0.0548
weecology,tcd_tile_1029,Southern Great Lakes forests,N. American forest,,4941,0.3965,9,54,2,52,7,0.037,0.2222,0.0635,0.9797,0.0485,0.0925
weecology,tcd_tile_103,Southeastern mixed forests,N. American forest,,833,0.3965,24,9,7,2,17,0.7778,0.2917,0.4242,0.9381,0.017,0.0334
weecology,tcd_tile_1030,Lesser Sundas deciduous forests,SE Asian & Pacific rainforest,,3810,0.3965,47,14,8,6,39,0.5714,0.1702,0.2623,0.7141,0.0046,0.0091
weecology,tcd_tile_1031,Atlantic coastal pine barrens,Other,,2413,0.3965,46,18,9,9,37,0.5,0.1957,0.2812,0.9913,0.029,0.0563
weecology,tcd_tile_1032,,Other,,1237,0.3965,7,4,2,2,5,0.5,0.2857,0.3636,0.5402,0.0327,0.0617
weecology,tcd_tile_1033,Sarmatic mixed forests,European forest,,3060,0.3965,38,221,14,207,24,0.0633,0.3684,0.1081,0.9896,0.1619,0.2782
weecology,tcd_tile_1034,Southern Anatolian montane conifer and deciduous forests,Other,,730,0.3965,80,38,20,18,60,0.5263,0.25,0.339,0.9495,0.0644,0.1206
weecology,tcd_tile_1035,Granitic Seychelles forests,Other,,3964,0.3965,1,363,1,362,0,0.0028,1.0,0.0055,0.1262,0.2031,0.1556
weecology,tcd_tile_1036,Central African mangroves,African tropical forest,,615,0.3965,127,283,59,224,68,0.2085,0.4646,0.2878,0.8985,0.2196,0.3529
weecology,tcd_tile_1037,Tigris-Euphrates alluvial salt marsh,Other,,1084,0.3965,25,12,5,7,20,0.4167,0.2,0.2703,0.5108,0.1218,0.1967
weecology,tcd_tile_1038,Northeastern coastal forests,N. American forest,,4796,0.3965,41,100,10,90,31,0.1,0.2439,0.1418,0.8375,0.0478,0.0904
weecology,tcd_tile_1039,Tumbes-Piura dry forests,Other,,1401,0.3965,24,105,9,96,15,0.0857,0.375,0.1395,0.9924,0.0531,0.1009
weecology,tcd_tile_104,Sarmatic mixed forests,European forest,,2868,0.3965,6,15,2,13,4,0.1333,0.3333,0.1905,0.9999,0.1551,0.2685
weecology,tcd_tile_1040,Uatuma-Trombetas moist forests,Latin American forest,,2017,0.3965,79,136,20,116,59,0.1471,0.2532,0.186,0.9635,0.049,0.0932
weecology,tcd_tile_1041,Alps conifer and mixed forests,European forest,,4862,0.3965,1,21,1,20,0,0.0476,1.0,0.0909,1.0,0.0031,0.0061
weecology,tcd_tile_1042,Northern Congolian forest-savanna mosaic,African tropical forest,,607,0.3965,217,48,38,10,179,0.7917,0.1751,0.2868,0.9733,0.0927,0.1693
weecology,tcd_tile_1043,Hispaniolan moist forests,SE Asian & Pacific rainforest,,2111,0.3965,13,22,1,21,12,0.0455,0.0769,0.0571,0.0488,0.0313,0.0381
weecology,tcd_tile_1044,Central European mixed forests,European forest,,2024,0.3965,104,62,23,39,81,0.371,0.2212,0.2771,0.9373,0.0453,0.0865
weecology,tcd_tile_1045,Upper Midwest forest-savanna transition,N. American forest,,3548,0.3965,33,0,0,0,33,0.0,0.0,0.0,0.0,0.0,0.0
weecology,tcd_tile_1046,Cerrado,Latin American forest,,84,0.3965,136,88,24,64,112,0.2727,0.1765,0.2143,0.8954,0.0969,0.175
weecology,tcd_tile_1047,Northern Congolian forest-savanna mosaic,African tropical forest,,43,0.3965,42,11,6,5,36,0.5455,0.1429,0.2264,0.7651,0.1179,0.2043
weecology,tcd_tile_1048,Taiwan subtropical evergreen forests,SE Asian & Pacific rainforest,,1408,0.3965,159,186,51,135,108,0.2742,0.3208,0.2957,0.9506,0.1471,0.2547
weecology,tcd_tile_1049,Northeastern coastal forests,N. American forest,,206,0.3965,52,35,16,19,36,0.4571,0.3077,0.3678,0.8988,0.1268,0.2222
weecology,tcd_tile_105,Luzon rain forests,SE Asian & Pacific rainforest,,1290,0.3965,3,448,2,446,1,0.0045,0.6667,0.0089,0.9998,0.1219,0.2173
weecology,tcd_tile_1050,Northern Zanzibar-Inhambane coastal forest mosaic,African tropical forest,,1422,0.3965,231,126,46,80,185,0.3651,0.1991,0.2577,0.6542,0.065,0.1183
weecology,tcd_tile_1051,Eastern Guinean forests,African tropical forest,,4766,0.3965,32,596,16,580,16,0.0268,0.5,0.051,0.9894,0.1772,0.3006
weecology,tcd_tile_1052,Pannonian mixed forests,European forest,,4990,0.3965,98,94,41,53,57,0.4362,0.4184,0.4271,0.6463,0.0867,0.1529
weecology,tcd_tile_1053,Southern Great Lakes forests,N. American forest,,3689,0.3965,15,4,3,1,12,0.75,0.2,0.3158,0.8657,0.0033,0.0065
weecology,tcd_tile_1054,Hispaniolan moist forests,SE Asian & Pacific rainforest,,4269,0.3965,0,33,0,33,0,0.0,0.0,0.0,0.0,0.0,0.0
weecology,tcd_tile_1055,Rodope montane mixed forests,European forest,,4308,0.3965,56,59,25,34,31,0.4237,0.4464,0.4348,0.744,0.182,0.2924
weecology,tcd_tile_1056,Central European mixed forests,European forest,,430,0.3965,46,39,20,19,26,0.5128,0.4348,0.4706,0.8425,0.0883,0.1599
weecology,tcd_tile_1057,East European forest steppe,European forest,,98,0.3965,9,271,5,266,4,0.0185,0.5556,0.0357,0.9555,0.0672,0.1256
weecology,tcd_tile_1058,Atlantic coastal pine barrens,Other,,2364,0.3965,6,79,1,78,5,0.0127,0.1667,0.0235,0.9935,0.0537,0.102
weecology,tcd_tile_1059,Balkan mixed forests,European forest,,3775,0.3965,113,47,22,25,91,0.4681,0.1947,0.275,0.7791,0.0742,0.1355
weecology,tcd_tile_106,Upper Midwest forest-savanna transition,N. American forest,,1833,0.3965,19,37,15,22,4,0.4054,0.7895,0.5357,0.9136,0.36,0.5165
weecology,tcd_tile_1060,Southeastern mixed forests,N. American forest,,4464,0.3965,92,27,15,12,77,0.5556,0.163,0.2521,0.8648,0.1041,0.1858
weecology,tcd_tile_1061,Southern Atlantic mangroves,Other,,614,0.3965,156,30,19,11,137,0.6333,0.1218,0.2043,0.619,0.0328,0.0623
weecology,tcd_tile_1062,Northern Zanzibar-Inhambane coastal forest mosaic,African tropical forest,,3764,0.3965,343,79,77,2,266,0.9747,0.2245,0.3649,0.9297,0.1882,0.313
weecology,tcd_tile_1063,Rodope montane mixed forests,European forest,,5032,0.3965,341,208,134,74,207,0.6442,0.393,0.4882,0.8174,0.1635,0.2725
weecology,tcd_tile_1064,Central Zambezian Miombo woodlands,Other,,789,0.3965,268,719,169,550,99,0.235,0.6306,0.3425,0.8504,0.1909,0.3119
weecology,tcd_tile_1065,Central European mixed forests,European forest,,3639,0.3965,16,20,5,15,11,0.25,0.3125,0.2778,0.7565,0.0215,0.0418
weecology,tcd_tile_1066,Lesser Sundas deciduous forests,SE Asian & Pacific rainforest,,3042,0.3965,175,120,27,93,148,0.225,0.1543,0.1831,0.958,0.0269,0.0523
weecology,tcd_tile_1067,Upper Midwest forest-savanna transition,N. American forest,,3991,0.3965,31,17,13,4,18,0.7647,0.4194,0.5417,0.9663,0.1392,0.2433
weecology,tcd_tile_1068,Scandinavian Montane Birch forest and grasslands,Other,,951,0.3965,5,20,2,18,3,0.1,0.4,0.16,0.6865,0.1006,0.1755
weecology,tcd_tile_1069,Northern Zanzibar-Inhambane coastal forest mosaic,African tropical forest,,3502,0.3965,212,15,12,3,200,0.8,0.0566,0.1057,0.8722,0.0195,0.0381
weecology,tcd_tile_107,Taiwan subtropical evergreen forests,SE Asian & Pacific rainforest,,2527,0.3965,63,69,22,47,41,0.3188,0.3492,0.3333,0.5397,0.0712,0.1258
weecology,tcd_tile_1070,Richmond temperate forests,Other,,3769,0.3965,7,5,2,3,5,0.4,0.2857,0.3333,0.6287,0.1888,0.2903
weecology,tcd_tile_1071,Central European mixed forests,European forest,,5014,0.3965,166,37,18,19,148,0.4865,0.1084,0.1773,0.8473,0.2056,0.3309
weecology,tcd_tile_1072,Atlantic mixed forests,European forest,,3889,0.3965,27,16,14,2,13,0.875,0.5185,0.6512,0.9328,0.2654,0.4132
weecology,tcd_tile_1073,,Other,,308,0.3965,125,25,24,1,101,0.96,0.192,0.32,0.8018,0.222,0.3477
weecology,tcd_tile_1074,Eastern Guinean forests,African tropical forest,,1993,0.3965,81,18,12,6,69,0.6667,0.1481,0.2424,0.6986,0.0434,0.0817
weecology,tcd_tile_1075,Madeira-Tapajós moist forests,Latin American forest,,2406,0.3965,7,117,2,115,5,0.0171,0.2857,0.0323,0.9987,0.0757,0.1408
weecology,tcd_tile_1076,Sierra Nevada forests,N. American forest,,2800,0.3965,3,11,1,10,2,0.0909,0.3333,0.1429,0.9004,0.0092,0.0183
weecology,tcd_tile_1077,Luzon rain forests,SE Asian & Pacific rainforest,,3604,0.3965,50,260,17,243,33,0.0654,0.34,0.1097,0.9358,0.1119,0.1999
weecology,tcd_tile_1078,Bahia coastal forests,Latin American forest,,4643,0.3965,102,63,15,48,87,0.2381,0.1471,0.1818,0.7474,0.0124,0.0245
weecology,tcd_tile_1079,Caucasus mixed forests,European forest,,3443,0.3965,54,0,0,0,54,0.0,0.0,0.0,0.0,0.0,0.0
weecology,tcd_tile_108,Tongan tropical moist forests,SE Asian & Pacific rainforest,,4466,0.3965,96,30,3,27,93,0.1,0.0312,0.0476,0.2918,0.011,0.0211
weecology,tcd_tile_1080,Upper Midwest forest-savanna transition,N. American forest,,1674,0.3965,31,82,12,70,19,0.1463,0.3871,0.2124,0.9634,0.1279,0.2259
weecology,tcd_tile_1081,Sumatran lowland rain forests,SE Asian & Pacific rainforest,,3153,0.3965,544,182,122,60,422,0.6703,0.2243,0.3361,0.6853,0.1027,0.1786
weecology,tcd_tile_1082,Timor and Wetar deciduous forests,SE Asian & Pacific rainforest,,845,0.3965,109,10,4,6,105,0.4,0.0367,0.0672,0.5814,0.0324,0.0614
weecology,tcd_tile_1083,Huang He Plain mixed forests,Other,,3272,0.3965,222,100,72,28,150,0.72,0.3243,0.4472,0.7441,0.1739,0.2819
weecology,tcd_tile_1084,Central African mangroves,African tropical forest,,4711,0.3965,0,28,0,28,0,0.0,0.0,0.0,0.0,0.0,0.0
weecology,tcd_tile_1085,Himalayan subtropical broadleaf forests,Other,,5029,0.3965,145,119,64,55,81,0.5378,0.4414,0.4848,0.751,0.2954,0.424
weecology,tcd_tile_1086,Tongan tropical moist forests,SE Asian & Pacific rainforest,,569,0.3965,170,165,30,135,140,0.1818,0.1765,0.1791,0.4258,0.0773,0.1308
weecology,tcd_tile_1087,Southeastern mixed forests,N. American forest,,2349,0.3965,22,3,0,3,22,0.0,0.0,0.0,0.0,0.0,0.0
weecology,tcd_tile_1088,Sierra Nevada forests,N. American forest,,2282,0.3965,153,206,87,119,66,0.4223,0.5686,0.4847,0.8322,0.2184,0.3459
weecology,tcd_tile_1089,Ecuadorian dry forests,Other,,435,0.3965,29,64,13,51,16,0.2031,0.4483,0.2796,0.5631,0.0616,0.111
weecology,tcd_tile_109,Celtic broadleaf forests,European forest,,4770,0.3965,20,6,6,0,14,1.0,0.3,0.4615,0.9174,0.1995,0.3278
weecology,tcd_tile_1090,Sarmatic mixed forests,European forest,,1590,0.3965,4,92,1,91,3,0.0109,0.25,0.0208,0.999,0.039,0.0752
weecology,tcd_tile_1091,Atlantic mixed forests,European forest,,865,0.3965,44,11,5,6,39,0.4545,0.1136,0.1818,0.9383,0.0602,0.1131
weecology,tcd_tile_1092,Northern Zanzibar-Inhambane coastal forest mosaic,African tropical forest,,3784,0.3965,9,18,5,13,4,0.2778,0.5556,0.3704,0.4756,0.6309,0.5423
weecology,tcd_tile_1093,Sulawesi lowland rain forests,SE Asian & Pacific rainforest,,4838,0.3965,208,112,48,64,160,0.4286,0.2308,0.3,0.917,0.125,0.2201
weecology,tcd_tile_1094,Sarmatic mixed forests,European forest,,1863,0.3965,59,86,21,65,38,0.2442,0.3559,0.2897,0.7636,0.0724,0.1323
weecology,tcd_tile_1095,Taiheiyo evergreen forests,Other,,3418,0.3965,2,11,1,10,1,0.0909,0.5,0.1538,0.659,0.012,0.0236
weecology,tcd_tile_1096,Northern Zanzibar-Inhambane coastal forest mosaic,African tropical forest,,3546,0.3965,190,5,5,0,185,1.0,0.0263,0.0513,0.9932,0.0064,0.0128
weecology,tcd_tile_1097,Northern Zanzibar-Inhambane coastal forest mosaic,African tropical forest,,3447,0.3965,359,322,166,156,193,0.5155,0.4624,0.4875,0.7955,0.2568,0.3882
weecology,tcd_tile_1098,Caucasus mixed forests,European forest,,924,0.3965,119,123,48,75,71,0.3902,0.4034,0.3967,0.8653,0.0766,0.1408
weecology,tcd_tile_1099,Southern Great Lakes forests,N. American forest,,2997,0.3965,17,47,6,41,11,0.1277,0.3529,0.1875,0.9272,0.0249,0.0485
weecology,tcd_tile_11,Low Monte,Arid / dryland,,573,0.3965,302,172,92,80,210,0.5349,0.3046,0.3882,0.9713,0.2175,0.3554
weecology,tcd_tile_1100,Southeastern mixed forests,N. American forest,,55,0.3965,53,24,12,12,41,0.5,0.2264,0.3117,0.6004,0.0365,0.0689
weecology,tcd_tile_1101,Irrawaddy moist deciduous forests,Other,,231,0.3965,31,37,21,16,10,0.5676,0.6774,0.6176,0.9443,0.1989,0.3286
weecology,tcd_tile_1102,Lesser Sundas deciduous forests,SE Asian & Pacific rainforest,,2116,0.3965,7,163,3,160,4,0.0184,0.4286,0.0353,0.9673,0.0456,0.0872
weecology,tcd_tile_1103,Central Indochina dry forests,Other,,4831,0.3965,199,189,83,106,116,0.4392,0.4171,0.4278,0.9214,0.1165,0.2069
weecology,tcd_tile_1104,Northern Zanzibar-Inhambane coastal forest mosaic,African tropical forest,,3454,0.3965,88,198,52,146,36,0.2626,0.5909,0.3636,0.9362,0.0719,0.1336
weecology,tcd_tile_1105,Petén-Veracruz moist forests,Latin American forest,,1438,0.3965,88,66,26,40,62,0.3939,0.2955,0.3377,0.8672,0.0386,0.0739
weecology,tcd_tile_1106,Palawan rain forests,SE Asian & Pacific rainforest,,4277,0.3965,47,913,20,893,27,0.0219,0.4255,0.0417,0.9789,0.2883,0.4454
weecology,tcd_tile_1107,Mesopotamian shrub desert,Other,,914,0.3965,89,236,58,178,31,0.2458,0.6517,0.3569,0.9415,0.178,0.2994
weecology,tcd_tile_1108,Changjiang Plain evergreen forests,Other,,2162,0.3965,38,34,7,27,31,0.2059,0.1842,0.1944,0.9416,0.0525,0.0995
weecology,tcd_tile_1109,Timor and Wetar deciduous forests,SE Asian & Pacific rainforest,,1044,0.3965,101,26,19,7,82,0.7308,0.1881,0.2992,0.86,0.0836,0.1523
weecology,tcd_tile_1110,Southeastern mixed forests,N. American forest,,4443,0.3965,58,16,12,4,46,0.75,0.2069,0.3243,0.9726,0.0749,0.1392
weecology,tcd_tile_1111,Carpathian montane forests,Other,,2656,0.3965,15,169,5,164,10,0.0296,0.3333,0.0543,0.9962,0.2073,0.3431
weecology,tcd_tile_1112,Sierra Nevada forests,N. American forest,,246,0.3965,86,32,30,2,56,0.9375,0.3488,0.5085,0.8476,0.3755,0.5205
weecology,tcd_tile_1113,Luzon rain forests,SE Asian & Pacific rainforest,,1345,0.3965,144,15,8,7,136,0.5333,0.0556,0.1006,0.7769,0.0249,0.0482
weecology,tcd_tile_1114,Cerrado,Latin American forest,,716,0.3965,1,76,1,75,0,0.0132,1.0,0.026,0.9992,0.0258,0.0502
weecology,tcd_tile_1115,North Central Rockies forests,N. American forest,,3732,0.3965,1,236,1,235,0,0.0042,1.0,0.0084,0.9788,0.0828,0.1527
weecology,tcd_tile_1116,Hispaniolan moist forests,SE Asian & Pacific rainforest,,4833,0.3965,190,39,22,17,168,0.5641,0.1158,0.1921,0.6888,0.1432,0.2371
weecology,tcd_tile_1117,,Other,,3878,0.3965,150,109,44,65,106,0.4037,0.2933,0.3398,0.8441,0.0724,0.1334
weecology,tcd_tile_1118,Balkan mixed forests,European forest,,3019,0.3965,76,44,24,20,52,0.5455,0.3158,0.4,0.9042,0.0685,0.1274
weecology,tcd_tile_1119,Southern Zanzibar-Inhambane coastal forest mosaic,African tropical forest,,803,0.3965,9,215,5,210,4,0.0233,0.5556,0.0446,0.9344,0.153,0.2629
weecology,tcd_tile_112,Northern Zanzibar-Inhambane coastal forest mosaic,African tropical forest,,4203,0.3965,296,396,83,313,213,0.2096,0.2804,0.2399,0.9411,0.1646,0.2802
weecology,tcd_tile_1120,Upper Midwest forest-savanna transition,N. American forest,,2740,0.3965,30,15,8,7,22,0.5333,0.2667,0.3556,0.7067,0.0417,0.0788
weecology,tcd_tile_1121,Sumatran lowland rain forests,SE Asian & Pacific rainforest,,2571,0.3965,123,217,41,176,82,0.1889,0.3333,0.2412,0.9201,0.1323,0.2313
weecology,tcd_tile_1122,Sierra Nevada forests,N. American forest,,2457,0.3965,0,5,0,5,0,0.0,0.0,0.0,0.0,0.0,0.0
weecology,tcd_tile_1123,Sarmatic mixed forests,European forest,,3894,0.3965,3,7,1,6,2,0.1429,0.3333,0.2,0.1099,0.0373,0.0557
weecology,tcd_tile_1124,Northern Zanzibar-Inhambane coastal forest mosaic,African tropical forest,,498,0.3965,141,139,53,86,88,0.3813,0.3759,0.3786,0.7226,0.1616,0.2642
weecology,tcd_tile_1125,Northern Zanzibar-Inhambane coastal forest mosaic,African tropical forest,,3361,0.3965,37,31,6,25,31,0.1935,0.1622,0.1765,0.9724,0.0365,0.0704
weecology,tcd_tile_1126,Southeastern mixed forests,N. American forest,,3012,0.3965,36,2,0,2,36,0.0,0.0,0.0,0.0,0.0,0.0
weecology,tcd_tile_1127,Araucaria moist forests,Other,,1003,0.3965,175,54,32,22,143,0.5926,0.1829,0.2795,0.8757,0.1132,0.2005
weecology,tcd_tile_1128,Western Java montane rain forests,Other,,3196,0.3965,8,20,1,19,7,0.05,0.125,0.0714,0.9212,0.0125,0.0247
weecology,tcd_tile_1129,Changjiang Plain evergreen forests,Other,,4392,0.3965,77,116,46,70,31,0.3966,0.5974,0.4767,0.9501,0.1659,0.2825
weecology,tcd_tile_113,East European forest steppe,European forest,,1897,0.3965,48,106,21,85,27,0.1981,0.4375,0.2727,0.6577,0.0372,0.0704
weecology,tcd_tile_1130,Balkan mixed forests,European forest,,1818,0.3965,12,456,5,451,7,0.011,0.4167,0.0214,0.9823,0.1157,0.207
weecology,tcd_tile_1131,Sarmatic mixed forests,European forest,,3340,0.3965,100,108,15,93,85,0.1389,0.15,0.1442,0.9879,0.0777,0.1441
weecology,tcd_tile_1132,Northern Zanzibar-Inhambane coastal forest mosaic,African tropical forest,,2538,0.3965,17,345,7,338,10,0.0203,0.4118,0.0387,0.9781,0.1464,0.2547
weecology,tcd_tile_1133,Northern Zanzibar-Inhambane coastal forest mosaic,African tropical forest,,4239,0.3965,273,524,126,398,147,0.2405,0.4615,0.3162,0.9143,0.2306,0.3683
weecology,tcd_tile_1134,Sulawesi lowland rain forests,SE Asian & Pacific rainforest,,1183,0.3965,62,21,9,12,53,0.4286,0.1452,0.2169,0.6065,0.0478,0.0886
weecology,tcd_tile_1135,Luzon rain forests,SE Asian & Pacific rainforest,,3633,0.3965,17,145,1,144,16,0.0069,0.0588,0.0123,0.9871,0.0472,0.09
weecology,tcd_tile_1136,East European forest steppe,European forest,,110,0.3965,0,1,0,1,0,0.0,0.0,0.0,0.0,0.0,0.0
weecology,tcd_tile_1137,Baltic mixed forests,European forest,,3747,0.3965,63,88,28,60,35,0.3182,0.4444,0.3709,0.9366,0.126,0.2221
weecology,tcd_tile_1138,Atlantic mixed forests,European forest,,3841,0.3965,15,16,0,16,15,0.0,0.0,0.0,0.0,0.0,0.0
weecology,tcd_tile_1139,North Island temperate forests,Other,,17,0.3965,13,20,5,15,8,0.25,0.3846,0.303,0.9096,0.0179,0.035
weecology,tcd_tile_114,Central European mixed forests,European forest,,3112,0.3965,81,72,36,36,45,0.5,0.4444,0.4706,0.8059,0.0905,0.1627
weecology,tcd_tile_1140,Central Indochina dry forests,Other,,4781,0.3965,179,97,51,46,128,0.5258,0.2849,0.3696,0.9582,0.2939,0.4499
weecology,tcd_tile_1141,Himalayan subtropical broadleaf forests,Other,,4734,0.3965,116,117,39,78,77,0.3333,0.3362,0.3348,0.9661,0.1913,0.3194
weecology,tcd_tile_1142,Central European mixed forests,European forest,,2456,0.3965,33,77,13,64,20,0.1688,0.3939,0.2364,0.9735,0.055,0.1041
weecology,tcd_tile_1143,Sierra Nevada forests,N. American forest,,3602,0.3965,75,16,11,5,64,0.6875,0.1467,0.2418,0.763,0.0596,0.1106
weecology,tcd_tile_1144,Eastern Guinean forests,African tropical forest,,1522,0.3965,45,11,1,10,44,0.0909,0.0222,0.0357,1.0,0.0068,0.0135
weecology,tcd_tile_1145,Cerrado,Latin American forest,,622,0.3965,0,0,0,0,0,0.0,0.0,0.0,0.0,0.0,0.0
weecology,tcd_tile_1146,Northeastern coastal forests,N. American forest,,700,0.3965,59,34,19,15,40,0.5588,0.322,0.4086,0.952,0.4112,0.5743
weecology,tcd_tile_1147,Sarmatic mixed forests,European forest,,4250,0.3965,5,73,3,70,2,0.0411,0.6,0.0769,0.9837,0.0989,0.1797
weecology,tcd_tile_1148,,Other,,3561,0.3965,178,181,65,116,113,0.3591,0.3652,0.3621,0.92,0.1499,0.2577
weecology,tcd_tile_1149,Sarmatic mixed forests,European forest,,2829,0.3965,6,37,3,34,3,0.0811,0.5,0.1395,0.9621,0.082,0.1511
weecology,tcd_tile_115,Northern Zanzibar-Inhambane coastal forest mosaic,African tropical forest,,1978,0.3965,228,69,40,29,188,0.5797,0.1754,0.2694,0.9421,0.0939,0.1707
weecology,tcd_tile_1150,,Other,,113,0.3965,64,27,1,26,63,0.037,0.0156,0.022,0.5596,0.0054,0.0108
weecology,tcd_tile_1151,,Other,,3487,0.3965,5,8,0,8,5,0.0,0.0,0.0,0.0,0.0,0.0
weecology,tcd_tile_1152,North Central Rockies forests,N. American forest,,2032,0.3965,0,0,0,0,0,0.0,0.0,0.0,0.0,0.0,0.0
weecology,tcd_tile_1153,Sarmatic mixed forests,European forest,,4759,0.3965,21,26,1,25,20,0.0385,0.0476,0.0426,0.0253,0.011,0.0154
weecology,tcd_tile_1154,Central European mixed forests,European forest,,2979,0.3965,46,28,17,11,29,0.6071,0.3696,0.4595,0.6597,0.0779,0.1394
weecology,tcd_tile_1155,Atlantic mixed forests,European forest,,96,0.3965,3,674,2,672,1,0.003,0.6667,0.0059,0.9994,0.1464,0.2554
weecology,tcd_tile_1156,Western European broadleaf forests,European forest,,2851,0.3965,1,2,1,1,0,0.5,1.0,0.6667,0.5804,0.0045,0.0089
weecology,tcd_tile_1157,Bajío dry forests,Other,,2070,0.3965,132,79,34,45,98,0.4304,0.2576,0.3223,0.7241,0.2552,0.3774
weecology,tcd_tile_1158,Celtic broadleaf forests,European forest,,4795,0.3965,0,2,0,2,0,0.0,0.0,0.0,0.0,0.0,0.0
weecology,tcd_tile_1159,Upper Midwest forest-savanna transition,N. American forest,,3503,0.3965,29,116,10,106,19,0.0862,0.3448,0.1379,0.9425,0.186,0.3108
weecology,tcd_tile_1160,Changjiang Plain evergreen forests,Other,,1269,0.3965,117,131,50,81,67,0.3817,0.4274,0.4032,0.8351,0.1087,0.1924
weecology,tcd_tile_1161,Northern Zanzibar-Inhambane coastal forest mosaic,African tropical forest,,3631,0.3965,155,47,10,37,145,0.2128,0.0645,0.099,0.906,0.0361,0.0695
weecology,tcd_tile_1162,Southeastern mixed forests,N. American forest,,4606,0.3965,66,75,25,50,41,0.3333,0.3788,0.3546,0.9385,0.0816,0.1501
weecology,tcd_tile_1163,Balkan mixed forests,European forest,,212,0.3965,47,283,22,261,25,0.0777,0.4681,0.1333,0.9442,0.1306,0.2295
weecology,tcd_tile_1164,Northern Zanzibar-Inhambane coastal forest mosaic,African tropical forest,,635,0.3965,35,12,9,3,26,0.75,0.2571,0.383,0.7857,0.1389,0.2361
weecology,tcd_tile_1165,Pontic steppe,Other,,38,0.3965,95,59,38,21,57,0.6441,0.4,0.4935,0.9258,0.1709,0.2885
weecology,tcd_tile_1166,Northern Zanzibar-Inhambane coastal forest mosaic,African tropical forest,,1179,0.3965,243,332,104,228,139,0.3133,0.428,0.3617,0.7432,0.0911,0.1623
weecology,tcd_tile_1167,English Lowlands beech forests,European forest,,3464,0.3965,1,110,1,109,0,0.0091,1.0,0.018,0.9701,0.0647,0.1213
weecology,tcd_tile_1168,Northern Anatolian conifer and deciduous forests,Other,,1464,0.3965,69,109,8,101,61,0.0734,0.1159,0.0899,0.8595,0.032,0.0617
weecology,tcd_tile_1169,Eastern forest-boreal transition,Other,,2533,0.3965,65,171,13,158,52,0.076,0.2,0.1102,0.976,0.1693,0.2885
weecology,tcd_tile_117,Northern Zanzibar-Inhambane coastal forest mosaic,African tropical forest,,1728,0.3965,193,39,36,3,157,0.9231,0.1865,0.3103,0.8884,0.1034,0.1853
weecology,tcd_tile_1170,Tongan tropical moist forests,SE Asian & Pacific rainforest,,4806,0.3965,90,83,9,74,81,0.1084,0.1,0.104,0.7397,0.0144,0.0283
weecology,tcd_tile_1171,Hispaniolan moist forests,SE Asian & Pacific rainforest,,5034,0.3965,94,89,34,55,60,0.382,0.3617,0.3716,0.4683,0.2124,0.2922
weecology,tcd_tile_1172,Petén-Veracruz moist forests,Latin American forest,,1780,0.3965,97,202,44,158,53,0.2178,0.4536,0.2943,0.96,0.069,0.1287
weecology,tcd_tile_1173,Central European mixed forests,European forest,,1711,0.3965,1,0,0,0,1,0.0,0.0,0.0,0.0,0.0,0.0
weecology,tcd_tile_1174,Taiheiyo evergreen forests,Other,,2196,0.3965,145,85,16,69,129,0.1882,0.1103,0.1391,0.8153,0.0774,0.1414
weecology,tcd_tile_1175,Luzon rain forests,SE Asian & Pacific rainforest,,697,0.3965,4,170,3,167,1,0.0176,0.75,0.0345,0.9885,0.0377,0.0726
weecology,tcd_tile_1176,Northern Zanzibar-Inhambane coastal forest mosaic,African tropical forest,,2368,0.3965,67,31,29,2,38,0.9355,0.4328,0.5918,0.9328,0.0771,0.1425
weecology,tcd_tile_1177,Celtic broadleaf forests,European forest,,1596,0.3965,3,23,1,22,2,0.0435,0.3333,0.0769,0.1369,0.1087,0.1212
weecology,tcd_tile_1178,Central Indochina dry forests,Other,,1637,0.3965,1,363,1,362,0,0.0028,1.0,0.0055,0.9982,0.1498,0.2606
weecology,tcd_tile_1179,Bahia coastal forests,Latin American forest,,922,0.3965,5,6,1,5,4,0.1667,0.2,0.1818,0.7807,0.0045,0.0089
weecology,tcd_tile_118,Northern Zanzibar-Inhambane coastal forest mosaic,African tropical forest,,1145,0.3965,93,201,35,166,58,0.1741,0.3763,0.2381,0.7264,0.1135,0.1963
weecology,tcd_tile_1180,Madeira-Tapajós moist forests,Latin American forest,,3821,0.3965,24,322,9,313,15,0.028,0.375,0.052,0.9779,0.091,0.1664
weecology,tcd_tile_1181,Maputaland coastal forest mosaic,African tropical forest,,2575,0.3965,3,7,1,6,2,0.1429,0.3333,0.2,0.0191,0.0021,0.0038
weecology,tcd_tile_1182,Northeastern coastal forests,N. American forest,,2489,0.3965,2,0,0,0,2,0.0,0.0,0.0,0.0,0.0,0.0
weecology,tcd_tile_1183,Central American pine-oak forests,Other,,1796,0.3965,222,35,31,4,191,0.8857,0.1396,0.2412,0.8717,0.11,0.1954
weecology,tcd_tile_1184,Bahamian pine mosaic,Other,,4289,0.3965,2,12,2,10,0,0.1667,1.0,0.2857,0.3559,0.0019,0.0038
weecology,tcd_tile_1185,East European forest steppe,European forest,,591,0.3965,73,88,33,55,40,0.375,0.4521,0.4099,0.7227,0.186,0.2959
weecology,tcd_tile_1186,Western European broadleaf forests,European forest,,1870,0.3965,34,11,7,4,27,0.6364,0.2059,0.3111,0.9261,0.1093,0.1955
weecology,tcd_tile_1187,Northeastern coastal forests,N. American forest,,1918,0.3965,75,64,24,40,51,0.375,0.32,0.3453,0.9633,0.0876,0.1606
weecology,tcd_tile_1188,Bahia coastal forests,Latin American forest,,4221,0.3965,171,53,24,29,147,0.4528,0.1404,0.2143,0.8252,0.0378,0.0724
weecology,tcd_tile_1189,Eastern forest-boreal transition,Other,,3879,0.3965,4,116,3,113,1,0.0259,0.75,0.05,0.9678,0.2056,0.3392
weecology,tcd_tile_1190,Northern Zanzibar-Inhambane coastal forest mosaic,African tropical forest,,1485,0.3965,137,226,63,163,74,0.2788,0.4599,0.3471,0.8764,0.2004,0.3262
weecology,tcd_tile_1191,Eastern forest-boreal transition,Other,,2007,0.3965,5,656,1,655,4,0.0015,0.2,0.003,0.9886,0.1927,0.3225
weecology,tcd_tile_1192,Northern Zanzibar-Inhambane coastal forest mosaic,African tropical forest,,2152,0.3965,97,84,16,68,81,0.1905,0.1649,0.1768,0.9322,0.0552,0.1042
weecology,tcd_tile_1193,Northern Zanzibar-Inhambane coastal forest mosaic,African tropical forest,,1272,0.3965,124,105,29,76,95,0.2762,0.2339,0.2533,0.9438,0.0661,0.1235
weecology,tcd_tile_1194,Sierra Nevada forests,N. American forest,,145,0.3965,128,38,35,3,93,0.9211,0.2734,0.4217,0.8445,0.189,0.3089
weecology,tcd_tile_1195,Northern Zanzibar-Inhambane coastal forest mosaic,African tropical forest,,4745,0.3965,307,97,82,15,225,0.8454,0.2671,0.4059,0.9406,0.1326,0.2324
weecology,tcd_tile_1196,Eastern Java-Bali rain forests,SE Asian & Pacific rainforest,,4992,0.3965,0,23,0,23,0,0.0,0.0,0.0,0.0,0.0,0.0
weecology,tcd_tile_1197,Northern Zanzibar-Inhambane coastal forest mosaic,African tropical forest,,2696,0.3965,10,263,4,259,6,0.0152,0.4,0.0293,0.9114,0.1404,0.2433
weecology,tcd_tile_1198,Hispaniolan moist forests,SE Asian & Pacific rainforest,,4312,0.3965,0,133,0,133,0,0.0,0.0,0.0,0.0,0.0,0.0
weecology,tcd_tile_1199,Sarmatic mixed forests,European forest,,2466,0.3965,16,315,6,309,10,0.019,0.375,0.0363,0.9957,0.1775,0.3013
weecology,tcd_tile_12,Sechura desert,Arid / dryland,,152,0.3965,52,15,8,7,44,0.5333,0.1538,0.2388,0.9895,0.0306,0.0593
weecology,tcd_tile_120,Caucasus mixed forests,European forest,,33,0.3965,81,65,13,52,68,0.2,0.1605,0.1781,0.9581,0.0353,0.068
weecology,tcd_tile_1200,Northern Congolian forest-savanna mosaic,African tropical forest,,787,0.3965,70,40,35,5,35,0.875,0.5,0.6364,0.5664,0.4332,0.4909
weecology,tcd_tile_1201,Celtic broadleaf forests,European forest,,1508,0.3965,7,0,0,0,7,0.0,0.0,0.0,0.0,0.0,0.0
weecology,tcd_tile_1202,Madeira-Tapajós moist forests,Latin American forest,,1328,0.3965,1,718,1,717,0,0.0014,1.0,0.0028,0.9989,0.1865,0.3143
weecology,tcd_tile_1203,Mesopotamian shrub desert,Other,,243,0.3965,402,498,287,211,115,0.5763,0.7139,0.6378,0.9627,0.4707,0.6323
weecology,tcd_tile_1204,California coastal sage and chaparral,Other,,321,0.3965,125,32,17,15,108,0.5312,0.136,0.2166,0.6486,0.053,0.098
weecology,tcd_tile_1205,,Other,,2582,0.3965,11,52,4,48,7,0.0769,0.3636,0.127,0.9846,0.0209,0.0408
weecology,tcd_tile_1206,Northern Anatolian conifer and deciduous forests,Other,,2717,0.3965,269,163,109,54,160,0.6687,0.4052,0.5046,0.7601,0.1208,0.2085
weecology,tcd_tile_1207,Sierra Nevada forests,N. American forest,,4863,0.3965,100,101,48,53,52,0.4752,0.48,0.4776,0.9127,0.3357,0.4908
weecology,tcd_tile_1208,Caucasus mixed forests,European forest,,4153,0.3965,1,0,0,0,1,0.0,0.0,0.0,0.0,0.0,0.0
weecology,tcd_tile_1209,Madeira-Tapajós moist forests,Latin American forest,,3920,0.3965,13,432,1,431,12,0.0023,0.0769,0.0045,0.9884,0.1549,0.2679
weecology,tcd_tile_121,Northern Zanzibar-Inhambane coastal forest mosaic,African tropical forest,,3674,0.3965,131,224,54,170,77,0.2411,0.4122,0.3042,0.8474,0.1441,0.2463
weecology,tcd_tile_1210,Northern Zanzibar-Inhambane coastal forest mosaic,African tropical forest,,247,0.3965,206,11,6,5,200,0.5455,0.0291,0.0553,0.4531,0.006,0.0119
weecology,tcd_tile_1211,Changjiang Plain evergreen forests,Other,,1483,0.3965,58,37,13,24,45,0.3514,0.2241,0.2737,0.8805,0.1065,0.19
weecology,tcd_tile_1212,Mato Grosso seasonal forests,Latin American forest,,1585,0.3965,50,55,10,45,40,0.1818,0.2,0.1905,0.7437,0.065,0.1195
weecology,tcd_tile_1213,Northern Zanzibar-Inhambane coastal forest mosaic,African tropical forest,,4042,0.3965,253,225,77,148,176,0.3422,0.3043,0.3222,0.9333,0.1109,0.1983
weecology,tcd_tile_1214,,Other,,3215,0.3965,115,89,26,63,89,0.2921,0.2261,0.2549,0.8971,0.0782,0.1438
weecology,tcd_tile_1215,Northern Zanzibar-Inhambane coastal forest mosaic,African tropical forest,,1138,0.3965,195,220,57,163,138,0.2591,0.2923,0.2747,0.9509,0.1183,0.2105
weecology,tcd_tile_1216,Southeastern mixed forests,N. American forest,,2827,0.3965,13,3,1,2,12,0.3333,0.0769,0.125,0.4062,0.0005,0.001
weecology,tcd_tile_1217,Baltic mixed forests,European forest,,3950,0.3965,110,30,23,7,87,0.7667,0.2091,0.3286,0.9152,0.0861,0.1574
weecology,tcd_tile_1218,,Other,,277,0.3965,67,41,13,28,54,0.3171,0.194,0.2407,0.4304,0.065,0.113
weecology,tcd_tile_1219,Yucatán moist forests,Other,,205,0.3965,133,87,19,68,114,0.2184,0.1429,0.1727,0.8746,0.0601,0.1125
weecology,tcd_tile_122,Southern Zanzibar-Inhambane coastal forest mosaic,African tropical forest,,5008,0.3965,186,83,56,27,130,0.6747,0.3011,0.4164,0.9144,0.1526,0.2615
weecology,tcd_tile_1220,Northern Zanzibar-Inhambane coastal forest mosaic,African tropical forest,,1721,0.3965,188,126,71,55,117,0.5635,0.3777,0.4522,0.8613,0.1944,0.3172
weecology,tcd_tile_1221,Northern Zanzibar-Inhambane coastal forest mosaic,African tropical forest,,452,0.3965,58,44,22,22,36,0.5,0.3793,0.4314,0.877,0.1602,0.2709
weecology,tcd_tile_1222,Araucaria moist forests,Other,,858,0.3965,233,102,59,43,174,0.5784,0.2532,0.3522,0.8064,0.0852,0.1542
weecology,tcd_tile_1223,Upper Midwest forest-savanna transition,N. American forest,,1565,0.3965,47,93,16,77,31,0.172,0.3404,0.2286,0.9438,0.1223,0.2165
weecology,tcd_tile_1224,Southern Zanzibar-Inhambane coastal forest mosaic,African tropical forest,,3001,0.3965,19,1,0,1,19,0.0,0.0,0.0,0.0,0.0,0.0
weecology,tcd_tile_1225,Balkan mixed forests,European forest,,1060,0.3965,51,34,11,23,40,0.3235,0.2157,0.2588,0.693,0.1013,0.1768
weecology,tcd_tile_1226,Eastern Java-Bali rain forests,SE Asian & Pacific rainforest,,4301,0.3965,31,75,6,69,25,0.08,0.1935,0.1132,0.9272,0.0332,0.0641
weecology,tcd_tile_1227,Luzon rain forests,SE Asian & Pacific rainforest,,4572,0.3965,127,127,44,83,83,0.3465,0.3465,0.3465,0.8391,0.092,0.1658
weecology,tcd_tile_1228,Crimean Submediterranean forest complex,Other,,3725,0.3965,96,25,10,15,86,0.4,0.1042,0.1653,0.6734,0.0117,0.023
weecology,tcd_tile_1229,Southern Zanzibar-Inhambane coastal forest mosaic,African tropical forest,,3608,0.3965,45,17,4,13,41,0.2353,0.0889,0.129,0.8545,0.0869,0.1578
weecology,tcd_tile_1230,Upper Midwest forest-savanna transition,N. American forest,,3860,0.3965,0,2,0,2,0,0.0,0.0,0.0,0.0,0.0,0.0
weecology,tcd_tile_1231,California interior chaparral and woodlands,Other,,263,0.3965,120,42,29,13,91,0.6905,0.2417,0.358,0.8347,0.1281,0.2221
weecology,tcd_tile_1232,Northern Zanzibar-Inhambane coastal forest mosaic,African tropical forest,,3185,0.3965,331,154,105,49,226,0.6818,0.3172,0.433,0.8938,0.158,0.2685
weecology,tcd_tile_1233,Northern Zanzibar-Inhambane coastal forest mosaic,African tropical forest,,3588,0.3965,223,217,67,150,156,0.3088,0.3004,0.3045,0.6044,0.0774,0.1373
weecology,tcd_tile_1234,Madeira-Tapajós moist forests,Latin American forest,,261,0.3965,1,671,1,670,0,0.0015,1.0,0.003,0.9997,0.1872,0.3154
weecology,tcd_tile_1235,East African montane forests,African tropical forest,,3907,0.3965,79,66,11,55,68,0.1667,0.1392,0.1517,0.9552,0.0383,0.0736
weecology,tcd_tile_1236,Sarmatic mixed forests,European forest,,838,0.3965,1,36,1,35,0,0.0278,1.0,0.0541,1.0,0.0102,0.0202
weecology,tcd_tile_1237,Nihonkai montane deciduous forests,Other,,4822,0.3965,44,47,13,34,31,0.2766,0.2955,0.2857,0.9677,0.0141,0.0278
weecology,tcd_tile_1238,Northern Zanzibar-Inhambane coastal forest mosaic,African tropical forest,,1831,0.3965,209,83,66,17,143,0.7952,0.3158,0.4521,0.8811,0.1547,0.2632
weecology,tcd_tile_1239,North Central Rockies forests,N. American forest,,3880,0.3965,9,706,6,700,3,0.0085,0.6667,0.0168,0.9889,0.2114,0.3484
weecology,tcd_tile_124,Southern Zanzibar-Inhambane coastal forest mosaic,African tropical forest,,4433,0.3965,141,128,41,87,100,0.3203,0.2908,0.3048,0.8924,0.09,0.1635
weecology,tcd_tile_1240,Vanuatu rain forests,Other,,2611,0.3965,52,17,6,11,46,0.3529,0.1154,0.1739,0.5467,0.0054,0.0107
weecology,tcd_tile_1241,Central European mixed forests,European forest,,1385,0.3965,63,29,14,15,49,0.4828,0.2222,0.3043,0.8604,0.0347,0.0667
weecology,tcd_tile_1242,Central Zambezian Miombo woodlands,Other,,349,0.3965,74,6,2,4,72,0.3333,0.027,0.05,0.3998,0.0045,0.0089
weecology,tcd_tile_1243,Scandinavian coastal conifer forests,Other,,2794,0.3965,0,12,0,12,0,0.0,0.0,0.0,0.0,0.0,0.0
weecology,tcd_tile_1244,Hispaniolan moist forests,SE Asian & Pacific rainforest,,3603,0.3965,59,29,14,15,45,0.4828,0.2373,0.3182,0.573,0.1072,0.1806
weecology,tcd_tile_1245,Northeastern coastal forests,N. American forest,,3326,0.3965,2,5,1,4,1,0.2,0.5,0.2857,1.0,0.0005,0.001
weecology,tcd_tile_1246,Southern Zanzibar-Inhambane coastal forest mosaic,African tropical forest,,3412,0.3965,46,102,16,86,30,0.1569,0.3478,0.2162,0.8814,0.0502,0.0951
weecology,tcd_tile_1247,Luzon rain forests,SE Asian & Pacific rainforest,,2874,0.3965,19,19,11,8,8,0.5789,0.5789,0.5789,0.9504,0.0917,0.1672
weecology,tcd_tile_1248,Lesser Sundas deciduous forests,SE Asian & Pacific rainforest,,2849,0.3965,34,508,12,496,22,0.0236,0.3529,0.0443,0.9872,0.1153,0.2065
weecology,tcd_tile_1249,,Other,,3594,0.3965,0,398,0,398,0,0.0,0.0,0.0,0.0,0.0,0.0
weecology,tcd_tile_1250,Northern Zanzibar-Inhambane coastal forest mosaic,African tropical forest,,815,0.3965,116,381,25,356,91,0.0656,0.2155,0.1006,0.9764,0.0722,0.1344
weecology,tcd_tile_1251,Northern Zanzibar-Inhambane coastal forest mosaic,African tropical forest,,1347,0.3965,1,1,1,0,0,1.0,1.0,1.0,0.5676,0.728,0.6379
weecology,tcd_tile_1252,Upper Gangetic Plains moist deciduous forests,Other,,4061,0.3965,32,26,14,12,18,0.5385,0.4375,0.4828,0.9779,0.0626,0.1176
weecology,tcd_tile_1253,Central European mixed forests,European forest,,2174,0.3965,38,13,5,8,33,0.3846,0.1316,0.1961,0.6325,0.0259,0.0498
weecology,tcd_tile_1254,,Other,,5011,0.3965,3,213,2,211,1,0.0094,0.6667,0.0185,0.0213,0.0492,0.0297
weecology,tcd_tile_1255,,Other,,1562,0.3965,6,220,2,218,4,0.0091,0.3333,0.0177,0.4357,0.013,0.0252
weecology,tcd_tile_1256,East European forest steppe,European forest,,1792,0.3965,24,29,3,26,21,0.1034,0.125,0.1132,0.9557,0.0301,0.0583
weecology,tcd_tile_1257,Southern Zanzibar-Inhambane coastal forest mosaic,African tropical forest,,4995,0.3965,285,68,35,33,250,0.5147,0.1228,0.1983,0.8392,0.0642,0.1192
weecology,tcd_tile_1258,East European forest steppe,European forest,,3577,0.3965,28,138,16,122,12,0.1159,0.5714,0.1928,0.7109,0.0511,0.0954
weecology,tcd_tile_1259,Central European mixed forests,European forest,,4971,0.3965,0,22,0,22,0,0.0,0.0,0.0,0.0,0.0,0.0
weecology,tcd_tile_126,Central European mixed forests,European forest,,4195,0.3965,0,21,0,21,0,0.0,0.0,0.0,0.0,0.0,0.0
weecology,tcd_tile_1260,Northern Zanzibar-Inhambane coastal forest mosaic,African tropical forest,,3975,0.3965,18,40,11,29,7,0.275,0.6111,0.3793,0.7239,0.0669,0.1224
weecology,tcd_tile_1261,Western European broadleaf forests,European forest,,1304,0.3965,50,50,18,32,32,0.36,0.36,0.36,0.9299,0.1399,0.2432
weecology,tcd_tile_1262,Northern Zanzibar-Inhambane coastal forest mosaic,African tropical forest,,4180,0.3965,184,159,30,129,154,0.1887,0.163,0.1749,0.9397,0.0583,0.1098
weecology,tcd_tile_1263,Western European broadleaf forests,European forest,,731,0.3965,11,20,3,17,8,0.15,0.2727,0.1935,0.3776,0.0174,0.0332
weecology,tcd_tile_1264,Changjiang Plain evergreen forests,Other,,1650,0.3965,77,18,3,15,74,0.1667,0.039,0.0632,0.1239,0.0129,0.0233
weecology,tcd_tile_1265,Granitic Seychelles forests,Other,,2202,0.3965,0,326,0,326,0,0.0,0.0,0.0,0.0,0.0,0.0
weecology,tcd_tile_1266,,Other,,3504,0.3965,0,50,0,50,0,0.0,0.0,0.0,0.0,0.0,0.0
weecology,tcd_tile_1267,East European forest steppe,European forest,,1252,0.3965,0,1,0,1,0,0.0,0.0,0.0,0.0,0.0,0.0
weecology,tcd_tile_1268,Central Indochina dry forests,Other,,4322,0.3965,102,290,60,230,42,0.2069,0.5882,0.3061,0.902,0.1709,0.2873
weecology,tcd_tile_1269,Luzon rain forests,SE Asian & Pacific rainforest,,4594,0.3965,211,174,27,147,184,0.1552,0.128,0.1403,0.8616,0.0646,0.1202
weecology,tcd_tile_1270,Mato Grosso seasonal forests,Latin American forest,,2680,0.3965,281,200,84,116,197,0.42,0.2989,0.3493,0.8712,0.2783,0.4219
weecology,tcd_tile_1271,Petén-Veracruz moist forests,Latin American forest,,4098,0.3965,14,1,1,0,13,1.0,0.0714,0.1333,1.0,0.0211,0.0413
weecology,tcd_tile_1272,Maputaland coastal forest mosaic,African tropical forest,,3470,0.3965,101,5,3,2,98,0.6,0.0297,0.0566,0.7914,0.0074,0.0146
weecology,tcd_tile_1273,Balkan mixed forests,European forest,,819,0.3965,85,19,13,6,72,0.6842,0.1529,0.25,0.7952,0.0457,0.0864
weecology,tcd_tile_1274,Celtic broadleaf forests,European forest,,3621,0.3965,15,19,5,14,10,0.2632,0.3333,0.2941,0.9986,0.0567,0.1073
weecology,tcd_tile_1275,Northern Zanzibar-Inhambane coastal forest mosaic,African tropical forest,,941,0.3965,89,11,11,0,78,1.0,0.1236,0.22,0.9147,0.0711,0.1319
weecology,tcd_tile_1276,Greater Negros-Panay rain forests,SE Asian & Pacific rainforest,,1472,0.3965,100,68,23,45,77,0.3382,0.23,0.2738,0.8748,0.074,0.1365
weecology,tcd_tile_1277,Central European mixed forests,European forest,,2992,0.3965,24,20,7,13,17,0.35,0.2917,0.3182,0.775,0.0488,0.0919
weecology,tcd_tile_1278,Western Java montane rain forests,Other,,3094,0.3965,22,32,7,25,15,0.2188,0.3182,0.2593,0.8788,0.0133,0.0261
weecology,tcd_tile_1279,Northern Zanzibar-Inhambane coastal forest mosaic,African tropical forest,,2134,0.3965,7,246,3,243,4,0.0122,0.4286,0.0237,0.9965,0.0243,0.0474
weecology,tcd_tile_128,Northern Zanzibar-Inhambane coastal forest mosaic,African tropical forest,,2671,0.3965,140,225,37,188,103,0.1644,0.2643,0.2027,0.9222,0.1228,0.2168
weecology,tcd_tile_1280,Central African mangroves,African tropical forest,,3960,0.3965,2,14,1,13,1,0.0714,0.5,0.125,0.0227,0.7241,0.044
weecology,tcd_tile_1281,Sarmatic mixed forests,European forest,,3657,0.3965,152,60,32,28,120,0.5333,0.2105,0.3019,0.8204,0.0816,0.1485
weecology,tcd_tile_1282,Southern Zanzibar-Inhambane coastal forest mosaic,African tropical forest,,4197,0.3965,0,2,0,2,0,0.0,0.0,0.0,0.0,0.0,0.0
weecology,tcd_tile_1283,Southern Great Lakes forests,N. American forest,,307,0.3965,61,54,14,40,47,0.2593,0.2295,0.2435,0.6629,0.0715,0.1291
weecology,tcd_tile_1284,Western Java rain forests,Other,,153,0.3965,206,109,77,32,129,0.7064,0.3738,0.4889,0.9289,0.3385,0.4961
weecology,tcd_tile_1285,Central European mixed forests,European forest,,4379,0.3965,36,15,10,5,26,0.6667,0.2778,0.3922,0.719,0.118,0.2028
weecology,tcd_tile_1286,Central European mixed forests,European forest,,1431,0.3965,96,42,25,17,71,0.5952,0.2604,0.3623,0.8544,0.0533,0.1004
weecology,tcd_tile_1287,Timor and Wetar deciduous forests,SE Asian & Pacific rainforest,,1429,0.3965,108,0,0,0,108,0.0,0.0,0.0,0.0,0.0,0.0
weecology,tcd_tile_1288,Himalayan subtropical broadleaf forests,Other,,3789,0.3965,49,154,31,123,18,0.2013,0.6327,0.3054,0.8489,0.0871,0.1579
weecology,tcd_tile_1289,,Other,,1999,0.3965,1,185,1,184,0,0.0054,1.0,0.0108,1.0,0.0283,0.055
weecology,tcd_tile_129,Palawan rain forests,SE Asian & Pacific rainforest,,2967,0.3965,82,251,21,230,61,0.0837,0.2561,0.1261,0.9035,0.1024,0.184
weecology,tcd_tile_1290,Northern Zanzibar-Inhambane coastal forest mosaic,African tropical forest,,2608,0.3965,50,361,29,332,21,0.0803,0.58,0.1411,0.9452,0.2238,0.362
weecology,tcd_tile_1291,Northern Zanzibar-Inhambane coastal forest mosaic,African tropical forest,,609,0.3965,1,104,1,103,0,0.0096,1.0,0.019,0.998,0.0145,0.0285
weecology,tcd_tile_1292,Western Siberian hemiboreal forests,Other,,3208,0.3965,2,19,1,18,1,0.0526,0.5,0.0952,0.8309,0.0605,0.1128
weecology,tcd_tile_1293,Madeira-Tapajós moist forests,Latin American forest,,3557,0.3965,2,356,2,354,0,0.0056,1.0,0.0112,0.9961,0.0871,0.1602
weecology,tcd_tile_1294,Tongan tropical moist forests,SE Asian & Pacific rainforest,,4327,0.3965,70,34,7,27,63,0.2059,0.1,0.1346,0.8888,0.0062,0.0123
weecology,tcd_tile_1295,Taiheiyo evergreen forests,Other,,417,0.3965,184,27,19,8,165,0.7037,0.1033,0.1801,0.9177,0.156,0.2667
weecology,tcd_tile_1296,Northern Acacia-Commiphora bushlands and thickets,Other,,864,0.3965,7,0,0,0,7,0.0,0.0,0.0,0.0,0.0,0.0
weecology,tcd_tile_1297,Upper Midwest forest-savanna transition,N. American forest,,1942,0.3965,58,21,17,4,41,0.8095,0.2931,0.4304,0.7958,0.4659,0.5877
weecology,tcd_tile_1298,Sierra Nevada forests,N. American forest,,1313,0.3965,161,72,60,12,101,0.8333,0.3727,0.515,0.8951,0.1487,0.255
weecology,tcd_tile_1299,Hispaniolan moist forests,SE Asian & Pacific rainforest,,1400,0.3965,52,39,15,24,37,0.3846,0.2885,0.3297,0.6998,0.0932,0.1646
weecology,tcd_tile_13,Chilean matorral,Arid / dryland,,746,0.3965,12,5,0,5,12,0.0,0.0,0.0,0.0,0.0,0.0
weecology,tcd_tile_1300,,Other,,1824,0.3965,175,163,71,92,104,0.4356,0.4057,0.4201,0.8074,0.1433,0.2434
weecology,tcd_tile_1301,Nihonkai montane deciduous forests,Other,,4828,0.3965,20,31,6,25,14,0.1935,0.3,0.2353,0.8635,0.008,0.0159
weecology,tcd_tile_1302,Maputaland coastal forest mosaic,African tropical forest,,801,0.3965,33,11,9,2,24,0.8182,0.2727,0.4091,0.9684,0.0981,0.1782
weecology,tcd_tile_1303,Upper Midwest forest-savanna transition,N. American forest,,3499,0.3965,25,22,11,11,14,0.5,0.44,0.4681,0.4353,0.1808,0.2555
weecology,tcd_tile_1304,Baltic mixed forests,European forest,,2914,0.3965,16,5,4,1,12,0.8,0.25,0.381,0.74,0.0355,0.0678
weecology,tcd_tile_1305,Balkan mixed forests,European forest,,1213,0.3965,26,154,6,148,20,0.039,0.2308,0.0667,0.9051,0.1718,0.2888
weecology,tcd_tile_1306,Peruvian Yungas,Latin American forest,,2640,0.3965,29,20,6,14,23,0.3,0.2069,0.2449,0.706,0.0576,0.1066
weecology,tcd_tile_1307,Scandinavian coastal conifer forests,Other,,2835,0.3965,13,507,5,502,8,0.0099,0.3846,0.0192,0.9683,0.0963,0.1751
weecology,tcd_tile_1308,Hokkaido deciduous forests,Other,,3178,0.3965,5,36,3,33,2,0.0833,0.6,0.1463,0.9223,0.1233,0.2175
weecology,tcd_tile_1309,Pannonian mixed forests,European forest,,1974,0.3965,15,423,8,415,7,0.0189,0.5333,0.0365,0.7621,0.133,0.2265
weecology,tcd_tile_1310,Madeira-Tapajós moist forests,Latin American forest,,53,0.3965,1,728,1,727,0,0.0014,1.0,0.0027,0.9999,0.1779,0.3021
weecology,tcd_tile_1311,Baltic mixed forests,European forest,,4561,0.3965,69,80,14,66,55,0.175,0.2029,0.1879,0.835,0.0219,0.0428
weecology,tcd_tile_1312,Petén-Veracruz moist forests,Latin American forest,,2836,0.3965,68,222,37,185,31,0.1667,0.5441,0.2552,0.7418,0.0781,0.1413
weecology,tcd_tile_1313,Northeastern coastal forests,N. American forest,,471,0.3965,50,71,17,54,33,0.2394,0.34,0.281,0.9673,0.1693,0.2881
weecology,tcd_tile_1314,Atlantic mixed forests,European forest,,1069,0.3965,43,15,9,6,34,0.6,0.2093,0.3103,0.8698,0.1195,0.2102
weecology,tcd_tile_1315,Eastern Mediterranean conifer-sclerophyllous-broadleaf forests,Other,,1171,0.3965,319,321,215,106,104,0.6698,0.674,0.6719,0.9331,0.4036,0.5635
weecology,tcd_tile_1316,Himalayan subtropical broadleaf forests,Other,,4393,0.3965,94,117,34,83,60,0.2906,0.3617,0.3223,0.7619,0.1411,0.2381
weecology,tcd_tile_1317,Hispaniolan moist forests,SE Asian & Pacific rainforest,,3034,0.3965,36,15,3,12,33,0.2,0.0833,0.1176,0.3055,0.0387,0.0687
weecology,tcd_tile_1318,Eastern Great Lakes lowland forests,N. American forest,,1448,0.3965,9,47,9,38,0,0.1915,1.0,0.3214,0.9873,0.1317,0.2324
weecology,tcd_tile_1319,Central Andean puna,Other,,255,0.3965,15,0,0,0,15,0.0,0.0,0.0,0.0,0.0,0.0
weecology,tcd_tile_1320,Western Java rain forests,Other,,32,0.3965,69,19,6,13,63,0.3158,0.087,0.1364,0.2831,0.1309,0.179
weecology,tcd_tile_1321,,Other,,1723,0.3965,0,59,0,59,0,0.0,0.0,0.0,0.0,0.0,0.0
weecology,tcd_tile_1322,Atlantic dry forests,Other,,150,0.3965,325,83,63,20,262,0.759,0.1938,0.3088,0.8962,0.1275,0.2233
weecology,tcd_tile_1323,Sierra Nevada forests,N. American forest,,1535,0.3965,73,27,22,5,51,0.8148,0.3014,0.44,0.8105,0.0345,0.0662
weecology,tcd_tile_1324,Taiheiyo evergreen forests,Other,,4307,0.3965,20,248,8,240,12,0.0323,0.4,0.0597,0.9801,0.0436,0.0835
weecology,tcd_tile_1325,Central European mixed forests,European forest,,3535,0.3965,0,8,0,8,0,0.0,0.0,0.0,0.0,0.0,0.0
weecology,tcd_tile_1326,Central Andean puna,Other,,489,0.3965,32,4,4,0,28,1.0,0.125,0.2222,0.6928,0.2211,0.3353
weecology,tcd_tile_1327,Celtic broadleaf forests,European forest,,5064,0.3965,12,6,4,2,8,0.6667,0.3333,0.4444,0.8669,0.0217,0.0423
weecology,tcd_tile_1328,Central European mixed forests,European forest,,4866,0.3965,0,24,0,24,0,0.0,0.0,0.0,0.0,0.0,0.0
weecology,tcd_tile_1329,,Other,,660,0.3965,159,192,40,152,119,0.2083,0.2516,0.2279,0.9348,0.0808,0.1487
weecology,tcd_tile_133,East European forest steppe,European forest,,1466,0.3965,23,48,10,38,13,0.2083,0.4348,0.2817,0.9289,0.0788,0.1452
weecology,tcd_tile_1330,Balkan mixed forests,European forest,,567,0.3965,73,151,25,126,48,0.1656,0.3425,0.2232,0.9405,0.1613,0.2754
weecology,tcd_tile_1331,Northern Zanzibar-Inhambane coastal forest mosaic,African tropical forest,,61,0.3965,272,118,59,59,213,0.5,0.2169,0.3026,0.8595,0.1573,0.266
weecology,tcd_tile_1332,Changjiang Plain evergreen forests,Other,,1601,0.3965,177,23,19,4,158,0.8261,0.1073,0.19,0.838,0.0656,0.1217
weecology,tcd_tile_1333,California coastal sage and chaparral,Other,,1370,0.3965,0,12,0,12,0,0.0,0.0,0.0,0.0,0.0,0.0
weecology,tcd_tile_1334,Sulawesi lowland rain forests,SE Asian & Pacific rainforest,,4856,0.3965,129,84,44,40,85,0.5238,0.3411,0.4131,0.8401,0.2042,0.3285
weecology,tcd_tile_1335,Willamette Valley forests,N. American forest,,2613,0.3965,17,18,5,13,12,0.2778,0.2941,0.2857,0.9674,0.0928,0.1694
weecology,tcd_tile_1336,Petén-Veracruz moist forests,Latin American forest,,2539,0.3965,123,161,48,113,75,0.2981,0.3902,0.338,0.6824,0.086,0.1527
weecology,tcd_tile_1337,Petén-Veracruz moist forests,Latin American forest,,2353,0.3965,45,263,22,241,23,0.0837,0.4889,0.1429,0.9698,0.1087,0.1956
weecology,tcd_tile_1338,Serra do Mar coastal forests,Latin American forest,,4955,0.3965,0,367,0,367,0,0.0,0.0,0.0,0.0,0.0,0.0
weecology,tcd_tile_1339,New England-Acadian forests,N. American forest,,3087,0.3965,7,86,4,82,3,0.0465,0.5714,0.086,0.9866,0.0398,0.0765
weecology,tcd_tile_1340,Tasmanian temperate forests,Other,,1426,0.3965,24,108,7,101,17,0.0648,0.2917,0.1061,0.9455,0.0215,0.0421
weecology,tcd_tile_1341,Willamette Valley forests,N. American forest,,4117,0.3965,377,31,22,9,355,0.7097,0.0584,0.1078,0.6957,0.0986,0.1728
weecology,tcd_tile_1342,Irrawaddy moist deciduous forests,Other,,1187,0.3965,28,78,22,56,6,0.2821,0.7857,0.4151,0.8835,0.1956,0.3203
weecology,tcd_tile_1343,Luzon rain forests,SE Asian & Pacific rainforest,,4950,0.3965,97,92,35,57,62,0.3804,0.3608,0.3704,0.6911,0.0816,0.1459
weecology,tcd_tile_1344,Southeastern mixed forests,N. American forest,,4441,0.3965,0,8,0,8,0,0.0,0.0,0.0,0.0,0.0,0.0
weecology,tcd_tile_1345,Sulawesi lowland rain forests,SE Asian & Pacific rainforest,,1746,0.3965,49,309,10,299,39,0.0324,0.2041,0.0559,0.9915,0.1412,0.2472
weecology,tcd_tile_1346,Hispaniolan moist forests,SE Asian & Pacific rainforest,,4614,0.3965,171,102,28,74,143,0.2745,0.1637,0.2051,0.2704,0.0734,0.1155
weecology,tcd_tile_1347,Vanuatu rain forests,Other,,2462,0.3965,27,34,5,29,22,0.1471,0.1852,0.1639,0.7465,0.0067,0.0134
weecology,tcd_tile_1348,New England-Acadian forests,N. American forest,,3132,0.3965,2,277,2,275,0,0.0072,1.0,0.0143,0.9982,0.0773,0.1436
weecology,tcd_tile_1349,Mato Grosso seasonal forests,Latin American forest,,2099,0.3965,165,233,58,175,107,0.2489,0.3515,0.2915,0.8285,0.2275,0.3569
weecology,tcd_tile_135,Northern Zanzibar-Inhambane coastal forest mosaic,African tropical forest,,1315,0.3965,58,63,22,41,36,0.3492,0.3793,0.3636,0.8641,0.0829,0.1512
weecology,tcd_tile_1350,East European forest steppe,European forest,,860,0.3965,22,429,10,419,12,0.0233,0.4545,0.0443,0.9875,0.0811,0.1498
weecology,tcd_tile_1351,Taiheiyo evergreen forests,Other,,4142,0.3965,9,655,3,652,6,0.0046,0.3333,0.009,0.998,0.2132,0.3513
weecology,tcd_tile_1352,,Other,,970,0.3965,127,107,23,84,104,0.215,0.1811,0.1966,0.7637,0.0488,0.0917
weecology,tcd_tile_1353,Willamette Valley forests,N. American forest,,3404,0.3965,15,9,3,6,12,0.3333,0.2,0.25,0.5496,0.0898,0.1544
weecology,tcd_tile_1354,Peruvian Yungas,Latin American forest,,3379,0.3965,62,67,10,57,52,0.1493,0.1613,0.155,0.8634,0.0155,0.0305
weecology,tcd_tile_1355,Changjiang Plain evergreen forests,Other,,4030,0.3965,120,64,27,37,93,0.4219,0.225,0.2935,0.9383,0.0866,0.1586
weecology,tcd_tile_1356,Northern Zanzibar-Inhambane coastal forest mosaic,African tropical forest,,4135,0.3965,155,59,37,22,118,0.6271,0.2387,0.3458,0.8227,0.1433,0.2441
weecology,tcd_tile_1357,Southeast Australia temperate forests,Other,,516,0.3965,103,84,36,48,67,0.4286,0.3495,0.385,0.9118,0.1175,0.2082
weecology,tcd_tile_1358,Central Andean puna,Other,,1243,0.3965,28,3,1,2,27,0.3333,0.0357,0.0645,0.0342,0.0049,0.0085
weecology,tcd_tile_1359,Luzon rain forests,SE Asian & Pacific rainforest,,441,0.3965,38,165,9,156,29,0.0545,0.2368,0.0887,0.9417,0.195,0.3231
weecology,tcd_tile_136,Central European mixed forests,European forest,,1131,0.3965,46,36,21,15,25,0.5833,0.4565,0.5122,0.7873,0.0454,0.0858
weecology,tcd_tile_1360,Eastern Guinean forests,African tropical forest,,2996,0.3965,0,3,0,3,0,0.0,0.0,0.0,0.0,0.0,0.0
weecology,tcd_tile_1361,Northern Zanzibar-Inhambane coastal forest mosaic,African tropical forest,,341,0.3965,180,33,30,3,150,0.9091,0.1667,0.2817,0.9035,0.0682,0.1268
weecology,tcd_tile_1362,East European forest steppe,European forest,,3526,0.3965,15,7,2,5,13,0.2857,0.1333,0.1818,0.4248,0.0065,0.0127
weecology,tcd_tile_1363,Cerrado,Latin American forest,,134,0.3965,0,6,0,6,0,0.0,0.0,0.0,0.0,0.0,0.0
weecology,tcd_tile_1364,Greater Negros-Panay rain forests,SE Asian & Pacific rainforest,,791,0.3965,55,56,22,34,33,0.3929,0.4,0.3964,0.9293,0.0616,0.1156
weecology,tcd_tile_1365,East European forest steppe,European forest,,297,0.3965,99,174,48,126,51,0.2759,0.4848,0.3516,0.8998,0.2386,0.3772
weecology,tcd_tile_1366,Iquitos varzeá,Other,,2936,0.3965,22,285,4,281,18,0.014,0.1818,0.0261,0.9744,0.1187,0.2117
weecology,tcd_tile_1367,Northern Zanzibar-Inhambane coastal forest mosaic,African tropical forest,,1219,0.3965,137,68,67,1,70,0.9853,0.4891,0.6537,0.9168,0.2704,0.4176
weecology,tcd_tile_1368,Central U.S. hardwood forests,N. American forest,,2897,0.3965,32,23,15,8,17,0.6522,0.4688,0.5455,0.8684,0.3742,0.523
weecology,tcd_tile_1369,Ucayali moist forests,Latin American forest,,3481,0.3965,2,99,2,97,0,0.0202,1.0,0.0396,0.9906,0.0525,0.0997
weecology,tcd_tile_137,Northern Zanzibar-Inhambane coastal forest mosaic,African tropical forest,,2487,0.3965,143,101,55,46,88,0.5446,0.3846,0.4508,0.8345,0.227,0.3569
weecology,tcd_tile_1370,Pannonian mixed forests,European forest,,1914,0.3965,96,648,36,612,60,0.0556,0.375,0.0968,0.8773,0.1782,0.2962
weecology,tcd_tile_1371,Chiquitano dry forests,Other,,1341,0.3965,21,10,5,5,16,0.5,0.2381,0.3226,0.6882,0.0167,0.0326
weecology,tcd_tile_1372,Greater Negros-Panay rain forests,SE Asian & Pacific rainforest,,1258,0.3965,11,0,0,0,11,0.0,0.0,0.0,0.0,0.0,0.0
weecology,tcd_tile_1373,Hokkaido deciduous forests,Other,,3257,0.3965,8,414,5,409,3,0.0121,0.625,0.0237,0.9701,0.2471,0.3939
weecology,tcd_tile_1374,Balsas dry forests,Other,,3366,0.3965,363,36,24,12,339,0.6667,0.0661,0.1203,0.7571,0.0462,0.0872
weecology,tcd_tile_1375,Araucaria moist forests,Other,,1471,0.3965,46,95,8,87,38,0.0842,0.1739,0.1135,0.9376,0.0344,0.0663
weecology,tcd_tile_1376,Taiwan subtropical evergreen forests,SE Asian & Pacific rainforest,,4119,0.3965,48,500,11,489,37,0.022,0.2292,0.0401,0.9959,0.1236,0.22
weecology,tcd_tile_1377,Halmahera rain forests,Other,,658,0.3965,33,42,9,33,24,0.2143,0.2727,0.24,0.9244,0.0314,0.0608
weecology,tcd_tile_1378,Petén-Veracruz moist forests,Latin American forest,,2497,0.3965,50,97,21,76,29,0.2165,0.42,0.2857,0.9497,0.0346,0.0668
weecology,tcd_tile_1379,Mindanao-Eastern Visayas rain forests,SE Asian & Pacific rainforest,,4167,0.3965,5,442,1,441,4,0.0023,0.2,0.0045,0.9959,0.0595,0.1123
weecology,tcd_tile_1380,Northern Zanzibar-Inhambane coastal forest mosaic,African tropical forest,,1239,0.3965,154,70,31,39,123,0.4429,0.2013,0.2768,0.7977,0.1419,0.2409
weecology,tcd_tile_1381,Southern Zanzibar-Inhambane coastal forest mosaic,African tropical forest,,1668,0.3965,67,51,17,34,50,0.3333,0.2537,0.2881,0.9781,0.0381,0.0733
weecology,tcd_tile_1382,,Other,,861,0.3965,51,217,21,196,30,0.0968,0.4118,0.1567,0.7606,0.1689,0.2764
weecology,tcd_tile_1383,Veracruz moist forests,Other,,3360,0.3965,61,130,19,111,42,0.1462,0.3115,0.199,0.8915,0.046,0.0875
weecology,tcd_tile_1384,Balkan mixed forests,European forest,,1718,0.3965,152,82,60,22,92,0.7317,0.3947,0.5128,0.9043,0.1524,0.2609
weecology,tcd_tile_1385,Tongan tropical moist forests,SE Asian & Pacific rainforest,,103,0.3965,8,150,2,148,6,0.0133,0.25,0.0253,0.0558,0.0275,0.0369
weecology,tcd_tile_1386,Alps conifer and mixed forests,European forest,,4432,0.3965,0,2,0,2,0,0.0,0.0,0.0,0.0,0.0,0.0
weecology,tcd_tile_1387,Himalayan subtropical broadleaf forests,Other,,3031,0.3965,73,534,48,486,25,0.0899,0.6575,0.1582,0.9603,0.1978,0.3281
weecology,tcd_tile_1388,Luzon rain forests,SE Asian & Pacific rainforest,,105,0.3965,68,51,20,31,48,0.3922,0.2941,0.3361,0.6243,0.0486,0.0902
weecology,tcd_tile_1389,Serra do Mar coastal forests,Latin American forest,,4909,0.3965,77,41,7,34,70,0.1707,0.0909,0.1186,0.799,0.0356,0.0681
weecology,tcd_tile_1390,East European forest steppe,European forest,,3235,0.3965,12,27,4,23,8,0.1481,0.3333,0.2051,0.9328,0.0117,0.0232
weecology,tcd_tile_1391,Central European mixed forests,European forest,,2411,0.3965,23,24,11,13,12,0.4583,0.4783,0.4681,0.8914,0.072,0.1332
weecology,tcd_tile_1392,Northern Zanzibar-Inhambane coastal forest mosaic,African tropical forest,,4688,0.3965,134,47,19,28,115,0.4043,0.1418,0.2099,0.9746,0.0243,0.0474
weecology,tcd_tile_1393,Northern Zanzibar-Inhambane coastal forest mosaic,African tropical forest,,3449,0.3965,112,8,7,1,105,0.875,0.0625,0.1167,0.913,0.0113,0.0223
weecology,tcd_tile_1394,Sarmatic mixed forests,European forest,,1874,0.3965,14,50,8,42,6,0.16,0.5714,0.25,0.813,0.0486,0.0916
weecology,tcd_tile_1395,Northern Zanzibar-Inhambane coastal forest mosaic,African tropical forest,,3896,0.3965,85,139,27,112,58,0.1942,0.3176,0.2411,0.8019,0.0759,0.1386
weecology,tcd_tile_1396,Southeastern mixed forests,N. American forest,,4854,0.3965,94,28,14,14,80,0.5,0.1489,0.2295,0.6522,0.0747,0.134
weecology,tcd_tile_1397,Taiwan subtropical evergreen forests,SE Asian & Pacific rainforest,,3655,0.3965,176,83,43,40,133,0.5181,0.2443,0.332,0.8672,0.2503,0.3884
weecology,tcd_tile_1398,Mindanao-Eastern Visayas rain forests,SE Asian & Pacific rainforest,,2450,0.3965,0,9,0,9,0,0.0,0.0,0.0,0.0,0.0,0.0
weecology,tcd_tile_1399,Eastern Java-Bali rain forests,SE Asian & Pacific rainforest,,4587,0.3965,24,250,7,243,17,0.028,0.2917,0.0511,0.9686,0.08,0.1478
weecology,tcd_tile_14,West Sudanian savanna,Arid / dryland,,116,0.3965,42,13,11,2,31,0.8462,0.2619,0.4,0.9682,0.1468,0.255
weecology,tcd_tile_140,Central European mixed forests,European forest,,2561,0.3965,39,43,13,30,26,0.3023,0.3333,0.3171,0.9742,0.0559,0.1057
weecology,tcd_tile_1400,Northern Zanzibar-Inhambane coastal forest mosaic,African tropical forest,,4045,0.3965,65,301,15,286,50,0.0498,0.2308,0.082,0.9943,0.0629,0.1183
weecology,tcd_tile_1401,East European forest steppe,European forest,,2572,0.3965,139,69,45,24,94,0.6522,0.3237,0.4327,0.9367,0.1927,0.3197
weecology,tcd_tile_1402,Mindanao-Eastern Visayas rain forests,SE Asian & Pacific rainforest,,3529,0.3965,224,212,40,172,184,0.1887,0.1786,0.1835,0.5756,0.0588,0.1067
weecology,tcd_tile_1403,Maputaland coastal forest mosaic,African tropical forest,,2063,0.3965,51,10,5,5,46,0.5,0.098,0.1639,0.6882,0.0694,0.1262
weecology,tcd_tile_1404,Himalayan subtropical broadleaf forests,Other,,3107,0.3965,13,285,5,280,8,0.0175,0.3846,0.0336,0.996,0.0862,0.1587
weecology,tcd_tile_1405,Upper Midwest forest-savanna transition,N. American forest,,3256,0.3965,22,31,8,23,14,0.2581,0.3636,0.3019,0.9171,0.1756,0.2948
weecology,tcd_tile_1406,Madeira-Tapajós moist forests,Latin American forest,,1273,0.3965,1,357,1,356,0,0.0028,1.0,0.0056,1.0,0.1547,0.2679
weecology,tcd_tile_1407,Po Basin mixed forests,Other,,2228,0.3965,36,155,21,134,15,0.1355,0.5833,0.2199,0.8895,0.3114,0.4613
weecology,tcd_tile_1408,Sarmatic mixed forests,European forest,,2792,0.3965,18,117,5,112,13,0.0427,0.2778,0.0741,0.9958,0.1892,0.3179
weecology,tcd_tile_1409,Taiwan subtropical evergreen forests,SE Asian & Pacific rainforest,,4156,0.3965,68,27,23,4,45,0.8519,0.3382,0.4842,0.8764,0.3459,0.4961
weecology,tcd_tile_141,Southern Zanzibar-Inhambane coastal forest mosaic,African tropical forest,,4425,0.3965,315,86,40,46,275,0.4651,0.127,0.1995,0.8473,0.0768,0.1408
weecology,tcd_tile_1410,"Sao Tome, Principe and Annobon moist lowland forests",Other,,3446,0.3965,16,249,6,243,10,0.0241,0.375,0.0453,0.9609,0.1028,0.1858
weecology,tcd_tile_1411,Petén-Veracruz moist forests,Latin American forest,,2237,0.3965,95,97,41,56,54,0.4227,0.4316,0.4271,0.91,0.2066,0.3368
weecology,tcd_tile_1412,Pannonian mixed forests,European forest,,4577,0.3965,149,184,77,107,72,0.4185,0.5168,0.4625,0.8139,0.1702,0.2815
weecology,tcd_tile_1413,Pontic steppe,Other,,1356,0.3965,42,44,17,27,25,0.3864,0.4048,0.3953,0.9135,0.1194,0.2112
weecology,tcd_tile_1414,Nihonkai montane deciduous forests,Other,,4290,0.3965,1,27,1,26,0,0.037,1.0,0.0714,0.9993,0.0048,0.0095
weecology,tcd_tile_1415,Po Basin mixed forests,Other,,2567,0.3965,40,158,27,131,13,0.1709,0.675,0.2727,0.9225,0.2469,0.3896
weecology,tcd_tile_1416,Upper Gangetic Plains moist deciduous forests,Other,,1683,0.3965,58,76,17,59,41,0.2237,0.2931,0.2537,0.9711,0.1,0.1814
weecology,tcd_tile_1417,Cerrado,Latin American forest,,1287,0.3965,78,83,22,61,56,0.2651,0.2821,0.2733,0.7295,0.1436,0.24
weecology,tcd_tile_1418,Northern Zanzibar-Inhambane coastal forest mosaic,African tropical forest,,3904,0.3965,1,35,1,34,0,0.0286,1.0,0.0556,1.0,0.0109,0.0216
weecology,tcd_tile_1419,,Other,,2880,0.3965,51,14,5,9,46,0.3571,0.098,0.1538,0.6956,0.0119,0.0235
weecology,tcd_tile_1420,Madeira-Tapajós moist forests,Latin American forest,,2255,0.3965,1,525,1,524,0,0.0019,1.0,0.0038,0.9997,0.1159,0.2077
weecology,tcd_tile_1421,Central European mixed forests,European forest,,2308,0.3965,53,13,9,4,44,0.6923,0.1698,0.2727,0.8933,0.0416,0.0796
weecology,tcd_tile_1422,"Sao Tome, Principe and Annobon moist lowland forests",Other,,1670,0.3965,59,100,40,60,19,0.4,0.678,0.5031,0.9626,0.1181,0.2105
weecology,tcd_tile_1423,North Central Rockies forests,N. American forest,,4089,0.3965,45,167,18,149,27,0.1078,0.4,0.1698,0.9885,0.1134,0.2034
weecology,tcd_tile_1424,Sarmatic mixed forests,European forest,,2523,0.3965,7,0,0,0,7,0.0,0.0,0.0,0.0,0.0,0.0
weecology,tcd_tile_1425,East European forest steppe,European forest,,3378,0.3965,23,29,8,21,15,0.2759,0.3478,0.3077,0.8086,0.0256,0.0497
weecology,tcd_tile_1426,Alps conifer and mixed forests,European forest,,4704,0.3965,3,4,0,4,3,0.0,0.0,0.0,0.0,0.0,0.0
weecology,tcd_tile_1427,Atlantic mixed forests,European forest,,3811,0.3965,2,10,2,8,0,0.2,1.0,0.3333,0.3329,0.172,0.2269
weecology,tcd_tile_1428,Sulawesi lowland rain forests,SE Asian & Pacific rainforest,,2928,0.3965,70,677,37,640,33,0.0547,0.5286,0.0991,0.9903,0.2284,0.3712
weecology,tcd_tile_1429,Luzon rain forests,SE Asian & Pacific rainforest,,2102,0.3965,47,128,1,127,46,0.0078,0.0213,0.0114,0.9434,0.0149,0.0294
weecology,tcd_tile_143,Northeastern coastal forests,N. American forest,,2507,0.3965,75,31,14,17,61,0.4516,0.1867,0.2642,0.8689,0.095,0.1713
weecology,tcd_tile_1430,Celtic broadleaf forests,European forest,,2685,0.3965,74,54,15,39,59,0.2778,0.2027,0.2344,0.6276,0.026,0.05
weecology,tcd_tile_1431,Sarmatic mixed forests,European forest,,2871,0.3965,21,263,8,255,13,0.0304,0.381,0.0563,0.9983,0.1866,0.3145
weecology,tcd_tile_1432,Sarmatic mixed forests,European forest,,2603,0.3965,0,0,0,0,0,0.0,0.0,0.0,0.0,0.0,0.0
weecology,tcd_tile_1433,Southern Korea evergreen forests,Other,,3236,0.3965,117,99,39,60,78,0.3939,0.3333,0.3611,0.9271,0.0883,0.1613
weecology,tcd_tile_1434,Uatuma-Trombetas moist forests,Latin American forest,,2160,0.3965,82,37,21,16,61,0.5676,0.2561,0.3529,0.8375,0.0548,0.103
weecology,tcd_tile_1435,Southeastern mixed forests,N. American forest,,3255,0.3965,3,0,0,0,3,0.0,0.0,0.0,0.0,0.0,0.0
weecology,tcd_tile_1436,Madeira-Tapajós moist forests,Latin American forest,,4860,0.3965,1,421,1,420,0,0.0024,1.0,0.0047,1.0,0.119,0.2127
weecology,tcd_tile_1437,,Other,,3076,0.3965,0,22,0,22,0,0.0,0.0,0.0,0.0,0.0,0.0
weecology,tcd_tile_1438,Scandinavian and Russian taiga,Other,,199,0.3965,3,1,0,1,3,0.0,0.0,0.0,0.0,0.0,0.0
weecology,tcd_tile_1439,Himalayan subtropical broadleaf forests,Other,,3900,0.3965,141,153,55,98,86,0.3595,0.3901,0.3741,0.8731,0.1772,0.2946
weecology,tcd_tile_144,Greater Negros-Panay rain forests,SE Asian & Pacific rainforest,,3015,0.3965,43,538,20,518,23,0.0372,0.4651,0.0688,0.9844,0.1633,0.2801
weecology,tcd_tile_1440,Sumatran lowland rain forests,SE Asian & Pacific rainforest,,3498,0.3965,199,167,83,84,116,0.497,0.4171,0.4536,0.9072,0.2043,0.3335
weecology,tcd_tile_1441,Changjiang Plain evergreen forests,Other,,2076,0.3965,16,20,0,20,16,0.0,0.0,0.0,0.0,0.0,0.0
weecology,tcd_tile_1442,Magdalena Valley montane forests,Other,,3483,0.3965,100,32,19,13,81,0.5938,0.19,0.2879,0.8066,0.0366,0.07
weecology,tcd_tile_1443,Northwestern Andean montane forests,Latin American forest,,3461,0.3965,98,16,8,8,90,0.5,0.0816,0.1404,0.6658,0.0409,0.0771
weecology,tcd_tile_1444,Mizoram-Manipur-Kachin rain forests,SE Asian & Pacific rainforest,,3799,0.3965,32,46,7,39,25,0.1522,0.2188,0.1795,0.9179,0.022,0.043
weecology,tcd_tile_1445,Palawan rain forests,SE Asian & Pacific rainforest,,3552,0.3965,117,228,30,198,87,0.1316,0.2564,0.1739,0.9334,0.1025,0.1847
weecology,tcd_tile_1446,Changjiang Plain evergreen forests,Other,,3467,0.3965,69,22,1,21,68,0.0455,0.0145,0.022,0.048,0.0031,0.0058
weecology,tcd_tile_1447,Upper Midwest forest-savanna transition,N. American forest,,3582,0.3965,50,150,27,123,23,0.18,0.54,0.27,0.9477,0.0991,0.1794
weecology,tcd_tile_1448,Baltic mixed forests,European forest,,2932,0.3965,45,16,3,13,42,0.1875,0.0667,0.0984,0.4666,0.0155,0.0301
weecology,tcd_tile_1449,Northern Zanzibar-Inhambane coastal forest mosaic,African tropical forest,,4816,0.3965,24,1,1,0,23,1.0,0.0417,0.08,0.9479,0.0457,0.0871
weecology,tcd_tile_145,Luzon rain forests,SE Asian & Pacific rainforest,,3862,0.3965,5,74,1,73,4,0.0135,0.2,0.0253,0.9866,0.0143,0.0281
weecology,tcd_tile_1450,Veracruz moist forests,Other,,488,0.3965,403,101,74,27,329,0.7327,0.1836,0.2937,0.9189,0.1517,0.2604
weecology,tcd_tile_1451,Eastern Java-Bali rain forests,SE Asian & Pacific rainforest,,4877,0.3965,54,25,5,20,49,0.2,0.0926,0.1266,0.3666,0.0089,0.0174
weecology,tcd_tile_1452,Central European mixed forests,European forest,,4238,0.3965,0,22,0,22,0,0.0,0.0,0.0,0.0,0.0,0.0
weecology,tcd_tile_1453,Hispaniolan moist forests,SE Asian & Pacific rainforest,,1784,0.3965,118,60,24,36,94,0.4,0.2034,0.2697,0.4544,0.0564,0.1004
weecology,tcd_tile_1454,Sarmatic mixed forests,European forest,,1642,0.3965,2,1,0,1,2,0.0,0.0,0.0,0.0,0.0,0.0
weecology,tcd_tile_1455,Southern Zanzibar-Inhambane coastal forest mosaic,African tropical forest,,2976,0.3965,5,2,0,2,5,0.0,0.0,0.0,0.0,0.0,0.0
weecology,tcd_tile_1456,Timor and Wetar deciduous forests,SE Asian & Pacific rainforest,,646,0.3965,174,60,44,16,130,0.7333,0.2529,0.3761,0.9331,0.0795,0.1465
weecology,tcd_tile_1457,Northern Zanzibar-Inhambane coastal forest mosaic,African tropical forest,,4823,0.3965,328,1156,205,951,123,0.1773,0.625,0.2763,0.9205,0.3512,0.5084
weecology,tcd_tile_1458,Middle Atlantic coastal forests,Other,,2727,0.3965,10,96,5,91,5,0.0521,0.5,0.0943,0.964,0.0265,0.0516
weecology,tcd_tile_1459,Sierra Nevada forests,N. American forest,,1572,0.3965,3,1,0,1,3,0.0,0.0,0.0,0.0,0.0,0.0
weecology,tcd_tile_146,Madeira-Tapajós moist forests,Latin American forest,,4691,0.3965,1,627,1,626,0,0.0016,1.0,0.0032,1.0,0.1755,0.2986
weecology,tcd_tile_1460,East European forest steppe,European forest,,2948,0.3965,36,106,16,90,20,0.1509,0.4444,0.2254,0.8198,0.0277,0.0535
weecology,tcd_tile_1461,Mindanao-Eastern Visayas rain forests,SE Asian & Pacific rainforest,,3242,0.3965,212,303,61,242,151,0.2013,0.2877,0.2369,0.6981,0.0658,0.1202
weecology,tcd_tile_1462,Appalachian-Blue Ridge forests,N. American forest,,1479,0.3965,11,15,6,9,5,0.4,0.5455,0.4615,0.9433,0.2372,0.379
weecology,tcd_tile_1463,Cerrado,Latin American forest,,684,0.3965,0,1,0,1,0,0.0,0.0,0.0,0.0,0.0,0.0
weecology,tcd_tile_1464,Granitic Seychelles forests,Other,,2655,0.3965,197,353,84,269,113,0.238,0.4264,0.3055,0.8936,0.137,0.2376
weecology,tcd_tile_1465,North Central Rockies forests,N. American forest,,1496,0.3965,10,131,4,127,6,0.0305,0.4,0.0567,0.9995,0.1366,0.2404
weecology,tcd_tile_1466,Pontic steppe,Other,,550,0.3965,46,31,21,10,25,0.6774,0.4565,0.5455,0.9435,0.2201,0.357
weecology,tcd_tile_1467,Northern Zanzibar-Inhambane coastal forest mosaic,African tropical forest,,1022,0.3965,179,158,48,110,131,0.3038,0.2682,0.2849,0.8786,0.0742,0.1369
weecology,tcd_tile_1468,Central European mixed forests,European forest,,2402,0.3965,98,65,21,44,77,0.3231,0.2143,0.2577,0.9258,0.0759,0.1403
weecology,tcd_tile_1469,Mindanao-Eastern Visayas rain forests,SE Asian & Pacific rainforest,,3269,0.3965,69,41,15,26,54,0.3659,0.2174,0.2727,0.6441,0.0289,0.0553
weecology,tcd_tile_147,Southern Great Lakes forests,N. American forest,,413,0.3965,47,48,17,31,30,0.3542,0.3617,0.3579,0.8208,0.0468,0.0886
weecology,tcd_tile_1470,Mindanao-Eastern Visayas rain forests,SE Asian & Pacific rainforest,,683,0.3965,67,216,16,200,51,0.0741,0.2388,0.1131,0.953,0.072,0.1339
weecology,tcd_tile_1471,Mato Grosso seasonal forests,Latin American forest,,2785,0.3965,24,50,14,36,10,0.28,0.5833,0.3784,0.6847,0.1959,0.3047
weecology,tcd_tile_1472,Himalayan subtropical broadleaf forests,Other,,4762,0.3965,34,8,6,2,28,0.75,0.1765,0.2857,0.8937,0.0949,0.1716
weecology,tcd_tile_1473,Baltic mixed forests,European forest,,4725,0.3965,25,104,5,99,20,0.0481,0.2,0.0775,0.9927,0.0296,0.0576
weecology,tcd_tile_1474,Northern Zanzibar-Inhambane coastal forest mosaic,African tropical forest,,3423,0.3965,7,5,2,3,5,0.4,0.2857,0.3333,0.9685,0.1277,0.2256
weecology,tcd_tile_1475,Changjiang Plain evergreen forests,Other,,1858,0.3965,68,27,5,22,63,0.1852,0.0735,0.1053,0.453,0.0205,0.0393
weecology,tcd_tile_1476,Western European broadleaf forests,European forest,,4980,0.3965,40,8,6,2,34,0.75,0.15,0.25,0.9939,0.0374,0.072
weecology,tcd_tile_1477,Mindanao-Eastern Visayas rain forests,SE Asian & Pacific rainforest,,5009,0.3965,57,20,9,11,48,0.45,0.1579,0.2338,0.7833,0.0855,0.1541
weecology,tcd_tile_1478,Celtic broadleaf forests,European forest,,3373,0.3965,40,23,11,12,29,0.4783,0.275,0.3492,0.6039,0.0616,0.1118
weecology,tcd_tile_1479,Central European mixed forests,European forest,,1064,0.3965,94,150,48,102,46,0.32,0.5106,0.3934,0.9413,0.1193,0.2118
weecology,tcd_tile_148,Timor and Wetar deciduous forests,SE Asian & Pacific rainforest,,837,0.3965,183,31,27,4,156,0.871,0.1475,0.2523,0.8117,0.0242,0.047
weecology,tcd_tile_1480,Central European mixed forests,European forest,,3921,0.3965,26,16,7,9,19,0.4375,0.2692,0.3333,0.8459,0.0254,0.0493
weecology,tcd_tile_1481,Tongan tropical moist forests,SE Asian & Pacific rainforest,,4199,0.3965,85,208,15,193,70,0.0721,0.1765,0.1024,0.7265,0.0301,0.0578
weecology,tcd_tile_1482,Central U.S. hardwood forests,N. American forest,,919,0.3965,74,31,15,16,59,0.4839,0.2027,0.2857,0.7089,0.0463,0.087
weecology,tcd_tile_1483,Southeastern mixed forests,N. American forest,,4390,0.3965,51,412,14,398,37,0.034,0.2745,0.0605,0.9891,0.2195,0.3593
weecology,tcd_tile_1484,Northern Zanzibar-Inhambane coastal forest mosaic,African tropical forest,,2451,0.3965,169,156,43,113,126,0.2756,0.2544,0.2646,0.921,0.1142,0.2032
weecology,tcd_tile_1485,Bolivian montane dry forests,Latin American forest,,3478,0.3965,14,55,8,47,6,0.1455,0.5714,0.2319,0.6974,0.0171,0.0334
weecology,tcd_tile_1486,Hispaniolan moist forests,SE Asian & Pacific rainforest,,2596,0.3965,52,24,7,17,45,0.2917,0.1346,0.1842,0.3494,0.0341,0.0622
weecology,tcd_tile_1487,Alps conifer and mixed forests,European forest,,4868,0.3965,5,23,2,21,3,0.087,0.4,0.1429,0.9559,0.0319,0.0618
weecology,tcd_tile_1488,Himalayan subtropical broadleaf forests,Other,,4190,0.3965,138,552,42,510,96,0.0761,0.3043,0.1217,0.9881,0.2805,0.437
weecology,tcd_tile_1489,Northern Congolian forest-savanna mosaic,African tropical forest,,1373,0.3965,98,56,42,14,56,0.75,0.4286,0.5455,0.9466,0.2169,0.3529
weecology,tcd_tile_149,East European forest steppe,European forest,,1822,0.3965,37,40,15,25,22,0.375,0.4054,0.3896,0.9553,0.0389,0.0747
weecology,tcd_tile_1490,Western European broadleaf forests,European forest,,1755,0.3965,9,13,4,9,5,0.3077,0.4444,0.3636,0.9588,0.0862,0.1582
weecology,tcd_tile_1491,Western European broadleaf forests,European forest,,4849,0.3965,1,1,1,0,0,1.0,1.0,1.0,1.0,0.0006,0.0011
weecology,tcd_tile_1492,Pannonian mixed forests,European forest,,3162,0.3965,7,174,4,170,3,0.023,0.5714,0.0442,0.9634,0.0764,0.1416
weecology,tcd_tile_1493,Central European mixed forests,European forest,,3667,0.3965,1,1,0,1,1,0.0,0.0,0.0,0.0,0.0,0.0
weecology,tcd_tile_1494,Taiheiyo evergreen forests,Other,,1459,0.3965,38,111,15,96,23,0.1351,0.3947,0.2013,0.8193,0.102,0.1814
weecology,tcd_tile_1495,Trans-Mexican Volcanic Belt pine-oak forests,Other,,2345,0.3965,136,130,44,86,92,0.3385,0.3235,0.3308,0.91,0.1104,0.197
weecology,tcd_tile_1496,Eastern Java-Bali rain forests,SE Asian & Pacific rainforest,,5021,0.3965,0,30,0,30,0,0.0,0.0,0.0,0.0,0.0,0.0
weecology,tcd_tile_1497,,Other,,42,0.3965,214,149,26,123,188,0.1745,0.1215,0.1433,0.9585,0.0671,0.1255
weecology,tcd_tile_1498,,Other,,4057,0.3965,65,118,10,108,55,0.0847,0.1538,0.1093,0.919,0.0469,0.0892
weecology,tcd_tile_1499,Middle Atlantic coastal forests,Other,,3126,0.3965,52,62,16,46,36,0.2581,0.3077,0.2807,0.8247,0.0446,0.0846
weecology,tcd_tile_15,West Sudanian savanna,Arid / dryland,,287,0.3965,7,8,2,6,5,0.25,0.2857,0.2667,0.5842,0.1039,0.1764
weecology,tcd_tile_150,Atlantic mixed forests,European forest,,4723,0.3965,22,270,9,261,13,0.0333,0.4091,0.0616,0.9612,0.11,0.1974
weecology,tcd_tile_1500,English Lowlands beech forests,European forest,,1511,0.3965,12,21,6,15,6,0.2857,0.5,0.3636,0.1561,0.0146,0.0267
weecology,tcd_tile_1501,Ucayali moist forests,Latin American forest,,3883,0.3965,111,230,22,208,89,0.0957,0.1982,0.129,0.9536,0.0638,0.1197
weecology,tcd_tile_1502,Granitic Seychelles forests,Other,,2793,0.3965,0,417,0,417,0,0.0,0.0,0.0,0.0,0.0,0.0
weecology,tcd_tile_1503,Caucasus mixed forests,European forest,,3173,0.3965,72,0,0,0,72,0.0,0.0,0.0,0.0,0.0,0.0
weecology,tcd_tile_1504,Iberian sclerophyllous and semi-deciduous forests,Other,,824,0.3965,876,590,513,77,363,0.8695,0.5856,0.6999,0.9062,0.4619,0.6119
weecology,tcd_tile_1505,Cardamom Mountains rain forests,Other,,3551,0.3965,121,388,29,359,92,0.0747,0.2397,0.1139,0.9955,0.1219,0.2173
weecology,tcd_tile_1506,Crimean Submediterranean forest complex,Other,,3979,0.3965,106,135,37,98,69,0.2741,0.3491,0.3071,0.9718,0.0438,0.0838
weecology,tcd_tile_1507,Cerrado,Latin American forest,,132,0.3965,0,1,0,1,0,0.0,0.0,0.0,0.0,0.0,0.0
weecology,tcd_tile_1508,Northern Zanzibar-Inhambane coastal forest mosaic,African tropical forest,,4596,0.3965,196,212,85,127,111,0.4009,0.4337,0.4167,0.8858,0.2512,0.3915
weecology,tcd_tile_1509,Northeastern Spain and Southern France Mediterranean forests,Other,,1283,0.3965,79,41,22,19,57,0.5366,0.2785,0.3667,0.8154,0.0334,0.0642
weecology,tcd_tile_1510,Celtic broadleaf forests,European forest,,4274,0.3965,20,6,2,4,18,0.3333,0.1,0.1538,0.3846,0.0206,0.039
weecology,tcd_tile_1511,Atlantic mixed forests,European forest,,4545,0.3965,13,79,3,76,10,0.038,0.2308,0.0652,0.9718,0.141,0.2463
weecology,tcd_tile_1512,Sumatran lowland rain forests,SE Asian & Pacific rainforest,,419,0.3965,246,70,42,28,204,0.6,0.1707,0.2658,0.6965,0.0922,0.1629
weecology,tcd_tile_1513,Upper Midwest forest-savanna transition,N. American forest,,4478,0.3965,68,20,16,4,52,0.8,0.2353,0.3636,0.9292,0.0955,0.1732
weecology,tcd_tile_1514,Atlantic mixed forests,European forest,,418,0.3965,47,38,21,17,26,0.5526,0.4468,0.4941,0.953,0.1704,0.289
weecology,tcd_tile_1515,Timor and Wetar deciduous forests,SE Asian & Pacific rainforest,,667,0.3965,11,5,3,2,8,0.6,0.2727,0.375,0.8781,0.009,0.0177
weecology,tcd_tile_1516,Timor and Wetar deciduous forests,SE Asian & Pacific rainforest,,4460,0.3965,174,25,16,9,158,0.64,0.092,0.1608,0.8438,0.0135,0.0265
weecology,tcd_tile_1517,Bolivian montane dry forests,Latin American forest,,3794,0.3965,17,17,2,15,15,0.1176,0.1176,0.1176,1.0,0.0043,0.0085
weecology,tcd_tile_1518,Palawan rain forests,SE Asian & Pacific rainforest,,1433,0.3965,5,53,2,51,3,0.0377,0.4,0.069,0.2957,0.0683,0.111
weecology,tcd_tile_1519,Jalisco dry forests,Other,,3382,0.3965,29,9,6,3,23,0.6667,0.2069,0.3158,0.6639,0.052,0.0965
weecology,tcd_tile_152,Northern Zanzibar-Inhambane coastal forest mosaic,African tropical forest,,1947,0.3965,217,151,76,75,141,0.5033,0.3502,0.413,0.7952,0.0929,0.1664
weecology,tcd_tile_1520,East European forest steppe,European forest,,4905,0.3965,39,34,17,17,22,0.5,0.4359,0.4658,0.6804,0.2073,0.3177
weecology,tcd_tile_1521,Sarmatic mixed forests,European forest,,2380,0.3965,49,300,33,267,16,0.11,0.6735,0.1891,0.8571,0.1237,0.2161
weecology,tcd_tile_1522,Sri Lanka dry-zone dry evergreen forests,Other,,2040,0.3965,159,145,55,90,104,0.3793,0.3459,0.3618,0.8586,0.1531,0.2599
weecology,tcd_tile_1523,Northern Zanzibar-Inhambane coastal forest mosaic,African tropical forest,,1663,0.3965,176,54,27,27,149,0.5,0.1534,0.2348,0.7799,0.0202,0.0393
weecology,tcd_tile_1524,Northern California coastal forests,N. American forest,,3893,0.3965,7,2,1,1,6,0.5,0.1429,0.2222,0.3611,0.0105,0.0205
weecology,tcd_tile_1525,Mindanao-Eastern Visayas rain forests,SE Asian & Pacific rainforest,,3342,0.3965,20,532,12,520,8,0.0226,0.6,0.0435,0.9376,0.1377,0.2401
weecology,tcd_tile_1526,Madeira-Tapajós moist forests,Latin American forest,,2798,0.3965,11,325,4,321,7,0.0123,0.3636,0.0238,0.8858,0.0907,0.1646
weecology,tcd_tile_1527,Ucayali moist forests,Latin American forest,,3085,0.3965,2,195,2,193,0,0.0103,1.0,0.0203,0.99,0.0832,0.1535
weecology,tcd_tile_1528,Luzon rain forests,SE Asian & Pacific rainforest,,3157,0.3965,104,76,32,44,72,0.4211,0.3077,0.3556,0.7321,0.092,0.1634
weecology,tcd_tile_1529,Sulawesi lowland rain forests,SE Asian & Pacific rainforest,,2318,0.3965,26,58,6,52,20,0.1034,0.2308,0.1429,0.9964,0.0374,0.0721
weecology,tcd_tile_153,Northern Zanzibar-Inhambane coastal forest mosaic,African tropical forest,,3099,0.3965,342,144,98,46,244,0.6806,0.2865,0.4033,0.8562,0.1374,0.2368
weecology,tcd_tile_1530,East European forest steppe,European forest,,167,0.3965,16,593,6,587,10,0.0101,0.375,0.0197,1.0,0.0988,0.1798
weecology,tcd_tile_1531,Sulawesi lowland rain forests,SE Asian & Pacific rainforest,,4309,0.3965,336,91,48,43,288,0.5275,0.1429,0.2248,0.8981,0.1305,0.2279
weecology,tcd_tile_1532,Balkan mixed forests,European forest,,3891,0.3965,1,74,1,73,0,0.0135,1.0,0.0267,0.9998,0.0183,0.036
weecology,tcd_tile_1533,Western Java rain forests,Other,,389,0.3965,64,52,12,40,52,0.2308,0.1875,0.2069,0.3381,0.1042,0.1593
weecology,tcd_tile_1534,Northern Zanzibar-Inhambane coastal forest mosaic,African tropical forest,,112,0.3965,112,124,40,84,72,0.3226,0.3571,0.339,0.8886,0.0329,0.0635
weecology,tcd_tile_1535,Central European mixed forests,European forest,,1178,0.3965,70,36,12,24,58,0.3333,0.1714,0.2264,0.9263,0.0682,0.127
weecology,tcd_tile_1536,East European forest steppe,European forest,,2535,0.3965,30,44,13,31,17,0.2955,0.4333,0.3514,0.7281,0.0242,0.0469
weecology,tcd_tile_1537,Sierra Nevada forests,N. American forest,,133,0.3965,102,18,18,0,84,1.0,0.1765,0.3,0.9108,0.0919,0.1669
weecology,tcd_tile_1538,,Other,,2069,0.3965,0,0,0,0,0,0.0,0.0,0.0,0.0,0.0,0.0
weecology,tcd_tile_1539,Southeastern mixed forests,N. American forest,,2226,0.3965,6,4,2,2,4,0.5,0.3333,0.4,0.99,0.0072,0.0143
weecology,tcd_tile_1540,Sarmatic mixed forests,European forest,,831,0.3965,212,64,46,18,166,0.7188,0.217,0.3333,0.8804,0.138,0.2386
weecology,tcd_tile_1541,Balkan mixed forests,European forest,,1614,0.3965,64,46,16,30,48,0.3478,0.25,0.2909,0.8878,0.0691,0.1282
weecology,tcd_tile_1542,Fiji tropical dry forests,Other,,2043,0.3965,61,370,28,342,33,0.0757,0.459,0.1299,0.7652,0.0783,0.1421
weecology,tcd_tile_1543,Vanuatu rain forests,Other,,3184,0.3965,10,29,2,27,8,0.069,0.2,0.1026,0.4986,0.0035,0.0069
weecology,tcd_tile_1544,Sierra Nevada forests,N. American forest,,2211,0.3965,243,83,59,24,184,0.7108,0.2428,0.362,0.8823,0.0621,0.1161
weecology,tcd_tile_1545,Madeira-Tapajós moist forests,Latin American forest,,3999,0.3965,2,666,2,664,0,0.003,1.0,0.006,0.9945,0.2261,0.3684
weecology,tcd_tile_1546,Northern Zanzibar-Inhambane coastal forest mosaic,African tropical forest,,1123,0.3965,140,253,70,183,70,0.2767,0.5,0.3562,0.7764,0.1087,0.1908
weecology,tcd_tile_1547,Trans-Mexican Volcanic Belt pine-oak forests,Other,,3156,0.3965,160,134,64,70,96,0.4776,0.4,0.4354,0.8183,0.139,0.2376
weecology,tcd_tile_1548,Appalachian mixed mesophytic forests,Other,,2367,0.3965,8,127,2,125,6,0.0157,0.25,0.0296,0.9581,0.0874,0.1602
weecology,tcd_tile_1549,Northern Zanzibar-Inhambane coastal forest mosaic,African tropical forest,,3887,0.3965,145,243,82,161,63,0.3374,0.5655,0.4227,0.927,0.1907,0.3163
weecology,tcd_tile_155,Western European broadleaf forests,European forest,,0,0.3965,48,17,9,8,39,0.5294,0.1875,0.2769,0.7032,0.0297,0.057
weecology,tcd_tile_1550,Nigerian lowland forests,African tropical forest,,4586,0.3965,0,47,0,47,0,0.0,0.0,0.0,0.0,0.0,0.0
weecology,tcd_tile_1551,Mindanao-Eastern Visayas rain forests,SE Asian & Pacific rainforest,,3530,0.3965,101,188,22,166,79,0.117,0.2178,0.1522,0.9108,0.0361,0.0695
weecology,tcd_tile_1552,Northern Zanzibar-Inhambane coastal forest mosaic,African tropical forest,,4093,0.3965,94,15,12,3,82,0.8,0.1277,0.2202,0.8735,0.0386,0.074
weecology,tcd_tile_1553,Balsas dry forests,Other,,3490,0.3965,527,63,28,35,499,0.4444,0.0531,0.0949,0.8895,0.0397,0.076
weecology,tcd_tile_1554,Southern Great Lakes forests,N. American forest,,2176,0.3965,4,162,4,158,0,0.0247,1.0,0.0482,0.6567,0.2072,0.315
weecology,tcd_tile_1555,Southern Zanzibar-Inhambane coastal forest mosaic,African tropical forest,,1673,0.3965,83,27,15,12,68,0.5556,0.1807,0.2727,0.9417,0.0432,0.0826
weecology,tcd_tile_1556,East European forest steppe,European forest,,879,0.3965,8,42,5,37,3,0.119,0.625,0.2,0.6712,0.0859,0.1523
weecology,tcd_tile_1557,Central European mixed forests,European forest,,4693,0.3965,77,14,2,12,75,0.1429,0.026,0.044,0.1864,0.002,0.004
weecology,tcd_tile_1558,Southeastern mixed forests,N. American forest,,4521,0.3965,2,244,2,242,0,0.0082,1.0,0.0163,0.9666,0.2433,0.3888
weecology,tcd_tile_1559,,Other,,1744,0.3965,2,55,1,54,1,0.0182,0.5,0.0351,0.1446,0.0024,0.0048
weecology,tcd_tile_156,Mindanao-Eastern Visayas rain forests,SE Asian & Pacific rainforest,,1505,0.3965,56,191,21,170,35,0.1099,0.375,0.17,0.8641,0.0753,0.1386
weecology,tcd_tile_1560,Bolivian montane dry forests,Latin American forest,,4676,0.3965,0,0,0,0,0,0.0,0.0,0.0,0.0,0.0,0.0
weecology,tcd_tile_1561,Pannonian mixed forests,European forest,,3918,0.3965,2,416,2,414,0,0.0048,1.0,0.0096,0.9979,0.1015,0.1843
weecology,tcd_tile_1562,Tongan tropical moist forests,SE Asian & Pacific rainforest,,4206,0.3965,114,345,23,322,91,0.0667,0.2018,0.1002,0.7667,0.0526,0.0984
weecology,tcd_tile_1563,Eastern forest-boreal transition,Other,,1635,0.3965,2,618,2,616,0,0.0032,1.0,0.0065,1.0,0.1279,0.2267
weecology,tcd_tile_1564,Eastern Java-Bali rain forests,SE Asian & Pacific rainforest,,5027,0.3965,73,73,20,53,53,0.274,0.274,0.274,0.7748,0.0908,0.1626
weecology,tcd_tile_1565,Mindanao-Eastern Visayas rain forests,SE Asian & Pacific rainforest,,1524,0.3965,92,27,11,16,81,0.4074,0.1196,0.1849,0.6276,0.0266,0.0511
weecology,tcd_tile_1566,Hispaniolan moist forests,SE Asian & Pacific rainforest,,4495,0.3965,8,22,0,22,8,0.0,0.0,0.0,0.0,0.0,0.0
weecology,tcd_tile_1567,Central Andean dry puna,Other,,363,0.3965,0,2,0,2,0,0.0,0.0,0.0,0.0,0.0,0.0
weecology,tcd_tile_1568,Northern Zanzibar-Inhambane coastal forest mosaic,African tropical forest,,2259,0.3965,169,71,48,23,121,0.6761,0.284,0.4,0.9394,0.1112,0.1989
weecology,tcd_tile_1569,English Lowlands beech forests,European forest,,2708,0.3965,3,35,1,34,2,0.0286,0.3333,0.0526,0.9655,0.0284,0.0551
weecology,tcd_tile_157,Northern Zanzibar-Inhambane coastal forest mosaic,African tropical forest,,1645,0.3965,111,166,24,142,87,0.1446,0.2162,0.1733,0.9352,0.0634,0.1187
weecology,tcd_tile_1570,Southeastern mixed forests,N. American forest,,4365,0.3965,46,30,17,13,29,0.5667,0.3696,0.4474,0.6338,0.1188,0.2
weecology,tcd_tile_1571,North Island temperate forests,Other,,1134,0.3965,7,19,2,17,5,0.1053,0.2857,0.1538,0.9855,0.0114,0.0226
weecology,tcd_tile_1572,Western European broadleaf forests,European forest,,138,0.3965,4,7,1,6,3,0.1429,0.25,0.1818,0.1955,0.0399,0.0662
weecology,tcd_tile_1573,Central Indochina dry forests,Other,,4775,0.3965,139,427,43,384,96,0.1007,0.3094,0.1519,0.9638,0.1327,0.2332
weecology,tcd_tile_1574,Changjiang Plain evergreen forests,Other,,3117,0.3965,14,14,4,10,10,0.2857,0.2857,0.2857,0.2216,0.0759,0.1131
weecology,tcd_tile_1575,New England-Acadian forests,N. American forest,,3024,0.3965,9,56,1,55,8,0.0179,0.1111,0.0308,0.9806,0.0348,0.0672
weecology,tcd_tile_1576,Taiheiyo evergreen forests,Other,,72,0.3965,18,2,1,1,17,0.5,0.0556,0.1,0.6915,0.0016,0.0033
weecology,tcd_tile_1577,Central Indochina dry forests,Other,,4732,0.3965,83,120,32,88,51,0.2667,0.3855,0.3153,0.8595,0.1318,0.2285
weecology,tcd_tile_1578,Hispaniolan dry forests,Other,,4767,0.3965,85,80,42,38,43,0.525,0.4941,0.5091,0.8279,0.1936,0.3138
weecology,tcd_tile_1579,Madeira-Tapajós moist forests,Latin American forest,,4170,0.3965,15,708,7,701,8,0.0099,0.4667,0.0194,0.9969,0.2033,0.3377
weecology,tcd_tile_158,Sierra Nevada forests,N. American forest,,1484,0.3965,96,133,41,92,55,0.3083,0.4271,0.3581,0.8922,0.0987,0.1777
weecology,tcd_tile_1580,Bahamian pine mosaic,Other,,4972,0.3965,1,12,0,12,1,0.0,0.0,0.0,0.0,0.0,0.0
weecology,tcd_tile_1581,Central European mixed forests,European forest,,3289,0.3965,122,67,41,26,81,0.6119,0.3361,0.4339,0.8385,0.0629,0.1171
weecology,tcd_tile_1582,English Lowlands beech forests,European forest,,3338,0.3965,11,20,2,18,9,0.1,0.1818,0.129,0.1094,0.0965,0.1025
weecology,tcd_tile_1583,Western European broadleaf forests,European forest,,1384,0.3965,28,43,11,32,17,0.2558,0.3929,0.3099,0.6476,0.0734,0.1319
weecology,tcd_tile_1584,Taiheiyo evergreen forests,Other,,2495,0.3965,122,411,36,375,86,0.0876,0.2951,0.1351,0.9702,0.1494,0.2589
weecology,tcd_tile_1585,California interior chaparral and woodlands,Other,,937,0.3965,10,0,0,0,10,0.0,0.0,0.0,0.0,0.0,0.0
weecology,tcd_tile_1586,Lesser Sundas deciduous forests,SE Asian & Pacific rainforest,,1557,0.3965,147,43,26,17,121,0.6047,0.1769,0.2737,0.595,0.0468,0.0868
weecology,tcd_tile_1587,Hispaniolan moist forests,SE Asian & Pacific rainforest,,3313,0.3965,53,89,14,75,39,0.1573,0.2642,0.1972,0.3653,0.1053,0.1634
weecology,tcd_tile_1588,Madeira-Tapajós moist forests,Latin American forest,,2233,0.3965,286,649,9,640,277,0.0139,0.0315,0.0193,0.993,0.1664,0.285
weecology,tcd_tile_1589,English Lowlands beech forests,European forest,,781,0.3965,12,56,9,47,3,0.1607,0.75,0.2647,0.8981,0.0441,0.084
weecology,tcd_tile_1590,Baltic mixed forests,European forest,,1923,0.3965,1,44,1,43,0,0.0227,1.0,0.0444,0.9799,0.0295,0.0572
weecology,tcd_tile_1591,Western European broadleaf forests,European forest,,5015,0.3965,10,2,2,0,8,1.0,0.2,0.3333,0.8887,0.0103,0.0204
weecology,tcd_tile_1592,Palawan rain forests,SE Asian & Pacific rainforest,,4232,0.3965,43,400,10,390,33,0.025,0.2326,0.0451,0.984,0.1027,0.186
weecology,tcd_tile_1593,Eastern Cordillera real montane forests,Other,,2138,0.3965,9,107,4,103,5,0.0374,0.4444,0.069,0.9552,0.0365,0.0704
weecology,tcd_tile_1594,Scandinavian Montane Birch forest and grasslands,Other,,981,0.3965,205,10,10,0,195,1.0,0.0488,0.093,0.9519,0.0047,0.0094
weecology,tcd_tile_1595,Western Java rain forests,Other,,4500,0.3965,297,270,119,151,178,0.4407,0.4007,0.4198,0.9381,0.2391,0.3811
weecology,tcd_tile_1596,Veracruz moist forests,Other,,2327,0.3965,83,171,15,156,68,0.0877,0.1807,0.1181,0.9153,0.0807,0.1483
weecology,tcd_tile_1597,Caucasus mixed forests,European forest,,272,0.3965,111,13,7,6,104,0.5385,0.0631,0.1129,0.9811,0.0143,0.0281
weecology,tcd_tile_1598,Balkan mixed forests,European forest,,650,0.3965,1,22,0,22,1,0.0,0.0,0.0,0.0,0.0,0.0
weecology,tcd_tile_1599,Mindanao-Eastern Visayas rain forests,SE Asian & Pacific rainforest,,2387,0.3965,41,35,6,29,35,0.1714,0.1463,0.1579,0.6544,0.0397,0.0748
weecology,tcd_tile_16,West Sudanian savanna,Arid / dryland,,1126,0.3965,172,109,73,36,99,0.6697,0.4244,0.5196,0.9444,0.2404,0.3832
weecology,tcd_tile_1600,Rodope montane mixed forests,European forest,,4954,0.3965,182,247,61,186,121,0.247,0.3352,0.2844,0.9215,0.1511,0.2596
weecology,tcd_tile_1601,Sulawesi lowland rain forests,SE Asian & Pacific rainforest,,4449,0.3965,69,227,16,211,53,0.0705,0.2319,0.1081,0.931,0.0571,0.1077
weecology,tcd_tile_1602,,Other,,1010,0.3965,20,22,2,20,18,0.0909,0.1,0.0952,0.2597,0.0871,0.1305
weecology,tcd_tile_1603,Pannonian mixed forests,European forest,,1510,0.3965,42,98,10,88,32,0.102,0.2381,0.1429,0.9699,0.062,0.1166
weecology,tcd_tile_1604,Mindanao-Eastern Visayas rain forests,SE Asian & Pacific rainforest,,4160,0.3965,8,296,4,292,4,0.0135,0.5,0.0263,0.8744,0.0585,0.1097
weecology,tcd_tile_1605,Hokkaido deciduous forests,Other,,3836,0.3965,2,483,1,482,1,0.0021,0.5,0.0041,0.9885,0.2095,0.3457
weecology,tcd_tile_1606,Madeira-Tapajós moist forests,Latin American forest,,1450,0.3965,2,717,2,715,0,0.0028,1.0,0.0056,0.9947,0.1439,0.2514
weecology,tcd_tile_1607,Northern Zanzibar-Inhambane coastal forest mosaic,African tropical forest,,1712,0.3965,70,79,35,44,35,0.443,0.5,0.4698,0.7123,0.2175,0.3332
weecology,tcd_tile_1608,Eastern Great Lakes lowland forests,N. American forest,,1480,0.3965,11,3,2,1,9,0.6667,0.1818,0.2857,0.5996,0.1835,0.281
weecology,tcd_tile_1609,Nigerian lowland forests,African tropical forest,,4742,0.3965,24,62,8,54,16,0.129,0.3333,0.186,0.2543,0.112,0.1555
weecology,tcd_tile_161,Northern Zanzibar-Inhambane coastal forest mosaic,African tropical forest,,4025,0.3965,75,55,36,19,39,0.6545,0.48,0.5538,0.8919,0.2194,0.3521
weecology,tcd_tile_1610,Southeastern mixed forests,N. American forest,,1495,0.3965,4,158,4,154,0,0.0253,1.0,0.0494,0.9935,0.0986,0.1793
weecology,tcd_tile_1611,Eastern Australian temperate forests,Other,,4066,0.3965,152,36,14,22,138,0.3889,0.0921,0.1489,0.6045,0.0254,0.0487
weecology,tcd_tile_1612,Lesser Sundas deciduous forests,SE Asian & Pacific rainforest,,1407,0.3965,68,170,20,150,48,0.1176,0.2941,0.1681,0.8024,0.0519,0.0975
weecology,tcd_tile_1613,Eastern Guinean forests,African tropical forest,,2722,0.3965,64,16,10,6,54,0.625,0.1562,0.25,0.5771,0.0272,0.052
weecology,tcd_tile_1614,Nihonkai montane deciduous forests,Other,,4942,0.3965,5,48,2,46,3,0.0417,0.4,0.0755,1.0,0.0092,0.0182
weecology,tcd_tile_1615,Southern Pacific dry forests,Other,,1462,0.3965,60,128,22,106,38,0.1719,0.3667,0.234,0.9408,0.0399,0.0766
weecology,tcd_tile_1616,Hispaniolan moist forests,SE Asian & Pacific rainforest,,4295,0.3965,126,54,34,20,92,0.6296,0.2698,0.3778,0.7212,0.1485,0.2462
weecology,tcd_tile_1617,Sarmatic mixed forests,European forest,,2692,0.3965,29,97,9,88,20,0.0928,0.3103,0.1429,0.9488,0.0768,0.1421
weecology,tcd_tile_1618,Alps conifer and mixed forests,European forest,,4439,0.3965,1,12,1,11,0,0.0833,1.0,0.1538,0.9641,0.0035,0.0071
weecology,tcd_tile_1619,Western Java rain forests,Other,,342,0.3965,86,101,34,67,52,0.3366,0.3953,0.3636,0.8439,0.2367,0.3696
weecology,tcd_tile_162,Eastern Java-Bali rain forests,SE Asian & Pacific rainforest,,4910,0.3965,152,216,53,163,99,0.2454,0.3487,0.288,0.9091,0.0791,0.1456
weecology,tcd_tile_1620,Vanuatu rain forests,Other,,2363,0.3965,23,13,5,8,18,0.3846,0.2174,0.2778,0.3022,0.0332,0.0598
weecology,tcd_tile_1621,Sarmatic mixed forests,European forest,,3750,0.3965,40,319,24,295,16,0.0752,0.6,0.1337,0.8336,0.1708,0.2835
weecology,tcd_tile_1622,Po Basin mixed forests,Other,,4887,0.3965,5,14,3,11,2,0.2143,0.6,0.3158,0.3193,0.355,0.3362
weecology,tcd_tile_1623,Eastern Guinean forests,African tropical forest,,1615,0.3965,40,110,4,106,36,0.0364,0.1,0.0533,0.9879,0.0418,0.0803
weecology,tcd_tile_1624,"Sao Tome, Principe and Annobon moist lowland forests",Other,,1475,0.3965,139,230,70,160,69,0.3043,0.5036,0.3794,0.8701,0.1404,0.2417
weecology,tcd_tile_1625,Sarmatic mixed forests,European forest,,1303,0.3965,116,41,12,29,104,0.2927,0.1034,0.1529,0.8642,0.0564,0.106
weecology,tcd_tile_1626,Vanuatu rain forests,Other,,2285,0.3965,57,233,19,214,38,0.0815,0.3333,0.131,0.9621,0.0829,0.1526
weecology,tcd_tile_1627,Sierra Nevada forests,N. American forest,,3640,0.3965,74,28,18,10,56,0.6429,0.2432,0.3529,0.7408,0.0621,0.1146
weecology,tcd_tile_1628,Cerrado,Latin American forest,,256,0.3965,2,51,0,51,2,0.0,0.0,0.0,0.0174,0.0385,0.0239
weecology,tcd_tile_1629,Southern Great Lakes forests,N. American forest,,961,0.3965,16,26,6,20,10,0.2308,0.375,0.2857,0.4664,0.167,0.246
weecology,tcd_tile_1630,Eastern Java-Bali rain forests,SE Asian & Pacific rainforest,,4891,0.3965,21,175,2,173,19,0.0114,0.0952,0.0204,0.9825,0.0474,0.0905
weecology,tcd_tile_1631,Sulawesi lowland rain forests,SE Asian & Pacific rainforest,,4107,0.3965,65,38,17,21,48,0.4474,0.2615,0.3301,0.8577,0.1764,0.2926
weecology,tcd_tile_1632,Northern Zanzibar-Inhambane coastal forest mosaic,African tropical forest,,178,0.3965,103,388,31,357,72,0.0799,0.301,0.1263,0.9856,0.1436,0.2507
weecology,tcd_tile_1633,Hokkaido deciduous forests,Other,,3556,0.3965,1,2,0,2,1,0.0,0.0,0.0,0.0,0.0,0.0
weecology,tcd_tile_1634,Central European mixed forests,European forest,,1289,0.3965,30,85,13,72,17,0.1529,0.4333,0.2261,0.8606,0.0263,0.051
weecology,tcd_tile_1635,Celtic broadleaf forests,European forest,,2278,0.3965,32,14,9,5,23,0.6429,0.2812,0.3913,0.8434,0.0678,0.1256
weecology,tcd_tile_1636,Bolivian montane dry forests,Latin American forest,,4422,0.3965,0,5,0,5,0,0.0,0.0,0.0,0.0,0.0,0.0
weecology,tcd_tile_1637,South Central Rockies forests,Other,,4757,0.3965,74,32,19,13,55,0.5938,0.2568,0.3585,0.6449,0.064,0.1164
weecology,tcd_tile_1638,Magdalena Valley montane forests,Other,,2016,0.3965,72,29,19,10,53,0.6552,0.2639,0.3762,0.8612,0.0544,0.1023
weecology,tcd_tile_1639,Central European mixed forests,European forest,,3402,0.3965,36,14,6,8,30,0.4286,0.1667,0.24,0.8822,0.0979,0.1763
weecology,tcd_tile_164,Hispaniolan moist forests,SE Asian & Pacific rainforest,,976,0.3965,14,5,3,2,11,0.6,0.2143,0.3158,0.6048,0.1192,0.1991
weecology,tcd_tile_1640,Changjiang Plain evergreen forests,Other,,4516,0.3965,123,105,44,61,79,0.419,0.3577,0.386,0.9554,0.1609,0.2755
weecology,tcd_tile_1641,Mindanao-Eastern Visayas rain forests,SE Asian & Pacific rainforest,,3254,0.3965,32,503,13,490,19,0.0258,0.4062,0.0486,0.9877,0.0925,0.1692
weecology,tcd_tile_1642,Central European mixed forests,European forest,,2220,0.3965,61,20,17,3,44,0.85,0.2787,0.4198,0.8138,0.1481,0.2506
weecology,tcd_tile_1643,Sierra Nevada forests,N. American forest,,2346,0.3965,30,39,11,28,19,0.2821,0.3667,0.3188,0.9524,0.0322,0.0622
weecology,tcd_tile_1644,Luzon rain forests,SE Asian & Pacific rainforest,,531,0.3965,2,193,2,191,0,0.0104,1.0,0.0205,0.997,0.0484,0.0923
weecology,tcd_tile_1645,Southern Zanzibar-Inhambane coastal forest mosaic,African tropical forest,,4181,0.3965,243,67,45,22,198,0.6716,0.1852,0.2903,0.9357,0.0806,0.1483
weecology,tcd_tile_1646,Northern Zanzibar-Inhambane coastal forest mosaic,African tropical forest,,4372,0.3965,179,233,58,175,121,0.2489,0.324,0.2816,0.948,0.0979,0.1775
weecology,tcd_tile_1647,Petén-Veracruz moist forests,Latin American forest,,3316,0.3965,61,29,12,17,49,0.4138,0.1967,0.2667,0.908,0.0533,0.1008
weecology,tcd_tile_1648,Changjiang Plain evergreen forests,Other,,3712,0.3965,23,24,5,19,18,0.2083,0.2174,0.2128,0.2746,0.1519,0.1956
weecology,tcd_tile_1649,Granitic Seychelles forests,Other,,983,0.3965,15,444,5,439,10,0.0113,0.3333,0.0218,0.9921,0.0989,0.1799
weecology,tcd_tile_165,Central European mixed forests,European forest,,2803,0.3965,52,59,14,45,38,0.2373,0.2692,0.2523,0.8542,0.0493,0.0932
weecology,tcd_tile_1650,Sarmatic mixed forests,European forest,,216,0.3965,3,37,2,35,1,0.0541,0.6667,0.1,0.2869,0.0277,0.0505
weecology,tcd_tile_1651,Western Guinean lowland forests,African tropical forest,,3219,0.3965,77,26,19,7,58,0.7308,0.2468,0.3689,0.8111,0.0832,0.1509
weecology,tcd_tile_1652,Tigris-Euphrates alluvial salt marsh,Other,,634,0.3965,10,28,1,27,9,0.0357,0.1,0.0526,0.103,0.039,0.0566
weecology,tcd_tile_1653,Northern Zanzibar-Inhambane coastal forest mosaic,African tropical forest,,3334,0.3965,80,1,1,0,79,1.0,0.0125,0.0247,0.977,0.0029,0.0058
weecology,tcd_tile_1654,Northeastern coastal forests,N. American forest,,4166,0.3965,11,1,0,1,11,0.0,0.0,0.0,0.0,0.0,0.0
weecology,tcd_tile_1655,Atlantic mixed forests,European forest,,4272,0.3965,11,249,4,245,7,0.0161,0.3636,0.0308,0.986,0.1158,0.2072
weecology,tcd_tile_1656,Greater Negros-Panay rain forests,SE Asian & Pacific rainforest,,2085,0.3965,52,168,10,158,42,0.0595,0.1923,0.0909,0.9755,0.1148,0.2055
weecology,tcd_tile_1657,Caucasus mixed forests,European forest,,2947,0.3965,10,1,1,0,9,1.0,0.1,0.1818,0.9077,0.016,0.0315
weecology,tcd_tile_1658,Valdivian temperate forests,Other,,1487,0.3965,242,9,7,2,235,0.7778,0.0289,0.0558,0.9626,0.0107,0.0212
weecology,tcd_tile_1659,Caucasus mixed forests,European forest,,3081,0.3965,2,2,2,0,0,1.0,1.0,1.0,0.8055,0.0003,0.0005
weecology,tcd_tile_1660,Southeastern mixed forests,N. American forest,,4157,0.3965,92,14,7,7,85,0.5,0.0761,0.1321,0.7617,0.022,0.0427
weecology,tcd_tile_1661,Southeastern mixed forests,N. American forest,,4755,0.3965,14,22,6,16,8,0.2727,0.4286,0.3333,0.3481,0.6731,0.4588
weecology,tcd_tile_1662,Eastern Guinean forests,African tropical forest,,1515,0.3965,3,3,1,2,2,0.3333,0.3333,0.3333,0.4516,0.0387,0.0712
weecology,tcd_tile_1663,Southern Great Lakes forests,N. American forest,,4016,0.3965,46,31,8,23,38,0.2581,0.1739,0.2078,0.8122,0.0128,0.0252
weecology,tcd_tile_1664,Bahia coastal forests,Latin American forest,,1671,0.3965,5,224,3,221,2,0.0134,0.6,0.0262,1.0,0.0687,0.1286
weecology,tcd_tile_1665,Atlantic dry forests,Other,,415,0.3965,349,110,87,23,262,0.7909,0.2493,0.3791,0.925,0.1538,0.2637
weecology,tcd_tile_1666,Western Java rain forests,Other,,1189,0.3965,313,170,87,83,226,0.5118,0.278,0.3602,0.8831,0.165,0.278
weecology,tcd_tile_1667,Balkan mixed forests,European forest,,475,0.3965,120,44,22,22,98,0.5,0.1833,0.2683,0.9282,0.0763,0.1411
weecology,tcd_tile_1668,Sulawesi lowland rain forests,SE Asian & Pacific rainforest,,4497,0.3965,247,184,94,90,153,0.5109,0.3806,0.4362,0.8814,0.2049,0.3325
weecology,tcd_tile_1669,Northeastern coastal forests,N. American forest,,3783,0.3965,3,61,2,59,1,0.0328,0.6667,0.0625,1.0,0.0249,0.0486
weecology,tcd_tile_167,Celtic broadleaf forests,European forest,,2190,0.3965,4,32,3,29,1,0.0938,0.75,0.1667,0.9992,0.1242,0.2209
weecology,tcd_tile_1670,Northern Anatolian conifer and deciduous forests,Other,,1700,0.3965,40,71,21,50,19,0.2958,0.525,0.3784,0.8178,0.0871,0.1574
weecology,tcd_tile_1671,Scandinavian coastal conifer forests,Other,,3905,0.3965,27,149,14,135,13,0.094,0.5185,0.1591,0.8134,0.0741,0.1358
weecology,tcd_tile_1672,New England-Acadian forests,N. American forest,,4163,0.3965,8,262,4,258,4,0.0153,0.5,0.0296,0.9847,0.1338,0.2357
weecology,tcd_tile_1673,English Lowlands beech forests,European forest,,291,0.3965,7,26,4,22,3,0.1538,0.5714,0.2424,0.3064,0.4285,0.3573
weecology,tcd_tile_1674,Maputaland coastal forest mosaic,African tropical forest,,757,0.3965,0,0,0,0,0,0.0,0.0,0.0,0.0,0.0,0.0
weecology,tcd_tile_1675,Northern Zanzibar-Inhambane coastal forest mosaic,African tropical forest,,692,0.3965,21,45,7,38,14,0.1556,0.3333,0.2121,0.2884,0.0955,0.1435
weecology,tcd_tile_1676,Central European mixed forests,European forest,,4317,0.3965,0,22,0,22,0,0.0,0.0,0.0,0.0,0.0,0.0
weecology,tcd_tile_1677,Bahamian pine mosaic,Other,,5061,0.3965,2,9,1,8,1,0.1111,0.5,0.1818,0.2554,0.0012,0.0024
weecology,tcd_tile_1678,Appalachian mixed mesophytic forests,Other,,1785,0.3965,23,204,10,194,13,0.049,0.4348,0.0881,0.9265,0.1446,0.2502
weecology,tcd_tile_1679,Carpathian montane forests,Other,,4682,0.3965,5,18,3,15,2,0.1667,0.6,0.2609,0.8512,0.1162,0.2045
weecology,tcd_tile_168,Caucasus mixed forests,European forest,,1271,0.3965,60,119,24,95,36,0.2017,0.4,0.2682,0.9724,0.0852,0.1566
weecology,tcd_tile_1680,Sarmatic mixed forests,European forest,,2361,0.3965,12,31,5,26,7,0.1613,0.4167,0.2326,0.8624,0.0271,0.0526
weecology,tcd_tile_1681,East European forest steppe,European forest,,3337,0.3965,27,6,4,2,23,0.6667,0.1481,0.2424,0.7651,0.0441,0.0833
weecology,tcd_tile_1682,Southern Zanzibar-Inhambane coastal forest mosaic,African tropical forest,,4960,0.3965,209,105,53,52,156,0.5048,0.2536,0.3376,0.9662,0.1399,0.2444
weecology,tcd_tile_1683,Pontic steppe,Other,,156,0.3965,58,42,6,36,52,0.1429,0.1034,0.12,0.9912,0.0317,0.0615
weecology,tcd_tile_1684,Caucasus mixed forests,European forest,,631,0.3965,81,11,6,5,75,0.5455,0.0741,0.1304,0.7719,0.0074,0.0146
weecology,tcd_tile_1685,Tongan tropical moist forests,SE Asian & Pacific rainforest,,4175,0.3965,46,257,8,249,38,0.0311,0.1739,0.0528,0.257,0.0649,0.1037
weecology,tcd_tile_1686,Irrawaddy moist deciduous forests,Other,,955,0.3965,51,55,27,28,24,0.4909,0.5294,0.5094,0.8576,0.3269,0.4733
weecology,tcd_tile_1687,Northern Zanzibar-Inhambane coastal forest mosaic,African tropical forest,,1245,0.3965,137,74,25,49,112,0.3378,0.1825,0.237,0.7546,0.1052,0.1847
weecology,tcd_tile_1688,Northern Zanzibar-Inhambane coastal forest mosaic,African tropical forest,,3983,0.3965,40,79,13,66,27,0.1646,0.325,0.2185,0.7349,0.0492,0.0922
weecology,tcd_tile_1689,Pannonian mixed forests,European forest,,3090,0.3965,61,17,12,5,49,0.7059,0.1967,0.3077,0.9782,0.0534,0.1012
weecology,tcd_tile_1690,Sarmatic mixed forests,European forest,,1692,0.3965,48,26,11,15,37,0.4231,0.2292,0.2973,0.9785,0.0662,0.1241
weecology,tcd_tile_1691,Bahia interior forests,Other,,195,0.3965,124,60,25,35,99,0.4167,0.2016,0.2717,0.904,0.1134,0.2016
weecology,tcd_tile_1692,Changjiang Plain evergreen forests,Other,,2738,0.3965,8,20,2,18,6,0.1,0.25,0.1429,0.4071,0.0829,0.1378
weecology,tcd_tile_1693,Taiheiyo evergreen forests,Other,,4171,0.3965,63,48,26,22,37,0.5417,0.4127,0.4685,0.6189,0.0978,0.1689
weecology,tcd_tile_1694,Northern Zanzibar-Inhambane coastal forest mosaic,African tropical forest,,366,0.3965,31,148,12,136,19,0.0811,0.3871,0.1341,0.723,0.0604,0.1115
weecology,tcd_tile_1695,Western Java rain forests,Other,,793,0.3965,394,128,107,21,287,0.8359,0.2716,0.41,0.886,0.2372,0.3743
weecology,tcd_tile_1696,Tongan tropical moist forests,SE Asian & Pacific rainforest,,4297,0.3965,122,161,17,144,105,0.1056,0.1393,0.1201,0.8491,0.024,0.0467
weecology,tcd_tile_1697,Richmond temperate forests,Other,,2236,0.3965,8,16,3,13,5,0.1875,0.375,0.25,0.5531,0.3222,0.4072
weecology,tcd_tile_1698,English Lowlands beech forests,European forest,,2231,0.3965,22,139,15,124,7,0.1079,0.6818,0.1863,0.843,0.0936,0.1685
weecology,tcd_tile_1699,Northern Zanzibar-Inhambane coastal forest mosaic,African tropical forest,,2505,0.3965,132,119,19,100,113,0.1597,0.1439,0.1514,0.9137,0.0213,0.0417
weecology,tcd_tile_17,Chilean matorral,Arid / dryland,,618,0.3965,159,46,32,14,127,0.6957,0.2013,0.3122,0.8456,0.1398,0.2399
weecology,tcd_tile_170,Sarmatic mixed forests,European forest,,57,0.3965,15,202,11,191,4,0.0545,0.7333,0.1014,0.7146,0.0329,0.0629
weecology,tcd_tile_1700,Western European broadleaf forests,European forest,,797,0.3965,7,5,2,3,5,0.4,0.2857,0.3333,0.7751,0.0396,0.0753
weecology,tcd_tile_1701,Vanuatu rain forests,Other,,2104,0.3965,23,9,2,7,21,0.2222,0.087,0.125,0.1998,0.0031,0.0062
weecology,tcd_tile_1702,Western Siberian hemiboreal forests,Other,,1730,0.3965,21,29,2,27,19,0.069,0.0952,0.08,0.1322,0.0074,0.0141
weecology,tcd_tile_1703,Atlantic mixed forests,European forest,,427,0.3965,61,269,35,234,26,0.1301,0.5738,0.2121,0.9376,0.1072,0.1925
weecology,tcd_tile_1704,Granitic Seychelles forests,Other,,917,0.3965,125,409,37,372,88,0.0905,0.296,0.1386,0.9599,0.0917,0.1674
weecology,tcd_tile_1705,Hispaniolan moist forests,SE Asian & Pacific rainforest,,2303,0.3965,51,61,15,46,36,0.2459,0.2941,0.2679,0.5219,0.0516,0.094
weecology,tcd_tile_1706,Northern Zanzibar-Inhambane coastal forest mosaic,African tropical forest,,361,0.3965,101,217,31,186,70,0.1429,0.3069,0.195,0.8443,0.0413,0.0788
weecology,tcd_tile_1707,Upper Gangetic Plains moist deciduous forests,Other,,3411,0.3965,99,80,43,37,56,0.5375,0.4343,0.4804,0.8566,0.1457,0.2491
weecology,tcd_tile_1708,Vanuatu rain forests,Other,,2300,0.3965,114,52,30,22,84,0.5769,0.2632,0.3614,0.856,0.0314,0.0606
weecology,tcd_tile_1709,Central European mixed forests,European forest,,3150,0.3965,67,34,15,19,52,0.4412,0.2239,0.297,0.8826,0.0532,0.1003
weecology,tcd_tile_171,Sierra Nevada forests,N. American forest,,3071,0.3965,139,240,76,164,63,0.3167,0.5468,0.4011,0.9101,0.0946,0.1714
weecology,tcd_tile_1710,Sarmatic mixed forests,European forest,,5066,0.3965,21,39,5,34,16,0.1282,0.2381,0.1667,0.7217,0.0523,0.0976
weecology,tcd_tile_1711,Madeira-Tapajós moist forests,Latin American forest,,1259,0.3965,1,548,1,547,0,0.0018,1.0,0.0036,1.0,0.1945,0.3257
weecology,tcd_tile_1712,Serra do Mar coastal forests,Latin American forest,,4923,0.3965,328,335,70,265,258,0.209,0.2134,0.2112,0.8525,0.1247,0.2176
weecology,tcd_tile_1713,Eastern Java-Bali rain forests,SE Asian & Pacific rainforest,,5063,0.3965,51,58,13,45,38,0.2241,0.2549,0.2385,0.9206,0.0269,0.0523
weecology,tcd_tile_1714,Appenine deciduous montane forests,Other,,364,0.3965,126,72,35,37,91,0.4861,0.2778,0.3535,0.7618,0.1544,0.2567
weecology,tcd_tile_1715,Middle Atlantic coastal forests,Other,,2568,0.3965,34,101,8,93,26,0.0792,0.2353,0.1185,0.9291,0.0336,0.0648
weecology,tcd_tile_1716,Baltic mixed forests,European forest,,3401,0.3965,4,0,0,0,4,0.0,0.0,0.0,0.0,0.0,0.0
weecology,tcd_tile_1717,Western Java montane rain forests,Other,,3969,0.3965,109,32,17,15,92,0.5312,0.156,0.2411,0.9515,0.019,0.0372
weecology,tcd_tile_1718,Pannonian mixed forests,European forest,,2881,0.3965,25,223,13,210,12,0.0583,0.52,0.1048,0.9678,0.1245,0.2205
weecology,tcd_tile_1719,Snake-Columbia shrub steppe,Other,,780,0.3965,23,152,11,141,12,0.0724,0.4783,0.1257,0.67,0.1741,0.2764
weecology,tcd_tile_172,Eastern Great Lakes lowland forests,N. American forest,,4647,0.3965,94,31,18,13,76,0.5806,0.1915,0.288,0.9105,0.0298,0.0576
weecology,tcd_tile_1720,Sarmatic mixed forests,European forest,,4445,0.3965,6,156,6,150,0,0.0385,1.0,0.0741,0.9662,0.0722,0.1344
weecology,tcd_tile_1721,Central American pine-oak forests,Other,,2114,0.3965,141,35,27,8,114,0.7714,0.1915,0.3068,0.8626,0.1061,0.189
weecology,tcd_tile_1722,Madeira-Tapajós moist forests,Latin American forest,,4350,0.3965,1,389,1,388,0,0.0026,1.0,0.0051,1.0,0.1078,0.1947
weecology,tcd_tile_1723,Northern Anatolian conifer and deciduous forests,Other,,3523,0.3965,125,73,49,24,76,0.6712,0.392,0.4949,0.7695,0.1205,0.2084
weecology,tcd_tile_1724,Caucasus mixed forests,European forest,,2153,0.3965,12,0,0,0,12,0.0,0.0,0.0,0.0,0.0,0.0
weecology,tcd_tile_1725,Greater Negros-Panay rain forests,SE Asian & Pacific rainforest,,3635,0.3965,113,84,13,71,100,0.1548,0.115,0.132,0.9685,0.1451,0.2524
weecology,tcd_tile_1726,,Other,,4148,0.3965,28,9,3,6,25,0.3333,0.1071,0.1622,0.1533,0.0395,0.0628
weecology,tcd_tile_1727,Central European mixed forests,European forest,,2438,0.3965,48,16,0,16,48,0.0,0.0,0.0,0.0,0.0,0.0
weecology,tcd_tile_1728,Southern Pacific dry forests,Other,,3912,0.3965,11,81,6,75,5,0.0741,0.5455,0.1304,0.7434,0.0364,0.0694
weecology,tcd_tile_1729,Caucasus mixed forests,European forest,,449,0.3965,52,80,21,59,31,0.2625,0.4038,0.3182,0.9987,0.0733,0.1365
weecology,tcd_tile_173,Luzon rain forests,SE Asian & Pacific rainforest,,2541,0.3965,16,22,4,18,12,0.1818,0.25,0.2105,0.6253,0.036,0.0681
weecology,tcd_tile_1730,Mizoram-Manipur-Kachin rain forests,SE Asian & Pacific rainforest,,2117,0.3965,95,44,8,36,87,0.1818,0.0842,0.1151,0.9174,0.0427,0.0815
weecology,tcd_tile_1731,Po Basin mixed forests,Other,,1665,0.3965,63,55,29,26,34,0.5273,0.4603,0.4915,0.8108,0.3917,0.5282
weecology,tcd_tile_1732,Hispaniolan moist forests,SE Asian & Pacific rainforest,,2902,0.3965,61,50,9,41,52,0.18,0.1475,0.1622,0.2254,0.0421,0.0709
weecology,tcd_tile_1733,Iquitos varzeá,Other,,1701,0.3965,11,95,6,89,5,0.0632,0.5455,0.1132,0.8138,0.0506,0.0952
weecology,tcd_tile_1734,Central European mixed forests,European forest,,4087,0.3965,27,31,4,27,23,0.129,0.1481,0.1379,0.6149,0.005,0.01
weecology,tcd_tile_1735,Mindanao-Eastern Visayas rain forests,SE Asian & Pacific rainforest,,1185,0.3965,76,255,29,226,47,0.1137,0.3816,0.1752,0.8725,0.1066,0.19
weecology,tcd_tile_1736,North Central Rockies forests,N. American forest,,4303,0.3965,40,60,3,57,37,0.05,0.075,0.06,0.9545,0.0687,0.1282
weecology,tcd_tile_1737,Northern Zanzibar-Inhambane coastal forest mosaic,African tropical forest,,4511,0.3965,243,172,84,88,159,0.4884,0.3457,0.4048,0.9526,0.1269,0.2239
weecology,tcd_tile_1738,Eastern Cordillera real montane forests,Other,,1477,0.3965,1,125,1,124,0,0.008,1.0,0.0159,0.9992,0.0464,0.0887
weecology,tcd_tile_1739,Southern Zanzibar-Inhambane coastal forest mosaic,African tropical forest,,4654,0.3965,183,14,13,1,170,0.9286,0.071,0.132,0.9565,0.0188,0.0368
weecology,tcd_tile_1740,Petén-Veracruz moist forests,Latin American forest,,3021,0.3965,128,63,35,28,93,0.5556,0.2734,0.3665,0.8285,0.0513,0.0966
weecology,tcd_tile_1741,Southern Zanzibar-Inhambane coastal forest mosaic,African tropical forest,,4100,0.3965,106,67,36,31,70,0.5373,0.3396,0.4162,0.9137,0.047,0.0893
weecology,tcd_tile_1742,Southern Great Lakes forests,N. American forest,,1688,0.3965,2,24,1,23,1,0.0417,0.5,0.0769,0.0512,0.0056,0.0101
weecology,tcd_tile_1743,Changjiang Plain evergreen forests,Other,,3673,0.3965,40,29,15,14,25,0.5172,0.375,0.4348,0.9101,0.0445,0.0848
weecology,tcd_tile_1744,Willamette Valley forests,N. American forest,,2115,0.3965,11,11,2,9,9,0.1818,0.1818,0.1818,0.4151,0.3242,0.3641
weecology,tcd_tile_1745,Upper Gangetic Plains moist deciduous forests,Other,,3356,0.3965,15,23,5,18,10,0.2174,0.3333,0.2632,0.9482,0.0316,0.0612
weecology,tcd_tile_1746,California coastal sage and chaparral,Other,,163,0.3965,96,35,16,19,80,0.4571,0.1667,0.2443,0.737,0.0558,0.1038
weecology,tcd_tile_1747,English Lowlands beech forests,European forest,,1155,0.3965,42,52,28,24,14,0.5385,0.6667,0.5957,0.9304,0.0944,0.1714
weecology,tcd_tile_1748,Greater Negros-Panay rain forests,SE Asian & Pacific rainforest,,3048,0.3965,86,112,20,92,66,0.1786,0.2326,0.202,0.9454,0.095,0.1727
weecology,tcd_tile_1749,Northeastern Spain and Southern France Mediterranean forests,Other,,311,0.3965,38,96,15,81,23,0.1562,0.3947,0.2239,0.9381,0.0748,0.1386
weecology,tcd_tile_175,Sumatran lowland rain forests,SE Asian & Pacific rainforest,,2472,0.3965,412,193,123,70,289,0.6373,0.2985,0.4066,0.8554,0.1249,0.218
weecology,tcd_tile_1750,Northern Zanzibar-Inhambane coastal forest mosaic,African tropical forest,,2465,0.3965,60,182,14,168,46,0.0769,0.2333,0.1157,0.9781,0.0497,0.0945
weecology,tcd_tile_1751,Magdalena Valley montane forests,Other,,3826,0.3965,57,22,15,7,42,0.6818,0.2632,0.3797,0.9016,0.2789,0.426
weecology,tcd_tile_1752,Southeastern mixed forests,N. American forest,,4851,0.3965,81,63,35,28,46,0.5556,0.4321,0.4861,0.9124,0.1132,0.2014
weecology,tcd_tile_1753,Scandinavian coastal conifer forests,Other,,2011,0.3965,37,50,11,39,26,0.22,0.2973,0.2529,0.8695,0.0611,0.1141
weecology,tcd_tile_1754,Eastern Cordillera real montane forests,Other,,3926,0.3965,46,55,11,44,35,0.2,0.2391,0.2178,0.981,0.0524,0.0994
weecology,tcd_tile_1755,Hispaniolan dry forests,Other,,4407,0.3965,195,154,67,87,128,0.4351,0.3436,0.384,0.899,0.1907,0.3146
weecology,tcd_tile_1756,Hispaniolan moist forests,SE Asian & Pacific rainforest,,4628,0.3965,173,29,19,10,154,0.6552,0.1098,0.1881,0.7627,0.0328,0.0629
weecology,tcd_tile_1757,Celtic broadleaf forests,European forest,,4844,0.3965,5,6,1,5,4,0.1667,0.2,0.1818,0.5766,0.2014,0.2985
weecology,tcd_tile_1758,Sarmatic mixed forests,European forest,,3927,0.3965,25,10,6,4,19,0.6,0.24,0.3429,0.9036,0.0145,0.0285
weecology,tcd_tile_1759,Western Siberian hemiboreal forests,Other,,2642,0.3965,20,30,4,26,16,0.1333,0.2,0.16,0.8243,0.0182,0.0356
weecology,tcd_tile_1760,Central European mixed forests,European forest,,2096,0.3965,94,38,24,14,70,0.6316,0.2553,0.3636,0.8497,0.0354,0.0679
weecology,tcd_tile_1761,Northern Zanzibar-Inhambane coastal forest mosaic,African tropical forest,,2132,0.3965,164,81,48,33,116,0.5926,0.2927,0.3918,0.8047,0.1389,0.2368
weecology,tcd_tile_1762,Northern Zanzibar-Inhambane coastal forest mosaic,African tropical forest,,3444,0.3965,123,28,10,18,113,0.3571,0.0813,0.1325,0.9509,0.0097,0.0193
weecology,tcd_tile_1763,Sulawesi lowland rain forests,SE Asian & Pacific rainforest,,2060,0.3965,4,402,3,399,1,0.0075,0.75,0.0148,0.9992,0.1711,0.2922
weecology,tcd_tile_1764,Northern Zanzibar-Inhambane coastal forest mosaic,African tropical forest,,3699,0.3965,11,385,7,378,4,0.0182,0.6364,0.0354,0.9799,0.0934,0.1705
weecology,tcd_tile_1765,Northern Zanzibar-Inhambane coastal forest mosaic,African tropical forest,,3383,0.3965,1,604,1,603,0,0.0017,1.0,0.0033,0.9996,0.0818,0.1512
weecology,tcd_tile_1766,Bahamian pine mosaic,Other,,4413,0.3965,19,9,3,6,16,0.3333,0.1579,0.2143,0.8798,0.0033,0.0065
weecology,tcd_tile_1767,New England-Acadian forests,N. American forest,,2453,0.3965,16,229,8,221,8,0.0349,0.5,0.0653,0.9814,0.0875,0.1606
weecology,tcd_tile_1768,Sarmatic mixed forests,European forest,,4490,0.3965,13,261,11,250,2,0.0421,0.8462,0.0803,0.9539,0.1745,0.2951
weecology,tcd_tile_1769,Upper Midwest forest-savanna transition,N. American forest,,1957,0.3965,8,309,3,306,5,0.0097,0.375,0.0189,0.9558,0.2272,0.3671
weecology,tcd_tile_1770,Madeira-Tapajós moist forests,Latin American forest,,1661,0.3965,85,366,23,343,62,0.0628,0.2706,0.102,0.9518,0.0991,0.1794
weecology,tcd_tile_1771,Middle Atlantic coastal forests,Other,,2736,0.3965,53,37,8,29,45,0.2162,0.1509,0.1778,0.3759,0.0194,0.0369
weecology,tcd_tile_1772,Middle Atlantic coastal forests,Other,,1425,0.3965,229,62,30,32,199,0.4839,0.131,0.2062,0.5431,0.0462,0.0851
weecology,tcd_tile_1773,Southern Great Lakes forests,N. American forest,,5056,0.3965,11,8,7,1,4,0.875,0.6364,0.7368,0.9793,0.1433,0.2501
weecology,tcd_tile_1774,Northern Zanzibar-Inhambane coastal forest mosaic,African tropical forest,,2844,0.3965,109,89,39,50,70,0.4382,0.3578,0.3939,0.9115,0.0956,0.1731
weecology,tcd_tile_1775,Northern Zanzibar-Inhambane coastal forest mosaic,African tropical forest,,602,0.3965,242,20,14,6,228,0.7,0.0579,0.1069,0.879,0.028,0.0542
weecology,tcd_tile_1776,Sarmatic mixed forests,European forest,,2937,0.3965,1,149,1,148,0,0.0067,1.0,0.0133,0.9956,0.1656,0.284
weecology,tcd_tile_1777,Northern Zanzibar-Inhambane coastal forest mosaic,African tropical forest,,127,0.3965,90,40,14,26,76,0.35,0.1556,0.2154,0.948,0.079,0.1459
weecology,tcd_tile_1778,Northern Acacia-Commiphora bushlands and thickets,Other,,595,0.3965,64,11,7,4,57,0.6364,0.1094,0.1867,0.6165,0.3171,0.4188
weecology,tcd_tile_1779,Northeastern coastal forests,N. American forest,,1583,0.3965,161,9,2,7,159,0.2222,0.0124,0.0235,0.2519,0.002,0.0039
weecology,tcd_tile_1780,Hawaii tropical moist forests,Other,,3962,0.3965,2,99,1,98,1,0.0101,0.5,0.0198,1.0,0.0207,0.0406
weecology,tcd_tile_1781,Crimean Submediterranean forest complex,Other,,1394,0.3965,105,66,27,39,78,0.4091,0.2571,0.3158,0.8607,0.0225,0.0439
weecology,tcd_tile_1782,Timor and Wetar deciduous forests,SE Asian & Pacific rainforest,,1299,0.3965,163,19,14,5,149,0.7368,0.0859,0.1538,0.7575,0.0309,0.0593
weecology,tcd_tile_1783,Northern Zanzibar-Inhambane coastal forest mosaic,African tropical forest,,927,0.3965,24,69,12,57,12,0.1739,0.5,0.2581,0.7012,0.1795,0.2858
weecology,tcd_tile_1784,Appalachian-Blue Ridge forests,N. American forest,,3554,0.3965,87,43,14,29,73,0.3256,0.1609,0.2154,0.8356,0.0653,0.1211
weecology,tcd_tile_1785,Iberian sclerophyllous and semi-deciduous forests,Other,,829,0.3965,193,25,22,3,171,0.88,0.114,0.2018,0.9372,0.0735,0.1363
weecology,tcd_tile_1786,Southern Zanzibar-Inhambane coastal forest mosaic,African tropical forest,,4671,0.3965,146,2,2,0,144,1.0,0.0137,0.027,0.7291,0.0017,0.0033
weecology,tcd_tile_1787,East African montane forests,African tropical forest,,2556,0.3965,72,58,6,52,66,0.1034,0.0833,0.0923,0.9108,0.0213,0.0417
weecology,tcd_tile_1788,Celtic broadleaf forests,European forest,,3730,0.3965,20,18,5,13,15,0.2778,0.25,0.2632,0.9674,0.1641,0.2806
weecology,tcd_tile_1789,Southern Great Lakes forests,N. American forest,,4575,0.3965,15,67,10,57,5,0.1493,0.6667,0.2439,0.9391,0.1589,0.2718
weecology,tcd_tile_179,Southern Zanzibar-Inhambane coastal forest mosaic,African tropical forest,,2982,0.3965,113,105,10,95,103,0.0952,0.0885,0.0917,0.9989,0.0404,0.0776
weecology,tcd_tile_1790,Taiheiyo evergreen forests,Other,,2768,0.3965,225,125,61,64,164,0.488,0.2711,0.3486,0.8405,0.1298,0.2249
weecology,tcd_tile_1791,Madeira-Tapajós moist forests,Latin American forest,,171,0.3965,1,775,1,774,0,0.0013,1.0,0.0026,1.0,0.1805,0.3058
weecology,tcd_tile_1792,Madeira-Tapajós moist forests,Latin American forest,,2151,0.3965,3,469,3,466,0,0.0064,1.0,0.0127,1.0,0.1101,0.1984
weecology,tcd_tile_1793,Central Indochina dry forests,Other,,4374,0.3965,111,362,45,317,66,0.1243,0.4054,0.1903,0.8969,0.1033,0.1852
weecology,tcd_tile_1794,Western European broadleaf forests,European forest,,1474,0.3965,1,2,1,1,0,0.5,1.0,0.6667,1.0,0.0034,0.0067
weecology,tcd_tile_1795,Sarmatic mixed forests,European forest,,3005,0.3965,33,123,13,110,20,0.1057,0.3939,0.1667,0.7077,0.0944,0.1665
weecology,tcd_tile_1796,Northern California coastal forests,N. American forest,,2432,0.3965,1,21,1,20,0,0.0476,1.0,0.0909,0.9098,0.0056,0.0111
weecology,tcd_tile_1797,Southern Great Lakes forests,N. American forest,,1497,0.3965,61,94,34,60,27,0.3617,0.5574,0.4387,0.8817,0.1715,0.2871
weecology,tcd_tile_1798,Vanuatu rain forests,Other,,2987,0.3965,0,36,0,36,0,0.0,0.0,0.0,0.0,0.0,0.0
weecology,tcd_tile_1799,Magdalena Valley montane forests,Other,,939,0.3965,61,30,11,19,50,0.3667,0.1803,0.2418,0.5117,0.1321,0.21
weecology,tcd_tile_18,Chilean matorral,Arid / dryland,,1016,0.3965,0,1,0,1,0,0.0,0.0,0.0,0.0,0.0,0.0
weecology,tcd_tile_180,Maputaland coastal forest mosaic,African tropical forest,,504,0.3965,17,4,2,2,15,0.5,0.1176,0.1905,0.805,0.0989,0.1762
weecology,tcd_tile_1800,Bahia coastal forests,Latin American forest,,4556,0.3965,135,63,21,42,114,0.3333,0.1556,0.2121,0.7288,0.0381,0.0723
weecology,tcd_tile_1801,Central U.S. hardwood forests,N. American forest,,3049,0.3965,116,49,12,37,104,0.2449,0.1034,0.1455,0.9609,0.0451,0.0862
weecology,tcd_tile_1802,Appalachian-Blue Ridge forests,N. American forest,,4387,0.3965,14,7,1,6,13,0.1429,0.0714,0.0952,0.8076,0.0778,0.142
weecology,tcd_tile_1803,Central U.S. hardwood forests,N. American forest,,4017,0.3965,78,51,16,35,62,0.3137,0.2051,0.2481,0.9647,0.1438,0.2502
weecology,tcd_tile_1804,South Central Rockies forests,Other,,4275,0.3965,88,26,21,5,67,0.8077,0.2386,0.3684,0.9254,0.0487,0.0924
weecology,tcd_tile_1805,Nihonkai montane deciduous forests,Other,,4527,0.3965,1,13,1,12,0,0.0769,1.0,0.1429,0.9185,0.0035,0.0069
weecology,tcd_tile_1806,Northern Zanzibar-Inhambane coastal forest mosaic,African tropical forest,,935,0.3965,225,86,39,47,186,0.4535,0.1733,0.2508,0.931,0.1226,0.2166
weecology,tcd_tile_1807,Trans-Mexican Volcanic Belt pine-oak forests,Other,,1423,0.3965,149,49,35,14,114,0.7143,0.2349,0.3535,0.871,0.0922,0.1667
weecology,tcd_tile_1808,Scandinavian coastal conifer forests,Other,,3472,0.3965,66,125,14,111,52,0.112,0.2121,0.1466,0.9354,0.0831,0.1527
weecology,tcd_tile_1809,Sarmatic mixed forests,European forest,,4773,0.3965,29,4,1,3,28,0.25,0.0345,0.0606,0.0895,0.0014,0.0027
weecology,tcd_tile_181,Timor and Wetar deciduous forests,SE Asian & Pacific rainforest,,215,0.3965,7,0,0,0,7,0.0,0.0,0.0,0.0,0.0,0.0
weecology,tcd_tile_1810,Caucasus mixed forests,European forest,,2027,0.3965,5,1,1,0,4,1.0,0.2,0.3333,1.0,0.0004,0.0008
weecology,tcd_tile_1811,Western European broadleaf forests,European forest,,3568,0.3965,8,50,3,47,5,0.06,0.375,0.1034,0.9914,0.0408,0.0783
weecology,tcd_tile_1812,,Other,,3100,0.3965,0,354,0,354,0,0.0,0.0,0.0,0.0,0.0,0.0
weecology,tcd_tile_1813,Central European mixed forests,European forest,,3829,0.3965,9,7,0,7,9,0.0,0.0,0.0,0.0,0.0,0.0
weecology,tcd_tile_1814,Uatuma-Trombetas moist forests,Latin American forest,,3004,0.3965,163,61,20,41,143,0.3279,0.1227,0.1786,0.9214,0.0446,0.0851
weecology,tcd_tile_1815,,Other,,521,0.3965,80,9,6,3,74,0.6667,0.075,0.1348,0.6864,0.0246,0.0476
weecology,tcd_tile_1816,Iberian sclerophyllous and semi-deciduous forests,Other,,1034,0.3965,403,207,156,51,247,0.7536,0.3871,0.5115,0.7569,0.2565,0.3832
weecology,tcd_tile_1817,Northern Zanzibar-Inhambane coastal forest mosaic,African tropical forest,,4598,0.3965,149,0,0,0,149,0.0,0.0,0.0,0.0,0.0,0.0
weecology,tcd_tile_1818,Northern Zanzibar-Inhambane coastal forest mosaic,African tropical forest,,3746,0.3965,24,76,6,70,18,0.0789,0.25,0.12,0.9245,0.0256,0.0498
weecology,tcd_tile_1819,Peruvian Yungas,Latin American forest,,3218,0.3965,30,91,13,78,17,0.1429,0.4333,0.2149,0.9579,0.026,0.0506
weecology,tcd_tile_1820,Southern Zanzibar-Inhambane coastal forest mosaic,African tropical forest,,4627,0.3965,102,47,32,15,70,0.6809,0.3137,0.4295,0.8629,0.1464,0.2503
weecology,tcd_tile_1821,Hispaniolan moist forests,SE Asian & Pacific rainforest,,4961,0.3965,0,65,0,65,0,0.0,0.0,0.0,0.0,0.0,0.0
weecology,tcd_tile_1822,Mindanao-Eastern Visayas rain forests,SE Asian & Pacific rainforest,,3702,0.3965,5,15,1,14,4,0.0667,0.2,0.1,0.0565,0.0821,0.067
weecology,tcd_tile_1823,East European forest steppe,European forest,,938,0.3965,3,96,3,93,0,0.0312,1.0,0.0606,0.9603,0.1897,0.3168
weecology,tcd_tile_1824,Scandinavian Montane Birch forest and grasslands,Other,,169,0.3965,50,11,6,5,44,0.5455,0.12,0.1967,0.932,0.0501,0.0951
weecology,tcd_tile_1825,Scandinavian coastal conifer forests,Other,,2238,0.3965,50,370,22,348,28,0.0595,0.44,0.1048,0.8999,0.1103,0.1966
weecology,tcd_tile_1826,Northern Zanzibar-Inhambane coastal forest mosaic,African tropical forest,,2131,0.3965,100,45,24,21,76,0.5333,0.24,0.331,0.8437,0.2387,0.3721
weecology,tcd_tile_1827,Northern Zanzibar-Inhambane coastal forest mosaic,African tropical forest,,2441,0.3965,228,140,104,36,124,0.7429,0.4561,0.5652,0.8649,0.2008,0.326
weecology,tcd_tile_1828,Southern Zanzibar-Inhambane coastal forest mosaic,African tropical forest,,1667,0.3965,0,0,0,0,0,0.0,0.0,0.0,0.0,0.0,0.0
weecology,tcd_tile_1829,Atlantic dry forests,Other,,1067,0.3965,198,115,66,49,132,0.5739,0.3333,0.4217,0.9033,0.1727,0.29
weecology,tcd_tile_183,Mindanao-Eastern Visayas rain forests,SE Asian & Pacific rainforest,,3070,0.3965,179,443,53,390,126,0.1196,0.2961,0.1704,0.8342,0.0817,0.1489
weecology,tcd_tile_1830,Eastern Guinean forests,African tropical forest,,1930,0.3965,22,93,1,92,21,0.0108,0.0455,0.0174,0.997,0.0392,0.0755
weecology,tcd_tile_1831,Southeastern mixed forests,N. American forest,,4658,0.3965,28,414,19,395,9,0.0459,0.6786,0.086,0.9644,0.1811,0.3049
weecology,tcd_tile_1832,Willamette Valley forests,N. American forest,,2244,0.3965,2,5,0,5,2,0.0,0.0,0.0,0.0,0.0,0.0
weecology,tcd_tile_1833,Northern Zanzibar-Inhambane coastal forest mosaic,African tropical forest,,3819,0.3965,10,839,9,830,1,0.0107,0.9,0.0212,1.0,0.1727,0.2945
weecology,tcd_tile_1834,Central Indochina dry forests,Other,,4570,0.3965,61,100,26,74,35,0.26,0.4262,0.323,0.7493,0.0267,0.0515
weecology,tcd_tile_1835,East European forest steppe,European forest,,2630,0.3965,114,68,32,36,82,0.4706,0.2807,0.3516,0.8982,0.0885,0.1612
weecology,tcd_tile_1836,Western European broadleaf forests,European forest,,4920,0.3965,5,7,2,5,3,0.2857,0.4,0.3333,1.0,0.0084,0.0166
weecology,tcd_tile_1837,Northern Zanzibar-Inhambane coastal forest mosaic,African tropical forest,,2609,0.3965,1,393,1,392,0,0.0025,1.0,0.0051,0.9989,0.0661,0.1239
weecology,tcd_tile_1838,Baltic mixed forests,European forest,,59,0.3965,23,28,14,14,9,0.5,0.6087,0.549,0.963,0.122,0.2165
weecology,tcd_tile_1839,Northern Zanzibar-Inhambane coastal forest mosaic,African tropical forest,,2471,0.3965,222,40,23,17,199,0.575,0.1036,0.1756,0.9629,0.035,0.0675
weecology,tcd_tile_1840,Madeira-Tapajós moist forests,Latin American forest,,1651,0.3965,2,106,2,104,0,0.0189,1.0,0.037,0.9997,0.0583,0.1102
weecology,tcd_tile_1841,Northern Zanzibar-Inhambane coastal forest mosaic,African tropical forest,,1011,0.3965,32,196,11,185,21,0.0561,0.3438,0.0965,0.699,0.0266,0.0513
weecology,tcd_tile_1842,Balkan mixed forests,European forest,,4284,0.3965,121,17,17,0,104,1.0,0.1405,0.2464,0.9677,0.223,0.3625
weecology,tcd_tile_1843,North Central Rockies forests,N. American forest,,4185,0.3965,8,175,3,172,5,0.0171,0.375,0.0328,0.9972,0.127,0.2254
weecology,tcd_tile_1844,Himalayan subtropical broadleaf forests,Other,,1794,0.3965,4,319,1,318,3,0.0031,0.25,0.0062,0.9989,0.0901,0.1653
weecology,tcd_tile_1845,Valdivian temperate forests,Other,,3450,0.3965,26,11,5,6,21,0.4545,0.1923,0.2703,0.9657,0.0799,0.1476
weecology,tcd_tile_1846,Hokkaido deciduous forests,Other,,3772,0.3965,4,6,1,5,3,0.1667,0.25,0.2,0.0622,0.0006,0.0012
weecology,tcd_tile_1847,Atlantic mixed forests,European forest,,376,0.3965,60,104,33,71,27,0.3173,0.55,0.4024,0.9106,0.1868,0.31
weecology,tcd_tile_1848,Southern Great Lakes forests,N. American forest,,4705,0.3965,32,29,19,10,13,0.6552,0.5938,0.623,0.8558,0.315,0.4605
weecology,tcd_tile_1849,Northern Zanzibar-Inhambane coastal forest mosaic,African tropical forest,,149,0.3965,6,2,2,0,4,1.0,0.3333,0.5,0.9399,0.4751,0.6312
weecology,tcd_tile_1850,Northern Zanzibar-Inhambane coastal forest mosaic,African tropical forest,,946,0.3965,156,652,94,558,62,0.1442,0.6026,0.2327,0.9272,0.2818,0.4323
weecology,tcd_tile_1851,Northern Zanzibar-Inhambane coastal forest mosaic,African tropical forest,,4036,0.3965,1,829,1,828,0,0.0012,1.0,0.0024,0.9996,0.1765,0.3001
weecology,tcd_tile_1852,Central European mixed forests,European forest,,1473,0.3965,1,21,1,20,0,0.0476,1.0,0.0909,0.5051,0.0071,0.014
weecology,tcd_tile_1853,Sarmatic mixed forests,European forest,,2742,0.3965,82,271,39,232,43,0.1439,0.4756,0.221,0.9643,0.1766,0.2986
weecology,tcd_tile_1854,Eastern Guinean forests,African tropical forest,,2502,0.3965,2,0,0,0,2,0.0,0.0,0.0,0.0,0.0,0.0
weecology,tcd_tile_1855,Madeira-Tapajós moist forests,Latin American forest,,1357,0.3965,1,402,1,401,0,0.0025,1.0,0.005,0.9999,0.0975,0.1777
weecology,tcd_tile_1856,Western European broadleaf forests,European forest,,193,0.3965,57,43,13,30,44,0.3023,0.2281,0.26,0.6139,0.0448,0.0835
weecology,tcd_tile_1857,Northern Zanzibar-Inhambane coastal forest mosaic,African tropical forest,,931,0.3965,175,41,23,18,152,0.561,0.1314,0.213,0.9164,0.0236,0.0459
weecology,tcd_tile_1858,Northern Zanzibar-Inhambane coastal forest mosaic,African tropical forest,,4121,0.3965,162,68,33,35,129,0.4853,0.2037,0.287,0.7581,0.1268,0.2173
weecology,tcd_tile_1859,Mindanao-Eastern Visayas rain forests,SE Asian & Pacific rainforest,,3651,0.3965,327,154,27,127,300,0.1753,0.0826,0.1123,0.8861,0.0447,0.0852
weecology,tcd_tile_186,Northern Zanzibar-Inhambane coastal forest mosaic,African tropical forest,,2675,0.3965,26,1,1,0,25,1.0,0.0385,0.0741,0.972,0.0208,0.0407
weecology,tcd_tile_1860,Central African mangroves,African tropical forest,,1230,0.3965,142,62,41,21,101,0.6613,0.2887,0.402,0.8161,0.1185,0.2069
weecology,tcd_tile_1861,Timor and Wetar deciduous forests,SE Asian & Pacific rainforest,,4603,0.3965,105,53,13,40,92,0.2453,0.1238,0.1646,0.9709,0.0127,0.0251
weecology,tcd_tile_1862,Central European mixed forests,European forest,,2129,0.3965,52,30,9,21,43,0.3,0.1731,0.2195,0.7314,0.0102,0.02
weecology,tcd_tile_1863,Southern Great Lakes forests,N. American forest,,4253,0.3965,31,192,12,180,19,0.0625,0.3871,0.1076,0.9728,0.1602,0.2751
weecology,tcd_tile_1864,Huang He Plain mixed forests,Other,,2283,0.3965,142,64,39,25,103,0.6094,0.2746,0.3786,0.8425,0.1011,0.1805
weecology,tcd_tile_1865,Celtic broadleaf forests,European forest,,3531,0.3965,7,17,5,12,2,0.2941,0.7143,0.4167,0.9974,0.075,0.1395
weecology,tcd_tile_1866,Southern Great Lakes forests,N. American forest,,3971,0.3965,3,1,1,0,2,1.0,0.3333,0.5,0.8871,0.0023,0.0045
weecology,tcd_tile_1867,Northern Anatolian conifer and deciduous forests,Other,,3199,0.3965,178,144,82,62,96,0.5694,0.4607,0.5093,0.8616,0.1385,0.2387
weecology,tcd_tile_1868,,Other,,1246,0.3965,26,8,1,7,25,0.125,0.0385,0.0588,0.1506,0.025,0.0429
weecology,tcd_tile_1869,New England-Acadian forests,N. American forest,,1434,0.3965,9,247,5,242,4,0.0202,0.5556,0.0391,0.9977,0.0901,0.1653
weecology,tcd_tile_187,Northern Zanzibar-Inhambane coastal forest mosaic,African tropical forest,,2710,0.3965,180,85,37,48,143,0.4353,0.2056,0.2792,0.9057,0.0684,0.1271
weecology,tcd_tile_1870,California interior chaparral and woodlands,Other,,544,0.3965,20,6,6,0,14,1.0,0.3,0.4615,0.6913,0.1906,0.2989
weecology,tcd_tile_1871,Appalachian mixed mesophytic forests,Other,,2036,0.3965,1,3,0,3,1,0.0,0.0,0.0,0.0,0.0,0.0
weecology,tcd_tile_1872,Upper Midwest forest-savanna transition,N. American forest,,3104,0.3965,20,26,10,16,10,0.3846,0.5,0.4348,0.8716,0.0306,0.0592
weecology,tcd_tile_1873,Northern Zanzibar-Inhambane coastal forest mosaic,African tropical forest,,3045,0.3965,70,64,9,55,61,0.1406,0.1286,0.1343,0.9068,0.0133,0.0262
weecology,tcd_tile_1874,,Other,,655,0.3965,89,157,20,137,69,0.1274,0.2247,0.1626,0.9076,0.0507,0.096
weecology,tcd_tile_1875,Timor and Wetar deciduous forests,SE Asian & Pacific rainforest,,3599,0.3965,114,68,23,45,91,0.3382,0.2018,0.2527,0.8286,0.0325,0.0625
weecology,tcd_tile_1876,Central U.S. hardwood forests,N. American forest,,2474,0.3965,86,33,25,8,61,0.7576,0.2907,0.4202,0.5496,0.1417,0.2254
weecology,tcd_tile_1877,Northern Zanzibar-Inhambane coastal forest mosaic,African tropical forest,,868,0.3965,252,330,114,216,138,0.3455,0.4524,0.3918,0.761,0.1852,0.2979
weecology,tcd_tile_1878,Sarmatic mixed forests,European forest,,1754,0.3965,4,122,2,120,2,0.0164,0.5,0.0317,0.9938,0.1263,0.2242
weecology,tcd_tile_1879,Luzon rain forests,SE Asian & Pacific rainforest,,4492,0.3965,376,149,69,80,307,0.4631,0.1835,0.2629,0.8163,0.1029,0.1827
weecology,tcd_tile_188,Hispaniolan moist forests,SE Asian & Pacific rainforest,,3569,0.3965,21,12,3,9,18,0.25,0.1429,0.1818,0.4438,0.0832,0.1401
weecology,tcd_tile_1880,Irrawaddy moist deciduous forests,Other,,104,0.3965,32,52,12,40,20,0.2308,0.375,0.2857,0.7069,0.1163,0.1997
weecology,tcd_tile_1881,Baltic mixed forests,European forest,,1174,0.3965,1,86,1,85,0,0.0116,1.0,0.023,0.9607,0.1305,0.2299
weecology,tcd_tile_1882,Central European mixed forests,European forest,,1883,0.3965,32,55,11,44,21,0.2,0.3438,0.2529,0.967,0.0259,0.0504
weecology,tcd_tile_1883,Northern Zanzibar-Inhambane coastal forest mosaic,African tropical forest,,1206,0.3965,6,61,2,59,4,0.0328,0.3333,0.0597,0.9054,0.0112,0.0221
weecology,tcd_tile_1884,Sumatran lowland rain forests,SE Asian & Pacific rainforest,,4038,0.3965,295,83,44,39,251,0.5301,0.1492,0.2328,0.75,0.1116,0.1943
weecology,tcd_tile_1885,Appalachian mixed mesophytic forests,Other,,2128,0.3965,61,25,5,20,56,0.2,0.082,0.1163,0.7961,0.0611,0.1135
weecology,tcd_tile_1886,Central Andean dry puna,Other,,817,0.3965,1,3,0,3,1,0.0,0.0,0.0,0.0,0.0,0.0
weecology,tcd_tile_1887,Northern Zanzibar-Inhambane coastal forest mosaic,African tropical forest,,4541,0.3965,15,1,1,0,14,1.0,0.0667,0.125,0.9622,0.0005,0.0011
weecology,tcd_tile_1888,Tasmanian temperate forests,Other,,1693,0.3965,1,153,1,152,0,0.0065,1.0,0.013,0.9935,0.0168,0.033
weecology,tcd_tile_1889,Vanuatu rain forests,Other,,2163,0.3965,43,19,1,18,42,0.0526,0.0233,0.0323,0.0545,0.0006,0.0011
weecology,tcd_tile_189,Cerrado,Latin American forest,,1214,0.3965,1,7,1,6,0,0.1429,1.0,0.25,0.2346,0.0125,0.0237
weecology,tcd_tile_1890,East European forest steppe,European forest,,490,0.3965,83,122,45,77,38,0.3689,0.5422,0.439,0.8695,0.1696,0.2838
weecology,tcd_tile_1891,Luzon rain forests,SE Asian & Pacific rainforest,,4855,0.3965,223,81,43,38,180,0.5309,0.1928,0.2829,0.8266,0.0988,0.1766
weecology,tcd_tile_1892,Southern Zanzibar-Inhambane coastal forest mosaic,African tropical forest,,2934,0.3965,64,12,9,3,55,0.75,0.1406,0.2368,0.5803,0.2637,0.3626
weecology,tcd_tile_1893,Southeastern mixed forests,N. American forest,,4736,0.3965,6,508,5,503,1,0.0098,0.8333,0.0195,0.9756,0.2187,0.3574
weecology,tcd_tile_1894,Caucasus mixed forests,European forest,,4243,0.3965,52,18,8,10,44,0.4444,0.1538,0.2286,0.9515,0.0178,0.035
weecology,tcd_tile_1895,Southern Zanzibar-Inhambane coastal forest mosaic,African tropical forest,,4698,0.3965,160,110,48,62,112,0.4364,0.3,0.3556,0.8542,0.1175,0.2066
weecology,tcd_tile_1896,Baltic mixed forests,European forest,,2564,0.3965,6,1,0,1,6,0.0,0.0,0.0,0.0,0.0,0.0
weecology,tcd_tile_1897,Nigerian lowland forests,African tropical forest,,4701,0.3965,0,31,0,31,0,0.0,0.0,0.0,0.0,0.0,0.0
weecology,tcd_tile_1898,Nihonkai montane deciduous forests,Other,,4534,0.3965,45,66,17,49,28,0.2576,0.3778,0.3063,0.9803,0.0325,0.063
weecology,tcd_tile_1899,Sierra Nevada forests,N. American forest,,3871,0.3965,82,28,26,2,56,0.9286,0.3171,0.4727,0.9112,0.0237,0.0463
weecology,tcd_tile_19,West Sudanian savanna,Arid / dryland,,699,0.3965,101,48,33,15,68,0.6875,0.3267,0.443,0.9605,0.2082,0.3423
weecology,tcd_tile_190,Central U.S. hardwood forests,N. American forest,,1538,0.3965,48,37,16,21,32,0.4324,0.3333,0.3765,0.7629,0.1251,0.2149
weecology,tcd_tile_1900,Western Java montane rain forests,Other,,1713,0.3965,10,23,5,18,5,0.2174,0.5,0.303,1.0,0.0213,0.0418
weecology,tcd_tile_1901,Northeastern coastal forests,N. American forest,,1714,0.3965,40,31,20,11,20,0.6452,0.5,0.5634,0.9348,0.1647,0.2801
weecology,tcd_tile_1902,Northern Zanzibar-Inhambane coastal forest mosaic,African tropical forest,,1176,0.3965,227,157,57,100,170,0.3631,0.2511,0.2969,0.8187,0.086,0.1556
weecology,tcd_tile_1903,Himalayan subtropical broadleaf forests,Other,,1609,0.3965,105,271,30,241,75,0.1107,0.2857,0.1596,0.9874,0.0765,0.142
weecology,tcd_tile_1904,Western European broadleaf forests,European forest,,4928,0.3965,2,0,0,0,2,0.0,0.0,0.0,0.0,0.0,0.0
weecology,tcd_tile_1905,Lesser Sundas deciduous forests,SE Asian & Pacific rainforest,,2435,0.3965,15,41,5,36,10,0.122,0.3333,0.1786,0.8578,0.0396,0.0756
weecology,tcd_tile_1906,Sarmatic mixed forests,European forest,,1966,0.3965,5,372,4,368,1,0.0108,0.8,0.0212,0.9989,0.218,0.3579
weecology,tcd_tile_1907,Fiji tropical dry forests,Other,,2243,0.3965,27,640,17,623,10,0.0266,0.6296,0.051,0.9399,0.0936,0.1702
weecology,tcd_tile_1908,Central Indochina dry forests,Other,,4429,0.3965,234,207,61,146,173,0.2947,0.2607,0.2766,0.8767,0.158,0.2678
weecology,tcd_tile_1909,,Other,,491,0.3965,42,45,8,37,34,0.1778,0.1905,0.1839,0.3725,0.0626,0.1071
weecology,tcd_tile_191,Serra do Mar coastal forests,Latin American forest,,4347,0.3965,11,339,3,336,8,0.0088,0.2727,0.0171,0.9701,0.0466,0.0889
weecology,tcd_tile_1910,Himalayan subtropical broadleaf forests,Other,,91,0.3965,206,22,14,8,192,0.6364,0.068,0.1228,0.8629,0.0622,0.116
weecology,tcd_tile_1911,Balkan mixed forests,European forest,,197,0.3965,89,95,33,62,56,0.3474,0.3708,0.3587,0.7808,0.1183,0.2055
weecology,tcd_tile_1912,Northern Zanzibar-Inhambane coastal forest mosaic,African tropical forest,,4060,0.3965,253,114,52,62,201,0.4561,0.2055,0.2834,0.9056,0.0742,0.1372
weecology,tcd_tile_1913,Northern Zanzibar-Inhambane coastal forest mosaic,African tropical forest,,783,0.3965,199,18,16,2,183,0.8889,0.0804,0.1475,0.9341,0.0101,0.0201
weecology,tcd_tile_1914,East European forest steppe,European forest,,786,0.3965,112,90,42,48,70,0.4667,0.375,0.4158,0.8121,0.1895,0.3073
weecology,tcd_tile_1915,Northern Anatolian conifer and deciduous forests,Other,,1539,0.3965,46,30,12,18,34,0.4,0.2609,0.3158,0.6568,0.0132,0.0259
weecology,tcd_tile_1916,Sierra Nevada forests,N. American forest,,1810,0.3965,138,156,59,97,79,0.3782,0.4275,0.4014,0.9002,0.1113,0.1981
weecology,tcd_tile_1917,Northern Congolian forest-savanna mosaic,African tropical forest,,910,0.3965,27,9,5,4,22,0.5556,0.1852,0.2778,0.4915,0.1016,0.1685
weecology,tcd_tile_1918,"Sao Tome, Principe and Annobon moist lowland forests",Other,,1447,0.3965,28,157,12,145,16,0.0764,0.4286,0.1297,0.919,0.1018,0.1833
weecology,tcd_tile_1919,Northern Zanzibar-Inhambane coastal forest mosaic,African tropical forest,,518,0.3965,116,91,22,69,94,0.2418,0.1897,0.2126,0.7382,0.0839,0.1507
weecology,tcd_tile_1920,North Island temperate forests,Other,,2292,0.3965,58,11,8,3,50,0.7273,0.1379,0.2319,0.9256,0.1608,0.2739
weecology,tcd_tile_1921,Upper Midwest forest-savanna transition,N. American forest,,2898,0.3965,96,59,38,21,58,0.6441,0.3958,0.4903,0.8032,0.1839,0.2993
weecology,tcd_tile_1922,Baltic mixed forests,European forest,,3627,0.3965,38,73,19,54,19,0.2603,0.5,0.3423,0.9315,0.1513,0.2604
weecology,tcd_tile_1923,Scandinavian and Russian taiga,Other,,371,0.3965,69,154,29,125,40,0.1883,0.4203,0.2601,0.968,0.119,0.2119
weecology,tcd_tile_1924,Celtic broadleaf forests,European forest,,4894,0.3965,0,10,0,10,0,0.0,0.0,0.0,0.0,0.0,0.0
weecology,tcd_tile_1925,Nihonkai montane deciduous forests,Other,,4431,0.3965,5,15,2,13,3,0.1333,0.4,0.2,0.9633,0.0034,0.0067
weecology,tcd_tile_1926,Northern California coastal forests,N. American forest,,2530,0.3965,0,0,0,0,0,0.0,0.0,0.0,0.0,0.0,0.0
weecology,tcd_tile_1927,Luzon rain forests,SE Asian & Pacific rainforest,,1127,0.3965,21,75,5,70,16,0.0667,0.2381,0.1042,0.9075,0.0599,0.1124
weecology,tcd_tile_1928,Central U.S. hardwood forests,N. American forest,,3981,0.3965,8,21,3,18,5,0.1429,0.375,0.2069,0.9755,0.0225,0.0439
weecology,tcd_tile_1929,Upper Gangetic Plains moist deciduous forests,Other,,3936,0.3965,66,32,17,15,49,0.5312,0.2576,0.3469,0.9598,0.0251,0.0489
weecology,tcd_tile_1930,Northern California coastal forests,N. American forest,,2892,0.3965,1,1,1,0,0,1.0,1.0,1.0,0.6985,0.0053,0.0104
weecology,tcd_tile_1931,Taiwan subtropical evergreen forests,SE Asian & Pacific rainforest,,1976,0.3965,117,64,24,40,93,0.375,0.2051,0.2652,0.9412,0.1965,0.3251
weecology,tcd_tile_1932,Central Indochina dry forests,Other,,4609,0.3965,251,315,79,236,172,0.2508,0.3147,0.2792,0.9064,0.1236,0.2175
weecology,tcd_tile_1933,Granitic Seychelles forests,Other,,1529,0.3965,120,572,45,527,75,0.0787,0.375,0.1301,0.9652,0.1375,0.2406
weecology,tcd_tile_1934,Southern Great Lakes forests,N. American forest,,1369,0.3965,11,12,6,6,5,0.5,0.5455,0.5217,0.7748,0.0668,0.1229
weecology,tcd_tile_1935,Central Indochina dry forests,Other,,4565,0.3965,213,278,84,194,129,0.3022,0.3944,0.3422,0.8642,0.1397,0.2405
weecology,tcd_tile_1936,Central European mixed forests,European forest,,3341,0.3965,52,43,25,18,27,0.5814,0.4808,0.5263,0.9555,0.0982,0.1781
weecology,tcd_tile_1937,Northern Zanzibar-Inhambane coastal forest mosaic,African tropical forest,,492,0.3965,31,58,17,41,14,0.2931,0.5484,0.382,0.6748,0.1186,0.2017
weecology,tcd_tile_1938,Sarmatic mixed forests,European forest,,4886,0.3965,19,113,8,105,11,0.0708,0.4211,0.1212,0.8865,0.061,0.1142
weecology,tcd_tile_1939,Alto Paraná Atlantic forests,Other,,3390,0.3965,1,15,1,14,0,0.0667,1.0,0.125,0.9992,0.003,0.006
weecology,tcd_tile_1940,Taiheiyo evergreen forests,Other,,4000,0.3965,2,740,2,738,0,0.0027,1.0,0.0054,0.9975,0.2126,0.3505
weecology,tcd_tile_1941,Northern Zanzibar-Inhambane coastal forest mosaic,African tropical forest,,3102,0.3965,49,68,29,39,20,0.4265,0.5918,0.4957,0.7678,0.168,0.2757
weecology,tcd_tile_1942,Upper Midwest forest-savanna transition,N. American forest,,3331,0.3965,1,72,1,71,0,0.0139,1.0,0.0274,0.9653,0.2696,0.4215
weecology,tcd_tile_1943,Willamette Valley forests,N. American forest,,2340,0.3965,14,12,0,12,14,0.0,0.0,0.0,0.0,0.0,0.0
weecology,tcd_tile_1944,Northern Zanzibar-Inhambane coastal forest mosaic,African tropical forest,,1989,0.3965,223,27,26,1,197,0.963,0.1166,0.208,0.954,0.0306,0.0592
weecology,tcd_tile_1945,Celtic broadleaf forests,European forest,,3992,0.3965,36,22,7,15,29,0.3182,0.1944,0.2414,0.3967,0.1638,0.2319
weecology,tcd_tile_1946,Appalachian-Blue Ridge forests,N. American forest,,2146,0.3965,17,11,4,7,13,0.3636,0.2353,0.2857,0.8204,0.0946,0.1696
weecology,tcd_tile_1947,Northern Zanzibar-Inhambane coastal forest mosaic,African tropical forest,,2398,0.3965,74,189,23,166,51,0.1217,0.3108,0.1749,0.9271,0.0547,0.1032
weecology,tcd_tile_1948,Atlantic coastal pine barrens,Other,,2038,0.3965,27,24,3,21,24,0.125,0.1111,0.1176,0.9254,0.0296,0.0573
weecology,tcd_tile_1949,Pannonian mixed forests,European forest,,4911,0.3965,89,87,45,42,44,0.5172,0.5056,0.5114,0.8762,0.254,0.3938
weecology,tcd_tile_1950,Sierra Nevada forests,N. American forest,,3011,0.3965,67,112,29,83,38,0.2589,0.4328,0.324,0.9093,0.2187,0.3527
weecology,tcd_tile_1951,Lesser Sundas deciduous forests,SE Asian & Pacific rainforest,,2059,0.3965,14,25,5,20,9,0.2,0.3571,0.2564,0.3258,0.0924,0.1439
weecology,tcd_tile_1952,Caucasus mixed forests,European forest,,1679,0.3965,12,0,0,0,12,0.0,0.0,0.0,0.0,0.0,0.0
weecology,tcd_tile_1953,Sulawesi lowland rain forests,SE Asian & Pacific rainforest,,3762,0.3965,45,72,17,55,28,0.2361,0.3778,0.2906,0.8479,0.0951,0.171
weecology,tcd_tile_1954,Northern Zanzibar-Inhambane coastal forest mosaic,African tropical forest,,1354,0.3965,45,271,10,261,35,0.0369,0.2222,0.0633,0.8339,0.0556,0.1043
weecology,tcd_tile_1955,Southern Great Lakes forests,N. American forest,,331,0.3965,41,22,11,11,30,0.5,0.2683,0.3492,0.8536,0.0433,0.0824
weecology,tcd_tile_1956,Balkan mixed forests,European forest,,2660,0.3965,134,87,61,26,73,0.7011,0.4552,0.552,0.8532,0.1803,0.2977
weecology,tcd_tile_1957,Southern Zanzibar-Inhambane coastal forest mosaic,African tropical forest,,2379,0.3965,140,84,18,66,122,0.2143,0.1286,0.1607,0.9467,0.0413,0.0792
weecology,tcd_tile_1958,Humid Pampas,Other,,1216,0.3965,36,30,11,19,25,0.3667,0.3056,0.3333,0.8564,0.0488,0.0923
weecology,tcd_tile_1959,Mato Grosso seasonal forests,Latin American forest,,3043,0.3965,135,152,65,87,70,0.4276,0.4815,0.453,0.9273,0.1975,0.3256
weecology,tcd_tile_1960,Celtic broadleaf forests,European forest,,1547,0.3965,87,47,29,18,58,0.617,0.3333,0.4328,0.7745,0.1105,0.1934
weecology,tcd_tile_1961,,Other,,4323,0.3965,33,57,20,37,13,0.3509,0.6061,0.4444,0.8853,0.2283,0.363
weecology,tcd_tile_1962,Luzon rain forests,SE Asian & Pacific rainforest,,4229,0.3965,212,162,53,109,159,0.3272,0.25,0.2834,0.8783,0.096,0.173
weecology,tcd_tile_1963,New England-Acadian forests,N. American forest,,3888,0.3965,9,267,7,260,2,0.0262,0.7778,0.0507,0.9931,0.0758,0.1408
weecology,tcd_tile_1964,Irrawaddy moist deciduous forests,Other,,734,0.3965,27,51,16,35,11,0.3137,0.5926,0.4103,0.9228,0.1624,0.2762
weecology,tcd_tile_1965,Central forest-grasslands transition,Other,,242,0.3965,37,5,4,1,33,0.8,0.1081,0.1905,0.8691,0.0104,0.0205
weecology,tcd_tile_1966,Atlantic mixed forests,European forest,,1330,0.3965,23,234,21,213,2,0.0897,0.913,0.1634,0.9921,0.086,0.1582
weecology,tcd_tile_1967,Sarmatic mixed forests,European forest,,3580,0.3965,1,21,1,20,0,0.0476,1.0,0.0909,1.0,0.0572,0.1083
weecology,tcd_tile_1968,Northern Zanzibar-Inhambane coastal forest mosaic,African tropical forest,,382,0.3965,386,273,131,142,255,0.4799,0.3394,0.3976,0.8589,0.1451,0.2482
weecology,tcd_tile_1969,Northeastern coastal forests,N. American forest,,3229,0.3965,8,11,1,10,7,0.0909,0.125,0.1053,0.9917,0.0068,0.0135
weecology,tcd_tile_1970,North Island temperate forests,Other,,889,0.3965,11,1,0,1,11,0.0,0.0,0.0,0.0,0.0,0.0
weecology,tcd_tile_1971,Cerrado,Latin American forest,,964,0.3965,23,293,6,287,17,0.0205,0.2609,0.038,0.9547,0.1543,0.2657
weecology,tcd_tile_1972,Atlantic coastal pine barrens,Other,,3118,0.3965,215,34,5,29,210,0.1471,0.0233,0.0402,0.9254,0.0249,0.0485
weecology,tcd_tile_1973,,Other,,325,0.3965,29,81,5,76,24,0.0617,0.1724,0.0909,0.9252,0.0445,0.0849
weecology,tcd_tile_1974,Sarmatic mixed forests,European forest,,4907,0.3965,1,364,1,363,0,0.0027,1.0,0.0055,0.9846,0.1538,0.2661
weecology,tcd_tile_1975,Southeastern mixed forests,N. American forest,,4348,0.3965,98,31,25,6,73,0.8065,0.2551,0.3876,0.9048,0.0379,0.0727
weecology,tcd_tile_1976,Northeastern coastal forests,N. American forest,,3240,0.3965,9,33,5,28,4,0.1515,0.5556,0.2381,0.8771,0.0168,0.0331
weecology,tcd_tile_1977,Lesser Sundas deciduous forests,SE Asian & Pacific rainforest,,1682,0.3965,9,211,4,207,5,0.019,0.4444,0.0364,0.9997,0.0369,0.0711
weecology,tcd_tile_1978,Madeira-Tapajós moist forests,Latin American forest,,3500,0.3965,78,646,25,621,53,0.0387,0.3205,0.0691,0.9828,0.1588,0.2734
weecology,tcd_tile_1979,Northwestern Andean montane forests,Latin American forest,,752,0.3965,6,2,2,0,4,1.0,0.3333,0.5,0.8878,0.2557,0.3971
weecology,tcd_tile_198,New England-Acadian forests,N. American forest,,2455,0.3965,2,128,2,126,0,0.0156,1.0,0.0308,0.9917,0.0486,0.0926
weecology,tcd_tile_1980,,Other,,3113,0.3965,129,69,29,40,100,0.4203,0.2248,0.2929,0.8176,0.0655,0.1213
weecology,tcd_tile_1981,Balsas dry forests,Other,,2585,0.3965,104,14,9,5,95,0.6429,0.0865,0.1525,0.6195,0.0247,0.0475
weecology,tcd_tile_1982,Hispaniolan moist forests,SE Asian & Pacific rainforest,,4829,0.3965,36,100,7,93,29,0.07,0.1944,0.1029,0.127,0.0402,0.0611
weecology,tcd_tile_1983,Bahamian pine mosaic,Other,,4198,0.3965,4,18,2,16,2,0.1111,0.5,0.1818,0.8141,0.0055,0.0109
weecology,tcd_tile_1984,East European forest steppe,European forest,,4912,0.3965,38,14,9,5,29,0.6429,0.2368,0.3462,0.704,0.0239,0.0462
weecology,tcd_tile_1985,Madeira-Tapajós moist forests,Latin American forest,,322,0.3965,1,769,1,768,0,0.0013,1.0,0.0026,1.0,0.1939,0.3248
weecology,tcd_tile_1986,Southern Great Lakes forests,N. American forest,,5013,0.3965,5,6,3,3,2,0.5,0.6,0.5455,0.8324,0.0063,0.0126
weecology,tcd_tile_1987,Northeastern coastal forests,N. American forest,,3061,0.3965,16,11,5,6,11,0.4545,0.3125,0.3704,0.6776,0.0413,0.0779
weecology,tcd_tile_1988,Himalayan subtropical pine forests,Other,,5070,0.3965,184,595,84,511,100,0.1412,0.4565,0.2157,0.9251,0.172,0.2901
weecology,tcd_tile_1989,Northern Zanzibar-Inhambane coastal forest mosaic,African tropical forest,,3543,0.3965,144,523,92,431,52,0.1759,0.6389,0.2759,0.8044,0.2021,0.323
weecology,tcd_tile_199,Madeira-Tapajós moist forests,Latin American forest,,805,0.3965,1,823,1,822,0,0.0012,1.0,0.0024,0.9997,0.2297,0.3735
weecology,tcd_tile_1990,,Other,,4037,0.3965,0,26,0,26,0,0.0,0.0,0.0,0.0,0.0,0.0
weecology,tcd_tile_1991,Irrawaddy moist deciduous forests,Other,,15,0.3965,118,81,35,46,83,0.4321,0.2966,0.3518,0.9313,0.2519,0.3966
weecology,tcd_tile_1992,Northeastern coastal forests,N. American forest,,2274,0.3965,1,0,0,0,1,0.0,0.0,0.0,0.0,0.0,0.0
weecology,tcd_tile_1993,Northern Zanzibar-Inhambane coastal forest mosaic,African tropical forest,,3656,0.3965,90,275,42,233,48,0.1527,0.4667,0.2301,0.9661,0.1017,0.1841
weecology,tcd_tile_1994,Caucasus mixed forests,European forest,,198,0.3965,15,12,1,11,14,0.0833,0.0667,0.0741,1.0,0.0046,0.0091
weecology,tcd_tile_1995,Central European mixed forests,European forest,,2397,0.3965,57,60,8,52,49,0.1333,0.1404,0.1368,0.8834,0.0382,0.0732
weecology,tcd_tile_1996,Bahia coastal forests,Latin American forest,,4086,0.3965,40,93,5,88,35,0.0538,0.125,0.0752,0.9965,0.0243,0.0475
weecology,tcd_tile_1997,Madeira-Tapajós moist forests,Latin American forest,,3576,0.3965,74,399,14,385,60,0.0351,0.1892,0.0592,0.968,0.2015,0.3336
weecology,tcd_tile_1998,Luzon rain forests,SE Asian & Pacific rainforest,,3910,0.3965,45,91,31,60,14,0.3407,0.6889,0.4559,0.9045,0.102,0.1834
weecology,tcd_tile_1999,Changjiang Plain evergreen forests,Other,,4305,0.3965,29,20,5,15,24,0.25,0.1724,0.2041,0.8213,0.0944,0.1693
weecology,tcd_tile_2,Central Mexican matorral,Arid / dryland,,882,0.3965,65,42,21,21,44,0.5,0.3231,0.3925,0.9585,0.0629,0.1181
weecology,tcd_tile_20,Zambezian and Mopane woodlands,Arid / dryland,,276,0.3965,37,76,23,53,14,0.3026,0.6216,0.4071,0.639,0.2259,0.3338
weecology,tcd_tile_200,Northern Zanzibar-Inhambane coastal forest mosaic,African tropical forest,,4424,0.3965,117,647,79,568,38,0.1221,0.6752,0.2068,0.9673,0.2456,0.3917
weecology,tcd_tile_2000,English Lowlands beech forests,European forest,,3251,0.3965,2,1,1,0,1,1.0,0.5,0.6667,1.0,0.0019,0.0039
weecology,tcd_tile_2001,Northern Zanzibar-Inhambane coastal forest mosaic,African tropical forest,,1122,0.3965,130,34,27,7,103,0.7941,0.2077,0.3293,0.918,0.0803,0.1478
weecology,tcd_tile_2002,Luzon rain forests,SE Asian & Pacific rainforest,,1704,0.3965,22,50,3,47,19,0.06,0.1364,0.0833,0.9755,0.0064,0.0126
weecology,tcd_tile_2003,Northern Zanzibar-Inhambane coastal forest mosaic,African tropical forest,,1743,0.3965,106,106,36,70,70,0.3396,0.3396,0.3396,0.9207,0.0793,0.146
weecology,tcd_tile_2004,Hispaniolan moist forests,SE Asian & Pacific rainforest,,2273,0.3965,31,10,3,7,28,0.3,0.0968,0.1463,0.4043,0.0147,0.0283
weecology,tcd_tile_2005,Sarmatic mixed forests,European forest,,239,0.3965,71,113,24,89,47,0.2124,0.338,0.2609,0.9749,0.0668,0.1249
weecology,tcd_tile_2006,,Other,,996,0.3965,0,5,0,5,0,0.0,0.0,0.0,0.0,0.0,0.0
weecology,tcd_tile_2007,Central Andean puna,Other,,810,0.3965,10,0,0,0,10,0.0,0.0,0.0,0.0,0.0,0.0
weecology,tcd_tile_2008,Madeira-Tapajós moist forests,Latin American forest,,94,0.3965,3,766,1,765,2,0.0013,0.3333,0.0026,0.9993,0.183,0.3093
weecology,tcd_tile_2009,Northern Congolian forest-savanna mosaic,African tropical forest,,210,0.3965,104,46,33,13,71,0.7174,0.3173,0.44,0.8229,0.2003,0.3222
weecology,tcd_tile_2010,Northern Zanzibar-Inhambane coastal forest mosaic,African tropical forest,,2014,0.3965,156,136,31,105,125,0.2279,0.1987,0.2123,0.3246,0.0304,0.0556
weecology,tcd_tile_2011,Central European mixed forests,European forest,,4580,0.3965,0,233,0,233,0,0.0,0.0,0.0,0.0,0.0,0.0
weecology,tcd_tile_2012,Vanuatu rain forests,Other,,3909,0.3965,4,17,1,16,3,0.0588,0.25,0.0952,1.0,0.0023,0.0047
weecology,tcd_tile_2013,Northeastern coastal forests,N. American forest,,2230,0.3965,80,0,0,0,80,0.0,0.0,0.0,0.0,0.0,0.0
weecology,tcd_tile_2014,Northeastern coastal forests,N. American forest,,2229,0.3965,0,0,0,0,0,0.0,0.0,0.0,0.0,0.0,0.0
weecology,tcd_tile_2015,Northern Zanzibar-Inhambane coastal forest mosaic,African tropical forest,,3365,0.3965,315,56,51,5,264,0.9107,0.1619,0.2749,0.955,0.0739,0.1372
weecology,tcd_tile_2016,Northern Zanzibar-Inhambane coastal forest mosaic,African tropical forest,,1226,0.3965,200,368,112,256,88,0.3043,0.56,0.3944,0.9079,0.2011,0.3292
weecology,tcd_tile_2017,Bolivian montane dry forests,Latin American forest,,4223,0.3965,35,5,3,2,32,0.6,0.0857,0.15,0.7325,0.0334,0.0638
weecology,tcd_tile_2018,Bolivian montane dry forests,Latin American forest,,4695,0.3965,30,15,0,15,30,0.0,0.0,0.0,0.0,0.0,0.0
weecology,tcd_tile_2019,Eastern Mediterranean conifer-sclerophyllous-broadleaf forests,Other,,998,0.3965,73,38,24,14,49,0.6316,0.3288,0.4324,0.7779,0.249,0.3772
weecology,tcd_tile_202,Northern Zanzibar-Inhambane coastal forest mosaic,African tropical forest,,2808,0.3965,251,136,112,24,139,0.8235,0.4462,0.5788,0.9521,0.3278,0.4877
weecology,tcd_tile_2020,Lesser Sundas deciduous forests,SE Asian & Pacific rainforest,,1844,0.3965,42,124,1,123,41,0.0081,0.0238,0.012,0.8966,0.0162,0.0318
weecology,tcd_tile_2021,Southern Annamites montane rain forests,Other,,1228,0.3965,409,145,16,129,393,0.1103,0.0391,0.0578,0.7995,0.0957,0.1709
weecology,tcd_tile_2022,Atlantic coastal pine barrens,Other,,4024,0.3965,95,30,17,13,78,0.5667,0.1789,0.272,0.9134,0.0379,0.0727
weecology,tcd_tile_2023,Northern Zanzibar-Inhambane coastal forest mosaic,African tropical forest,,3778,0.3965,134,58,30,28,104,0.5172,0.2239,0.3125,0.8136,0.0966,0.1727
weecology,tcd_tile_2024,Western European broadleaf forests,European forest,,4191,0.3965,2,0,0,0,2,0.0,0.0,0.0,0.0,0.0,0.0
weecology,tcd_tile_2025,Southeast Australia temperate forests,Other,,2848,0.3965,50,191,21,170,29,0.1099,0.42,0.1743,0.9442,0.0901,0.1645
weecology,tcd_tile_2026,Nigerian lowland forests,African tropical forest,,4468,0.3965,8,49,0,49,8,0.0,0.0,0.0,0.0,0.0,0.0
weecology,tcd_tile_2027,Hispaniolan moist forests,SE Asian & Pacific rainforest,,4927,0.3965,14,6,3,3,11,0.5,0.2143,0.3,0.482,0.1466,0.2248
weecology,tcd_tile_2028,Southern Zanzibar-Inhambane coastal forest mosaic,African tropical forest,,1799,0.3965,144,179,65,114,79,0.3631,0.4514,0.4025,0.8656,0.1303,0.2265
weecology,tcd_tile_2029,Sulawesi lowland rain forests,SE Asian & Pacific rainforest,,3168,0.3965,29,99,7,92,22,0.0707,0.2414,0.1094,0.9983,0.1606,0.2768
weecology,tcd_tile_203,Mindanao-Eastern Visayas rain forests,SE Asian & Pacific rainforest,,2819,0.3965,152,310,56,254,96,0.1806,0.3684,0.2424,0.8722,0.0731,0.1349
weecology,tcd_tile_2030,Atlantic mixed forests,European forest,,4591,0.3965,22,67,7,60,15,0.1045,0.3182,0.1573,0.4673,0.0506,0.0914
weecology,tcd_tile_2031,Southern Zanzibar-Inhambane coastal forest mosaic,African tropical forest,,2509,0.3965,125,118,49,69,76,0.4153,0.392,0.4033,0.8379,0.0894,0.1616
weecology,tcd_tile_2032,Northern Zanzibar-Inhambane coastal forest mosaic,African tropical forest,,2168,0.3965,176,147,62,85,114,0.4218,0.3523,0.3839,0.8896,0.1087,0.1937
weecology,tcd_tile_2033,Southern Great Lakes forests,N. American forest,,354,0.3965,30,79,18,61,12,0.2278,0.6,0.3303,0.9387,0.1748,0.2947
weecology,tcd_tile_2034,Madeira-Tapajós moist forests,Latin American forest,,4496,0.3965,2,331,1,330,1,0.003,0.5,0.006,1.0,0.0924,0.1692
weecology,tcd_tile_2035,Northern Zanzibar-Inhambane coastal forest mosaic,African tropical forest,,3453,0.3965,76,32,21,11,55,0.6562,0.2763,0.3889,0.728,0.2457,0.3674
weecology,tcd_tile_2036,East African montane forests,African tropical forest,,2410,0.3965,153,200,18,182,135,0.09,0.1176,0.102,0.9239,0.0596,0.112
weecology,tcd_tile_2037,Southeastern conifer forests,N. American forest,,3062,0.3965,76,21,2,19,74,0.0952,0.0263,0.0412,0.0853,0.0209,0.0336
weecology,tcd_tile_2038,Tasmanian temperate forests,Other,,3406,0.3965,3,92,2,90,1,0.0217,0.6667,0.0421,0.8918,0.0238,0.0463
weecology,tcd_tile_2039,Sarmatic mixed forests,European forest,,1277,0.3965,22,196,17,179,5,0.0867,0.7727,0.156,0.4634,0.0473,0.0859
weecology,tcd_tile_2040,Southern Great Lakes forests,N. American forest,,4994,0.3965,18,5,2,3,16,0.4,0.1111,0.1739,0.9449,0.5326,0.6812
weecology,tcd_tile_2041,East European forest steppe,European forest,,4248,0.3965,13,36,3,33,10,0.0833,0.2308,0.1224,0.6693,0.0447,0.0838
weecology,tcd_tile_2042,Northern Congolian forest-savanna mosaic,African tropical forest,,1079,0.3965,45,29,24,5,21,0.8276,0.5333,0.6486,0.8486,0.1697,0.2829
weecology,tcd_tile_2043,Changjiang Plain evergreen forests,Other,,1382,0.3965,266,180,113,67,153,0.6278,0.4248,0.5067,0.9005,0.1787,0.2982
weecology,tcd_tile_2044,Eastern Great Lakes lowland forests,N. American forest,,3567,0.3965,20,16,4,12,16,0.25,0.2,0.2222,0.9937,0.0363,0.0701
weecology,tcd_tile_2045,Eastern forest-boreal transition,Other,,4064,0.3965,48,240,16,224,32,0.0667,0.3333,0.1111,0.9778,0.1242,0.2204
weecology,tcd_tile_2046,Peruvian Yungas,Latin American forest,,3797,0.3965,125,33,8,25,117,0.2424,0.064,0.1013,0.5631,0.0329,0.0622
weecology,tcd_tile_2047,Baltic mixed forests,European forest,,4554,0.3965,6,42,3,39,3,0.0714,0.5,0.125,0.8647,0.0187,0.0366
weecology,tcd_tile_2048,Northern Zanzibar-Inhambane coastal forest mosaic,African tropical forest,,4162,0.3965,89,138,40,98,49,0.2899,0.4494,0.3524,0.7988,0.1074,0.1893
weecology,tcd_tile_2049,Cerrado,Latin American forest,,1057,0.3965,17,30,4,26,13,0.1333,0.2353,0.1702,0.8146,0.047,0.0888
weecology,tcd_tile_2050,Northeastern coastal forests,N. American forest,,893,0.3965,86,54,27,27,59,0.5,0.314,0.3857,0.8395,0.2885,0.4295
weecology,tcd_tile_2051,Lesser Sundas deciduous forests,SE Asian & Pacific rainforest,,3336,0.3965,31,66,5,61,26,0.0758,0.1613,0.1031,0.8148,0.0371,0.071
weecology,tcd_tile_2052,Northern Zanzibar-Inhambane coastal forest mosaic,African tropical forest,,2883,0.3965,85,211,29,182,56,0.1374,0.3412,0.1959,0.8725,0.0735,0.1355
weecology,tcd_tile_2053,English Lowlands beech forests,European forest,,3709,0.3965,41,45,15,30,26,0.3333,0.3659,0.3488,0.7531,0.0169,0.033
weecology,tcd_tile_2054,East European forest steppe,European forest,,4576,0.3965,13,50,7,43,6,0.14,0.5385,0.2222,0.8442,0.0589,0.1101
weecology,tcd_tile_2055,Sierra Nevada forests,N. American forest,,2179,0.3965,16,177,10,167,6,0.0565,0.625,0.1036,0.9671,0.0482,0.0918
weecology,tcd_tile_2056,Northern Zanzibar-Inhambane coastal forest mosaic,African tropical forest,,2952,0.3965,200,374,43,331,157,0.115,0.215,0.1498,0.9072,0.0778,0.1433
weecology,tcd_tile_2057,Madeira-Tapajós moist forests,Latin American forest,,587,0.3965,1,806,1,805,0,0.0012,1.0,0.0025,0.9979,0.22,0.3606
weecology,tcd_tile_2058,Southeastern mixed forests,N. American forest,,2592,0.3965,24,4,1,3,23,0.25,0.0417,0.0714,0.2453,0.0013,0.0027
weecology,tcd_tile_2059,Celtic broadleaf forests,European forest,,2147,0.3965,14,0,0,0,14,0.0,0.0,0.0,0.0,0.0,0.0
weecology,tcd_tile_2060,Maputaland coastal forest mosaic,African tropical forest,,292,0.3965,138,52,38,14,100,0.7308,0.2754,0.4,0.9367,0.1901,0.316
weecology,tcd_tile_2061,Northern Zanzibar-Inhambane coastal forest mosaic,African tropical forest,,1832,0.3965,135,310,53,257,82,0.171,0.3926,0.2382,0.9166,0.1498,0.2574
weecology,tcd_tile_2062,Upper Midwest forest-savanna transition,N. American forest,,1929,0.3965,14,24,8,16,6,0.3333,0.5714,0.4211,0.8065,0.0588,0.1097
weecology,tcd_tile_2063,,Other,,461,0.3965,2,2,1,1,1,0.5,0.5,0.5,0.9794,0.0029,0.0057
weecology,tcd_tile_2064,Sulawesi lowland rain forests,SE Asian & Pacific rainforest,,4499,0.3965,308,195,97,98,211,0.4974,0.3149,0.3857,0.9102,0.2518,0.3945
weecology,tcd_tile_2065,Baltic mixed forests,European forest,,3937,0.3965,31,13,2,11,29,0.1538,0.0645,0.0909,0.986,0.0083,0.0165
weecology,tcd_tile_2066,Alps conifer and mixed forests,European forest,,4824,0.3965,2,8,1,7,1,0.125,0.5,0.2,0.1704,0.0783,0.1073
weecology,tcd_tile_2067,Northern Zanzibar-Inhambane coastal forest mosaic,African tropical forest,,1908,0.3965,1,73,1,72,0,0.0137,1.0,0.027,0.9994,0.0169,0.0332
weecology,tcd_tile_2068,Northwestern Andean montane forests,Latin American forest,,4126,0.3965,110,26,14,12,96,0.5385,0.1273,0.2059,0.7181,0.0305,0.0585
weecology,tcd_tile_2069,Greater Negros-Panay rain forests,SE Asian & Pacific rainforest,,766,0.3965,31,101,7,94,24,0.0693,0.2258,0.1061,0.9487,0.0921,0.1679
weecology,tcd_tile_207,Central U.S. hardwood forests,N. American forest,,1379,0.3965,49,17,7,10,42,0.4118,0.1429,0.2121,0.3078,0.0101,0.0195
weecology,tcd_tile_2070,Magdalena Valley montane forests,Other,,2771,0.3965,46,16,9,7,37,0.5625,0.1957,0.2903,0.8201,0.0784,0.1431
weecology,tcd_tile_2071,Southern Zanzibar-Inhambane coastal forest mosaic,African tropical forest,,616,0.3965,23,15,8,7,15,0.5333,0.3478,0.4211,0.5434,0.1849,0.2759
weecology,tcd_tile_2072,California interior chaparral and woodlands,Other,,335,0.3965,40,16,5,11,35,0.3125,0.125,0.1786,0.9899,0.0035,0.007
weecology,tcd_tile_2073,Greater Negros-Panay rain forests,SE Asian & Pacific rainforest,,3169,0.3965,300,48,23,25,277,0.4792,0.0767,0.1322,0.9236,0.0798,0.1468
weecology,tcd_tile_2074,Balkan mixed forests,European forest,,3934,0.3965,124,51,33,18,91,0.6471,0.2661,0.3771,0.9212,0.0507,0.0961
weecology,tcd_tile_2075,Luzon rain forests,SE Asian & Pacific rainforest,,4182,0.3965,170,209,59,150,111,0.2823,0.3471,0.3113,0.9095,0.0811,0.1489
weecology,tcd_tile_2076,Northern Zanzibar-Inhambane coastal forest mosaic,African tropical forest,,594,0.3965,27,90,8,82,19,0.0889,0.2963,0.1368,0.8536,0.0159,0.0311
weecology,tcd_tile_2077,Madeira-Tapajós moist forests,Latin American forest,,1657,0.3965,19,493,6,487,13,0.0122,0.3158,0.0234,0.9943,0.1305,0.2307
weecology,tcd_tile_2078,Bahia coastal forests,Latin American forest,,1969,0.3965,1,53,1,52,0,0.0189,1.0,0.037,1.0,0.0507,0.0965
weecology,tcd_tile_2079,Eastern Great Lakes lowland forests,N. American forest,,2258,0.3965,0,2,0,2,0,0.0,0.0,0.0,0.0,0.0,0.0
weecology,tcd_tile_208,Northeastern coastal forests,N. American forest,,1813,0.3965,102,68,16,52,86,0.2353,0.1569,0.1882,0.9269,0.1013,0.1826
weecology,tcd_tile_2080,English Lowlands beech forests,European forest,,3348,0.3965,13,9,7,2,6,0.7778,0.5385,0.6364,0.7166,0.236,0.355
weecology,tcd_tile_2081,Sierra Nevada forests,N. American forest,,1383,0.3965,223,102,91,11,132,0.8922,0.4081,0.56,0.8835,0.283,0.4287
weecology,tcd_tile_2082,Taiheiyo evergreen forests,Other,,3213,0.3965,11,763,2,761,9,0.0026,0.1818,0.0052,0.9972,0.2115,0.349
weecology,tcd_tile_2083,Western European broadleaf forests,European forest,,4513,0.3965,5,35,4,31,1,0.1143,0.8,0.2,0.9999,0.0267,0.0519
weecology,tcd_tile_2084,Hispaniolan moist forests,SE Asian & Pacific rainforest,,4605,0.3965,25,63,6,57,19,0.0952,0.24,0.1364,0.1837,0.0869,0.118
weecology,tcd_tile_2085,Southeastern conifer forests,N. American forest,,2503,0.3965,53,12,4,8,49,0.3333,0.0755,0.1231,0.6474,0.0096,0.019
weecology,tcd_tile_2086,Northern Zanzibar-Inhambane coastal forest mosaic,African tropical forest,,3394,0.3965,155,549,100,449,55,0.1821,0.6452,0.2841,0.8372,0.2022,0.3258
weecology,tcd_tile_2087,Ucayali moist forests,Latin American forest,,3707,0.3965,38,221,10,211,28,0.0452,0.2632,0.0772,0.982,0.0898,0.1646
weecology,tcd_tile_2088,Eastern Java-Bali rain forests,SE Asian & Pacific rainforest,,4369,0.3965,16,4,0,4,16,0.0,0.0,0.0,0.0,0.0,0.0
weecology,tcd_tile_2089,Northern Zanzibar-Inhambane coastal forest mosaic,African tropical forest,,1608,0.3965,171,374,93,281,78,0.2487,0.5439,0.3413,0.7982,0.1444,0.2446
weecology,tcd_tile_209,Hispaniolan moist forests,SE Asian & Pacific rainforest,,1254,0.3965,0,2,0,2,0,0.0,0.0,0.0,0.0,0.0,0.0
weecology,tcd_tile_2090,Timor and Wetar deciduous forests,SE Asian & Pacific rainforest,,4626,0.3965,176,38,27,11,149,0.7105,0.1534,0.2523,0.8094,0.0173,0.034
weecology,tcd_tile_2091,East European forest steppe,European forest,,1004,0.3965,60,67,27,40,33,0.403,0.45,0.4252,0.9007,0.2055,0.3346
weecology,tcd_tile_2092,Northern Zanzibar-Inhambane coastal forest mosaic,African tropical forest,,4436,0.3965,6,1,1,0,5,1.0,0.1667,0.2857,0.9997,0.0006,0.0012
weecology,tcd_tile_2093,Hispaniolan moist forests,SE Asian & Pacific rainforest,,3114,0.3965,42,49,13,36,29,0.2653,0.3095,0.2857,0.4833,0.196,0.2789
weecology,tcd_tile_2094,Atlantic coastal pine barrens,Other,,2704,0.3965,190,22,8,14,182,0.3636,0.0421,0.0755,0.8107,0.0352,0.0674
weecology,tcd_tile_2095,Luzon rain forests,SE Asian & Pacific rainforest,,628,0.3965,7,171,3,168,4,0.0175,0.4286,0.0337,0.9925,0.0361,0.0696
weecology,tcd_tile_2096,Sarmatic mixed forests,European forest,,4070,0.3965,1,10,1,9,0,0.1,1.0,0.1818,1.0,0.0274,0.0534
weecology,tcd_tile_2097,Madeira-Tapajós moist forests,Latin American forest,,1305,0.3965,1,849,1,848,0,0.0012,1.0,0.0024,0.9999,0.2035,0.3381
weecology,tcd_tile_2098,Sierra Nevada forests,N. American forest,,3575,0.3965,54,42,18,24,36,0.4286,0.3333,0.375,0.4089,0.0431,0.0779
weecology,tcd_tile_2099,Rodope montane mixed forests,European forest,,5019,0.3965,271,166,108,58,163,0.6506,0.3985,0.4943,0.8201,0.227,0.3556
weecology,tcd_tile_21,Chilean matorral,Arid / dryland,,357,0.3965,132,18,7,11,125,0.3889,0.053,0.0933,0.5229,0.0332,0.0624
weecology,tcd_tile_2100,Celtic broadleaf forests,European forest,,2260,0.3965,27,92,13,79,14,0.1413,0.4815,0.2185,0.8872,0.0265,0.0514
weecology,tcd_tile_2101,Northern Zanzibar-Inhambane coastal forest mosaic,African tropical forest,,4165,0.3965,2,4,1,3,1,0.25,0.5,0.3333,0.5172,0.5042,0.5106
weecology,tcd_tile_2102,Central European mixed forests,European forest,,4279,0.3965,46,5,1,4,45,0.2,0.0217,0.0392,0.6722,0.002,0.0041
weecology,tcd_tile_2103,Western Java montane rain forests,Other,,2023,0.3965,5,38,1,37,4,0.0263,0.2,0.0465,0.9895,0.0272,0.053
weecology,tcd_tile_2104,Pannonian mixed forests,European forest,,1717,0.3965,4,192,2,190,2,0.0104,0.5,0.0204,0.9932,0.1005,0.1825
weecology,tcd_tile_2105,Madeira-Tapajós moist forests,Latin American forest,,437,0.3965,1,557,1,556,0,0.0018,1.0,0.0036,0.9989,0.2384,0.3849
weecology,tcd_tile_2106,Mizoram-Manipur-Kachin rain forests,SE Asian & Pacific rainforest,,4892,0.3965,21,219,2,217,19,0.0091,0.0952,0.0167,0.9974,0.0901,0.1652
weecology,tcd_tile_2107,Sierra Nevada forests,N. American forest,,3385,0.3965,78,25,16,9,62,0.64,0.2051,0.3107,0.9186,0.052,0.0985
weecology,tcd_tile_2108,East European forest steppe,European forest,,744,0.3965,24,260,15,245,9,0.0577,0.625,0.1056,0.9166,0.0757,0.1398
weecology,tcd_tile_2109,,Other,,3890,0.3965,54,26,9,17,45,0.3462,0.1667,0.225,0.8647,0.0174,0.0342
weecology,tcd_tile_2110,Western Guinean lowland forests,African tropical forest,,3611,0.3965,20,8,2,6,18,0.25,0.1,0.1429,0.155,0.0192,0.0342
weecology,tcd_tile_2111,Southeastern conifer forests,N. American forest,,1263,0.3965,191,111,50,61,141,0.4505,0.2618,0.3311,0.5274,0.1345,0.2143
weecology,tcd_tile_2112,Baltic mixed forests,European forest,,4470,0.3965,2,139,2,137,0,0.0144,1.0,0.0284,1.0,0.0426,0.0818
weecology,tcd_tile_2113,Northern Acacia-Commiphora bushlands and thickets,Other,,869,0.3965,23,11,8,3,15,0.7273,0.3478,0.4706,0.5571,0.5699,0.5634
weecology,tcd_tile_2114,Western European broadleaf forests,European forest,,2620,0.3965,13,23,1,22,12,0.0435,0.0769,0.0556,0.9596,0.0189,0.0372
weecology,tcd_tile_2115,Southeastern mixed forests,N. American forest,,2918,0.3965,4,264,3,261,1,0.0114,0.75,0.0224,0.9875,0.1564,0.27
weecology,tcd_tile_2116,Western Java rain forests,Other,,942,0.3965,139,48,14,34,125,0.2917,0.1007,0.1497,0.2073,0.1043,0.1388
weecology,tcd_tile_2117,California coastal sage and chaparral,Other,,605,0.3965,68,19,6,13,62,0.3158,0.0882,0.1379,0.7969,0.0704,0.1294
weecology,tcd_tile_2118,Southeastern conifer forests,N. American forest,,3522,0.3965,9,35,3,32,6,0.0857,0.3333,0.1364,0.9756,0.0123,0.0242
weecology,tcd_tile_2119,Sarmatic mixed forests,European forest,,565,0.3965,61,135,24,111,37,0.1778,0.3934,0.2449,0.7682,0.035,0.067
weecology,tcd_tile_2120,Northern Zanzibar-Inhambane coastal forest mosaic,African tropical forest,,4616,0.3965,364,596,203,393,161,0.3406,0.5577,0.4229,0.8779,0.2605,0.4018
weecology,tcd_tile_2121,Tongan tropical moist forests,SE Asian & Pacific rainforest,,4311,0.3965,149,40,7,33,142,0.175,0.047,0.0741,0.4593,0.0074,0.0145
weecology,tcd_tile_2122,Upper Midwest forest-savanna transition,N. American forest,,3381,0.3965,5,20,4,16,1,0.2,0.8,0.32,0.863,0.1848,0.3044
weecology,tcd_tile_2123,East European forest steppe,European forest,,2485,0.3965,7,41,2,39,5,0.0488,0.2857,0.0833,0.9653,0.032,0.0619
weecology,tcd_tile_2124,Cerrado,Latin American forest,,414,0.3965,13,13,2,11,11,0.1538,0.1538,0.1538,0.3323,0.0271,0.0501
weecology,tcd_tile_2125,Timor and Wetar deciduous forests,SE Asian & Pacific rainforest,,493,0.3965,146,45,30,15,116,0.6667,0.2055,0.3141,0.7205,0.0926,0.1641
weecology,tcd_tile_2126,Celtic broadleaf forests,European forest,,3648,0.3965,39,45,19,26,20,0.4222,0.4872,0.4524,0.8324,0.0793,0.1448
weecology,tcd_tile_2127,Hispaniolan moist forests,SE Asian & Pacific rainforest,,4219,0.3965,61,54,19,35,42,0.3519,0.3115,0.3304,0.4874,0.1968,0.2804
weecology,tcd_tile_2128,Southern Zanzibar-Inhambane coastal forest mosaic,African tropical forest,,3059,0.3965,32,4,4,0,28,1.0,0.125,0.2222,0.9723,0.1073,0.1932
weecology,tcd_tile_2129,Tongan tropical moist forests,SE Asian & Pacific rainforest,,4353,0.3965,95,194,20,174,75,0.1031,0.2105,0.1384,0.9071,0.0503,0.0953
weecology,tcd_tile_213,Mizoram-Manipur-Kachin rain forests,SE Asian & Pacific rainforest,,4555,0.3965,30,152,8,144,22,0.0526,0.2667,0.0879,0.9525,0.0781,0.1443
weecology,tcd_tile_2130,Greater Negros-Panay rain forests,SE Asian & Pacific rainforest,,589,0.3965,0,2,0,2,0,0.0,0.0,0.0,0.0,0.0,0.0
weecology,tcd_tile_2131,Nigerian lowland forests,African tropical forest,,4448,0.3965,20,33,8,25,12,0.2424,0.4,0.3019,0.6157,0.2289,0.3337
weecology,tcd_tile_2132,Southeastern mixed forests,N. American forest,,4848,0.3965,14,11,6,5,8,0.5455,0.4286,0.48,0.8949,0.0218,0.0426
weecology,tcd_tile_2133,Northern Zanzibar-Inhambane coastal forest mosaic,African tropical forest,,2601,0.3965,31,27,15,12,16,0.5556,0.4839,0.5172,0.9169,0.0446,0.0851
weecology,tcd_tile_2134,Willamette Valley forests,N. American forest,,3046,0.3965,3,0,0,0,3,0.0,0.0,0.0,0.0,0.0,0.0
weecology,tcd_tile_2135,Western European broadleaf forests,European forest,,4542,0.3965,24,13,8,5,16,0.6154,0.3333,0.4324,0.9829,0.0346,0.0668
weecology,tcd_tile_2136,Eastern Australian temperate forests,Other,,1971,0.3965,55,28,14,14,41,0.5,0.2545,0.3373,0.6251,0.0726,0.1301
weecology,tcd_tile_2137,Northern Zanzibar-Inhambane coastal forest mosaic,African tropical forest,,992,0.3965,1,293,1,292,0,0.0034,1.0,0.0068,1.0,0.0409,0.0786
weecology,tcd_tile_2138,Richmond temperate forests,Other,,3212,0.3965,41,42,9,33,32,0.2143,0.2195,0.2169,0.9399,0.0466,0.0887
weecology,tcd_tile_2139,,Other,,4779,0.3965,2,35,1,34,1,0.0286,0.5,0.0541,0.082,0.0061,0.0114
weecology,tcd_tile_214,Palawan rain forests,SE Asian & Pacific rainforest,,1461,0.3965,116,168,36,132,80,0.2143,0.3103,0.2535,0.8999,0.0896,0.163
weecology,tcd_tile_2140,Hispaniolan moist forests,SE Asian & Pacific rainforest,,4371,0.3965,30,27,9,18,21,0.3333,0.3,0.3158,0.7385,0.0323,0.0619
weecology,tcd_tile_2141,Timor and Wetar deciduous forests,SE Asian & Pacific rainforest,,1983,0.3965,118,76,29,47,89,0.3816,0.2458,0.299,0.8812,0.0393,0.0752
weecology,tcd_tile_2142,Southern Annamites montane rain forests,Other,,1302,0.3965,571,719,227,492,344,0.3157,0.3975,0.3519,0.9689,0.1719,0.292
weecology,tcd_tile_2143,Central European mixed forests,European forest,,1886,0.3965,92,99,26,73,66,0.2626,0.2826,0.2723,0.8908,0.0417,0.0797
weecology,tcd_tile_2144,Northern Zanzibar-Inhambane coastal forest mosaic,African tropical forest,,2823,0.3965,133,31,21,10,112,0.6774,0.1579,0.2561,0.9077,0.0904,0.1644
weecology,tcd_tile_2145,Balkan mixed forests,European forest,,988,0.3965,83,47,27,20,56,0.5745,0.3253,0.4154,0.8685,0.0546,0.1028
weecology,tcd_tile_2146,Appalachian mixed mesophytic forests,Other,,2910,0.3965,6,200,6,194,0,0.03,1.0,0.0583,0.9263,0.1473,0.2541
weecology,tcd_tile_2147,Atlantic mixed forests,European forest,,283,0.3965,83,27,21,6,62,0.7778,0.253,0.3818,0.8742,0.0598,0.112
weecology,tcd_tile_2148,Bolivian montane dry forests,Latin American forest,,3597,0.3965,3,9,0,9,3,0.0,0.0,0.0,0.0,0.0,0.0
weecology,tcd_tile_2149,Eastern Great Lakes lowland forests,N. American forest,,1731,0.3965,0,10,0,10,0,0.0,0.0,0.0,0.0,0.0,0.0
weecology,tcd_tile_2150,Luzon rain forests,SE Asian & Pacific rainforest,,4085,0.3965,36,26,11,15,25,0.4231,0.3056,0.3548,0.7276,0.0476,0.0893
weecology,tcd_tile_2151,Hispaniolan moist forests,SE Asian & Pacific rainforest,,2925,0.3965,20,54,10,44,10,0.1852,0.5,0.2703,0.5994,0.0798,0.1408
weecology,tcd_tile_2152,Hispaniolan moist forests,SE Asian & Pacific rainforest,,4672,0.3965,0,54,0,54,0,0.0,0.0,0.0,0.0,0.0,0.0
weecology,tcd_tile_2153,Eastern Java-Bali rain forests,SE Asian & Pacific rainforest,,4621,0.3965,166,110,23,87,143,0.2091,0.1386,0.1667,0.936,0.0376,0.0723
weecology,tcd_tile_2154,Luzon rain forests,SE Asian & Pacific rainforest,,4134,0.3965,6,152,2,150,4,0.0132,0.3333,0.0253,0.9933,0.025,0.0488
weecology,tcd_tile_2155,Northern Zanzibar-Inhambane coastal forest mosaic,African tropical forest,,2683,0.3965,91,65,37,28,54,0.5692,0.4066,0.4744,0.7171,0.1093,0.1897
weecology,tcd_tile_2156,Northern Zanzibar-Inhambane coastal forest mosaic,African tropical forest,,4564,0.3965,174,352,93,259,81,0.2642,0.5345,0.3536,0.7967,0.1727,0.2839
weecology,tcd_tile_2157,Sierra Nevada forests,N. American forest,,1153,0.3965,216,73,71,2,145,0.9726,0.3287,0.4913,0.9016,0.194,0.3193
weecology,tcd_tile_2158,Madeira-Tapajós moist forests,Latin American forest,,2033,0.3965,1,317,1,316,0,0.0032,1.0,0.0063,0.9997,0.1139,0.2044
weecology,tcd_tile_2159,Northeastern coastal forests,N. American forest,,3914,0.3965,11,16,6,10,5,0.375,0.5455,0.4444,0.8764,0.0402,0.0769
weecology,tcd_tile_216,Eastern Java-Bali rain forests,SE Asian & Pacific rainforest,,4351,0.3965,19,85,9,76,10,0.1059,0.4737,0.1731,0.9227,0.0674,0.1256
weecology,tcd_tile_2160,Southern Zanzibar-Inhambane coastal forest mosaic,African tropical forest,,4919,0.3965,162,170,43,127,119,0.2529,0.2654,0.259,0.9319,0.0919,0.1673
weecology,tcd_tile_2161,East European forest steppe,European forest,,735,0.3965,1,55,1,54,0,0.0182,1.0,0.0357,0.9992,0.1113,0.2003
weecology,tcd_tile_2162,Northern Zanzibar-Inhambane coastal forest mosaic,African tropical forest,,1915,0.3965,121,237,67,170,54,0.2827,0.5537,0.3743,0.822,0.1518,0.2562
weecology,tcd_tile_2163,Northern Zanzibar-Inhambane coastal forest mosaic,African tropical forest,,3063,0.3965,172,57,44,13,128,0.7719,0.2558,0.3843,0.9446,0.0831,0.1527
weecology,tcd_tile_2164,Timor and Wetar deciduous forests,SE Asian & Pacific rainforest,,264,0.3965,121,17,12,5,109,0.7059,0.0992,0.1739,0.7065,0.0226,0.0438
weecology,tcd_tile_2165,Tongan tropical moist forests,SE Asian & Pacific rainforest,,4450,0.3965,133,163,44,119,89,0.2699,0.3308,0.2973,0.6023,0.061,0.1108
weecology,tcd_tile_2166,Mindanao-Eastern Visayas rain forests,SE Asian & Pacific rainforest,,2789,0.3965,100,413,32,381,68,0.0775,0.32,0.1248,0.9081,0.0886,0.1614
weecology,tcd_tile_2167,Greater Negros-Panay rain forests,SE Asian & Pacific rainforest,,2662,0.3965,124,19,14,5,110,0.7368,0.1129,0.1958,0.8773,0.2236,0.3563
weecology,tcd_tile_2168,Sarmatic mixed forests,European forest,,1518,0.3965,1,127,1,126,0,0.0079,1.0,0.0156,0.9998,0.0873,0.1606
weecology,tcd_tile_2169,Sarmatic mixed forests,European forest,,4657,0.3965,2,296,2,294,0,0.0068,1.0,0.0134,0.9826,0.13,0.2296
weecology,tcd_tile_2170,Central European mixed forests,European forest,,4634,0.3965,44,14,11,3,33,0.7857,0.25,0.3793,0.8911,0.0799,0.1466
weecology,tcd_tile_2171,Sundaland heath forests,Other,,2594,0.3965,88,393,20,373,68,0.0509,0.2273,0.0832,0.9774,0.1221,0.2171
weecology,tcd_tile_2172,Hawaii tropical dry forests,Other,,1762,0.3965,12,65,3,62,9,0.0462,0.25,0.0779,0.9993,0.0238,0.0464
weecology,tcd_tile_2173,Northern Zanzibar-Inhambane coastal forest mosaic,African tropical forest,,909,0.3965,24,23,7,16,17,0.3043,0.2917,0.2979,0.6756,0.0296,0.0566
weecology,tcd_tile_2174,East European forest steppe,European forest,,404,0.3965,72,198,39,159,33,0.197,0.5417,0.2889,0.9393,0.12,0.2129
weecology,tcd_tile_2175,Central European mixed forests,European forest,,2414,0.3965,62,24,13,11,49,0.5417,0.2097,0.3023,0.8231,0.053,0.0997
weecology,tcd_tile_2176,Peruvian Yungas,Latin American forest,,2668,0.3965,279,41,16,25,263,0.3902,0.0573,0.1,0.4723,0.0623,0.1101
weecology,tcd_tile_2177,Willamette Valley forests,N. American forest,,1934,0.3965,21,15,12,3,9,0.8,0.5714,0.6667,0.8132,0.0596,0.111
weecology,tcd_tile_2178,Granitic Seychelles forests,Other,,1288,0.3965,53,95,23,72,30,0.2421,0.434,0.3108,0.7276,0.0445,0.0839
weecology,tcd_tile_2179,Sierra Nevada forests,N. American forest,,1687,0.3965,58,239,31,208,27,0.1297,0.5345,0.2088,0.813,0.1354,0.2321
weecology,tcd_tile_218,Lesser Sundas deciduous forests,SE Asian & Pacific rainforest,,3103,0.3965,124,107,13,94,111,0.1215,0.1048,0.1126,0.8562,0.038,0.0727
weecology,tcd_tile_2180,Northern Zanzibar-Inhambane coastal forest mosaic,African tropical forest,,180,0.3965,155,106,35,71,120,0.3302,0.2258,0.2682,0.7913,0.1305,0.2241
weecology,tcd_tile_2181,Mizoram-Manipur-Kachin rain forests,SE Asian & Pacific rainforest,,4898,0.3965,0,158,0,158,0,0.0,0.0,0.0,0.0,0.0,0.0
weecology,tcd_tile_2182,Changjiang Plain evergreen forests,Other,,4437,0.3965,151,140,70,70,81,0.5,0.4636,0.4811,0.9479,0.286,0.4394
weecology,tcd_tile_2183,Madeira-Tapajós moist forests,Latin American forest,,251,0.3965,1,646,1,645,0,0.0015,1.0,0.0031,0.9992,0.1878,0.3162
weecology,tcd_tile_2184,Western European broadleaf forests,European forest,,4539,0.3965,1,8,1,7,0,0.125,1.0,0.2222,1.0,0.005,0.01
weecology,tcd_tile_2185,Madeira-Tapajós moist forests,Latin American forest,,2473,0.3965,38,561,9,552,29,0.016,0.2368,0.0301,0.9929,0.1837,0.31
weecology,tcd_tile_2186,Serra do Mar coastal forests,Latin American forest,,4336,0.3965,19,48,4,44,15,0.0833,0.2105,0.1194,0.8515,0.0247,0.048
weecology,tcd_tile_2187,Northern Zanzibar-Inhambane coastal forest mosaic,African tropical forest,,4001,0.3965,109,35,18,17,91,0.5143,0.1651,0.25,0.8836,0.0405,0.0775
weecology,tcd_tile_2188,East European forest steppe,European forest,,2050,0.3965,17,16,6,10,11,0.375,0.3529,0.3636,0.9126,0.0307,0.0595
weecology,tcd_tile_2189,"Sao Tome, Principe and Annobon moist lowland forests",Other,,2423,0.3965,264,268,100,168,164,0.3731,0.3788,0.3759,0.8696,0.1403,0.2417
weecology,tcd_tile_2190,Tongan tropical moist forests,SE Asian & Pacific rainforest,,379,0.3965,33,63,1,62,32,0.0159,0.0303,0.0208,0.0022,0.0005,0.0008
weecology,tcd_tile_2191,Lesser Sundas deciduous forests,SE Asian & Pacific rainforest,,1571,0.3965,109,71,33,38,76,0.4648,0.3028,0.3667,0.7578,0.0333,0.0637
weecology,tcd_tile_2192,,Other,,2626,0.3965,38,59,12,47,26,0.2034,0.3158,0.2474,0.4124,0.044,0.0795
weecology,tcd_tile_2193,Hokkaido deciduous forests,Other,,3646,0.3965,1,50,1,49,0,0.02,1.0,0.0392,0.9432,0.1139,0.2032
weecology,tcd_tile_2194,Magdalena Valley montane forests,Other,,2587,0.3965,122,23,15,8,107,0.6522,0.123,0.2069,0.9168,0.0319,0.0617
weecology,tcd_tile_2195,Tongan tropical moist forests,SE Asian & Pacific rainforest,,4619,0.3965,18,10,0,10,18,0.0,0.0,0.0,0.0,0.0,0.0
weecology,tcd_tile_2196,Granitic Seychelles forests,Other,,3261,0.3965,0,122,0,122,0,0.0,0.0,0.0,0.0,0.0,0.0
weecology,tcd_tile_2197,Eastern forest-boreal transition,Other,,1502,0.3965,118,892,34,858,84,0.0381,0.2881,0.0673,0.9917,0.1853,0.3123
weecology,tcd_tile_2198,Pannonian mixed forests,European forest,,1739,0.3965,96,33,21,12,75,0.6364,0.2188,0.3256,0.94,0.0519,0.0984
weecology,tcd_tile_2199,,Other,,334,0.3965,76,19,13,6,63,0.6842,0.1711,0.2737,0.7561,0.1666,0.2731
weecology,tcd_tile_22,Chilean matorral,Arid / dryland,,1192,0.3965,22,14,3,11,19,0.2143,0.1364,0.1667,0.1795,0.1313,0.1517
weecology,tcd_tile_2200,,Other,,332,0.3965,11,14,2,12,9,0.1429,0.1818,0.16,0.7436,0.0207,0.0403
weecology,tcd_tile_2201,Cerrado,Latin American forest,,1241,0.3965,12,151,8,143,4,0.053,0.6667,0.0982,0.1327,0.1805,0.1529
weecology,tcd_tile_2202,Southern Zanzibar-Inhambane coastal forest mosaic,African tropical forest,,2350,0.3965,18,8,3,5,15,0.375,0.1667,0.2308,0.4249,0.1034,0.1664
weecology,tcd_tile_2203,Eastern forest-boreal transition,Other,,2590,0.3965,2,289,1,288,1,0.0035,0.5,0.0069,0.9984,0.1951,0.3265
weecology,tcd_tile_2204,Luzon rain forests,SE Asian & Pacific rainforest,,3727,0.3965,1,176,1,175,0,0.0057,1.0,0.0113,0.9948,0.0179,0.0352
weecology,tcd_tile_2205,Iberian sclerophyllous and semi-deciduous forests,Other,,1300,0.3965,334,97,75,22,259,0.7732,0.2246,0.348,0.8377,0.1047,0.1862
weecology,tcd_tile_2206,Cerrado,Latin American forest,,159,0.3965,51,107,10,97,41,0.0935,0.1961,0.1266,0.9054,0.0319,0.0616
weecology,tcd_tile_2207,Southern Zanzibar-Inhambane coastal forest mosaic,African tropical forest,,4128,0.3965,153,176,54,122,99,0.3068,0.3529,0.3283,0.8878,0.1138,0.2017
weecology,tcd_tile_2208,Richmond temperate forests,Other,,3596,0.3965,84,49,18,31,66,0.3673,0.2143,0.2707,0.9583,0.1121,0.2008
weecology,tcd_tile_2209,East African montane forests,African tropical forest,,2343,0.3965,193,168,26,142,167,0.1548,0.1347,0.144,0.9313,0.0844,0.1548
weecology,tcd_tile_221,Northeastern coastal forests,N. American forest,,1097,0.3965,99,72,43,29,56,0.5972,0.4343,0.5029,0.8853,0.34,0.4913
weecology,tcd_tile_2210,Southeastern mixed forests,N. American forest,,1574,0.3965,11,1,0,1,11,0.0,0.0,0.0,0.0,0.0,0.0
weecology,tcd_tile_2211,Tongan tropical moist forests,SE Asian & Pacific rainforest,,4177,0.3965,138,52,8,44,130,0.1538,0.058,0.0842,0.3977,0.0068,0.0134
weecology,tcd_tile_2212,Mindanao-Eastern Visayas rain forests,SE Asian & Pacific rainforest,,1702,0.3965,61,154,15,139,46,0.0974,0.2459,0.1395,0.9459,0.0523,0.0992
weecology,tcd_tile_2213,Northern Zanzibar-Inhambane coastal forest mosaic,African tropical forest,,2734,0.3965,287,52,43,9,244,0.8269,0.1498,0.2537,0.9225,0.0673,0.1255
weecology,tcd_tile_2214,Northeastern coastal forests,N. American forest,,3351,0.3965,33,66,2,64,31,0.0303,0.0606,0.0404,0.9974,0.1365,0.2401
weecology,tcd_tile_2215,Uatuma-Trombetas moist forests,Latin American forest,,3343,0.3965,4,9,2,7,2,0.2222,0.5,0.3077,0.976,0.0069,0.0136
weecology,tcd_tile_2216,Northern Zanzibar-Inhambane coastal forest mosaic,African tropical forest,,5004,0.3965,366,191,103,88,263,0.5393,0.2814,0.3698,0.93,0.116,0.2062
weecology,tcd_tile_2217,Madeira-Tapajós moist forests,Latin American forest,,1326,0.3965,1,575,1,574,0,0.0017,1.0,0.0035,0.9996,0.2013,0.3351
weecology,tcd_tile_2218,Central European mixed forests,European forest,,4727,0.3965,6,72,2,70,4,0.0278,0.3333,0.0513,0.8915,0.0209,0.0409
weecology,tcd_tile_2219,Eastern Guinean forests,African tropical forest,,3812,0.3965,39,5,2,3,37,0.4,0.0513,0.0909,1.0,0.0055,0.011
weecology,tcd_tile_222,Mato Grosso seasonal forests,Latin American forest,,1672,0.3965,197,169,97,72,100,0.574,0.4924,0.5301,0.8655,0.2281,0.3611
weecology,tcd_tile_2220,Northern Zanzibar-Inhambane coastal forest mosaic,African tropical forest,,3694,0.3965,394,125,44,81,350,0.352,0.1117,0.1696,0.945,0.0717,0.1333
weecology,tcd_tile_2221,Northern California coastal forests,N. American forest,,1994,0.3965,2,13,2,11,0,0.1538,1.0,0.2667,0.8251,0.0023,0.0046
weecology,tcd_tile_2222,Upper Midwest forest-savanna transition,N. American forest,,3245,0.3965,17,189,12,177,5,0.0635,0.7059,0.1165,0.942,0.1891,0.315
weecology,tcd_tile_2223,Changjiang Plain evergreen forests,Other,,866,0.3965,447,128,104,24,343,0.8125,0.2327,0.3617,0.908,0.1123,0.1999
weecology,tcd_tile_2224,Eastern Cordillera real montane forests,Other,,2262,0.3965,75,76,15,61,60,0.1974,0.2,0.1987,0.821,0.0354,0.0678
weecology,tcd_tile_2225,Upper Gangetic Plains moist deciduous forests,Other,,4052,0.3965,38,35,17,18,21,0.4857,0.4474,0.4658,0.9712,0.0963,0.1753
weecology,tcd_tile_2226,Bahia interior forests,Other,,2581,0.3965,127,29,10,19,117,0.3448,0.0787,0.1282,0.9009,0.0876,0.1596
weecology,tcd_tile_2227,Timor and Wetar deciduous forests,SE Asian & Pacific rainforest,,3209,0.3965,215,19,16,3,199,0.8421,0.0744,0.1368,0.8078,0.0201,0.0392
weecology,tcd_tile_2228,Sarmatic mixed forests,European forest,,4465,0.3965,9,285,5,280,4,0.0175,0.5556,0.034,0.9479,0.1172,0.2086
weecology,tcd_tile_2229,Southern Zanzibar-Inhambane coastal forest mosaic,African tropical forest,,3591,0.3965,34,17,7,10,27,0.4118,0.2059,0.2745,0.7897,0.0455,0.086
weecology,tcd_tile_2230,Balkan mixed forests,European forest,,676,0.3965,90,61,23,38,67,0.377,0.2556,0.3046,0.879,0.0444,0.0846
weecology,tcd_tile_2231,East European forest steppe,European forest,,538,0.3965,90,152,33,119,57,0.2171,0.3667,0.2727,0.87,0.1631,0.2747
weecology,tcd_tile_2232,Madeira-Tapajós moist forests,Latin American forest,,4022,0.3965,3,157,2,155,1,0.0127,0.6667,0.025,0.9991,0.0685,0.1281
weecology,tcd_tile_2233,Willamette Valley forests,N. American forest,,3380,0.3965,192,35,6,29,186,0.1714,0.0312,0.0529,0.9591,0.0714,0.1329
weecology,tcd_tile_2234,,Other,,1507,0.3965,74,199,6,193,68,0.0302,0.0811,0.044,0.9737,0.0758,0.1407
weecology,tcd_tile_2235,Taiheiyo evergreen forests,Other,,305,0.3965,77,14,7,7,70,0.5,0.0909,0.1538,0.5435,0.0342,0.0644
weecology,tcd_tile_2236,Sierra Nevada forests,N. American forest,,2391,0.3965,109,55,42,13,67,0.7636,0.3853,0.5122,0.8614,0.0563,0.1057
weecology,tcd_tile_2237,Central Andean dry puna,Other,,878,0.3965,12,5,0,5,12,0.0,0.0,0.0,0.0,0.0,0.0
weecology,tcd_tile_2238,Granitic Seychelles forests,Other,,1251,0.3965,254,234,112,122,142,0.4786,0.4409,0.459,0.8774,0.1188,0.2092
weecology,tcd_tile_2239,Northern Zanzibar-Inhambane coastal forest mosaic,African tropical forest,,4524,0.3965,325,28,22,6,303,0.7857,0.0677,0.1246,0.9025,0.049,0.0929
weecology,tcd_tile_2240,California interior chaparral and woodlands,Other,,477,0.3965,22,1,0,1,22,0.0,0.0,0.0,0.0,0.0,0.0
weecology,tcd_tile_2241,Pannonian mixed forests,European forest,,4560,0.3965,46,62,27,35,19,0.4355,0.587,0.5,0.9179,0.1416,0.2454
weecology,tcd_tile_2242,Willamette Valley forests,N. American forest,,1772,0.3965,248,50,23,27,225,0.46,0.0927,0.1544,0.6098,0.086,0.1508
weecology,tcd_tile_2243,East European forest steppe,European forest,,1629,0.3965,49,132,25,107,24,0.1894,0.5102,0.2762,0.717,0.0356,0.0678
weecology,tcd_tile_2244,South Central Rockies forests,Other,,4265,0.3965,40,32,12,20,28,0.375,0.3,0.3333,0.8692,0.0361,0.0694
weecology,tcd_tile_2245,Central European mixed forests,European forest,,713,0.3965,114,212,49,163,65,0.2311,0.4298,0.3006,0.9239,0.1539,0.2638
weecology,tcd_tile_2246,California interior chaparral and woodlands,Other,,399,0.3965,12,14,11,3,1,0.7857,0.9167,0.8462,0.6509,0.4101,0.5032
weecology,tcd_tile_2247,California interior chaparral and woodlands,Other,,515,0.3965,16,22,15,7,1,0.6818,0.9375,0.7895,0.9139,0.2167,0.3503
weecology,tcd_tile_2248,English Lowlands beech forests,European forest,,2334,0.3965,5,5,1,4,4,0.2,0.2,0.2,0.9222,0.0131,0.0258
weecology,tcd_tile_2249,Nihonkai montane deciduous forests,Other,,4208,0.3965,3,11,1,10,2,0.0909,0.3333,0.1429,1.0,0.0029,0.0058
weecology,tcd_tile_225,Madeira-Tapajós moist forests,Latin American forest,,600,0.3965,1,606,1,605,0,0.0017,1.0,0.0033,0.9996,0.1464,0.2555
weecology,tcd_tile_2250,Luzon rain forests,SE Asian & Pacific rainforest,,265,0.3965,113,50,16,34,97,0.32,0.1416,0.1963,0.8843,0.0783,0.1438
weecology,tcd_tile_2251,Southern Great Lakes forests,N. American forest,,4699,0.3965,31,141,11,130,20,0.078,0.3548,0.1279,0.9657,0.169,0.2876
weecology,tcd_tile_2252,Northern Zanzibar-Inhambane coastal forest mosaic,African tropical forest,,1082,0.3965,330,352,176,176,154,0.5,0.5333,0.5161,0.8482,0.3615,0.507
weecology,tcd_tile_2253,Sumatran lowland rain forests,SE Asian & Pacific rainforest,,580,0.3965,56,82,13,69,43,0.1585,0.2321,0.1884,0.8195,0.0284,0.0548
weecology,tcd_tile_2254,Western European broadleaf forests,European forest,,5020,0.3965,1,16,1,15,0,0.0625,1.0,0.1176,1.0,0.0265,0.0517
weecology,tcd_tile_2255,Central European mixed forests,European forest,,3239,0.3965,19,40,12,28,7,0.3,0.6316,0.4068,0.9567,0.0302,0.0585
weecology,tcd_tile_2256,Rodope montane mixed forests,European forest,,4282,0.3965,157,117,42,75,115,0.359,0.2675,0.3066,0.8668,0.1071,0.1906
weecology,tcd_tile_2257,Sarmatic mixed forests,European forest,,259,0.3965,3,13,1,12,2,0.0769,0.3333,0.125,0.6532,0.0037,0.0073
weecology,tcd_tile_2258,Appalachian-Blue Ridge forests,N. American forest,,3181,0.3965,4,326,3,323,1,0.0092,0.75,0.0182,0.9998,0.1324,0.2338
weecology,tcd_tile_2259,Balkan mixed forests,European forest,,2912,0.3965,98,40,20,20,78,0.5,0.2041,0.2899,0.7596,0.0241,0.0467
weecology,tcd_tile_2260,Iberian sclerophyllous and semi-deciduous forests,Other,,705,0.3965,487,418,324,94,163,0.7751,0.6653,0.716,0.8278,0.4363,0.5715
weecology,tcd_tile_2261,Northern Zanzibar-Inhambane coastal forest mosaic,African tropical forest,,3693,0.3965,2,284,1,283,1,0.0035,0.5,0.007,0.9949,0.077,0.1429
weecology,tcd_tile_2262,Southeastern mixed forests,N. American forest,,2955,0.3965,26,6,1,5,25,0.1667,0.0385,0.0625,0.0743,0.0023,0.0044
weecology,tcd_tile_2263,Caucasus mixed forests,European forest,,4679,0.3965,3,73,1,72,2,0.0137,0.3333,0.0263,1.0,0.0146,0.0289
weecology,tcd_tile_2264,Magdalena Valley montane forests,Other,,2563,0.3965,204,20,16,4,188,0.8,0.0784,0.1429,0.8972,0.0342,0.0659
weecology,tcd_tile_2265,Hawaii tropical moist forests,Other,,3053,0.3965,1,102,1,101,0,0.0098,1.0,0.0194,1.0,0.0317,0.0615
weecology,tcd_tile_2266,Western European broadleaf forests,European forest,,1100,0.3965,44,128,23,105,21,0.1797,0.5227,0.2674,0.9084,0.0899,0.1636
weecology,tcd_tile_2267,Celtic broadleaf forests,European forest,,1850,0.3965,53,23,12,11,41,0.5217,0.2264,0.3158,0.6002,0.102,0.1744
weecology,tcd_tile_2268,Himalayan subtropical broadleaf forests,Other,,4335,0.3965,39,43,17,26,22,0.3953,0.4359,0.4146,0.9405,0.1291,0.227
weecology,tcd_tile_2269,Southern Zanzibar-Inhambane coastal forest mosaic,African tropical forest,,4934,0.3965,249,161,53,108,196,0.3292,0.2129,0.2585,0.9556,0.0806,0.1487
weecology,tcd_tile_2270,Scandinavian and Russian taiga,Other,,73,0.3965,62,48,22,26,40,0.4583,0.3548,0.4,0.885,0.0559,0.1051
weecology,tcd_tile_2271,North Central Rockies forests,N. American forest,,1558,0.3965,3,366,2,364,1,0.0055,0.6667,0.0108,0.9757,0.174,0.2953
weecology,tcd_tile_2272,Northeastern coastal forests,N. American forest,,1921,0.3965,51,12,5,7,46,0.4167,0.098,0.1587,0.7204,0.0996,0.175
weecology,tcd_tile_2273,Hispaniolan moist forests,SE Asian & Pacific rainforest,,4357,0.3965,94,37,17,20,77,0.4595,0.1809,0.2595,0.7434,0.0993,0.1752
weecology,tcd_tile_2274,Greater Negros-Panay rain forests,SE Asian & Pacific rainforest,,1699,0.3965,16,29,10,19,6,0.3448,0.625,0.4444,0.8828,0.0309,0.0597
weecology,tcd_tile_2275,Hispaniolan moist forests,SE Asian & Pacific rainforest,,1604,0.3965,19,35,5,30,14,0.1429,0.2632,0.1852,0.1831,0.0857,0.1167
weecology,tcd_tile_2276,"Sao Tome, Principe and Annobon moist lowland forests",Other,,227,0.3965,289,334,136,198,153,0.4072,0.4706,0.4366,0.8427,0.239,0.3724
weecology,tcd_tile_2277,Sulawesi lowland rain forests,SE Asian & Pacific rainforest,,4978,0.3965,91,66,32,34,59,0.4848,0.3516,0.4076,0.9203,0.1138,0.2026
weecology,tcd_tile_2278,Western European broadleaf forests,European forest,,3647,0.3965,10,23,5,18,5,0.2174,0.5,0.303,0.9142,0.0455,0.0867
weecology,tcd_tile_2279,Crimean Submediterranean forest complex,Other,,1829,0.3965,183,30,17,13,166,0.5667,0.0929,0.1596,0.8912,0.0187,0.0366
weecology,tcd_tile_228,Upper Midwest forest-savanna transition,N. American forest,,4077,0.3965,15,26,11,15,4,0.4231,0.7333,0.5366,0.6892,0.3891,0.4974
weecology,tcd_tile_2280,East European forest steppe,European forest,,5046,0.3965,1,87,1,86,0,0.0115,1.0,0.0227,0.9988,0.0943,0.1723
weecology,tcd_tile_2281,Northern Zanzibar-Inhambane coastal forest mosaic,African tropical forest,,3192,0.3965,4,17,2,15,2,0.1176,0.5,0.1905,0.3652,0.0823,0.1343
weecology,tcd_tile_2282,Northern Zanzibar-Inhambane coastal forest mosaic,African tropical forest,,3329,0.3965,190,958,49,909,141,0.0511,0.2579,0.0854,0.9873,0.2092,0.3452
weecology,tcd_tile_2283,Northern Anatolian conifer and deciduous forests,Other,,1867,0.3965,69,50,20,30,49,0.4,0.2899,0.3361,0.5776,0.1064,0.1797
weecology,tcd_tile_2284,Atlantic dry forests,Other,,575,0.3965,250,68,55,13,195,0.8088,0.22,0.3459,0.8788,0.1211,0.2129
weecology,tcd_tile_2285,Sierra Nevada forests,N. American forest,,2995,0.3965,281,47,38,9,243,0.8085,0.1352,0.2317,0.8478,0.0524,0.0988
weecology,tcd_tile_2286,Greater Negros-Panay rain forests,SE Asian & Pacific rainforest,,2864,0.3965,29,18,11,7,18,0.6111,0.3793,0.4681,0.9344,0.2735,0.4232
weecology,tcd_tile_2287,North Island temperate forests,Other,,50,0.3965,13,2,2,0,11,1.0,0.1538,0.2667,0.9323,0.0331,0.0639
weecology,tcd_tile_2288,Pannonian mixed forests,European forest,,2506,0.3965,17,35,5,30,12,0.1429,0.2941,0.1923,0.9453,0.0358,0.069
weecology,tcd_tile_2289,Southern Korea evergreen forests,Other,,3462,0.3965,165,153,73,80,92,0.4771,0.4424,0.4591,0.8689,0.1539,0.2615
weecology,tcd_tile_2290,East European forest steppe,European forest,,482,0.3965,137,148,68,80,69,0.4595,0.4964,0.4772,0.7847,0.2053,0.3254
weecology,tcd_tile_2291,Bahia coastal forests,Latin American forest,,1033,0.3965,7,28,4,24,3,0.1429,0.5714,0.2286,0.9849,0.0041,0.0081
weecology,tcd_tile_2292,,Other,,1247,0.3965,24,3,0,3,24,0.0,0.0,0.0,0.0,0.0,0.0
weecology,tcd_tile_2293,Northern Zanzibar-Inhambane coastal forest mosaic,African tropical forest,,2110,0.3965,215,333,106,227,109,0.3183,0.493,0.3869,0.8906,0.197,0.3227
weecology,tcd_tile_2294,,Other,,1377,0.3965,50,55,10,45,40,0.1818,0.2,0.1905,0.8499,0.0328,0.0631
weecology,tcd_tile_2295,,Other,,560,0.3965,0,16,0,16,0,0.0,0.0,0.0,0.0,0.0,0.0
weecology,tcd_tile_2296,Celtic broadleaf forests,European forest,,4084,0.3965,78,20,9,11,69,0.45,0.1154,0.1837,0.8673,0.1246,0.2179
weecology,tcd_tile_2297,Changjiang Plain evergreen forests,Other,,4975,0.3965,111,188,74,114,37,0.3936,0.6667,0.495,0.9477,0.2413,0.3846
weecology,tcd_tile_2298,Western European broadleaf forests,European forest,,4949,0.3965,1,11,1,10,0,0.0909,1.0,0.1667,1.0,0.0081,0.016
weecology,tcd_tile_2299,Northwestern Andean montane forests,Latin American forest,,842,0.3965,67,23,12,11,55,0.5217,0.1791,0.2667,0.6896,0.07,0.127
weecology,tcd_tile_23,West Sudanian savanna,Arid / dryland,,985,0.3965,112,99,45,54,67,0.4545,0.4018,0.4265,0.8936,0.1326,0.2309
weecology,tcd_tile_2300,Greater Negros-Panay rain forests,SE Asian & Pacific rainforest,,1144,0.3965,39,4,2,2,37,0.5,0.0513,0.093,0.8466,0.0388,0.0741
weecology,tcd_tile_2301,California coastal sage and chaparral,Other,,316,0.3965,52,18,7,11,45,0.3889,0.1346,0.2,0.4792,0.0188,0.0362
weecology,tcd_tile_2302,Cerrado,Latin American forest,,187,0.3965,21,303,16,287,5,0.0528,0.7619,0.0988,0.8537,0.1854,0.3047
weecology,tcd_tile_2303,Central European mixed forests,European forest,,1240,0.3965,50,68,16,52,34,0.2353,0.32,0.2712,0.9376,0.0283,0.0549
weecology,tcd_tile_2304,Upper Midwest forest-savanna transition,N. American forest,,3393,0.3965,102,160,26,134,76,0.1625,0.2549,0.1985,0.8542,0.1379,0.2375
weecology,tcd_tile_2305,North Central Rockies forests,N. American forest,,2365,0.3965,1,248,1,247,0,0.004,1.0,0.008,1.0,0.1938,0.3247
weecology,tcd_tile_2306,Southern Zanzibar-Inhambane coastal forest mosaic,African tropical forest,,1643,0.3965,109,49,20,29,89,0.4082,0.1835,0.2532,0.9702,0.1076,0.1937
weecology,tcd_tile_2307,Taiheiyo montane deciduous forests,Other,,4678,0.3965,1,19,0,19,1,0.0,0.0,0.0,0.0,0.0,0.0
weecology,tcd_tile_2308,Northern Zanzibar-Inhambane coastal forest mosaic,African tropical forest,,1188,0.3965,263,415,137,278,126,0.3301,0.5209,0.4041,0.8807,0.2664,0.4091
weecology,tcd_tile_2309,Southern Zanzibar-Inhambane coastal forest mosaic,African tropical forest,,4345,0.3965,1,1,1,0,0,1.0,1.0,1.0,0.9986,0.3109,0.4741
weecology,tcd_tile_231,Mato Grosso seasonal forests,Latin American forest,,1926,0.3965,77,81,37,44,40,0.4568,0.4805,0.4684,0.7633,0.2302,0.3537
weecology,tcd_tile_2310,,Other,,3475,0.3965,1,0,0,0,1,0.0,0.0,0.0,0.0,0.0,0.0
weecology,tcd_tile_2311,Northern Zanzibar-Inhambane coastal forest mosaic,African tropical forest,,2009,0.3965,1,681,1,680,0,0.0015,1.0,0.0029,1.0,0.134,0.2363
weecology,tcd_tile_2312,Northern Congolian forest-savanna mosaic,African tropical forest,,664,0.3965,124,38,34,4,90,0.8947,0.2742,0.4198,0.8515,0.1361,0.2347
weecology,tcd_tile_2313,East European forest steppe,European forest,,1235,0.3965,16,302,7,295,9,0.0232,0.4375,0.044,0.9743,0.0818,0.151
weecology,tcd_tile_2314,Lesser Sundas deciduous forests,SE Asian & Pacific rainforest,,1675,0.3965,74,121,36,85,38,0.2975,0.4865,0.3692,0.742,0.0613,0.1133
weecology,tcd_tile_2315,Western European broadleaf forests,European forest,,4462,0.3965,6,4,2,2,4,0.5,0.3333,0.4,0.9466,0.0087,0.0173
weecology,tcd_tile_2316,"Sao Tome, Principe and Annobon moist lowland forests",Other,,1439,0.3965,95,115,51,64,44,0.4435,0.5368,0.4857,0.8976,0.1279,0.2238
weecology,tcd_tile_2317,Celtic broadleaf forests,European forest,,3753,0.3965,33,27,8,19,25,0.2963,0.2424,0.2667,0.3299,0.0444,0.0783
weecology,tcd_tile_2318,Balkan mixed forests,European forest,,2089,0.3965,57,22,15,7,42,0.6818,0.2632,0.3797,0.836,0.1044,0.1856
weecology,tcd_tile_2319,Caucasus mixed forests,European forest,,4888,0.3965,37,11,3,8,34,0.2727,0.0811,0.125,0.8986,0.0159,0.0312
weecology,tcd_tile_232,Northern California coastal forests,N. American forest,,2277,0.3965,14,1,1,0,13,1.0,0.0714,0.1333,1.0,0.0003,0.0006
weecology,tcd_tile_2320,Cerrado,Latin American forest,,1070,0.3965,10,11,1,10,9,0.0909,0.1,0.0952,0.9246,0.0107,0.0211
weecology,tcd_tile_2321,Upper Midwest forest-savanna transition,N. American forest,,1973,0.3965,18,18,8,10,10,0.4444,0.4444,0.4444,0.913,0.0611,0.1146
weecology,tcd_tile_2322,Lesser Sundas deciduous forests,SE Asian & Pacific rainforest,,1950,0.3965,98,26,15,11,83,0.5769,0.1531,0.2419,0.6908,0.1089,0.1882
weecology,tcd_tile_2323,Atlantic mixed forests,European forest,,4278,0.3965,16,114,9,105,7,0.0789,0.5625,0.1385,0.8114,0.0618,0.1149
weecology,tcd_tile_2324,Cantabrian mixed forests,Other,,687,0.3965,68,100,27,73,41,0.27,0.3971,0.3214,0.7972,0.0833,0.1509
weecology,tcd_tile_2325,Central European mixed forests,European forest,,2256,0.3965,66,40,22,18,44,0.55,0.3333,0.4151,0.9582,0.0858,0.1575
weecology,tcd_tile_2326,Northern Zanzibar-Inhambane coastal forest mosaic,African tropical forest,,2646,0.3965,236,126,88,38,148,0.6984,0.3729,0.4862,0.9494,0.0931,0.1696
weecology,tcd_tile_2327,,Other,,566,0.3965,48,32,13,19,35,0.4062,0.2708,0.325,0.6378,0.1106,0.1885
weecology,tcd_tile_2328,Central Andean dry puna,Other,,1197,0.3965,64,5,1,4,63,0.2,0.0156,0.029,0.032,0.01,0.0153
weecology,tcd_tile_2329,Central Korean deciduous forests,Other,,2006,0.3965,27,38,7,31,20,0.1842,0.2593,0.2154,0.5848,0.0315,0.0598
weecology,tcd_tile_233,Central U.S. hardwood forests,N. American forest,,3069,0.3965,27,21,10,11,17,0.4762,0.3704,0.4167,0.9286,0.038,0.073
weecology,tcd_tile_2330,Palawan rain forests,SE Asian & Pacific rainforest,,4610,0.3965,54,373,15,358,39,0.0402,0.2778,0.0703,0.9829,0.1229,0.2185
weecology,tcd_tile_2331,Mindanao-Eastern Visayas rain forests,SE Asian & Pacific rainforest,,3134,0.3965,0,1,0,1,0,0.0,0.0,0.0,0.0,0.0,0.0
weecology,tcd_tile_2332,Northern Zanzibar-Inhambane coastal forest mosaic,African tropical forest,,2405,0.3965,147,337,38,299,109,0.1128,0.2585,0.157,0.9456,0.1174,0.2089
weecology,tcd_tile_2333,Southern Zanzibar-Inhambane coastal forest mosaic,African tropical forest,,4067,0.3965,32,12,7,5,25,0.5833,0.2188,0.3182,0.9477,0.0488,0.0929
weecology,tcd_tile_2334,Humid Pampas,Other,,1202,0.3965,34,22,9,13,25,0.4091,0.2647,0.3214,0.6928,0.2198,0.3338
weecology,tcd_tile_2335,Central Andean dry puna,Other,,392,0.3965,3,30,2,28,1,0.0667,0.6667,0.1212,0.4338,0.1094,0.1748
weecology,tcd_tile_2336,Taiheiyo evergreen forests,Other,,2235,0.3965,26,71,13,58,13,0.1831,0.5,0.268,0.5588,0.1986,0.293
weecology,tcd_tile_2337,Scandinavian coastal conifer forests,Other,,1837,0.3965,0,0,0,0,0,0.0,0.0,0.0,0.0,0.0,0.0
weecology,tcd_tile_2338,Central Pacific coastal forests,Other,,4125,0.3965,19,14,4,10,15,0.2857,0.2105,0.2424,0.6101,0.013,0.0255
weecology,tcd_tile_2339,Northern California coastal forests,N. American forest,,3525,0.3965,1,1,0,1,1,0.0,0.0,0.0,0.0,0.0,0.0
weecology,tcd_tile_234,Upper Midwest forest-savanna transition,N. American forest,,3882,0.3965,10,42,4,38,6,0.0952,0.4,0.1538,0.9839,0.2176,0.3564
weecology,tcd_tile_2340,Sulawesi lowland rain forests,SE Asian & Pacific rainforest,,4362,0.3965,125,184,59,125,66,0.3207,0.472,0.3819,0.8037,0.0741,0.1356
weecology,tcd_tile_2341,Balkan mixed forests,European forest,,1236,0.3965,140,51,27,24,113,0.5294,0.1929,0.2827,0.7512,0.0535,0.0999
weecology,tcd_tile_2342,Northern Zanzibar-Inhambane coastal forest mosaic,African tropical forest,,527,0.3965,30,35,10,25,20,0.2857,0.3333,0.3077,0.503,0.0991,0.1656
weecology,tcd_tile_2343,Northern Zanzibar-Inhambane coastal forest mosaic,African tropical forest,,454,0.3965,6,107,2,105,4,0.0187,0.3333,0.0354,0.9968,0.0155,0.0305
weecology,tcd_tile_2344,Western European broadleaf forests,European forest,,2286,0.3965,2,11,2,9,0,0.1818,1.0,0.3077,0.9951,0.0069,0.0137
weecology,tcd_tile_2345,California interior chaparral and woodlands,Other,,1348,0.3965,136,37,32,5,104,0.8649,0.2353,0.3699,0.9252,0.2617,0.408
weecology,tcd_tile_2346,Sarmatic mixed forests,European forest,,884,0.3965,391,47,38,9,353,0.8085,0.0972,0.1735,0.8776,0.0629,0.1174
weecology,tcd_tile_2347,Timor and Wetar deciduous forests,SE Asian & Pacific rainforest,,408,0.3965,166,77,44,33,122,0.5714,0.2651,0.3621,0.7449,0.0668,0.1226
weecology,tcd_tile_2348,Sarmatic mixed forests,European forest,,1644,0.3965,0,21,0,21,0,0.0,0.0,0.0,0.0,0.0,0.0
weecology,tcd_tile_2349,Palawan rain forests,SE Asian & Pacific rainforest,,1982,0.3965,98,148,33,115,65,0.223,0.3367,0.2683,0.8793,0.0882,0.1603
weecology,tcd_tile_235,Cerrado,Latin American forest,,289,0.3965,0,1,0,1,0,0.0,0.0,0.0,0.0,0.0,0.0
weecology,tcd_tile_2350,North Central Rockies forests,N. American forest,,1727,0.3965,1,531,1,530,0,0.0019,1.0,0.0038,0.9971,0.1234,0.2196
weecology,tcd_tile_2351,Bahia coastal forests,Latin American forest,,314,0.3965,6,40,4,36,2,0.1,0.6667,0.1739,0.9992,0.0161,0.0318
weecology,tcd_tile_2352,Sarmatic mixed forests,European forest,,219,0.3965,9,15,3,12,6,0.2,0.3333,0.25,0.4565,0.0673,0.1174
weecology,tcd_tile_2353,North Central Rockies forests,N. American forest,,2092,0.3965,2,308,1,307,1,0.0032,0.5,0.0065,0.9808,0.1277,0.226
weecology,tcd_tile_2354,"Sao Tome, Principe and Annobon moist lowland forests",Other,,2139,0.3965,49,37,13,24,36,0.3514,0.2653,0.3023,0.8444,0.1868,0.3059
weecology,tcd_tile_2355,Cardamom Mountains rain forests,Other,,1593,0.3965,52,225,15,210,37,0.0667,0.2885,0.1083,0.9736,0.078,0.1444
weecology,tcd_tile_2356,Western Guinean lowland forests,African tropical forest,,2491,0.3965,73,11,9,2,64,0.8182,0.1233,0.2143,0.8654,0.0748,0.1377
weecology,tcd_tile_2357,Upper Midwest forest-savanna transition,N. American forest,,1864,0.3965,41,26,15,11,26,0.5769,0.3659,0.4478,0.8767,0.1048,0.1872
weecology,tcd_tile_2358,Po Basin mixed forests,Other,,2108,0.3965,63,244,39,205,24,0.1598,0.619,0.2541,0.9187,0.1828,0.305
weecology,tcd_tile_2359,Northern Zanzibar-Inhambane coastal forest mosaic,African tropical forest,,4376,0.3965,195,25,16,9,179,0.64,0.0821,0.1455,0.8095,0.0147,0.0289
weecology,tcd_tile_236,Willamette Valley forests,N. American forest,,3721,0.3965,3,0,0,0,3,0.0,0.0,0.0,0.0,0.0,0.0
weecology,tcd_tile_2360,Central African mangroves,African tropical forest,,4896,0.3965,0,33,0,33,0,0.0,0.0,0.0,0.0,0.0,0.0
weecology,tcd_tile_2361,Northern Zanzibar-Inhambane coastal forest mosaic,African tropical forest,,2686,0.3965,44,218,17,201,27,0.078,0.3864,0.1298,0.897,0.0639,0.1193
weecology,tcd_tile_2362,Lesser Sundas deciduous forests,SE Asian & Pacific rainforest,,1630,0.3965,44,170,15,155,29,0.0882,0.3409,0.1402,0.7129,0.0303,0.0582
weecology,tcd_tile_2363,Pannonian mixed forests,European forest,,2319,0.3965,10,203,2,201,8,0.0099,0.2,0.0188,0.9951,0.0887,0.1628
weecology,tcd_tile_2364,Northern Zanzibar-Inhambane coastal forest mosaic,African tropical forest,,2516,0.3965,70,125,20,105,50,0.16,0.2857,0.2051,0.9441,0.0291,0.0565
weecology,tcd_tile_2365,Bolivian montane dry forests,Latin American forest,,1531,0.3965,44,6,2,4,42,0.3333,0.0455,0.08,0.701,0.0315,0.0603
weecology,tcd_tile_2366,Sierra Nevada forests,N. American forest,,3609,0.3965,4,0,0,0,4,0.0,0.0,0.0,0.0,0.0,0.0
weecology,tcd_tile_2367,Caucasus mixed forests,European forest,,2401,0.3965,10,0,0,0,10,0.0,0.0,0.0,0.0,0.0,0.0
weecology,tcd_tile_2368,Southeast Australia temperate forests,Other,,4168,0.3965,74,314,29,285,45,0.0924,0.3919,0.1495,0.9828,0.0818,0.1511
weecology,tcd_tile_2369,Balkan mixed forests,European forest,,1443,0.3965,41,22,13,9,28,0.5909,0.3171,0.4127,0.8572,0.0846,0.154
weecology,tcd_tile_237,Cerrado,Latin American forest,,416,0.3965,16,114,4,110,12,0.0351,0.25,0.0615,0.075,0.1861,0.107
weecology,tcd_tile_2370,Snake-Columbia shrub steppe,Other,,859,0.3965,42,141,18,123,24,0.1277,0.4286,0.1967,0.91,0.1869,0.3101
weecology,tcd_tile_2371,Himalayan subtropical broadleaf forests,Other,,2347,0.3965,84,288,52,236,32,0.1806,0.619,0.2796,0.8771,0.1998,0.3254
weecology,tcd_tile_2372,Iquitos varzeá,Other,,2275,0.3965,125,109,30,79,95,0.2752,0.24,0.2564,0.9522,0.0962,0.1748
weecology,tcd_tile_2373,Vanuatu rain forests,Other,,2037,0.3965,0,32,0,32,0,0.0,0.0,0.0,0.0,0.0,0.0
weecology,tcd_tile_2374,Tigris-Euphrates alluvial salt marsh,Other,,293,0.3965,35,22,7,15,28,0.3182,0.2,0.2456,0.7527,0.1403,0.2366
weecology,tcd_tile_2375,East European forest steppe,European forest,,2019,0.3965,12,15,5,10,7,0.3333,0.4167,0.3704,0.7376,0.0644,0.1184
weecology,tcd_tile_2376,North Island temperate forests,Other,,4184,0.3965,164,95,40,55,124,0.4211,0.2439,0.3089,0.88,0.0981,0.1766
weecology,tcd_tile_2377,,Other,,4114,0.3965,91,183,34,149,57,0.1858,0.3736,0.2482,0.8183,0.0906,0.1632
weecology,tcd_tile_2378,Western Siberian hemiboreal forests,Other,,2753,0.3965,2,3,0,3,2,0.0,0.0,0.0,0.0,0.0,0.0
weecology,tcd_tile_2379,Sarmatic mixed forests,European forest,,1276,0.3965,90,81,35,46,55,0.4321,0.3889,0.4094,0.8722,0.2384,0.3745
weecology,tcd_tile_238,Southeastern mixed forests,N. American forest,,4416,0.3965,9,60,3,57,6,0.05,0.3333,0.087,0.8884,0.113,0.2005
weecology,tcd_tile_2380,Eastern Australian temperate forests,Other,,4792,0.3965,78,236,7,229,71,0.0297,0.0897,0.0446,0.9884,0.0788,0.1459
weecology,tcd_tile_2381,Changjiang Plain evergreen forests,Other,,1938,0.3965,36,11,0,11,36,0.0,0.0,0.0,0.0,0.0,0.0
weecology,tcd_tile_2382,Greater Negros-Panay rain forests,SE Asian & Pacific rainforest,,3792,0.3965,24,15,4,11,20,0.2667,0.1667,0.2051,0.8849,0.0456,0.0867
weecology,tcd_tile_2383,Caucasus mixed forests,European forest,,2658,0.3965,5,1,1,0,4,1.0,0.2,0.3333,1.0,0.0001,0.0003
weecology,tcd_tile_2384,Sumatran lowland rain forests,SE Asian & Pacific rainforest,,4717,0.3965,67,76,17,59,50,0.2237,0.2537,0.2378,0.3065,0.0142,0.0271
weecology,tcd_tile_2385,Eastern Great Lakes lowland forests,N. American forest,,1759,0.3965,21,270,8,262,13,0.0296,0.381,0.055,0.9394,0.196,0.3244
weecology,tcd_tile_2386,Serra do Mar coastal forests,Latin American forest,,4720,0.3965,2,285,1,284,1,0.0035,0.5,0.007,0.9893,0.087,0.1599
weecology,tcd_tile_2387,North Central Rockies forests,N. American forest,,2756,0.3965,3,275,1,274,2,0.0036,0.3333,0.0072,0.9784,0.1339,0.2356
weecology,tcd_tile_2388,Scandinavian coastal conifer forests,Other,,1901,0.3965,13,402,9,393,4,0.0224,0.6923,0.0434,0.9155,0.1916,0.3169
weecology,tcd_tile_2389,Northern Zanzibar-Inhambane coastal forest mosaic,African tropical forest,,3790,0.3965,266,275,106,169,160,0.3855,0.3985,0.3919,0.907,0.1666,0.2815
weecology,tcd_tile_239,Northern California coastal forests,N. American forest,,1895,0.3965,5,1,1,0,4,1.0,0.2,0.3333,0.8676,0.0011,0.0022
weecology,tcd_tile_2390,Celtic broadleaf forests,European forest,,1884,0.3965,27,30,11,19,16,0.3667,0.4074,0.386,0.8268,0.2052,0.3289
weecology,tcd_tile_2391,Northern Zanzibar-Inhambane coastal forest mosaic,African tropical forest,,4802,0.3965,349,23,21,2,328,0.913,0.0602,0.1129,0.8648,0.0253,0.0492
weecology,tcd_tile_2392,Pannonian mixed forests,European forest,,3037,0.3965,49,12,7,5,42,0.5833,0.1429,0.2295,0.7223,0.0077,0.0153
weecology,tcd_tile_2393,Greater Negros-Panay rain forests,SE Asian & Pacific rainforest,,3682,0.3965,60,23,8,15,52,0.3478,0.1333,0.1928,0.9076,0.1941,0.3198
weecology,tcd_tile_2394,Hispaniolan moist forests,SE Asian & Pacific rainforest,,4428,0.3965,16,5,1,4,15,0.2,0.0625,0.0952,0.2937,0.0129,0.0247
weecology,tcd_tile_2395,,Other,,2842,0.3965,112,144,26,118,86,0.1806,0.2321,0.2031,0.9085,0.0543,0.1025
weecology,tcd_tile_2396,Bahia coastal forests,Latin American forest,,4421,0.3965,153,33,21,12,132,0.6364,0.1373,0.2258,0.7619,0.0305,0.0587
weecology,tcd_tile_2397,North Central Rockies forests,N. American forest,,3987,0.3965,6,337,1,336,5,0.003,0.1667,0.0058,1.0,0.1431,0.2504
weecology,tcd_tile_2398,Northern Zanzibar-Inhambane coastal forest mosaic,African tropical forest,,3084,0.3965,107,430,74,356,33,0.1721,0.6916,0.2756,0.8828,0.2611,0.403
weecology,tcd_tile_2399,Tongan tropical moist forests,SE Asian & Pacific rainforest,,4686,0.3965,90,256,37,219,53,0.1445,0.4111,0.2139,0.8321,0.0713,0.1313
weecology,tcd_tile_24,Central Mexican matorral,Arid / dryland,,1,0.3965,81,25,16,9,65,0.64,0.1975,0.3019,0.9661,0.0484,0.0922
weecology,tcd_tile_240,Southern Great Lakes forests,N. American forest,,4945,0.3965,39,45,21,24,18,0.4667,0.5385,0.5,0.9165,0.1298,0.2274
weecology,tcd_tile_2400,Hokkaido deciduous forests,Other,,3774,0.3965,10,449,7,442,3,0.0156,0.7,0.0305,0.9927,0.3251,0.4898
weecology,tcd_tile_2401,Southeastern mixed forests,N. American forest,,4653,0.3965,0,56,0,56,0,0.0,0.0,0.0,0.0,0.0,0.0
weecology,tcd_tile_2402,Upper Midwest forest-savanna transition,N. American forest,,3742,0.3965,17,10,4,6,13,0.4,0.2353,0.2963,0.8037,0.2122,0.3357
weecology,tcd_tile_2403,Central U.S. hardwood forests,N. American forest,,903,0.3965,62,33,21,12,41,0.6364,0.3387,0.4421,0.4887,0.0668,0.1175
weecology,tcd_tile_2404,Northern Zanzibar-Inhambane coastal forest mosaic,African tropical forest,,2745,0.3965,39,230,14,216,25,0.0609,0.359,0.1041,0.9646,0.1017,0.184
weecology,tcd_tile_2405,Northern Zanzibar-Inhambane coastal forest mosaic,African tropical forest,,4109,0.3965,63,108,34,74,29,0.3148,0.5397,0.3977,0.8781,0.1234,0.2165
weecology,tcd_tile_2406,North Island temperate forests,Other,,636,0.3965,10,1,0,1,10,0.0,0.0,0.0,0.0,0.0,0.0
weecology,tcd_tile_2407,Atlantic mixed forests,European forest,,3533,0.3965,38,19,17,2,21,0.8947,0.4474,0.5965,0.8793,0.597,0.7111
weecology,tcd_tile_2408,Eastern forest-boreal transition,Other,,2257,0.3965,5,152,3,149,2,0.0197,0.6,0.0382,0.899,0.1382,0.2396
weecology,tcd_tile_2409,Rodope montane mixed forests,European forest,,4952,0.3965,0,30,0,30,0,0.0,0.0,0.0,0.0,0.0,0.0
weecology,tcd_tile_2410,Nigerian lowland forests,African tropical forest,,4890,0.3965,5,41,2,39,3,0.0488,0.4,0.087,0.0221,0.4923,0.0423
weecology,tcd_tile_2411,Northern Zanzibar-Inhambane coastal forest mosaic,African tropical forest,,4557,0.3965,37,7,4,3,33,0.5714,0.1081,0.1818,0.9962,0.0028,0.0056
weecology,tcd_tile_2412,Atlantic mixed forests,European forest,,464,0.3965,5,366,5,361,0,0.0137,1.0,0.027,0.9957,0.0959,0.175
weecology,tcd_tile_2413,Mato Grosso seasonal forests,Latin American forest,,3726,0.3965,199,184,94,90,105,0.5109,0.4724,0.4909,0.8264,0.3579,0.4995
weecology,tcd_tile_2414,Central European mixed forests,European forest,,1937,0.3965,2,4,0,4,2,0.0,0.0,0.0,0.0,0.0,0.0
weecology,tcd_tile_2415,East European forest steppe,European forest,,3873,0.3965,42,6,5,1,37,0.8333,0.119,0.2083,0.8952,0.0223,0.0436
weecology,tcd_tile_2416,Northern Zanzibar-Inhambane coastal forest mosaic,African tropical forest,,2348,0.3965,62,97,24,73,38,0.2474,0.3871,0.3019,0.8806,0.1985,0.3239
weecology,tcd_tile_2417,Atlantic mixed forests,European forest,,369,0.3965,5,297,4,293,1,0.0135,0.8,0.0265,0.9935,0.1346,0.2371
weecology,tcd_tile_2418,Northern Zanzibar-Inhambane coastal forest mosaic,African tropical forest,,2775,0.3965,190,26,26,0,164,1.0,0.1368,0.2407,0.9103,0.0345,0.0665
weecology,tcd_tile_2419,Northern Zanzibar-Inhambane coastal forest mosaic,African tropical forest,,870,0.3965,6,112,4,108,2,0.0357,0.6667,0.0678,0.8877,0.028,0.0542
weecology,tcd_tile_2420,Northern Anatolian conifer and deciduous forests,Other,,2544,0.3965,99,103,29,74,70,0.2816,0.2929,0.2871,0.6134,0.1804,0.2788
weecology,tcd_tile_2421,Southeast Australia temperate forests,Other,,529,0.3965,90,121,39,82,51,0.3223,0.4333,0.3697,0.9398,0.1155,0.2057
weecology,tcd_tile_2422,Northern Acacia-Commiphora bushlands and thickets,Other,,1225,0.3965,32,2,1,1,31,0.5,0.0312,0.0588,0.7534,0.0446,0.0843
weecology,tcd_tile_2423,Cerrado,Latin American forest,,644,0.3965,0,0,0,0,0,0.0,0.0,0.0,0.0,0.0,0.0
weecology,tcd_tile_2424,Caucasus mixed forests,European forest,,2042,0.3965,5,0,0,0,5,0.0,0.0,0.0,0.0,0.0,0.0
weecology,tcd_tile_2425,East European forest steppe,European forest,,4217,0.3965,6,161,5,156,1,0.0311,0.8333,0.0599,0.9806,0.0889,0.1631
weecology,tcd_tile_2426,Northeastern coastal forests,N. American forest,,2856,0.3965,18,179,3,176,15,0.0168,0.1667,0.0305,0.9956,0.1222,0.2177
weecology,tcd_tile_2427,Mindanao-Eastern Visayas rain forests,SE Asian & Pacific rainforest,,1956,0.3965,33,83,5,78,28,0.0602,0.1515,0.0862,0.8421,0.0409,0.078
weecology,tcd_tile_2428,Central U.S. hardwood forests,N. American forest,,3785,0.3965,46,45,26,19,20,0.5778,0.5652,0.5714,0.7959,0.166,0.2746
weecology,tcd_tile_2429,,Other,,3078,0.3965,8,14,1,13,7,0.0714,0.125,0.0909,0.225,0.1489,0.1792
weecology,tcd_tile_243,Northeastern coastal forests,N. American forest,,3047,0.3965,58,81,19,62,39,0.2346,0.3276,0.2734,0.9671,0.0863,0.1584
weecology,tcd_tile_2430,Lesser Sundas deciduous forests,SE Asian & Pacific rainforest,,2815,0.3965,19,82,4,78,15,0.0488,0.2105,0.0792,0.8221,0.0525,0.0987
weecology,tcd_tile_2431,Ucayali moist forests,Latin American forest,,3167,0.3965,166,230,32,198,134,0.1391,0.1928,0.1616,0.9551,0.0804,0.1483
weecology,tcd_tile_2432,Madeira-Tapajós moist forests,Latin American forest,,372,0.3965,1,787,1,786,0,0.0013,1.0,0.0025,0.9998,0.1804,0.3056
weecology,tcd_tile_2433,Hispaniolan moist forests,SE Asian & Pacific rainforest,,4715,0.3965,103,58,33,25,70,0.569,0.3204,0.4099,0.711,0.2334,0.3515
weecology,tcd_tile_2434,North Central Rockies forests,N. American forest,,2018,0.3965,59,1303,39,1264,20,0.0299,0.661,0.0573,1.0,0.2272,0.3703
weecology,tcd_tile_2435,Willamette Valley forests,N. American forest,,3376,0.3965,10,12,1,11,9,0.0833,0.1,0.0909,0.4088,0.0157,0.0303
weecology,tcd_tile_2436,Northern Zanzibar-Inhambane coastal forest mosaic,African tropical forest,,1953,0.3965,50,68,11,57,39,0.1618,0.22,0.1864,0.8829,0.0138,0.0271
weecology,tcd_tile_2437,Atlantic coastal pine barrens,Other,,3214,0.3965,11,78,1,77,10,0.0128,0.0909,0.0225,0.9773,0.0529,0.1004
weecology,tcd_tile_2438,Southeastern conifer forests,N. American forest,,3014,0.3965,26,23,4,19,22,0.1739,0.1538,0.1633,0.5672,0.0139,0.0272
weecology,tcd_tile_2439,Northern Zanzibar-Inhambane coastal forest mosaic,African tropical forest,,3565,0.3965,55,35,13,22,42,0.3714,0.2364,0.2889,0.7198,0.0224,0.0435
weecology,tcd_tile_2440,Northern Zanzibar-Inhambane coastal forest mosaic,African tropical forest,,1910,0.3965,131,247,55,192,76,0.2227,0.4198,0.291,0.9194,0.2123,0.3449
weecology,tcd_tile_2441,Northern Zanzibar-Inhambane coastal forest mosaic,African tropical forest,,4004,0.3965,33,266,14,252,19,0.0526,0.4242,0.0936,0.886,0.164,0.2768
weecology,tcd_tile_2442,Upper Midwest forest-savanna transition,N. American forest,,1427,0.3965,15,264,12,252,3,0.0455,0.8,0.086,0.9553,0.187,0.3128
weecology,tcd_tile_2443,Palawan rain forests,SE Asian & Pacific rainforest,,3738,0.3965,103,176,26,150,77,0.1477,0.2524,0.1864,0.8812,0.1045,0.1869
weecology,tcd_tile_2444,Hispaniolan moist forests,SE Asian & Pacific rainforest,,4986,0.3965,0,0,0,0,0,0.0,0.0,0.0,0.0,0.0,0.0
weecology,tcd_tile_2445,Appalachian-Blue Ridge forests,N. American forest,,3248,0.3965,82,19,17,2,65,0.8947,0.2073,0.3366,0.8028,0.1293,0.2227
weecology,tcd_tile_2446,Hispaniolan moist forests,SE Asian & Pacific rainforest,,3953,0.3965,231,36,25,11,206,0.6944,0.1082,0.1873,0.7618,0.0631,0.1166
weecology,tcd_tile_2447,Balkan mixed forests,European forest,,447,0.3965,124,55,30,25,94,0.5455,0.2419,0.3352,0.8962,0.0517,0.0978
weecology,tcd_tile_2448,Granitic Seychelles forests,Other,,89,0.3965,64,444,31,413,33,0.0698,0.4844,0.122,0.9837,0.1054,0.1904
weecology,tcd_tile_2449,Eastern forest-boreal transition,Other,,2362,0.3965,1,446,1,445,0,0.0022,1.0,0.0045,0.9994,0.0877,0.1612
weecology,tcd_tile_2450,,Other,,1499,0.3965,1,292,1,291,0,0.0034,1.0,0.0068,1.0,0.0563,0.1066
weecology,tcd_tile_2451,East African montane forests,African tropical forest,,3586,0.3965,47,230,15,215,32,0.0652,0.3191,0.1083,0.9026,0.0575,0.1081
weecology,tcd_tile_2452,East European forest steppe,European forest,,1115,0.3965,4,221,4,217,0,0.0181,1.0,0.0356,0.9843,0.0795,0.1471
weecology,tcd_tile_2453,Luzon rain forests,SE Asian & Pacific rainforest,,3262,0.3965,31,94,4,90,27,0.0426,0.129,0.064,0.9875,0.0142,0.0279
weecology,tcd_tile_2454,Iberian sclerophyllous and semi-deciduous forests,Other,,1375,0.3965,232,44,44,0,188,1.0,0.1897,0.3188,0.8994,0.1541,0.2631
weecology,tcd_tile_2455,Northeastern coastal forests,N. American forest,,2075,0.3965,2,3,2,1,0,0.6667,1.0,0.8,0.9763,0.0024,0.0047
weecology,tcd_tile_2456,Irrawaddy moist deciduous forests,Other,,1311,0.3965,44,31,11,20,33,0.3548,0.25,0.2933,0.926,0.1087,0.1945
weecology,tcd_tile_2457,Hispaniolan moist forests,SE Asian & Pacific rainforest,,5031,0.3965,100,50,16,34,84,0.32,0.16,0.2133,0.5888,0.1253,0.2066
weecology,tcd_tile_2458,Richmond temperate forests,Other,,3319,0.3965,118,6,5,1,113,0.8333,0.0424,0.0806,0.9445,0.0205,0.0401
weecology,tcd_tile_2459,Bolivian montane dry forests,Latin American forest,,3424,0.3965,20,30,8,22,12,0.2667,0.4,0.32,0.8882,0.0196,0.0384
weecology,tcd_tile_246,Madeira-Tapajós moist forests,Latin American forest,,851,0.3965,1,744,1,743,0,0.0013,1.0,0.0027,0.9999,0.1772,0.301
weecology,tcd_tile_2460,Eastern Guinean forests,African tropical forest,,1955,0.3965,18,3,1,2,17,0.3333,0.0556,0.0952,0.4798,0.0012,0.0025
weecology,tcd_tile_2461,Northern Congolian forest-savanna mosaic,African tropical forest,,46,0.3965,39,22,12,10,27,0.5455,0.3077,0.3934,0.7225,0.2411,0.3615
weecology,tcd_tile_2462,Pontic steppe,Other,,790,0.3965,24,13,8,5,16,0.6154,0.3333,0.4324,0.8234,0.1593,0.2669
weecology,tcd_tile_2463,Changjiang Plain evergreen forests,Other,,2632,0.3965,97,8,6,2,91,0.75,0.0619,0.1143,0.8287,0.0504,0.0951
weecology,tcd_tile_2464,Caucasus mixed forests,European forest,,1898,0.3965,1,1,1,0,0,1.0,1.0,1.0,1.0,0.0002,0.0004
weecology,tcd_tile_2465,Western European broadleaf forests,European forest,,4913,0.3965,1,1,1,0,0,1.0,1.0,1.0,1.0,0.0001,0.0002
weecology,tcd_tile_2466,Southern Zanzibar-Inhambane coastal forest mosaic,African tropical forest,,4444,0.3965,36,13,6,7,30,0.4615,0.1667,0.2449,0.5176,0.1159,0.1894
weecology,tcd_tile_2467,Fiji tropical dry forests,Other,,2003,0.3965,2,532,2,530,0,0.0038,1.0,0.0075,0.9959,0.1075,0.1941
weecology,tcd_tile_2468,Lesser Sundas deciduous forests,SE Asian & Pacific rainforest,,4329,0.3965,14,300,6,294,8,0.02,0.4286,0.0382,0.96,0.1051,0.1895
weecology,tcd_tile_2469,Balkan mixed forests,European forest,,1798,0.3965,10,483,2,481,8,0.0041,0.2,0.0081,0.9985,0.1205,0.2151
weecology,tcd_tile_247,Himalayan subtropical broadleaf forests,Other,,4414,0.3965,140,49,25,24,115,0.5102,0.1786,0.2646,0.8322,0.1466,0.2493
weecology,tcd_tile_2470,Western European broadleaf forests,European forest,,4292,0.3965,20,6,1,5,19,0.1667,0.05,0.0769,0.9999,0.0198,0.0388
weecology,tcd_tile_2471,Granitic Seychelles forests,Other,,2782,0.3965,0,246,0,246,0,0.0,0.0,0.0,0.0,0.0,0.0
weecology,tcd_tile_2472,Northern Zanzibar-Inhambane coastal forest mosaic,African tropical forest,,4487,0.3965,233,11,9,2,224,0.8182,0.0386,0.0738,0.9246,0.0121,0.024
weecology,tcd_tile_2473,Mato Grosso seasonal forests,Latin American forest,,3072,0.3965,31,12,6,6,25,0.5,0.1935,0.2791,0.8394,0.3205,0.4639
weecology,tcd_tile_2474,Changjiang Plain evergreen forests,Other,,2748,0.3965,72,17,10,7,62,0.5882,0.1389,0.2247,0.6509,0.1069,0.1836
weecology,tcd_tile_2475,Alto Paraná Atlantic forests,Other,,2498,0.3965,68,22,17,5,51,0.7727,0.25,0.3778,0.5155,0.1432,0.2242
weecology,tcd_tile_2476,Jalisco dry forests,Other,,4081,0.3965,11,61,4,57,7,0.0656,0.3636,0.1111,0.9345,0.0661,0.1235
weecology,tcd_tile_2477,Northern Zanzibar-Inhambane coastal forest mosaic,African tropical forest,,1114,0.3965,13,235,9,226,4,0.0383,0.6923,0.0726,0.7284,0.039,0.0741
weecology,tcd_tile_2478,Hispaniolan dry forests,Other,,727,0.3965,6,129,5,124,1,0.0388,0.8333,0.0741,0.0995,0.1415,0.1168
weecology,tcd_tile_2479,Northern Zanzibar-Inhambane coastal forest mosaic,African tropical forest,,1814,0.3965,241,11,9,2,232,0.8182,0.0373,0.0714,0.4182,0.0115,0.0224
weecology,tcd_tile_248,Petén-Veracruz moist forests,Latin American forest,,1486,0.3965,79,121,23,98,56,0.1901,0.2911,0.23,0.8386,0.0624,0.1162
weecology,tcd_tile_2480,Changjiang Plain evergreen forests,Other,,823,0.3965,159,115,63,52,96,0.5478,0.3962,0.4599,0.9106,0.1384,0.2403
weecology,tcd_tile_2481,Sarmatic mixed forests,European forest,,4674,0.3965,17,80,11,69,6,0.1375,0.6471,0.2268,0.846,0.0688,0.1272
weecology,tcd_tile_2482,Northern Zanzibar-Inhambane coastal forest mosaic,African tropical forest,,3324,0.3965,261,15,15,0,246,1.0,0.0575,0.1087,0.8833,0.0265,0.0514
weecology,tcd_tile_2483,Northern Zanzibar-Inhambane coastal forest mosaic,African tropical forest,,4031,0.3965,81,14,7,7,74,0.5,0.0864,0.1474,0.6218,0.0695,0.1251
weecology,tcd_tile_2484,South Central Rockies forests,Other,,4568,0.3965,88,18,11,7,77,0.6111,0.125,0.2075,0.8463,0.0276,0.0535
weecology,tcd_tile_2485,Northern Zanzibar-Inhambane coastal forest mosaic,African tropical forest,,2651,0.3965,330,33,30,3,300,0.9091,0.0909,0.1653,0.897,0.1357,0.2357
weecology,tcd_tile_2486,Central European mixed forests,European forest,,4801,0.3965,0,10,0,10,0,0.0,0.0,0.0,0.0,0.0,0.0
weecology,tcd_tile_2487,Southeastern mixed forests,N. American forest,,2903,0.3965,19,4,1,3,18,0.25,0.0526,0.087,0.9449,0.0022,0.0044
weecology,tcd_tile_2488,Northern Zanzibar-Inhambane coastal forest mosaic,African tropical forest,,2657,0.3965,26,7,3,4,23,0.4286,0.1154,0.1818,0.9494,0.0031,0.0062
weecology,tcd_tile_2489,Greater Negros-Panay rain forests,SE Asian & Pacific rainforest,,1778,0.3965,65,66,22,44,43,0.3333,0.3385,0.3359,0.9065,0.1092,0.195
weecology,tcd_tile_249,Serra do Mar coastal forests,Latin American forest,,5001,0.3965,111,97,24,73,87,0.2474,0.2162,0.2308,0.8083,0.0508,0.0956
weecology,tcd_tile_2490,Crimean Submediterranean forest complex,Other,,1708,0.3965,99,73,33,40,66,0.4521,0.3333,0.3837,0.8854,0.0208,0.0407
weecology,tcd_tile_2491,Northern Zanzibar-Inhambane coastal forest mosaic,African tropical forest,,2840,0.3965,195,487,61,426,134,0.1253,0.3128,0.1789,0.9514,0.1732,0.293
weecology,tcd_tile_2492,Southern Zanzibar-Inhambane coastal forest mosaic,African tropical forest,,2784,0.3965,28,1,1,0,27,1.0,0.0357,0.069,0.9553,0.0129,0.0255
weecology,tcd_tile_2493,Sarmatic mixed forests,European forest,,2370,0.3965,22,53,13,40,9,0.2453,0.5909,0.3467,0.8136,0.0184,0.036
weecology,tcd_tile_2494,Timor and Wetar deciduous forests,SE Asian & Pacific rainforest,,1488,0.3965,190,52,24,28,166,0.4615,0.1263,0.1983,0.8493,0.0251,0.0487
weecology,tcd_tile_2495,Tongan tropical moist forests,SE Asian & Pacific rainforest,,5047,0.3965,149,16,6,10,143,0.375,0.0403,0.0727,0.792,0.0595,0.1108
weecology,tcd_tile_2496,Changjiang Plain evergreen forests,Other,,2770,0.3965,84,37,29,8,55,0.7838,0.3452,0.4793,0.8119,0.1631,0.2716
weecology,tcd_tile_2497,Northern Zanzibar-Inhambane coastal forest mosaic,African tropical forest,,267,0.3965,45,346,25,321,20,0.0723,0.5556,0.1279,0.9622,0.1637,0.2798
weecology,tcd_tile_2498,Western European broadleaf forests,European forest,,4819,0.3965,1,3,1,2,0,0.3333,1.0,0.5,1.0,0.0006,0.0012
weecology,tcd_tile_2499,Northern Zanzibar-Inhambane coastal forest mosaic,African tropical forest,,302,0.3965,1,106,1,105,0,0.0094,1.0,0.0187,1.0,0.0149,0.0294
weecology,tcd_tile_25,Zambezian and Mopane woodlands,Arid / dryland,,3,0.3965,41,121,19,102,22,0.157,0.4634,0.2346,0.7222,0.0878,0.1565
weecology,tcd_tile_250,Bahia coastal forests,Latin American forest,,3469,0.3965,1,225,1,224,0,0.0044,1.0,0.0088,0.9999,0.0864,0.1591
weecology,tcd_tile_2500,Cerrado,Latin American forest,,1366,0.3965,84,11,10,1,74,0.9091,0.119,0.2105,0.7917,0.1715,0.2819
weecology,tcd_tile_2501,California interior chaparral and woodlands,Other,,478,0.3965,3,14,2,12,1,0.1429,0.6667,0.2353,0.613,0.0038,0.0075
weecology,tcd_tile_2502,Valdivian temperate forests,Other,,51,0.3965,70,52,26,26,44,0.5,0.3714,0.4262,0.9092,0.1893,0.3133
weecology,tcd_tile_2503,Crimean Submediterranean forest complex,Other,,1652,0.3965,57,35,13,22,44,0.3714,0.2281,0.2826,0.8273,0.0228,0.0443
weecology,tcd_tile_2504,Northern Zanzibar-Inhambane coastal forest mosaic,African tropical forest,,1478,0.3965,61,159,27,132,34,0.1698,0.4426,0.2455,0.5833,0.1951,0.2924
weecology,tcd_tile_2505,Hispaniolan dry forests,Other,,4194,0.3965,96,93,36,57,60,0.3871,0.375,0.381,0.9,0.1018,0.183
weecology,tcd_tile_2506,Sulawesi lowland rain forests,SE Asian & Pacific rainforest,,174,0.3965,177,109,57,52,120,0.5229,0.322,0.3986,0.8068,0.2105,0.3339
weecology,tcd_tile_2507,Ucayali moist forests,Latin American forest,,3898,0.3965,24,170,5,165,19,0.0294,0.2083,0.0515,0.9772,0.0715,0.1332
weecology,tcd_tile_2508,Changjiang Plain evergreen forests,Other,,1606,0.3965,175,45,33,12,142,0.7333,0.1886,0.3,0.9156,0.1048,0.188
weecology,tcd_tile_2509,Sarmatic mixed forests,European forest,,704,0.3965,75,59,27,32,48,0.4576,0.36,0.403,0.8464,0.1137,0.2005
weecology,tcd_tile_2510,Middle Atlantic coastal forests,Other,,3558,0.3965,70,31,14,17,56,0.4516,0.2,0.2772,0.8636,0.0394,0.0754
weecology,tcd_tile_2511,Appalachian-Blue Ridge forests,N. American forest,,2482,0.3965,80,231,15,216,65,0.0649,0.1875,0.0965,0.98,0.2161,0.3541
weecology,tcd_tile_2512,California interior chaparral and woodlands,Other,,29,0.3965,28,5,1,4,27,0.2,0.0357,0.0606,0.8026,0.0006,0.0012
weecology,tcd_tile_2513,Southern Great Lakes forests,N. American forest,,4408,0.3965,47,58,21,37,26,0.3621,0.4468,0.4,0.9006,0.1306,0.2281
weecology,tcd_tile_2514,Southern Zanzibar-Inhambane coastal forest mosaic,African tropical forest,,4271,0.3965,41,12,5,7,36,0.4167,0.122,0.1887,0.9378,0.045,0.0859
weecology,tcd_tile_2515,Mindanao-Eastern Visayas rain forests,SE Asian & Pacific rainforest,,2135,0.3965,50,91,6,85,44,0.0659,0.12,0.0851,0.9513,0.0202,0.0395
weecology,tcd_tile_2516,Changjiang Plain evergreen forests,Other,,4667,0.3965,168,143,84,59,84,0.5874,0.5,0.5402,0.9729,0.2694,0.4219
weecology,tcd_tile_2517,Taiheiyo evergreen forests,Other,,40,0.3965,106,32,16,16,90,0.5,0.1509,0.2319,0.6768,0.0375,0.0711
weecology,tcd_tile_2518,Iquitos varzeá,Other,,2239,0.3965,64,91,35,56,29,0.3846,0.5469,0.4516,0.897,0.1177,0.2081
weecology,tcd_tile_2519,Northern Zanzibar-Inhambane coastal forest mosaic,African tropical forest,,1869,0.3965,141,604,84,520,57,0.1391,0.5957,0.2255,0.9752,0.274,0.4278
weecology,tcd_tile_252,Peruvian Yungas,Latin American forest,,3719,0.3965,126,68,27,41,99,0.3971,0.2143,0.2784,0.7332,0.0564,0.1048
weecology,tcd_tile_2520,Ucayali moist forests,Latin American forest,,3767,0.3965,3,169,1,168,2,0.0059,0.3333,0.0116,0.9935,0.0724,0.1349
weecology,tcd_tile_2521,East European forest steppe,European forest,,3615,0.3965,3,32,1,31,2,0.0312,0.3333,0.0571,1.0,0.0087,0.0173
weecology,tcd_tile_2522,Sarmatic mixed forests,European forest,,2029,0.3965,6,93,1,92,5,0.0108,0.1667,0.0202,0.9857,0.0594,0.112
weecology,tcd_tile_2523,Southern Great Lakes forests,N. American forest,,3003,0.3965,42,17,14,3,28,0.8235,0.3333,0.4746,0.8169,0.0863,0.1561
weecology,tcd_tile_2524,Upper Gangetic Plains moist deciduous forests,Other,,3606,0.3965,15,22,8,14,7,0.3636,0.5333,0.4324,0.9931,0.0619,0.1166
weecology,tcd_tile_2525,Northeastern Spain and Southern France Mediterranean forests,Other,,421,0.3965,112,29,23,6,89,0.7931,0.2054,0.3262,0.8921,0.0434,0.0828
weecology,tcd_tile_2526,Celtic broadleaf forests,European forest,,4469,0.3965,2,12,2,10,0,0.1667,1.0,0.2857,0.3111,0.0228,0.0424
weecology,tcd_tile_2527,Western European broadleaf forests,European forest,,5040,0.3965,59,7,2,5,57,0.2857,0.0339,0.0606,0.9999,0.0048,0.0096
weecology,tcd_tile_2528,Northern Zanzibar-Inhambane coastal forest mosaic,African tropical forest,,2762,0.3965,37,224,12,212,25,0.0536,0.3243,0.092,0.9515,0.0414,0.0793
weecology,tcd_tile_2529,Carpathian montane forests,Other,,4999,0.3965,3,6,1,5,2,0.1667,0.3333,0.2222,0.9856,0.1346,0.2368
weecology,tcd_tile_253,Petén-Veracruz moist forests,Latin American forest,,3170,0.3965,219,103,60,43,159,0.5825,0.274,0.3727,0.855,0.1122,0.1983
weecology,tcd_tile_2530,Bolivian Yungas,Other,,3679,0.3965,91,91,52,39,39,0.5714,0.5714,0.5714,0.8843,0.1959,0.3207
weecology,tcd_tile_2531,Greater Negros-Panay rain forests,SE Asian & Pacific rainforest,,788,0.3965,11,1,1,0,10,1.0,0.0909,0.1667,0.9949,0.0441,0.0845
weecology,tcd_tile_2532,Taiheiyo evergreen forests,Other,,3441,0.3965,73,116,28,88,45,0.2414,0.3836,0.2963,0.8671,0.1094,0.1942
weecology,tcd_tile_2533,Tongan tropical moist forests,SE Asian & Pacific rainforest,,4361,0.3965,19,113,6,107,13,0.0531,0.3158,0.0909,0.9789,0.0207,0.0405
weecology,tcd_tile_2534,Appalachian mixed mesophytic forests,Other,,1413,0.3965,27,175,9,166,18,0.0514,0.3333,0.0891,0.9432,0.1316,0.2309
weecology,tcd_tile_2535,Sarmatic mixed forests,European forest,,3519,0.3965,12,56,6,50,6,0.1071,0.5,0.1765,0.4429,0.0176,0.0339
weecology,tcd_tile_2536,Sarmatic mixed forests,European forest,,3861,0.3965,54,125,19,106,35,0.152,0.3519,0.2123,0.9436,0.1646,0.2804
weecology,tcd_tile_2537,Northern California coastal forests,N. American forest,,2054,0.3965,11,59,4,55,7,0.0678,0.3636,0.1143,0.9915,0.0088,0.0175
weecology,tcd_tile_2538,Eastern forest-boreal transition,Other,,3244,0.3965,1,121,1,120,0,0.0083,1.0,0.0164,0.9965,0.1373,0.2413
weecology,tcd_tile_2539,Madeira-Tapajós moist forests,Latin American forest,,715,0.3965,1,825,1,824,0,0.0012,1.0,0.0024,0.9999,0.2123,0.3502
weecology,tcd_tile_2540,Upper Midwest forest-savanna transition,N. American forest,,4666,0.3965,49,15,8,7,41,0.5333,0.1633,0.25,0.8874,0.0396,0.0759
weecology,tcd_tile_2541,Caucasus mixed forests,European forest,,4245,0.3965,1,29,1,28,0,0.0345,1.0,0.0667,0.9997,0.0154,0.0302
weecology,tcd_tile_2542,Himalayan subtropical broadleaf forests,Other,,3820,0.3965,12,111,8,103,4,0.0721,0.6667,0.1301,0.7782,0.0802,0.1455
weecology,tcd_tile_2543,,Other,,3855,0.3965,1,98,1,97,0,0.0102,1.0,0.0202,1.0,0.0136,0.0268
weecology,tcd_tile_2544,Southern Zanzibar-Inhambane coastal forest mosaic,African tropical forest,,1617,0.3965,80,18,12,6,68,0.6667,0.15,0.2449,0.7713,0.132,0.2254
weecology,tcd_tile_2545,Willamette Valley forests,N. American forest,,1963,0.3965,231,14,8,6,223,0.5714,0.0346,0.0653,0.349,0.0966,0.1513
weecology,tcd_tile_2546,Southern Great Lakes forests,N. American forest,,4790,0.3965,74,84,24,60,50,0.2857,0.3243,0.3038,0.9183,0.0693,0.1288
weecology,tcd_tile_2547,Luzon rain forests,SE Asian & Pacific rainforest,,3612,0.3965,2,3,1,2,1,0.3333,0.5,0.4,0.5833,0.0234,0.0449
weecology,tcd_tile_2548,,Other,,4661,0.3965,136,284,34,250,102,0.1197,0.25,0.1619,0.9668,0.1351,0.2371
weecology,tcd_tile_2549,Rodope montane mixed forests,European forest,,4683,0.3965,275,185,100,85,175,0.5405,0.3636,0.4348,0.8814,0.1534,0.2613
weecology,tcd_tile_255,Himalayan subtropical broadleaf forests,Other,,4597,0.3965,94,187,40,147,54,0.2139,0.4255,0.2847,0.9383,0.2065,0.3385
weecology,tcd_tile_2550,Luzon rain forests,SE Asian & Pacific rainforest,,432,0.3965,200,98,37,61,163,0.3776,0.185,0.2483,0.3834,0.2069,0.2688
weecology,tcd_tile_2551,Sierra Nevada forests,N. American forest,,588,0.3965,158,41,36,5,122,0.878,0.2278,0.3618,0.8506,0.197,0.3199
weecology,tcd_tile_2552,Alps conifer and mixed forests,European forest,,4979,0.3965,19,11,6,5,13,0.5455,0.3158,0.4,0.9902,0.029,0.0563
weecology,tcd_tile_2553,Appalachian mixed mesophytic forests,Other,,3676,0.3965,1,93,1,92,0,0.0108,1.0,0.0213,0.9665,0.1245,0.2205
weecology,tcd_tile_2554,California interior chaparral and woodlands,Other,,162,0.3965,67,37,29,8,38,0.7838,0.4328,0.5577,0.9155,0.2035,0.3329
weecology,tcd_tile_2555,Luzon rain forests,SE Asian & Pacific rainforest,,1088,0.3965,146,147,37,110,109,0.2517,0.2534,0.2526,0.5275,0.1161,0.1903
weecology,tcd_tile_2556,Iquitos varzeá,Other,,1415,0.3965,14,250,9,241,5,0.036,0.6429,0.0682,0.9857,0.1133,0.2033
weecology,tcd_tile_2557,Southern Annamites montane rain forests,Other,,2911,0.3965,39,275,22,253,17,0.08,0.5641,0.1401,0.9609,0.1459,0.2533
weecology,tcd_tile_2558,Northern California coastal forests,N. American forest,,3505,0.3965,3,13,2,11,1,0.1538,0.6667,0.25,0.9986,0.0028,0.0056
weecology,tcd_tile_2559,Baltic mixed forests,European forest,,1909,0.3965,5,1,1,0,4,1.0,0.2,0.3333,1.0,0.0058,0.0116
weecology,tcd_tile_256,Cerrado,Latin American forest,,1149,0.3965,10,14,8,6,2,0.5714,0.8,0.6667,0.755,0.3233,0.4527
weecology,tcd_tile_2560,Northern Zanzibar-Inhambane coastal forest mosaic,African tropical forest,,370,0.3965,136,101,34,67,102,0.3366,0.25,0.2869,0.6558,0.0409,0.077
weecology,tcd_tile_2561,Ecuadorian dry forests,Other,,64,0.3965,34,87,21,66,13,0.2414,0.6176,0.3471,0.6582,0.1135,0.1936
weecology,tcd_tile_2562,,Other,,2155,0.3965,151,105,40,65,111,0.381,0.2649,0.3125,0.8599,0.0756,0.1389
weecology,tcd_tile_2563,Northern Anatolian conifer and deciduous forests,Other,,2904,0.3965,59,33,14,19,45,0.4242,0.2373,0.3043,0.6407,0.0296,0.0566
weecology,tcd_tile_2564,Scandinavian coastal conifer forests,Other,,2248,0.3965,5,554,5,549,0,0.009,1.0,0.0179,0.9696,0.1641,0.2807
weecology,tcd_tile_2565,Balkan mixed forests,European forest,,1964,0.3965,12,3,0,3,12,0.0,0.0,0.0,0.0,0.0,0.0
weecology,tcd_tile_2566,Luzon rain forests,SE Asian & Pacific rainforest,,1537,0.3965,8,18,5,13,3,0.2778,0.625,0.3846,0.8133,0.0432,0.082
weecology,tcd_tile_2567,Upper Midwest forest-savanna transition,N. American forest,,3057,0.3965,46,21,15,6,31,0.7143,0.3261,0.4478,0.787,0.2659,0.3975
weecology,tcd_tile_2568,Eastern forest-boreal transition,Other,,2218,0.3965,10,59,6,53,4,0.1017,0.6,0.1739,0.975,0.1572,0.2708
weecology,tcd_tile_2569,Caucasus mixed forests,European forest,,2440,0.3965,1,0,0,0,1,0.0,0.0,0.0,0.0,0.0,0.0
weecology,tcd_tile_2570,Western Siberian hemiboreal forests,Other,,1916,0.3965,20,20,4,16,16,0.2,0.2,0.2,0.772,0.0189,0.037
weecology,tcd_tile_2571,Tigris-Euphrates alluvial salt marsh,Other,,867,0.3965,68,39,19,20,49,0.4872,0.2794,0.3551,0.6178,0.219,0.3233
weecology,tcd_tile_2572,Eastern Mediterranean conifer-sclerophyllous-broadleaf forests,Other,,1323,0.3965,40,27,19,8,21,0.7037,0.475,0.5672,0.9521,0.2135,0.3488
weecology,tcd_tile_2573,Sierra Nevada forests,N. American forest,,3761,0.3965,25,96,6,90,19,0.0625,0.24,0.0992,0.879,0.0679,0.1261
weecology,tcd_tile_2574,Lesser Sundas deciduous forests,SE Asian & Pacific rainforest,,3798,0.3965,11,82,2,80,9,0.0244,0.1818,0.043,0.9853,0.039,0.075
weecology,tcd_tile_2575,Upper Midwest forest-savanna transition,N. American forest,,1764,0.3965,39,39,17,22,22,0.4359,0.4359,0.4359,0.7003,0.103,0.1796
weecology,tcd_tile_2576,Timor and Wetar deciduous forests,SE Asian & Pacific rainforest,,1066,0.3965,115,37,20,17,95,0.5405,0.1739,0.2632,0.9266,0.0186,0.0364
weecology,tcd_tile_2577,Northern Zanzibar-Inhambane coastal forest mosaic,African tropical forest,,3978,0.3965,79,291,37,254,42,0.1271,0.4684,0.2,0.9283,0.0991,0.1791
weecology,tcd_tile_2578,Northern California coastal forests,N. American forest,,1430,0.3965,5,12,2,10,3,0.1667,0.4,0.2353,0.2577,0.0018,0.0037
weecology,tcd_tile_2579,Caucasus mixed forests,European forest,,3681,0.3965,3,3,2,1,1,0.6667,0.6667,0.6667,0.9391,0.0037,0.0073
weecology,tcd_tile_258,Madeira-Tapajós moist forests,Latin American forest,,2372,0.3965,2,872,2,870,0,0.0023,1.0,0.0046,0.9926,0.1606,0.2764
weecology,tcd_tile_2580,Iberian sclerophyllous and semi-deciduous forests,Other,,151,0.3965,154,127,97,30,57,0.7638,0.6299,0.6904,0.9325,0.2975,0.4511
weecology,tcd_tile_2581,Luzon rain forests,SE Asian & Pacific rainforest,,4079,0.3965,45,161,16,145,29,0.0994,0.3556,0.1553,0.9062,0.0994,0.1792
weecology,tcd_tile_2582,Sarmatic mixed forests,European forest,,1491,0.3965,41,122,23,99,18,0.1885,0.561,0.2822,0.8976,0.0969,0.1749
weecology,tcd_tile_2583,Atlantic mixed forests,European forest,,1691,0.3965,15,25,4,21,11,0.16,0.2667,0.2,0.5762,0.014,0.0274
weecology,tcd_tile_2584,,Other,,4632,0.3965,35,128,10,118,25,0.0781,0.2857,0.1227,0.9258,0.0199,0.0389
weecology,tcd_tile_2585,Northern Zanzibar-Inhambane coastal forest mosaic,African tropical forest,,1892,0.3965,62,1,1,0,61,1.0,0.0161,0.0317,1.0,0.0085,0.0168
weecology,tcd_tile_2586,Serra do Mar coastal forests,Latin American forest,,5005,0.3965,110,107,18,89,92,0.1682,0.1636,0.1659,0.9698,0.1072,0.193
weecology,tcd_tile_2587,Balkan mixed forests,European forest,,4753,0.3965,0,27,0,27,0,0.0,0.0,0.0,0.0,0.0,0.0
weecology,tcd_tile_2588,Northern Zanzibar-Inhambane coastal forest mosaic,African tropical forest,,3165,0.3965,137,82,32,50,105,0.3902,0.2336,0.2922,0.8491,0.0282,0.0546
weecology,tcd_tile_2589,Central European mixed forests,European forest,,3131,0.3965,1,1,1,0,0,1.0,1.0,1.0,0.9868,0.4275,0.5966
weecology,tcd_tile_259,Bahia coastal forests,Latin American forest,,4315,0.3965,24,27,7,20,17,0.2593,0.2917,0.2745,0.8587,0.0285,0.0551
weecology,tcd_tile_2590,East European forest steppe,European forest,,2634,0.3965,162,147,44,103,118,0.2993,0.2716,0.2848,0.9224,0.2118,0.3445
weecology,tcd_tile_2591,Atlantic mixed forests,European forest,,1616,0.3965,6,34,2,32,4,0.0588,0.3333,0.1,0.1292,0.0041,0.0079
weecology,tcd_tile_2592,Valdivian temperate forests,Other,,2305,0.3965,182,192,38,154,144,0.1979,0.2088,0.2032,0.952,0.1071,0.1926
weecology,tcd_tile_2593,Serra do Mar coastal forests,Latin American forest,,4435,0.3965,13,52,5,47,8,0.0962,0.3846,0.1538,0.6315,0.0083,0.0164
weecology,tcd_tile_2594,Bahia interior forests,Other,,2654,0.3965,30,151,8,143,22,0.053,0.2667,0.0884,0.9398,0.1429,0.2481
weecology,tcd_tile_2595,East European forest steppe,European forest,,875,0.3965,9,421,5,416,4,0.0119,0.5556,0.0233,0.9951,0.1034,0.1873
weecology,tcd_tile_2596,Southern Zanzibar-Inhambane coastal forest mosaic,African tropical forest,,1640,0.3965,252,33,20,13,232,0.6061,0.0794,0.1404,0.8381,0.0634,0.118
weecology,tcd_tile_2597,Madeira-Tapajós moist forests,Latin American forest,,3670,0.3965,50,36,13,23,37,0.3611,0.26,0.3023,0.5556,0.0754,0.1327
weecology,tcd_tile_2598,Northern Zanzibar-Inhambane coastal forest mosaic,African tropical forest,,1523,0.3965,19,0,0,0,19,0.0,0.0,0.0,0.0,0.0,0.0
weecology,tcd_tile_2599,South Siberian forest steppe,Other,,422,0.3965,138,250,83,167,55,0.332,0.6014,0.4278,0.8748,0.2294,0.3634
weecology,tcd_tile_26,West Sudanian savanna,Arid / dryland,,1135,0.3965,71,58,38,20,33,0.6552,0.5352,0.5891,0.8818,0.54,0.6698
weecology,tcd_tile_260,Petén-Veracruz moist forests,Latin American forest,,1845,0.3965,37,79,16,63,21,0.2025,0.4324,0.2759,0.9153,0.067,0.1248
weecology,tcd_tile_2600,Eastern forest-boreal transition,Other,,2291,0.3965,1,326,1,325,0,0.0031,1.0,0.0061,0.9968,0.0654,0.1227
weecology,tcd_tile_2601,Bahia interior forests,Other,,62,0.3965,79,76,18,58,61,0.2368,0.2278,0.2323,0.851,0.1246,0.2174
weecology,tcd_tile_2602,Araucaria moist forests,Other,,1173,0.3965,188,82,42,40,146,0.5122,0.2234,0.3111,0.6457,0.1328,0.2202
weecology,tcd_tile_2603,Northern Zanzibar-Inhambane coastal forest mosaic,African tropical forest,,3273,0.3965,143,33,17,16,126,0.5152,0.1189,0.1932,0.5365,0.0595,0.1071
weecology,tcd_tile_2604,Southern Great Lakes forests,N. American forest,,812,0.3965,49,35,17,18,32,0.4857,0.3469,0.4048,0.7274,0.3255,0.4498
weecology,tcd_tile_2605,Willamette Valley forests,N. American forest,,3980,0.3965,169,104,17,87,152,0.1635,0.1006,0.1245,0.8925,0.1265,0.2217
weecology,tcd_tile_2606,Northern Zanzibar-Inhambane coastal forest mosaic,African tropical forest,,2295,0.3965,154,7,6,1,148,0.8571,0.039,0.0745,0.9073,0.008,0.0158
weecology,tcd_tile_2607,Central European mixed forests,European forest,,3231,0.3965,27,19,9,10,18,0.4737,0.3333,0.3913,0.9176,0.0378,0.0726
weecology,tcd_tile_2608,Northern Zanzibar-Inhambane coastal forest mosaic,African tropical forest,,2847,0.3965,10,243,3,240,7,0.0123,0.3,0.0237,0.989,0.0301,0.0585
weecology,tcd_tile_2609,Northern Zanzibar-Inhambane coastal forest mosaic,African tropical forest,,2073,0.3965,204,290,72,218,132,0.2483,0.3529,0.2915,0.9341,0.1566,0.2682
weecology,tcd_tile_261,Madeira-Tapajós moist forests,Latin American forest,,3358,0.3965,34,467,1,466,33,0.0021,0.0294,0.004,0.9999,0.1969,0.3289
weecology,tcd_tile_2610,Madeira-Tapajós moist forests,Latin American forest,,2187,0.3965,4,440,3,437,1,0.0068,0.75,0.0135,0.9974,0.077,0.143
weecology,tcd_tile_2611,Northern Zanzibar-Inhambane coastal forest mosaic,African tropical forest,,4875,0.3965,160,391,40,351,120,0.1023,0.25,0.1452,0.9309,0.0674,0.1256
weecology,tcd_tile_2612,Eastern forest-boreal transition,Other,,1660,0.3965,5,324,2,322,3,0.0062,0.4,0.0122,0.9866,0.0873,0.1603
weecology,tcd_tile_2613,,Other,,3265,0.3965,37,166,14,152,23,0.0843,0.3784,0.1379,0.968,0.0938,0.1711
weecology,tcd_tile_2614,Magdalena Valley montane forests,Other,,1584,0.3965,36,10,5,5,31,0.5,0.1389,0.2174,0.8173,0.0313,0.0603
weecology,tcd_tile_2615,Southern Zanzibar-Inhambane coastal forest mosaic,African tropical forest,,604,0.3965,19,23,5,18,14,0.2174,0.2632,0.2381,0.6878,0.1117,0.1922
weecology,tcd_tile_2616,Southern Zanzibar-Inhambane coastal forest mosaic,African tropical forest,,3079,0.3965,46,39,14,25,32,0.359,0.3043,0.3294,0.9313,0.0514,0.0974
weecology,tcd_tile_2617,Cerrado,Latin American forest,,179,0.3965,1,0,0,0,1,0.0,0.0,0.0,0.0,0.0,0.0
weecology,tcd_tile_2618,Maputaland coastal forest mosaic,African tropical forest,,537,0.3965,13,12,4,8,9,0.3333,0.3077,0.32,0.7275,0.1525,0.2521
weecology,tcd_tile_2619,Southeastern mixed forests,N. American forest,,3227,0.3965,11,18,4,14,7,0.2222,0.3636,0.2759,0.9392,0.0689,0.1284
weecology,tcd_tile_262,Sarmatic mixed forests,European forest,,1972,0.3965,13,30,5,25,8,0.1667,0.3846,0.2326,0.9675,0.0102,0.0202
weecology,tcd_tile_2620,Northern Zanzibar-Inhambane coastal forest mosaic,African tropical forest,,21,0.3965,24,85,9,76,15,0.1059,0.375,0.1651,0.8552,0.0468,0.0887
weecology,tcd_tile_2621,Southeastern mixed forests,N. American forest,,5039,0.3965,65,21,11,10,54,0.5238,0.1692,0.2558,0.8487,0.0785,0.1436
weecology,tcd_tile_2622,Eastern Great Lakes lowland forests,N. American forest,,3092,0.3965,113,36,22,14,91,0.6111,0.1947,0.2953,0.847,0.0961,0.1726
weecology,tcd_tile_2623,Pannonian mixed forests,European forest,,2949,0.3965,6,336,2,334,4,0.006,0.3333,0.0117,0.9961,0.0895,0.1643
weecology,tcd_tile_2624,Himalayan subtropical broadleaf forests,Other,,4364,0.3965,117,87,30,57,87,0.3448,0.2564,0.2941,0.9422,0.2187,0.3551
weecology,tcd_tile_2625,Richmond temperate forests,Other,,3710,0.3965,22,14,6,8,16,0.4286,0.2727,0.3333,0.7817,0.0378,0.0721
weecology,tcd_tile_2626,Northern Zanzibar-Inhambane coastal forest mosaic,African tropical forest,,3039,0.3965,171,9,8,1,163,0.8889,0.0468,0.0889,0.8352,0.0301,0.0582
weecology,tcd_tile_2627,Northeastern Spain and Southern France Mediterranean forests,Other,,299,0.3965,36,24,4,20,32,0.1667,0.1111,0.1333,0.9246,0.0228,0.0444
weecology,tcd_tile_2628,Hispaniolan moist forests,SE Asian & Pacific rainforest,,2504,0.3965,43,30,13,17,30,0.4333,0.3023,0.3562,0.6953,0.111,0.1915
weecology,tcd_tile_2629,Eastern Guinean forests,African tropical forest,,1716,0.3965,35,11,1,10,34,0.0909,0.0286,0.0435,0.1835,0.0041,0.008
weecology,tcd_tile_263,Luzon rain forests,SE Asian & Pacific rainforest,,4172,0.3965,12,199,7,192,5,0.0352,0.5833,0.0664,0.8571,0.0916,0.1656
weecology,tcd_tile_2630,Western Java rain forests,Other,,897,0.3965,162,13,9,4,153,0.6923,0.0556,0.1029,0.9307,0.0998,0.1802
weecology,tcd_tile_2631,English Lowlands beech forests,European forest,,1548,0.3965,1,24,1,23,0,0.0417,1.0,0.08,0.8932,0.0864,0.1575
weecology,tcd_tile_2632,Southern Zanzibar-Inhambane coastal forest mosaic,African tropical forest,,3317,0.3965,140,45,29,16,111,0.6444,0.2071,0.3135,0.9049,0.0769,0.1417
weecology,tcd_tile_2633,Cerrado,Latin American forest,,968,0.3965,31,256,15,241,16,0.0586,0.4839,0.1045,0.7473,0.1282,0.2189
weecology,tcd_tile_2634,Timor and Wetar deciduous forests,SE Asian & Pacific rainforest,,3690,0.3965,130,51,18,33,112,0.3529,0.1385,0.1989,0.7758,0.0222,0.0431
weecology,tcd_tile_2635,Sierra Nevada forests,N. American forest,,2974,0.3965,14,212,7,205,7,0.033,0.5,0.0619,0.9361,0.0783,0.1445
weecology,tcd_tile_2636,Maputaland coastal forest mosaic,African tropical forest,,2205,0.3965,55,4,3,1,52,0.75,0.0545,0.1017,0.9562,0.0239,0.0467
weecology,tcd_tile_2637,Lesser Sundas deciduous forests,SE Asian & Pacific rainforest,,2715,0.3965,137,55,31,24,106,0.5636,0.2263,0.3229,0.8976,0.0146,0.0288
weecology,tcd_tile_2638,Rodope montane mixed forests,European forest,,4244,0.3965,60,66,19,47,41,0.2879,0.3167,0.3016,0.688,0.1015,0.1769
weecology,tcd_tile_2639,Sulawesi lowland rain forests,SE Asian & Pacific rainforest,,4722,0.3965,145,113,58,55,87,0.5133,0.4,0.4496,0.832,0.3037,0.445
weecology,tcd_tile_264,Fiji tropical dry forests,Other,,2222,0.3965,34,693,14,679,20,0.0202,0.4118,0.0385,0.9897,0.1587,0.2735
weecology,tcd_tile_2640,Hispaniolan moist forests,SE Asian & Pacific rainforest,,5045,0.3965,81,57,24,33,57,0.4211,0.2963,0.3478,0.6591,0.1541,0.2498
weecology,tcd_tile_2641,Eastern Guinean forests,African tropical forest,,2098,0.3965,1,48,1,47,0,0.0208,1.0,0.0408,0.9969,0.0594,0.1121
weecology,tcd_tile_2642,Madeira-Tapajós moist forests,Latin American forest,,1150,0.3965,1,764,1,763,0,0.0013,1.0,0.0026,1.0,0.1765,0.3
weecology,tcd_tile_2643,Northern Zanzibar-Inhambane coastal forest mosaic,African tropical forest,,4937,0.3965,422,65,53,12,369,0.8154,0.1256,0.2177,0.9566,0.0753,0.1397
weecology,tcd_tile_2644,Sulawesi lowland rain forests,SE Asian & Pacific rainforest,,4794,0.3965,63,216,29,187,34,0.1343,0.4603,0.2079,0.9342,0.0695,0.1294
weecology,tcd_tile_2645,Pannonian mixed forests,European forest,,3409,0.3965,114,15,13,2,101,0.8667,0.114,0.2016,0.8698,0.0384,0.0736
weecology,tcd_tile_2646,Lesser Sundas deciduous forests,SE Asian & Pacific rainforest,,3852,0.3965,28,27,2,25,26,0.0741,0.0714,0.0727,0.495,0.1246,0.199
weecology,tcd_tile_2647,Southern Zanzibar-Inhambane coastal forest mosaic,African tropical forest,,2518,0.3965,171,99,56,43,115,0.5657,0.3275,0.4148,0.92,0.1445,0.2497
weecology,tcd_tile_2648,Sarmatic mixed forests,European forest,,526,0.3965,0,9,0,9,0,0.0,0.0,0.0,0.0,0.0,0.0
weecology,tcd_tile_2649,Southeastern conifer forests,N. American forest,,2121,0.3965,14,34,9,25,5,0.2647,0.6429,0.375,0.9825,0.0687,0.1284
weecology,tcd_tile_265,North Central Rockies forests,N. American forest,,1787,0.3965,4,224,1,223,3,0.0045,0.25,0.0088,1.0,0.1239,0.2206
weecology,tcd_tile_2650,Southern Zanzibar-Inhambane coastal forest mosaic,African tropical forest,,4475,0.3965,147,102,31,71,116,0.3039,0.2109,0.249,0.9522,0.0517,0.098
weecology,tcd_tile_2651,Himalayan subtropical pine forests,Other,,4235,0.3965,135,378,77,301,58,0.2037,0.5704,0.3002,0.8652,0.2309,0.3645
weecology,tcd_tile_2652,Caucasus mixed forests,European forest,,3848,0.3965,3,0,0,0,3,0.0,0.0,0.0,0.0,0.0,0.0
weecology,tcd_tile_2653,Eastern Guinean forests,African tropical forest,,1819,0.3965,31,198,18,180,13,0.0909,0.5806,0.1572,0.7913,0.1304,0.2238
weecology,tcd_tile_2654,Lesser Sundas deciduous forests,SE Asian & Pacific rainforest,,2998,0.3965,7,417,4,413,3,0.0096,0.5714,0.0189,0.9846,0.0798,0.1476
weecology,tcd_tile_2655,Sarmatic mixed forests,European forest,,1151,0.3965,106,55,20,35,86,0.3636,0.1887,0.2484,0.909,0.0628,0.1176
weecology,tcd_tile_2656,Pannonian mixed forests,European forest,,1638,0.3965,2,581,1,580,1,0.0017,0.5,0.0034,0.9991,0.1744,0.297
weecology,tcd_tile_2657,Northern California coastal forests,N. American forest,,4007,0.3965,16,33,3,30,13,0.0909,0.1875,0.1224,0.9998,0.0044,0.0088
weecology,tcd_tile_2658,Luzon rain forests,SE Asian & Pacific rainforest,,2366,0.3965,14,173,2,171,12,0.0116,0.1429,0.0214,0.9536,0.0771,0.1427
weecology,tcd_tile_2659,Southern Great Lakes forests,N. American forest,,58,0.3965,61,219,25,194,36,0.1142,0.4098,0.1786,0.8466,0.1427,0.2443
weecology,tcd_tile_266,Changjiang Plain evergreen forests,Other,,3863,0.3965,98,65,39,26,59,0.6,0.398,0.4785,0.7974,0.1978,0.317
weecology,tcd_tile_2660,Cerrado,Latin American forest,,965,0.3965,0,0,0,0,0,0.0,0.0,0.0,0.0,0.0,0.0
weecology,tcd_tile_2661,Northern Zanzibar-Inhambane coastal forest mosaic,African tropical forest,,4494,0.3965,3,2,1,1,2,0.5,0.3333,0.4,1.0,0.0006,0.0012
weecology,tcd_tile_2662,Madeira-Tapajós moist forests,Latin American forest,,2548,0.3965,2,610,2,608,0,0.0033,1.0,0.0065,0.9939,0.206,0.3412
weecology,tcd_tile_2663,Hispaniolan moist forests,SE Asian & Pacific rainforest,,4644,0.3965,98,51,15,36,83,0.2941,0.1531,0.2013,0.4256,0.0862,0.1433
weecology,tcd_tile_2664,Tongan tropical moist forests,SE Asian & Pacific rainforest,,4401,0.3965,195,20,5,15,190,0.25,0.0256,0.0465,0.2357,0.0261,0.047
weecology,tcd_tile_2665,Northern Zanzibar-Inhambane coastal forest mosaic,African tropical forest,,3040,0.3965,215,92,65,27,150,0.7065,0.3023,0.4235,0.9153,0.1597,0.272
weecology,tcd_tile_2666,Alps conifer and mixed forests,European forest,,4183,0.3965,2,2,0,2,2,0.0,0.0,0.0,0.0,0.0,0.0
weecology,tcd_tile_2667,Northern Zanzibar-Inhambane coastal forest mosaic,African tropical forest,,2663,0.3965,341,187,93,94,248,0.4973,0.2727,0.3523,0.7698,0.0964,0.1713
weecology,tcd_tile_2668,Taiheiyo evergreen forests,Other,,2267,0.3965,3,33,3,30,0,0.0909,1.0,0.1667,0.2981,0.279,0.2882
weecology,tcd_tile_2669,Northwestern Andean montane forests,Latin American forest,,3566,0.3965,38,3,1,2,37,0.3333,0.0263,0.0488,1.0,0.0021,0.0041
weecology,tcd_tile_267,Fiji tropical dry forests,Other,,3527,0.3965,57,683,18,665,39,0.0264,0.3158,0.0486,0.9535,0.105,0.1891
weecology,tcd_tile_2670,Hokkaido deciduous forests,Other,,2189,0.3965,11,113,7,106,4,0.0619,0.6364,0.1129,0.8918,0.1925,0.3166
weecology,tcd_tile_2671,Southeastern mixed forests,N. American forest,,1582,0.3965,8,4,1,3,7,0.25,0.125,0.1667,0.9677,0.0079,0.0156
weecology,tcd_tile_2672,Northeastern coastal forests,N. American forest,,3140,0.3965,74,52,23,29,51,0.4423,0.3108,0.3651,0.9461,0.0618,0.1161
weecology,tcd_tile_2673,Northern Zanzibar-Inhambane coastal forest mosaic,African tropical forest,,3691,0.3965,139,126,53,73,86,0.4206,0.3813,0.4,0.8519,0.1771,0.2932
weecology,tcd_tile_2674,Tongan tropical moist forests,SE Asian & Pacific rainforest,,4918,0.3965,22,79,4,75,18,0.0506,0.1818,0.0792,0.7925,0.0239,0.0464
weecology,tcd_tile_2675,Luzon rain forests,SE Asian & Pacific rainforest,,5041,0.3965,292,182,58,124,234,0.3187,0.1986,0.2447,0.8611,0.0805,0.1472
weecology,tcd_tile_2676,Pannonian mixed forests,European forest,,4102,0.3965,7,625,3,622,4,0.0048,0.4286,0.0095,0.9816,0.1302,0.2299
weecology,tcd_tile_2677,Central Indochina dry forests,Other,,4558,0.3965,176,156,47,109,129,0.3013,0.267,0.2831,0.8389,0.1316,0.2276
weecology,tcd_tile_2678,Western European broadleaf forests,European forest,,4222,0.3965,4,6,1,5,3,0.1667,0.25,0.2,1.0,0.0059,0.0118
weecology,tcd_tile_2679,Northern Zanzibar-Inhambane coastal forest mosaic,African tropical forest,,2725,0.3965,34,79,19,60,15,0.2405,0.5588,0.3363,0.6214,0.0828,0.1462
weecology,tcd_tile_268,Magdalena Valley montane forests,Other,,1520,0.3965,54,12,7,5,47,0.5833,0.1296,0.2121,0.8101,0.028,0.0541
weecology,tcd_tile_2680,Northern Zanzibar-Inhambane coastal forest mosaic,African tropical forest,,1666,0.3965,23,16,6,10,17,0.375,0.2609,0.3077,0.6696,0.0345,0.0656
weecology,tcd_tile_2681,Northern Zanzibar-Inhambane coastal forest mosaic,African tropical forest,,1777,0.3965,91,141,60,81,31,0.4255,0.6593,0.5172,0.8286,0.2517,0.3861
weecology,tcd_tile_2682,Western European broadleaf forests,European forest,,2618,0.3965,10,21,5,16,5,0.2381,0.5,0.3226,0.9379,0.0663,0.1238
weecology,tcd_tile_2683,,Other,,959,0.3965,3,0,0,0,3,0.0,0.0,0.0,0.0,0.0,0.0
weecology,tcd_tile_2684,Northern Zanzibar-Inhambane coastal forest mosaic,African tropical forest,,1063,0.3965,311,287,107,180,204,0.3728,0.3441,0.3579,0.8182,0.1041,0.1846
weecology,tcd_tile_2685,Fiji tropical dry forests,Other,,2204,0.3965,14,454,10,444,4,0.022,0.7143,0.0427,0.9184,0.1049,0.1883
weecology,tcd_tile_2686,Eastern Guinean forests,African tropical forest,,4075,0.3965,9,0,0,0,9,0.0,0.0,0.0,0.0,0.0,0.0
weecology,tcd_tile_2687,Scandinavian Montane Birch forest and grasslands,Other,,1136,0.3965,39,10,2,8,37,0.2,0.0513,0.0816,0.2223,0.0037,0.0072
weecology,tcd_tile_2688,Southern Zanzibar-Inhambane coastal forest mosaic,African tropical forest,,4550,0.3965,214,139,69,70,145,0.4964,0.3224,0.3909,0.952,0.1676,0.285
weecology,tcd_tile_2689,Mindanao-Eastern Visayas rain forests,SE Asian & Pacific rainforest,,4645,0.3965,17,179,6,173,11,0.0335,0.3529,0.0612,0.99,0.0742,0.138
weecology,tcd_tile_269,Alps conifer and mixed forests,European forest,,4467,0.3965,6,1,1,0,5,1.0,0.1667,0.2857,0.777,0.0001,0.0002
weecology,tcd_tile_2690,Upper Midwest forest-savanna transition,N. American forest,,1715,0.3965,0,19,0,19,0,0.0,0.0,0.0,0.0,0.0,0.0
weecology,tcd_tile_2691,Central European mixed forests,European forest,,2323,0.3965,88,40,18,22,70,0.45,0.2045,0.2813,0.9039,0.0301,0.0582
weecology,tcd_tile_2692,Celtic broadleaf forests,European forest,,2034,0.3965,25,21,16,5,9,0.7619,0.64,0.6957,0.7282,0.0674,0.1234
weecology,tcd_tile_2693,Granitic Seychelles forests,Other,,1611,0.3965,9,438,6,432,3,0.0137,0.6667,0.0268,0.9787,0.1033,0.1869
weecology,tcd_tile_2694,,Other,,1545,0.3965,4,481,1,480,3,0.0021,0.25,0.0041,0.9894,0.1119,0.2011
weecology,tcd_tile_2695,Sulawesi lowland rain forests,SE Asian & Pacific rainforest,,4837,0.3965,57,32,18,14,39,0.5625,0.3158,0.4045,0.8037,0.0737,0.135
weecology,tcd_tile_2696,Sarmatic mixed forests,European forest,,1752,0.3965,14,4,2,2,12,0.5,0.1429,0.2222,1.0,0.0041,0.0082
weecology,tcd_tile_2697,Southeastern mixed forests,N. American forest,,4880,0.3965,9,7,1,6,8,0.1429,0.1111,0.125,0.1176,0.0075,0.0141
weecology,tcd_tile_2698,Central and Southern mixed grasslands,Other,,535,0.3965,96,96,34,62,62,0.3542,0.3542,0.3542,0.9552,0.0659,0.1232
weecology,tcd_tile_2699,Celtic broadleaf forests,European forest,,2344,0.3965,189,25,15,10,174,0.6,0.0794,0.1402,0.5343,0.038,0.0709
weecology,tcd_tile_27,Zambezian and Mopane woodlands,Arid / dryland,,1081,0.3965,25,47,15,32,10,0.3191,0.6,0.4167,0.5477,0.2209,0.3149
weecology,tcd_tile_270,Southeastern mixed forests,N. American forest,,3685,0.3965,31,7,2,5,29,0.2857,0.0645,0.1053,0.184,0.0084,0.0161
weecology,tcd_tile_2700,Upper Gangetic Plains moist deciduous forests,Other,,3996,0.3965,58,109,20,89,38,0.1835,0.3448,0.2395,0.9727,0.1128,0.2022
weecology,tcd_tile_2701,Sarmatic mixed forests,European forest,,4196,0.3965,18,72,5,67,13,0.0694,0.2778,0.1111,0.9124,0.1064,0.1905
weecology,tcd_tile_2702,Sarmatic mixed forests,European forest,,3718,0.3965,3,3,1,2,2,0.3333,0.3333,0.3333,0.8727,0.0608,0.1136
weecology,tcd_tile_2703,Taiheiyo evergreen forests,Other,,1977,0.3965,8,19,7,12,1,0.3684,0.875,0.5185,0.8604,0.1,0.1791
weecology,tcd_tile_2704,East European forest steppe,European forest,,4155,0.3965,54,22,19,3,35,0.8636,0.3519,0.5,0.8428,0.0324,0.0624
weecology,tcd_tile_2705,,Other,,2464,0.3965,0,6,0,6,0,0.0,0.0,0.0,0.0,0.0,0.0
weecology,tcd_tile_2706,Eastern Great Lakes lowland forests,N. American forest,,3349,0.3965,46,24,15,9,31,0.625,0.3261,0.4286,0.8049,0.1674,0.2772
weecology,tcd_tile_2707,Sumatran lowland rain forests,SE Asian & Pacific rainforest,,1177,0.3965,19,13,2,11,17,0.1538,0.1053,0.125,0.3311,0.029,0.0534
weecology,tcd_tile_2708,Ucayali moist forests,Latin American forest,,3260,0.3965,31,191,3,188,28,0.0157,0.0968,0.027,0.9835,0.0778,0.1442
weecology,tcd_tile_2709,Northeastern Spain and Southern France Mediterranean forests,Other,,182,0.3965,114,188,44,144,70,0.234,0.386,0.2914,0.7908,0.0689,0.1267
weecology,tcd_tile_271,Northern Zanzibar-Inhambane coastal forest mosaic,African tropical forest,,670,0.3965,1,227,1,226,0,0.0044,1.0,0.0088,0.9949,0.0301,0.0584
weecology,tcd_tile_2710,Sulawesi lowland rain forests,SE Asian & Pacific rainforest,,4547,0.3965,65,118,26,92,39,0.2203,0.4,0.2842,0.9529,0.0623,0.1169
weecology,tcd_tile_2711,Vanuatu rain forests,Other,,1756,0.3965,80,533,35,498,45,0.0657,0.4375,0.1142,0.9732,0.1511,0.2616
weecology,tcd_tile_2712,Madeira-Tapajós moist forests,Latin American forest,,3708,0.3965,30,471,15,456,15,0.0318,0.5,0.0599,0.9971,0.1113,0.2002
weecology,tcd_tile_2713,Eastern Java-Bali rain forests,SE Asian & Pacific rainforest,,4899,0.3965,36,44,4,40,32,0.0909,0.1111,0.1,0.0887,0.0298,0.0446
weecology,tcd_tile_2714,North Central Rockies forests,N. American forest,,3745,0.3965,5,92,2,90,3,0.0217,0.4,0.0412,0.978,0.0538,0.1019
weecology,tcd_tile_2715,Northern Zanzibar-Inhambane coastal forest mosaic,African tropical forest,,1158,0.3965,169,197,66,131,103,0.335,0.3905,0.3607,0.8087,0.2235,0.3502
weecology,tcd_tile_2716,Northeastern coastal forests,N. American forest,,2707,0.3965,147,68,34,34,113,0.5,0.2313,0.3163,0.9348,0.0507,0.0961
weecology,tcd_tile_2717,Northern Zanzibar-Inhambane coastal forest mosaic,African tropical forest,,3320,0.3965,44,420,22,398,22,0.0524,0.5,0.0948,0.9477,0.1263,0.223
weecology,tcd_tile_2718,Western European broadleaf forests,European forest,,4737,0.3965,7,66,4,62,3,0.0606,0.5714,0.1096,0.9997,0.06,0.1132
weecology,tcd_tile_2719,Mindanao-Eastern Visayas rain forests,SE Asian & Pacific rainforest,,695,0.3965,77,60,24,36,53,0.4,0.3117,0.3504,0.8018,0.0577,0.1076
weecology,tcd_tile_272,Western Siberian hemiboreal forests,Other,,2080,0.3965,17,46,2,44,15,0.0435,0.1176,0.0635,0.6289,0.0227,0.0439
weecology,tcd_tile_2720,Tongan tropical moist forests,SE Asian & Pacific rainforest,,4696,0.3965,37,560,5,555,32,0.0089,0.1351,0.0168,0.9537,0.0692,0.129
weecology,tcd_tile_2721,Northern Zanzibar-Inhambane coastal forest mosaic,African tropical forest,,4703,0.3965,64,1,1,0,63,1.0,0.0156,0.0308,0.9946,0.0001,0.0002
weecology,tcd_tile_2722,Northern Zanzibar-Inhambane coastal forest mosaic,African tropical forest,,3629,0.3965,94,78,10,68,84,0.1282,0.1064,0.1163,0.9592,0.0115,0.0227
weecology,tcd_tile_2723,East European forest steppe,European forest,,915,0.3965,5,408,2,406,3,0.0049,0.4,0.0097,0.9999,0.0557,0.1056
weecology,tcd_tile_2724,Sarmatic mixed forests,European forest,,2052,0.3965,3,224,1,223,2,0.0045,0.3333,0.0088,0.9998,0.1322,0.2336
weecology,tcd_tile_2725,Eastern forest-boreal transition,Other,,3881,0.3965,3,219,2,217,1,0.0091,0.6667,0.018,0.9998,0.1193,0.2132
weecology,tcd_tile_2726,Southern Zanzibar-Inhambane coastal forest mosaic,African tropical forest,,2086,0.3965,76,22,17,5,59,0.7727,0.2237,0.3469,0.9434,0.0959,0.174
weecology,tcd_tile_2727,Tumbes-Piura dry forests,Other,,4041,0.3965,190,105,25,80,165,0.2381,0.1316,0.1695,0.9689,0.0508,0.0965
weecology,tcd_tile_2728,Vanuatu rain forests,Other,,4110,0.3965,17,14,4,10,13,0.2857,0.2353,0.2581,0.8071,0.0026,0.0053
weecology,tcd_tile_2729,Southern Zanzibar-Inhambane coastal forest mosaic,African tropical forest,,3422,0.3965,169,68,31,37,138,0.4559,0.1834,0.2616,0.8396,0.0629,0.117
weecology,tcd_tile_273,Tongan tropical moist forests,SE Asian & Pacific rainforest,,4976,0.3965,16,129,3,126,13,0.0233,0.1875,0.0414,0.3512,0.0261,0.0485
weecology,tcd_tile_2730,Northern Zanzibar-Inhambane coastal forest mosaic,African tropical forest,,3054,0.3965,1,114,1,113,0,0.0088,1.0,0.0174,0.9997,0.0261,0.0509
weecology,tcd_tile_2731,Changjiang Plain evergreen forests,Other,,3323,0.3965,24,18,0,18,24,0.0,0.0,0.0,0.0024,0.0003,0.0005
weecology,tcd_tile_2732,Sumatran lowland rain forests,SE Asian & Pacific rainforest,,229,0.3965,253,88,35,53,218,0.3977,0.1383,0.2053,0.5372,0.0312,0.059
weecology,tcd_tile_2733,Middle Atlantic coastal forests,Other,,3844,0.3965,113,81,26,55,87,0.321,0.2301,0.268,0.8478,0.0432,0.0821
weecology,tcd_tile_2734,Eastern Guinean forests,African tropical forest,,4236,0.3965,21,37,5,32,16,0.1351,0.2381,0.1724,0.1537,0.1023,0.1229
weecology,tcd_tile_2735,Mindanao-Eastern Visayas rain forests,SE Asian & Pacific rainforest,,4882,0.3965,70,441,29,412,41,0.0658,0.4143,0.1135,0.9726,0.1874,0.3143
weecology,tcd_tile_2736,Hispaniolan dry forests,Other,,4783,0.3965,147,96,56,40,91,0.5833,0.381,0.4609,0.8561,0.2527,0.3902
weecology,tcd_tile_2737,Madeira-Tapajós moist forests,Latin American forest,,710,0.3965,1,784,1,783,0,0.0013,1.0,0.0025,0.9998,0.1827,0.3089
weecology,tcd_tile_2738,Balkan mixed forests,European forest,,2580,0.3965,111,53,27,26,84,0.5094,0.2432,0.3293,0.6303,0.0868,0.1526
weecology,tcd_tile_2739,Northern Zanzibar-Inhambane coastal forest mosaic,African tropical forest,,4434,0.3965,6,0,0,0,6,0.0,0.0,0.0,0.0,0.0,0.0
weecology,tcd_tile_274,North Island temperate forests,Other,,2165,0.3965,45,50,21,29,24,0.42,0.4667,0.4421,0.8147,0.162,0.2702
weecology,tcd_tile_2740,Northern Zanzibar-Inhambane coastal forest mosaic,African tropical forest,,533,0.3965,14,12,6,6,8,0.5,0.4286,0.4615,0.8714,0.1278,0.2229
weecology,tcd_tile_2741,Luzon rain forests,SE Asian & Pacific rainforest,,1866,0.3965,143,61,12,49,131,0.1967,0.0839,0.1176,0.8695,0.067,0.1245
weecology,tcd_tile_2742,Northern Zanzibar-Inhambane coastal forest mosaic,African tropical forest,,3741,0.3965,68,348,31,317,37,0.0891,0.4559,0.149,0.9701,0.1255,0.2223
weecology,tcd_tile_2743,Lesser Sundas deciduous forests,SE Asian & Pacific rainforest,,4047,0.3965,62,34,21,13,41,0.6176,0.3387,0.4375,0.948,0.1277,0.2251
weecology,tcd_tile_2744,East European forest steppe,European forest,,3943,0.3965,49,18,13,5,36,0.7222,0.2653,0.3881,0.7834,0.0518,0.0973
weecology,tcd_tile_2745,English Lowlands beech forests,European forest,,3637,0.3965,3,14,3,11,0,0.2143,1.0,0.3529,0.9093,0.1096,0.1956
weecology,tcd_tile_2746,Sulawesi lowland rain forests,SE Asian & Pacific rainforest,,4706,0.3965,222,175,86,89,136,0.4914,0.3874,0.4332,0.8535,0.246,0.3819
weecology,tcd_tile_2747,Southern Zanzibar-Inhambane coastal forest mosaic,African tropical forest,,4072,0.3965,110,192,49,143,61,0.2552,0.4455,0.3245,0.9081,0.1283,0.2249
weecology,tcd_tile_2748,Sarmatic mixed forests,European forest,,1180,0.3965,106,104,40,64,66,0.3846,0.3774,0.381,0.9426,0.0554,0.1046
weecology,tcd_tile_2749,Taiheiyo evergreen forests,Other,,3068,0.3965,95,46,16,30,79,0.3478,0.1684,0.227,0.288,0.0834,0.1294
weecology,tcd_tile_275,Hispaniolan moist forests,SE Asian & Pacific rainforest,,2336,0.3965,46,66,12,54,34,0.1818,0.2609,0.2143,0.1591,0.0302,0.0507
weecology,tcd_tile_2750,Southeastern mixed forests,N. American forest,,1533,0.3965,6,17,4,13,2,0.2353,0.6667,0.3478,0.9217,0.0191,0.0374
weecology,tcd_tile_2751,Rodope montane mixed forests,European forest,,4528,0.3965,147,57,35,22,112,0.614,0.2381,0.3431,0.9193,0.0711,0.132
weecology,tcd_tile_2752,Taiheiyo evergreen forests,Other,,2253,0.3965,58,133,15,118,43,0.1128,0.2586,0.1571,0.924,0.0529,0.1
weecology,tcd_tile_2753,Lesser Sundas deciduous forests,SE Asian & Pacific rainforest,,3544,0.3965,26,115,5,110,21,0.0435,0.1923,0.0709,0.9226,0.0687,0.1278
weecology,tcd_tile_2754,Atlantic mixed forests,European forest,,2772,0.3965,1,6,0,6,1,0.0,0.0,0.0,0.0,0.0,0.0
weecology,tcd_tile_2755,Celtic broadleaf forests,European forest,,3492,0.3965,6,21,3,18,3,0.1429,0.5,0.2222,1.0,0.0336,0.065
weecology,tcd_tile_2756,Caucasus mixed forests,European forest,,2588,0.3965,23,0,0,0,23,0.0,0.0,0.0,0.0,0.0,0.0
weecology,tcd_tile_2757,,Other,,506,0.3965,202,160,39,121,163,0.2437,0.1931,0.2155,0.8389,0.0433,0.0824
weecology,tcd_tile_2758,English Lowlands beech forests,European forest,,3297,0.3965,18,20,6,14,12,0.3,0.3333,0.3158,0.8634,0.0832,0.1517
weecology,tcd_tile_2759,Northern Zanzibar-Inhambane coastal forest mosaic,African tropical forest,,1995,0.3965,3,9,2,7,1,0.2222,0.6667,0.3333,0.998,0.0525,0.0998
weecology,tcd_tile_276,Uatuma-Trombetas moist forests,Latin American forest,,1595,0.3965,1,6,1,5,0,0.1667,1.0,0.2857,1.0,0.0022,0.0044
weecology,tcd_tile_2760,Baltic mixed forests,European forest,,3509,0.3965,0,4,0,4,0,0.0,0.0,0.0,0.0,0.0,0.0
weecology,tcd_tile_2761,East European forest steppe,European forest,,3854,0.3965,1,63,1,62,0,0.0159,1.0,0.0312,1.0,0.0158,0.0312
weecology,tcd_tile_2762,Central Zambezian Miombo woodlands,Other,,1220,0.3965,64,274,41,233,23,0.1496,0.6406,0.2426,0.5649,0.1185,0.196
weecology,tcd_tile_2763,Hispaniolan dry forests,Other,,5022,0.3965,86,92,36,56,50,0.3913,0.4186,0.4045,0.8991,0.1052,0.1884
weecology,tcd_tile_2764,Madeira-Tapajós moist forests,Latin American forest,,3947,0.3965,1,561,1,560,0,0.0018,1.0,0.0036,0.9998,0.1473,0.2568
weecology,tcd_tile_2765,Hispaniolan moist forests,SE Asian & Pacific rainforest,,4968,0.3965,0,135,0,135,0,0.0,0.0,0.0,0.0,0.0,0.0
weecology,tcd_tile_2766,Eastern Great Lakes lowland forests,N. American forest,,2551,0.3965,27,16,6,10,21,0.375,0.2222,0.2791,0.709,0.0216,0.042
weecology,tcd_tile_2767,Lesser Sundas deciduous forests,SE Asian & Pacific rainforest,,3942,0.3965,99,36,17,19,82,0.4722,0.1717,0.2519,0.6393,0.1052,0.1806
weecology,tcd_tile_2768,Lesser Sundas deciduous forests,SE Asian & Pacific rainforest,,2352,0.3965,2,4,1,3,1,0.25,0.5,0.3333,0.9804,0.0039,0.0078
weecology,tcd_tile_2769,Serra do Mar coastal forests,Latin American forest,,4593,0.3965,0,153,0,153,0,0.0,0.0,0.0,0.0,0.0,0.0
weecology,tcd_tile_277,Veracruz moist forests,Other,,2746,0.3965,27,9,5,4,22,0.5556,0.1852,0.2778,0.7925,0.008,0.0159
weecology,tcd_tile_2770,Southeastern mixed forests,N. American forest,,387,0.3965,54,12,9,3,45,0.75,0.1667,0.2727,0.8638,0.037,0.071
weecology,tcd_tile_2771,Western European broadleaf forests,European forest,,5030,0.3965,4,8,3,5,1,0.375,0.75,0.5,1.0,0.0067,0.0133
weecology,tcd_tile_2772,Luzon rain forests,SE Asian & Pacific rainforest,,1098,0.3965,56,78,15,63,41,0.1923,0.2679,0.2239,0.8235,0.0993,0.1772
weecology,tcd_tile_2773,Araucaria moist forests,Other,,473,0.3965,137,82,40,42,97,0.4878,0.292,0.3653,0.7158,0.0842,0.1506
weecology,tcd_tile_2774,Taiwan subtropical evergreen forests,SE Asian & Pacific rainforest,,3322,0.3965,28,109,17,92,11,0.156,0.6071,0.2482,0.7512,0.0824,0.1485
weecology,tcd_tile_2775,Baltic mixed forests,European forest,,4498,0.3965,21,117,10,107,11,0.0855,0.4762,0.1449,0.9466,0.0676,0.1263
weecology,tcd_tile_2776,Palawan rain forests,SE Asian & Pacific rainforest,,1587,0.3965,37,54,12,42,25,0.2222,0.3243,0.2637,0.4228,0.0803,0.135
weecology,tcd_tile_2777,Northern Zanzibar-Inhambane coastal forest mosaic,African tropical forest,,2812,0.3965,64,41,15,26,49,0.3659,0.2344,0.2857,0.9153,0.0205,0.0401
weecology,tcd_tile_2778,Eastern forest-boreal transition,Other,,1577,0.3965,1,359,1,358,0,0.0028,1.0,0.0056,0.9993,0.0996,0.1812
weecology,tcd_tile_2779,Eastern Guinean forests,African tropical forest,,3734,0.3965,6,0,0,0,6,0.0,0.0,0.0,0.0,0.0,0.0
weecology,tcd_tile_278,Sri Lanka dry-zone dry evergreen forests,Other,,1569,0.3965,246,217,87,130,159,0.4009,0.3537,0.3758,0.9287,0.1802,0.3019
weecology,tcd_tile_2780,Northern Zanzibar-Inhambane coastal forest mosaic,African tropical forest,,2201,0.3965,270,114,45,69,225,0.3947,0.1667,0.2344,0.869,0.1179,0.2076
weecology,tcd_tile_2781,East European forest steppe,European forest,,4604,0.3965,7,60,3,57,4,0.05,0.4286,0.0896,0.9833,0.0465,0.0889
weecology,tcd_tile_2782,,Other,,693,0.3965,16,12,1,11,15,0.0833,0.0625,0.0714,0.0625,0.0007,0.0014
weecology,tcd_tile_2783,Petén-Veracruz moist forests,Latin American forest,,1580,0.3965,173,207,59,148,114,0.285,0.341,0.3105,0.7795,0.0855,0.1542
weecology,tcd_tile_2784,Alto Paraná Atlantic forests,Other,,1873,0.3965,125,39,20,19,105,0.5128,0.16,0.2439,0.6609,0.1286,0.2153
weecology,tcd_tile_2785,Uatuma-Trombetas moist forests,Latin American forest,,2145,0.3965,11,11,3,8,8,0.2727,0.2727,0.2727,0.7988,0.0041,0.0081
weecology,tcd_tile_2786,Hispaniolan moist forests,SE Asian & Pacific rainforest,,1825,0.3965,0,0,0,0,0,0.0,0.0,0.0,0.0,0.0,0.0
weecology,tcd_tile_2787,Central European mixed forests,European forest,,4830,0.3965,41,9,4,5,37,0.4444,0.0976,0.16,0.7203,0.0856,0.153
weecology,tcd_tile_2788,Hispaniolan moist forests,SE Asian & Pacific rainforest,,1403,0.3965,32,5,2,3,30,0.4,0.0625,0.1081,0.2456,0.0065,0.0127
weecology,tcd_tile_2789,Northeastern coastal forests,N. American forest,,2909,0.3965,2,151,1,150,1,0.0066,0.5,0.0131,0.9932,0.1091,0.1966
weecology,tcd_tile_279,Peninsular Malaysian peat swamp forests,Other,,1534,0.3965,159,156,53,103,106,0.3397,0.3333,0.3365,0.7952,0.2034,0.324
weecology,tcd_tile_2790,Hispaniolan moist forests,SE Asian & Pacific rainforest,,4697,0.3965,53,38,15,23,38,0.3947,0.283,0.3297,0.5656,0.0936,0.1606
weecology,tcd_tile_2791,Southeastern mixed forests,N. American forest,,4836,0.3965,0,24,0,24,0,0.0,0.0,0.0,0.0,0.0,0.0
weecology,tcd_tile_2792,Mindanao-Eastern Visayas rain forests,SE Asian & Pacific rainforest,,4771,0.3965,37,608,6,602,31,0.0099,0.1622,0.0186,0.9944,0.2017,0.3353
weecology,tcd_tile_2793,Changjiang Plain evergreen forests,Other,,2703,0.3965,145,81,48,33,97,0.5926,0.331,0.4248,0.8057,0.0974,0.1738
weecology,tcd_tile_2794,Southeastern mixed forests,N. American forest,,2443,0.3965,5,9,1,8,4,0.1111,0.2,0.1429,0.3532,0.0058,0.0113
weecology,tcd_tile_2795,English Lowlands beech forests,European forest,,1363,0.3965,21,54,9,45,12,0.1667,0.4286,0.24,0.7469,0.0629,0.1161
weecology,tcd_tile_2796,Balkan mixed forests,European forest,,4858,0.3965,141,38,22,16,119,0.5789,0.156,0.2458,0.9453,0.1542,0.2652
weecology,tcd_tile_2797,South Siberian forest steppe,Other,,850,0.3965,78,115,49,66,29,0.4261,0.6282,0.5078,0.7153,0.2259,0.3433
weecology,tcd_tile_2798,East European forest steppe,European forest,,2951,0.3965,22,10,4,6,18,0.4,0.1818,0.25,0.8175,0.0118,0.0234
weecology,tcd_tile_2799,Southern Zanzibar-Inhambane coastal forest mosaic,African tropical forest,,3353,0.3965,134,70,30,40,104,0.4286,0.2239,0.2941,0.9001,0.202,0.33
weecology,tcd_tile_28,Chilean matorral,Arid / dryland,,360,0.3965,97,116,37,79,60,0.319,0.3814,0.3474,0.8292,0.0862,0.1561
weecology,tcd_tile_280,Bolivian montane dry forests,Latin American forest,,2171,0.3965,18,43,7,36,11,0.1628,0.3889,0.2295,0.8796,0.0134,0.0263
weecology,tcd_tile_2800,Bahia coastal forests,Latin American forest,,5057,0.3965,0,14,0,14,0,0.0,0.0,0.0,0.0,0.0,0.0
weecology,tcd_tile_2801,Mindanao-Eastern Visayas rain forests,SE Asian & Pacific rainforest,,3831,0.3965,104,195,28,167,76,0.1436,0.2692,0.1873,0.8634,0.0665,0.1235
weecology,tcd_tile_2802,Central African mangroves,African tropical forest,,4341,0.3965,0,39,0,39,0,0.0,0.0,0.0,0.0,0.0,0.0
weecology,tcd_tile_2803,Southeastern conifer forests,N. American forest,,1389,0.3965,96,39,16,23,80,0.4103,0.1667,0.237,0.6361,0.031,0.0592
weecology,tcd_tile_2804,Granitic Seychelles forests,Other,,1336,0.3965,54,753,18,735,36,0.0239,0.3333,0.0446,0.9846,0.1712,0.2916
weecology,tcd_tile_2805,Central Zambezian Miombo woodlands,Other,,639,0.3965,98,10,4,6,94,0.4,0.0408,0.0741,0.2683,0.0089,0.0172
weecology,tcd_tile_2806,Southern Korea evergreen forests,Other,,1544,0.3965,105,75,42,33,63,0.56,0.4,0.4667,0.8736,0.153,0.2604
weecology,tcd_tile_2807,Sarmatic mixed forests,European forest,,773,0.3965,44,81,10,71,34,0.1235,0.2273,0.16,0.9829,0.0559,0.1059
weecology,tcd_tile_2808,Sundaland heath forests,Other,,2374,0.3965,156,753,90,663,66,0.1195,0.5769,0.198,0.9719,0.3587,0.524
weecology,tcd_tile_2809,Northwestern Andean montane forests,Latin American forest,,359,0.3965,84,20,13,7,71,0.65,0.1548,0.25,0.7811,0.0511,0.0959
weecology,tcd_tile_281,,Other,,2065,0.3965,4,45,0,45,4,0.0,0.0,0.0,0.0,0.0,0.0
weecology,tcd_tile_2810,Western Java rain forests,Other,,745,0.3965,334,113,73,40,261,0.646,0.2186,0.3266,0.9358,0.162,0.2762
weecology,tcd_tile_2811,Northern Zanzibar-Inhambane coastal forest mosaic,African tropical forest,,3625,0.3965,1,65,1,64,0,0.0154,1.0,0.0303,1.0,0.0099,0.0197
weecology,tcd_tile_2812,Southern Great Lakes forests,N. American forest,,1707,0.3965,6,293,4,289,2,0.0137,0.6667,0.0268,0.9746,0.13,0.2294
weecology,tcd_tile_2813,Cerrado,Latin American forest,,284,0.3965,0,0,0,0,0,0.0,0.0,0.0,0.0,0.0,0.0
weecology,tcd_tile_2814,Hispaniolan moist forests,SE Asian & Pacific rainforest,,885,0.3965,3,4,1,3,2,0.25,0.3333,0.2857,0.7978,0.0578,0.1078
weecology,tcd_tile_2815,Atlantic mixed forests,European forest,,827,0.3965,17,457,16,441,1,0.035,0.9412,0.0675,0.9941,0.1307,0.2311
weecology,tcd_tile_2816,Sierra Nevada forests,N. American forest,,2765,0.3965,14,4,1,3,13,0.25,0.0714,0.1111,0.1926,0.0021,0.0041
weecology,tcd_tile_2817,Greater Negros-Panay rain forests,SE Asian & Pacific rainforest,,2381,0.3965,128,67,14,53,114,0.209,0.1094,0.1436,0.9338,0.1114,0.199
weecology,tcd_tile_2818,Central European mixed forests,European forest,,3930,0.3965,14,33,8,25,6,0.2424,0.5714,0.3404,0.9381,0.0227,0.0442
weecology,tcd_tile_2819,Upper Midwest forest-savanna transition,N. American forest,,3589,0.3965,6,78,3,75,3,0.0385,0.5,0.0714,0.9621,0.1016,0.1838
weecology,tcd_tile_282,Central Indochina dry forests,Other,,4402,0.3965,74,56,27,29,47,0.4821,0.3649,0.4154,0.7329,0.106,0.1852
weecology,tcd_tile_2820,Central European mixed forests,European forest,,1160,0.3965,90,175,40,135,50,0.2286,0.4444,0.3019,0.9324,0.1425,0.2472
weecology,tcd_tile_2821,Rodope montane mixed forests,European forest,,4669,0.3965,239,200,106,94,133,0.53,0.4435,0.4829,0.8892,0.1811,0.3009
weecology,tcd_tile_2822,Northern Anatolian conifer and deciduous forests,Other,,2357,0.3965,16,33,4,29,12,0.1212,0.25,0.1633,0.7724,0.0275,0.0531
weecology,tcd_tile_2823,Balkan mixed forests,European forest,,4115,0.3965,90,100,26,74,64,0.26,0.2889,0.2737,0.9429,0.0546,0.1033
weecology,tcd_tile_2824,Balsas dry forests,Other,,4043,0.3965,138,93,23,70,115,0.2473,0.1667,0.1991,0.7352,0.0663,0.1216
weecology,tcd_tile_2825,Central European mixed forests,European forest,,3427,0.3965,78,32,21,11,57,0.6562,0.2692,0.3818,0.833,0.1824,0.2993
weecology,tcd_tile_2826,Central American pine-oak forests,Other,,1306,0.3965,121,178,30,148,91,0.1685,0.2479,0.2007,0.9819,0.0658,0.1233
weecology,tcd_tile_2827,Caucasus mixed forests,European forest,,4947,0.3965,12,48,1,47,11,0.0208,0.0833,0.0333,0.9826,0.0123,0.0242
weecology,tcd_tile_2828,Madeira-Tapajós moist forests,Latin American forest,,3386,0.3965,20,553,8,545,12,0.0145,0.4,0.0279,0.9929,0.1488,0.2589
weecology,tcd_tile_2829,Hispaniolan dry forests,Other,,4820,0.3965,115,193,56,137,59,0.2902,0.487,0.3636,0.9111,0.1242,0.2186
weecology,tcd_tile_283,Northern Zanzibar-Inhambane coastal forest mosaic,African tropical forest,,37,0.3965,112,244,48,196,64,0.1967,0.4286,0.2697,0.7799,0.0469,0.0884
weecology,tcd_tile_2830,Southeastern mixed forests,N. American forest,,1996,0.3965,3,106,3,103,0,0.0283,1.0,0.055,0.995,0.1142,0.2049
weecology,tcd_tile_2831,"Sao Tome, Principe and Annobon moist lowland forests",Other,,457,0.3965,301,453,148,305,153,0.3267,0.4917,0.3926,0.8976,0.239,0.3775
weecology,tcd_tile_2832,Southern Zanzibar-Inhambane coastal forest mosaic,African tropical forest,,2896,0.3965,77,78,12,66,65,0.1538,0.1558,0.1548,0.95,0.046,0.0878
weecology,tcd_tile_2833,Timor and Wetar deciduous forests,SE Asian & Pacific rainforest,,3574,0.3965,150,11,10,1,140,0.9091,0.0667,0.1242,0.8451,0.0218,0.0426
weecology,tcd_tile_2834,Maputaland coastal forest mosaic,African tropical forest,,34,0.3965,15,4,1,3,14,0.25,0.0667,0.1053,0.2187,0.0406,0.0685
weecology,tcd_tile_2835,Northeastern coastal forests,N. American forest,,2579,0.3965,49,39,7,32,42,0.1795,0.1429,0.1591,0.8489,0.0265,0.0513
weecology,tcd_tile_2836,Luzon rain forests,SE Asian & Pacific rainforest,,2916,0.3965,13,48,8,40,5,0.1667,0.6154,0.2623,0.9057,0.0297,0.0575
weecology,tcd_tile_2837,Northern Zanzibar-Inhambane coastal forest mosaic,African tropical forest,,4122,0.3965,48,8,3,5,45,0.375,0.0625,0.1071,0.3441,0.0329,0.06
weecology,tcd_tile_2838,Sulawesi lowland rain forests,SE Asian & Pacific rainforest,,3748,0.3965,34,151,6,145,28,0.0397,0.1765,0.0649,0.9999,0.0778,0.1444
weecology,tcd_tile_2839,Lake,Other,,1017,0.3965,25,62,5,57,20,0.0806,0.2,0.1149,0.9815,0.0697,0.1302
weecology,tcd_tile_284,Eastern Mediterranean conifer-sclerophyllous-broadleaf forests,Other,,561,0.3965,29,18,6,12,23,0.3333,0.2069,0.2553,0.5498,0.0671,0.1195
weecology,tcd_tile_2840,Northern Zanzibar-Inhambane coastal forest mosaic,African tropical forest,,2123,0.3965,69,92,22,70,47,0.2391,0.3188,0.2733,0.6379,0.0682,0.1232
weecology,tcd_tile_2841,Sierra Nevada forests,N. American forest,,2057,0.3965,78,37,16,21,62,0.4324,0.2051,0.2783,0.8703,0.0583,0.1093
weecology,tcd_tile_2842,East African montane forests,African tropical forest,,2711,0.3965,50,105,15,90,35,0.1429,0.3,0.1935,0.9494,0.0758,0.1404
weecology,tcd_tile_2843,Central forest-grasslands transition,Other,,425,0.3965,37,12,6,6,31,0.5,0.1622,0.2449,0.6976,0.0127,0.0249
weecology,tcd_tile_2844,Scandinavian and Russian taiga,Other,,598,0.3965,1,5,1,4,0,0.2,1.0,0.3333,0.6993,0.1665,0.2689
weecology,tcd_tile_2845,Peruvian Yungas,Latin American forest,,2224,0.3965,119,56,14,42,105,0.25,0.1176,0.16,0.9272,0.0157,0.0309
weecology,tcd_tile_2846,Northern Anatolian conifer and deciduous forests,Other,,1967,0.3965,83,34,6,28,77,0.1765,0.0723,0.1026,0.5796,0.0238,0.0457
weecology,tcd_tile_2847,Changjiang Plain evergreen forests,Other,,3148,0.3965,3,4,0,4,3,0.0,0.0,0.0,0.0,0.0,0.0
weecology,tcd_tile_2848,Lesser Sundas deciduous forests,SE Asian & Pacific rainforest,,3415,0.3965,160,107,18,89,142,0.1682,0.1125,0.1348,0.8598,0.0387,0.0741
weecology,tcd_tile_2849,Southeastern conifer forests,N. American forest,,3951,0.3965,13,22,3,19,10,0.1364,0.2308,0.1714,0.936,0.0044,0.0088
weecology,tcd_tile_285,"Sao Tome, Principe and Annobon moist lowland forests",Other,,1456,0.3965,5,258,4,254,1,0.0155,0.8,0.0304,0.9918,0.1547,0.2677
weecology,tcd_tile_2850,Willamette Valley forests,N. American forest,,2893,0.3965,8,10,1,9,7,0.1,0.125,0.1111,0.5692,0.3591,0.4404
weecology,tcd_tile_2851,Northern Zanzibar-Inhambane coastal forest mosaic,African tropical forest,,3948,0.3965,57,730,21,709,36,0.0288,0.3684,0.0534,0.9853,0.1919,0.3213
weecology,tcd_tile_2852,Po Basin mixed forests,Other,,1600,0.3965,50,23,13,10,37,0.5652,0.26,0.3562,0.6922,0.0136,0.0267
weecology,tcd_tile_2853,Upper Midwest forest-savanna transition,N. American forest,,1626,0.3965,145,230,62,168,83,0.2696,0.4276,0.3307,0.9151,0.1214,0.2144
weecology,tcd_tile_2854,Western Guinean lowland forests,African tropical forest,,1612,0.3965,64,14,9,5,55,0.6429,0.1406,0.2308,0.6716,0.0702,0.1271
weecology,tcd_tile_2855,Cerrado,Latin American forest,,460,0.3965,23,42,10,32,13,0.2381,0.4348,0.3077,0.648,0.037,0.0701
weecology,tcd_tile_2856,Hispaniolan moist forests,SE Asian & Pacific rainforest,,4685,0.3965,14,16,4,12,10,0.25,0.2857,0.2667,0.3064,0.1296,0.1822
weecology,tcd_tile_2857,Bahia coastal forests,Latin American forest,,1417,0.3965,2,214,2,212,0,0.0093,1.0,0.0185,1.0,0.0855,0.1575
weecology,tcd_tile_2858,Central European mixed forests,European forest,,4059,0.3965,49,10,9,1,40,0.9,0.1837,0.3051,0.6227,0.066,0.1194
weecology,tcd_tile_2859,Celtic broadleaf forests,European forest,,1738,0.3965,26,29,7,22,19,0.2414,0.2692,0.2545,0.3435,0.0192,0.0363
weecology,tcd_tile_286,East European forest steppe,European forest,,2263,0.3965,83,36,23,13,60,0.6389,0.2771,0.3866,0.814,0.0563,0.1053
weecology,tcd_tile_2860,North Central Rockies forests,N. American forest,,2051,0.3965,2,193,2,191,0,0.0104,1.0,0.0205,0.996,0.1139,0.2044
weecology,tcd_tile_2861,Lesser Sundas deciduous forests,SE Asian & Pacific rainforest,,1924,0.3965,26,114,5,109,21,0.0439,0.1923,0.0714,0.9302,0.0426,0.0814
weecology,tcd_tile_2862,Cerrado,Latin American forest,,624,0.3965,173,110,37,73,136,0.3364,0.2139,0.2615,0.5326,0.0614,0.1102
weecology,tcd_tile_2863,Northern Zanzibar-Inhambane coastal forest mosaic,African tropical forest,,611,0.3965,170,213,40,173,130,0.1878,0.2353,0.2089,0.5834,0.0411,0.0768
weecology,tcd_tile_2864,Madeira-Tapajós moist forests,Latin American forest,,5,0.3965,1,447,1,446,0,0.0022,1.0,0.0045,0.9999,0.2361,0.3819
weecology,tcd_tile_2865,Upper Midwest forest-savanna transition,N. American forest,,4712,0.3965,53,21,15,6,38,0.7143,0.283,0.4054,0.9355,0.0381,0.0732
weecology,tcd_tile_2866,Maputaland coastal forest mosaic,African tropical forest,,612,0.3965,21,1,0,1,21,0.0,0.0,0.0,0.0,0.0,0.0
weecology,tcd_tile_2867,Hispaniolan dry forests,Other,,4355,0.3965,110,94,53,41,57,0.5638,0.4818,0.5196,0.8693,0.2567,0.3964
weecology,tcd_tile_2868,Changjiang Plain evergreen forests,Other,,2760,0.3965,76,18,9,9,67,0.5,0.1184,0.1915,0.6577,0.0373,0.0705
weecology,tcd_tile_2869,Southern Great Lakes forests,N. American forest,,2477,0.3965,34,7,6,1,28,0.8571,0.1765,0.2927,0.9173,0.0475,0.0903
weecology,tcd_tile_287,,Other,,3279,0.3965,0,110,0,110,0,0.0,0.0,0.0,0.0,0.0,0.0
weecology,tcd_tile_2870,Uatuma-Trombetas moist forests,Latin American forest,,3274,0.3965,85,170,25,145,60,0.1471,0.2941,0.1961,0.9784,0.0491,0.0935
weecology,tcd_tile_2871,Northern Zanzibar-Inhambane coastal forest mosaic,African tropical forest,,1398,0.3965,6,136,5,131,1,0.0368,0.8333,0.0704,0.9972,0.3925,0.5633
weecology,tcd_tile_2872,Central Indochina dry forests,Other,,4515,0.3965,99,100,28,72,71,0.28,0.2828,0.2814,0.9061,0.0898,0.1634
weecology,tcd_tile_2873,South Siberian forest steppe,Other,,547,0.3965,98,99,46,53,52,0.4646,0.4694,0.467,0.7479,0.1873,0.2996
weecology,tcd_tile_2874,Northern Zanzibar-Inhambane coastal forest mosaic,African tropical forest,,1512,0.3965,31,199,17,182,14,0.0854,0.5484,0.1478,0.6842,0.1096,0.1889
weecology,tcd_tile_2875,Hispaniolan moist forests,SE Asian & Pacific rainforest,,4259,0.3965,74,40,7,33,67,0.175,0.0946,0.1228,0.8823,0.0155,0.0305
weecology,tcd_tile_2876,Pannonian mixed forests,European forest,,1887,0.3965,1,0,0,0,1,0.0,0.0,0.0,0.0,0.0,0.0
weecology,tcd_tile_2877,Alto Paraná Atlantic forests,Other,,4065,0.3965,96,35,28,7,68,0.8,0.2917,0.4275,0.9296,0.1618,0.2756
weecology,tcd_tile_2878,Northern Zanzibar-Inhambane coastal forest mosaic,African tropical forest,,3915,0.3965,195,223,139,84,56,0.6233,0.7128,0.6651,0.9413,0.2728,0.423
weecology,tcd_tile_2879,East European forest steppe,European forest,,2956,0.3965,49,22,16,6,33,0.7273,0.3265,0.4507,0.8033,0.014,0.0276
weecology,tcd_tile_288,Northern Zanzibar-Inhambane coastal forest mosaic,African tropical forest,,822,0.3965,15,290,5,285,10,0.0172,0.3333,0.0328,0.9635,0.0405,0.0778
weecology,tcd_tile_2880,Northern Zanzibar-Inhambane coastal forest mosaic,African tropical forest,,2684,0.3965,18,80,9,71,9,0.1125,0.5,0.1837,0.229,0.2032,0.2154
weecology,tcd_tile_2881,Changjiang Plain evergreen forests,Other,,1281,0.3965,212,120,83,37,129,0.6917,0.3915,0.5,0.901,0.1108,0.1973
weecology,tcd_tile_2882,Palawan rain forests,SE Asian & Pacific rainforest,,2569,0.3965,3,125,2,123,1,0.016,0.6667,0.0312,0.9857,0.0421,0.0807
weecology,tcd_tile_2883,Luzon rain forests,SE Asian & Pacific rainforest,,74,0.3965,85,17,7,10,78,0.4118,0.0824,0.1373,0.4937,0.0189,0.0364
weecology,tcd_tile_2884,Mindanao-Eastern Visayas rain forests,SE Asian & Pacific rainforest,,3731,0.3965,150,210,37,173,113,0.1762,0.2467,0.2056,0.8519,0.0748,0.1374
weecology,tcd_tile_2885,Madeira-Tapajós moist forests,Latin American forest,,4105,0.3965,1,534,1,533,0,0.0019,1.0,0.0037,0.9997,0.1313,0.2321
weecology,tcd_tile_2886,Appalachian-Blue Ridge forests,N. American forest,,3426,0.3965,18,322,5,317,13,0.0155,0.2778,0.0294,0.9357,0.0849,0.1557
weecology,tcd_tile_2887,Bahia coastal forests,Latin American forest,,1278,0.3965,90,36,13,23,77,0.3611,0.1444,0.2063,0.9678,0.0091,0.018
weecology,tcd_tile_2888,Eastern Guinean forests,African tropical forest,,2990,0.3965,15,2,1,1,14,0.5,0.0667,0.1176,1.0,0.0017,0.0035
weecology,tcd_tile_2889,Atlantic mixed forests,European forest,,190,0.3965,3,390,3,387,0,0.0077,1.0,0.0153,0.9973,0.1354,0.2385
weecology,tcd_tile_289,Carpathian montane forests,Other,,3939,0.3965,44,113,8,105,36,0.0708,0.1818,0.1019,0.9985,0.1587,0.2739
weecology,tcd_tile_2890,,Other,,2804,0.3965,0,10,0,10,0,0.0,0.0,0.0,0.0,0.0,0.0
weecology,tcd_tile_2891,Upper Gangetic Plains moist deciduous forests,Other,,2078,0.3965,44,17,8,9,36,0.4706,0.1818,0.2623,0.9858,0.0377,0.0726
weecology,tcd_tile_2892,Appalachian mixed mesophytic forests,Other,,1678,0.3965,2,52,2,50,0,0.0385,1.0,0.0741,0.9885,0.1448,0.2527
weecology,tcd_tile_2893,Northwestern Andean montane forests,Latin American forest,,1001,0.3965,17,6,2,4,15,0.3333,0.1176,0.1739,0.482,0.0609,0.1082
weecology,tcd_tile_2894,,Other,,3086,0.3965,1,28,1,27,0,0.0357,1.0,0.069,0.9701,0.0183,0.0359
weecology,tcd_tile_2895,Sarmatic mixed forests,European forest,,3325,0.3965,15,183,9,174,6,0.0492,0.6,0.0909,0.8698,0.057,0.1069
weecology,tcd_tile_2896,Northern Zanzibar-Inhambane coastal forest mosaic,African tropical forest,,4811,0.3965,221,191,38,153,183,0.199,0.1719,0.1845,0.9631,0.0656,0.1228
weecology,tcd_tile_2897,Northern Zanzibar-Inhambane coastal forest mosaic,African tropical forest,,222,0.3965,0,0,0,0,0,0.0,0.0,0.0,0.0,0.0,0.0
weecology,tcd_tile_2898,,Other,,1121,0.3965,2,2,0,2,2,0.0,0.0,0.0,0.0,0.0,0.0
weecology,tcd_tile_2899,Central U.S. hardwood forests,N. American forest,,2814,0.3965,15,9,4,5,11,0.4444,0.2667,0.3333,0.9861,0.1769,0.3
weecology,tcd_tile_29,West Sudanian savanna,Arid / dryland,,1295,0.3965,85,166,50,116,35,0.3012,0.5882,0.3984,0.7828,0.075,0.1369
weecology,tcd_tile_290,Sarmatic mixed forests,European forest,,3494,0.3965,36,30,10,20,26,0.3333,0.2778,0.303,0.9501,0.0366,0.0705
weecology,tcd_tile_2900,Northern Zanzibar-Inhambane coastal forest mosaic,African tropical forest,,350,0.3965,8,254,5,249,3,0.0197,0.625,0.0382,0.8517,0.04,0.0764
weecology,tcd_tile_2901,Brigalow tropical savanna,Other,,442,0.3965,25,7,3,4,22,0.4286,0.12,0.1875,0.5083,0.0501,0.0912
weecology,tcd_tile_2902,Northern Zanzibar-Inhambane coastal forest mosaic,African tropical forest,,3990,0.3965,183,211,60,151,123,0.2844,0.3279,0.3046,0.8693,0.1139,0.2014
weecology,tcd_tile_2903,Pannonian mixed forests,European forest,,2728,0.3965,31,21,14,7,17,0.6667,0.4516,0.5385,0.9783,0.0272,0.0529
weecology,tcd_tile_2904,,Other,,1749,0.3965,0,222,0,222,0,0.0,0.0,0.0,0.0,0.0,0.0
weecology,tcd_tile_2905,Palawan rain forests,SE Asian & Pacific rainforest,,3006,0.3965,17,309,3,306,14,0.0097,0.1765,0.0184,0.967,0.0746,0.1384
weecology,tcd_tile_2906,Crimean Submediterranean forest complex,Other,,4164,0.3965,93,50,16,34,77,0.32,0.172,0.2238,0.9908,0.0128,0.0252
weecology,tcd_tile_2907,Alps conifer and mixed forests,European forest,,4765,0.3965,1,1,1,0,0,1.0,1.0,1.0,0.9914,0.0128,0.0252
weecology,tcd_tile_2908,Hispaniolan dry forests,Other,,2493,0.3965,92,100,45,55,47,0.45,0.4891,0.4688,0.7841,0.1357,0.2314
weecology,tcd_tile_2909,Northern California coastal forests,N. American forest,,2004,0.3965,18,0,0,0,18,0.0,0.0,0.0,0.0,0.0,0.0
weecology,tcd_tile_291,Central Indochina dry forests,Other,,4769,0.3965,86,131,25,106,61,0.1908,0.2907,0.2304,0.7551,0.0295,0.0567
weecology,tcd_tile_2910,Alps conifer and mixed forests,European forest,,2576,0.3965,26,3,1,2,25,0.3333,0.0385,0.069,0.2082,0.0012,0.0024
weecology,tcd_tile_2911,Hispaniolan moist forests,SE Asian & Pacific rainforest,,4782,0.3965,36,18,5,13,31,0.2778,0.1389,0.1852,0.5255,0.1237,0.2003
weecology,tcd_tile_2912,Northern Zanzibar-Inhambane coastal forest mosaic,African tropical forest,,3825,0.3965,26,59,14,45,12,0.2373,0.5385,0.3294,0.5809,0.1651,0.2571
weecology,tcd_tile_2913,Southern Zanzibar-Inhambane coastal forest mosaic,African tropical forest,,1132,0.3965,129,143,28,115,101,0.1958,0.2171,0.2059,0.867,0.1128,0.1997
weecology,tcd_tile_2914,Balkan mixed forests,European forest,,3177,0.3965,202,114,63,51,139,0.5526,0.3119,0.3987,0.8705,0.0606,0.1132
weecology,tcd_tile_2915,Rodope montane mixed forests,European forest,,4415,0.3965,73,170,17,153,56,0.1,0.2329,0.1399,0.9304,0.0698,0.1298
weecology,tcd_tile_2916,Northern Zanzibar-Inhambane coastal forest mosaic,African tropical forest,,3988,0.3965,54,16,10,6,44,0.625,0.1852,0.2857,0.996,0.022,0.0431
weecology,tcd_tile_2917,Southern Zanzibar-Inhambane coastal forest mosaic,African tropical forest,,1163,0.3965,3,5,2,3,1,0.4,0.6667,0.5,0.1253,0.6653,0.2109
weecology,tcd_tile_2918,East European forest steppe,European forest,,4845,0.3965,12,62,5,57,7,0.0806,0.4167,0.1351,0.9448,0.0448,0.0855
weecology,tcd_tile_2919,Irrawaddy moist deciduous forests,Other,,122,0.3965,56,48,9,39,47,0.1875,0.1607,0.1731,0.9054,0.0933,0.1692
weecology,tcd_tile_292,Himalayan subtropical broadleaf forests,Other,,4535,0.3965,0,88,0,88,0,0.0,0.0,0.0,0.0,0.0,0.0
weecology,tcd_tile_2920,Sierra Nevada forests,N. American forest,,2481,0.3965,70,82,33,49,37,0.4024,0.4714,0.4342,0.9302,0.2708,0.4195
weecology,tcd_tile_2921,Upper Gangetic Plains moist deciduous forests,Other,,2781,0.3965,176,84,54,30,122,0.6429,0.3068,0.4154,0.946,0.1508,0.2601
weecology,tcd_tile_2922,Irrawaddy moist deciduous forests,Other,,226,0.3965,63,73,28,45,35,0.3836,0.4444,0.4118,0.9451,0.1237,0.2188
weecology,tcd_tile_2923,Southeastern Indochina dry evergreen forests,Other,,2584,0.3965,3,249,2,247,1,0.008,0.6667,0.0159,0.9242,0.0618,0.1159
weecology,tcd_tile_2924,Northern Zanzibar-Inhambane coastal forest mosaic,African tropical forest,,2126,0.3965,85,34,18,16,67,0.5294,0.2118,0.3025,0.8633,0.0242,0.047
weecology,tcd_tile_2925,English Lowlands beech forests,European forest,,1297,0.3965,19,59,9,50,10,0.1525,0.4737,0.2308,0.5494,0.0576,0.1042
weecology,tcd_tile_2926,Greater Negros-Panay rain forests,SE Asian & Pacific rainforest,,3232,0.3965,40,20,5,15,35,0.25,0.125,0.1667,0.45,0.0311,0.0582
weecology,tcd_tile_2927,Vanuatu rain forests,Other,,2360,0.3965,11,28,2,26,9,0.0714,0.1818,0.1026,0.3481,0.0019,0.0037
weecology,tcd_tile_2928,Eastern Java-Bali montane rain forests,Other,,2268,0.3965,70,130,28,102,42,0.2154,0.4,0.28,0.7908,0.0873,0.1572
weecology,tcd_tile_2929,Granitic Seychelles forests,Other,,2959,0.3965,94,405,49,356,45,0.121,0.5213,0.1964,0.7251,0.1002,0.176
weecology,tcd_tile_293,Vanuatu rain forests,Other,,3309,0.3965,16,19,2,17,14,0.1053,0.125,0.1143,0.2293,0.0022,0.0043
weecology,tcd_tile_2930,Northern Zanzibar-Inhambane coastal forest mosaic,African tropical forest,,3416,0.3965,132,45,38,7,94,0.8444,0.2879,0.4294,0.9737,0.1811,0.3054
weecology,tcd_tile_2931,Peruvian Yungas,Latin American forest,,1962,0.3965,41,94,7,87,34,0.0745,0.1707,0.1037,0.7705,0.0491,0.0923
weecology,tcd_tile_2932,Luzon rain forests,SE Asian & Pacific rainforest,,3705,0.3965,22,46,10,36,12,0.2174,0.4545,0.2941,0.8725,0.0295,0.0571
weecology,tcd_tile_2933,Northern Zanzibar-Inhambane coastal forest mosaic,African tropical forest,,1308,0.3965,22,16,8,8,14,0.5,0.3636,0.4211,0.9011,0.0606,0.1135
weecology,tcd_tile_2934,Northern Zanzibar-Inhambane coastal forest mosaic,African tropical forest,,123,0.3965,111,259,63,196,48,0.2432,0.5676,0.3405,0.7717,0.1707,0.2795
weecology,tcd_tile_2935,Sarmatic mixed forests,European forest,,4218,0.3965,2,181,2,179,0,0.011,1.0,0.0219,0.995,0.0979,0.1782
weecology,tcd_tile_2936,South Central Rockies forests,Other,,4211,0.3965,77,20,18,2,59,0.9,0.2338,0.3711,0.8054,0.0894,0.161
weecology,tcd_tile_2937,,Other,,388,0.3965,15,4,0,4,15,0.0,0.0,0.0,0.0,0.0,0.0
weecology,tcd_tile_2938,Central forest-grasslands transition,Other,,1167,0.3965,65,33,20,13,45,0.6061,0.3077,0.4082,0.8876,0.0344,0.0662
weecology,tcd_tile_2939,Central Andean puna,Other,,642,0.3965,19,2,2,0,17,1.0,0.1053,0.1905,0.9018,0.0228,0.0445
weecology,tcd_tile_294,Huang He Plain mixed forests,Other,,1436,0.3965,183,94,69,25,114,0.734,0.377,0.4982,0.7298,0.165,0.2691
weecology,tcd_tile_2940,East African montane forests,African tropical forest,,3026,0.3965,80,170,12,158,68,0.0706,0.15,0.096,0.9377,0.0589,0.1109
weecology,tcd_tile_2941,Northern Zanzibar-Inhambane coastal forest mosaic,African tropical forest,,208,0.3965,117,33,15,18,102,0.4545,0.1282,0.2,0.9092,0.0302,0.0584
weecology,tcd_tile_2942,Northern Zanzibar-Inhambane coastal forest mosaic,African tropical forest,,2926,0.3965,92,30,16,14,76,0.5333,0.1739,0.2623,0.8989,0.0287,0.0557
weecology,tcd_tile_2943,Northern Zanzibar-Inhambane coastal forest mosaic,African tropical forest,,313,0.3965,189,202,63,139,126,0.3119,0.3333,0.3223,0.8827,0.0624,0.1166
weecology,tcd_tile_2944,Sarmatic mixed forests,European forest,,3189,0.3965,11,0,0,0,11,0.0,0.0,0.0,0.0,0.0,0.0
weecology,tcd_tile_2945,North Central Rockies forests,N. American forest,,4132,0.3965,24,27,4,23,20,0.1481,0.1667,0.1569,0.9929,0.0735,0.1368
weecology,tcd_tile_2946,Western Guinean lowland forests,African tropical forest,,2403,0.3965,38,10,7,3,31,0.7,0.1842,0.2917,0.8112,0.1249,0.2165
weecology,tcd_tile_2947,Atlantic mixed forests,European forest,,3143,0.3965,15,12,8,4,7,0.6667,0.5333,0.5926,0.731,0.6327,0.6783
weecology,tcd_tile_2948,,Other,,1725,0.3965,245,144,80,64,165,0.5556,0.3265,0.4113,0.8167,0.2049,0.3276
weecology,tcd_tile_2949,Crimean Submediterranean forest complex,Other,,2726,0.3965,92,22,13,9,79,0.5909,0.1413,0.2281,0.7368,0.0178,0.0348
weecology,tcd_tile_295,Central European mixed forests,European forest,,4574,0.3965,67,27,19,8,48,0.7037,0.2836,0.4043,0.9243,0.1002,0.1807
weecology,tcd_tile_2950,Mindanao-Eastern Visayas rain forests,SE Asian & Pacific rainforest,,2783,0.3965,40,78,7,71,33,0.0897,0.175,0.1186,0.9383,0.0175,0.0343
weecology,tcd_tile_2951,Eastern Australian temperate forests,Other,,2384,0.3965,83,22,16,6,67,0.7273,0.1928,0.3048,0.9585,0.024,0.0468
weecology,tcd_tile_2952,Snake-Columbia shrub steppe,Other,,1307,0.3965,61,62,25,37,36,0.4032,0.4098,0.4065,0.8737,0.1871,0.3082
weecology,tcd_tile_2953,Northern Zanzibar-Inhambane coastal forest mosaic,African tropical forest,,3055,0.3965,54,24,15,9,39,0.625,0.2778,0.3846,0.6668,0.0467,0.0873
weecology,tcd_tile_2954,New England-Acadian forests,N. American forest,,1440,0.3965,7,279,2,277,5,0.0072,0.2857,0.014,0.9923,0.0904,0.1658
weecology,tcd_tile_2955,Himalayan subtropical broadleaf forests,Other,,2170,0.3965,124,119,58,61,66,0.4874,0.4677,0.4774,0.7471,0.1915,0.3049
weecology,tcd_tile_2956,Western European broadleaf forests,European forest,,1031,0.3965,16,74,3,71,13,0.0405,0.1875,0.0667,0.9704,0.0751,0.1394
weecology,tcd_tile_2957,Balkan mixed forests,European forest,,1344,0.3965,20,45,7,38,13,0.1556,0.35,0.2154,0.284,0.0525,0.0886
weecology,tcd_tile_2958,North Central Rockies forests,N. American forest,,2958,0.3965,0,0,0,0,0,0.0,0.0,0.0,0.0,0.0,0.0
weecology,tcd_tile_2959,,Other,,111,0.3965,95,15,6,9,89,0.4,0.0632,0.1091,0.419,0.0053,0.0105
weecology,tcd_tile_296,Taiheiyo evergreen forests,Other,,3776,0.3965,1,352,1,351,0,0.0028,1.0,0.0057,0.9954,0.1639,0.2814
weecology,tcd_tile_2960,Southern Zanzibar-Inhambane coastal forest mosaic,African tropical forest,,4588,0.3965,110,30,12,18,98,0.4,0.1091,0.1714,0.9781,0.0265,0.0516
weecology,tcd_tile_2961,Northern Zanzibar-Inhambane coastal forest mosaic,African tropical forest,,1747,0.3965,222,183,64,119,158,0.3497,0.2883,0.316,0.9785,0.0949,0.173
weecology,tcd_tile_2962,Eastern Guinean forests,African tropical forest,,2889,0.3965,38,28,9,19,29,0.3214,0.2368,0.2727,0.9318,0.0247,0.0481
weecology,tcd_tile_2963,East European forest steppe,European forest,,365,0.3965,28,180,10,170,18,0.0556,0.3571,0.0962,0.935,0.1182,0.2098
weecology,tcd_tile_2964,Southern Great Lakes forests,N. American forest,,4818,0.3965,57,179,29,150,28,0.162,0.5088,0.2458,0.9484,0.1848,0.3094
weecology,tcd_tile_2965,Bolivian montane dry forests,Latin American forest,,2094,0.3965,38,5,2,3,36,0.4,0.0526,0.093,0.465,0.0139,0.0269
weecology,tcd_tile_2966,Atlantic dry forests,Other,,499,0.3965,331,116,98,18,233,0.8448,0.2961,0.4385,0.9424,0.1625,0.2772
weecology,tcd_tile_2967,Crimean Submediterranean forest complex,Other,,1965,0.3965,45,14,6,8,39,0.4286,0.1333,0.2034,0.4661,0.0099,0.0194
weecology,tcd_tile_2968,,Other,,1498,0.3965,0,29,0,29,0,0.0,0.0,0.0,0.0,0.0,0.0
weecology,tcd_tile_2969,Timor and Wetar deciduous forests,SE Asian & Pacific rainforest,,3728,0.3965,44,126,18,108,26,0.1429,0.4091,0.2118,0.9544,0.0683,0.1275
weecology,tcd_tile_297,,Other,,782,0.3965,65,804,28,776,37,0.0348,0.4308,0.0644,0.9944,0.1933,0.3237
weecology,tcd_tile_2970,Central Indochina dry forests,Other,,4914,0.3965,105,237,38,199,67,0.1603,0.3619,0.2222,0.9169,0.1291,0.2263
weecology,tcd_tile_2971,,Other,,3182,0.3965,1,237,1,236,0,0.0042,1.0,0.0084,0.9994,0.0441,0.0846
weecology,tcd_tile_2972,Northern Zanzibar-Inhambane coastal forest mosaic,African tropical forest,,2445,0.3965,8,453,5,448,3,0.011,0.625,0.0217,0.9692,0.1001,0.1814
weecology,tcd_tile_2973,Central and Southern mixed grasslands,Other,,4,0.3965,45,91,16,75,29,0.1758,0.3556,0.2353,0.9721,0.0494,0.094
weecology,tcd_tile_2974,Central Indochina dry forests,Other,,4747,0.3965,62,159,32,127,30,0.2013,0.5161,0.2896,0.8828,0.1224,0.215
weecology,tcd_tile_2975,Northern Zanzibar-Inhambane coastal forest mosaic,African tropical forest,,3804,0.3965,64,35,11,24,53,0.3143,0.1719,0.2222,0.9371,0.0225,0.0439
weecology,tcd_tile_2976,Central European mixed forests,European forest,,2661,0.3965,73,45,20,25,53,0.4444,0.274,0.339,0.9683,0.0689,0.1286
weecology,tcd_tile_2977,Ucayali moist forests,Latin American forest,,2627,0.3965,62,312,19,293,43,0.0609,0.3065,0.1016,0.9701,0.1032,0.1866
weecology,tcd_tile_2978,English Lowlands beech forests,European forest,,1418,0.3965,2,8,2,6,0,0.25,1.0,0.4,0.9533,0.1785,0.3007
weecology,tcd_tile_2979,Appalachian-Blue Ridge forests,N. American forest,,2834,0.3965,135,125,52,73,83,0.416,0.3852,0.4,0.9322,0.275,0.4247
weecology,tcd_tile_298,Central European mixed forests,European forest,,3758,0.3965,9,63,5,58,4,0.0794,0.5556,0.1389,0.9038,0.0304,0.0589
weecology,tcd_tile_2980,Bolivian montane dry forests,Latin American forest,,4342,0.3965,32,7,3,4,29,0.4286,0.0938,0.1538,0.3449,0.0103,0.0199
weecology,tcd_tile_2981,Sierra Nevada forests,N. American forest,,1334,0.3965,142,48,45,3,97,0.9375,0.3169,0.4737,0.9243,0.285,0.4356
weecology,tcd_tile_2982,Himalayan subtropical broadleaf forests,Other,,1454,0.3965,95,437,49,388,46,0.1121,0.5158,0.1842,0.9308,0.1375,0.2396
weecology,tcd_tile_2983,Eastern forest-boreal transition,Other,,1771,0.3965,1,667,1,666,0,0.0015,1.0,0.003,0.9998,0.1223,0.218
weecology,tcd_tile_2984,Northern Zanzibar-Inhambane coastal forest mosaic,African tropical forest,,1291,0.3965,90,130,45,85,45,0.3462,0.5,0.4091,0.8634,0.0651,0.121
weecology,tcd_tile_2985,,Other,,585,0.3965,35,12,6,6,29,0.5,0.1714,0.2553,0.6156,0.1528,0.2448
weecology,tcd_tile_2986,Northern Zanzibar-Inhambane coastal forest mosaic,African tropical forest,,3493,0.3965,185,223,66,157,119,0.296,0.3568,0.3235,0.791,0.1071,0.1886
weecology,tcd_tile_2987,Western European broadleaf forests,European forest,,3919,0.3965,2,4,1,3,1,0.25,0.5,0.3333,0.4384,0.0231,0.0439
weecology,tcd_tile_2988,Cerrado,Latin American forest,,1074,0.3965,1,1,0,1,1,0.0,0.0,0.0,0.0,0.0,0.0
weecology,tcd_tile_2989,Luzon rain forests,SE Asian & Pacific rainforest,,2000,0.3965,17,50,1,49,16,0.02,0.0588,0.0299,0.9997,0.009,0.0178
weecology,tcd_tile_299,Sulawesi lowland rain forests,SE Asian & Pacific rainforest,,4752,0.3965,16,254,5,249,11,0.0197,0.3125,0.037,0.9377,0.0719,0.1335
weecology,tcd_tile_2990,Sierra Nevada forests,N. American forest,,2669,0.3965,146,21,15,6,131,0.7143,0.1027,0.1796,0.8696,0.1413,0.243
weecology,tcd_tile_2991,East European forest steppe,European forest,,4169,0.3965,18,4,3,1,15,0.75,0.1667,0.2727,0.5639,0.0273,0.0521
weecology,tcd_tile_2992,Northern Zanzibar-Inhambane coastal forest mosaic,African tropical forest,,4144,0.3965,230,111,57,54,173,0.5135,0.2478,0.3343,0.9475,0.0807,0.1487
weecology,tcd_tile_2993,Northwestern Andean montane forests,Latin American forest,,908,0.3965,3,2,0,2,3,0.0,0.0,0.0,0.0,0.0,0.0
weecology,tcd_tile_2994,Sarmatic mixed forests,European forest,,4427,0.3965,36,18,3,15,33,0.1667,0.0833,0.1111,0.2582,0.0204,0.0378
weecology,tcd_tile_2995,Western Siberian hemiboreal forests,Other,,3091,0.3965,20,19,4,15,16,0.2105,0.2,0.2051,0.4532,0.0448,0.0816
weecology,tcd_tile_2996,Northeastern Spain and Southern France Mediterranean forests,Other,,1030,0.3965,159,477,64,413,95,0.1342,0.4025,0.2013,0.9644,0.1767,0.2987
weecology,tcd_tile_2997,Mindanao-Eastern Visayas rain forests,SE Asian & Pacific rainforest,,3729,0.3965,53,109,13,96,40,0.1193,0.2453,0.1605,0.957,0.0221,0.0432
weecology,tcd_tile_2998,Himalayan subtropical pine forests,Other,,4617,0.3965,0,481,0,481,0,0.0,0.0,0.0,0.0,0.0,0.0
weecology,tcd_tile_2999,Central European mixed forests,European forest,,853,0.3965,39,52,18,34,21,0.3462,0.4615,0.3956,0.7576,0.0362,0.069
weecology,tcd_tile_3,Chilean matorral,Arid / dryland,,2,0.3965,0,0,0,0,0,0.0,0.0,0.0,0.0,0.0,0.0
weecology,tcd_tile_30,West Sudanian savanna,Arid / dryland,,847,0.3965,10,39,6,33,4,0.1538,0.6,0.2449,0.1592,0.5583,0.2477
weecology,tcd_tile_300,Scandinavian and Russian taiga,Other,,759,0.3965,45,56,6,50,39,0.1071,0.1333,0.1188,0.9134,0.0635,0.1187
weecology,tcd_tile_3000,Central Andean dry puna,Other,,494,0.3965,0,7,0,7,0,0.0,0.0,0.0,0.0,0.0,0.0
weecology,tcd_tile_3001,Eastern Guinean forests,African tropical forest,,3129,0.3965,5,28,2,26,3,0.0714,0.4,0.1212,0.788,0.0076,0.015
weecology,tcd_tile_3002,Eastern forest-boreal transition,Other,,4096,0.3965,1,308,1,307,0,0.0032,1.0,0.0065,0.997,0.163,0.2802
weecology,tcd_tile_3003,Sarmatic mixed forests,European forest,,874,0.3965,6,88,3,85,3,0.0341,0.5,0.0638,0.9822,0.1031,0.1866
weecology,tcd_tile_3004,Northeastern coastal forests,N. American forest,,1280,0.3965,114,48,30,18,84,0.625,0.2632,0.3704,0.9213,0.2285,0.3661
weecology,tcd_tile_3005,Cerrado,Latin American forest,,763,0.3965,0,0,0,0,0,0.0,0.0,0.0,0.0,0.0,0.0
weecology,tcd_tile_3006,Vanuatu rain forests,Other,,2388,0.3965,25,410,11,399,14,0.0268,0.44,0.0506,0.9944,0.1358,0.239
weecology,tcd_tile_3007,Northern Zanzibar-Inhambane coastal forest mosaic,African tropical forest,,892,0.3965,77,56,22,34,55,0.3929,0.2857,0.3308,0.7866,0.0286,0.0552
weecology,tcd_tile_3008,Central African mangroves,African tropical forest,,4241,0.3965,0,36,0,36,0,0.0,0.0,0.0,0.0,0.0,0.0
weecology,tcd_tile_3009,Southeast Australia temperate forests,Other,,1781,0.3965,57,255,10,245,47,0.0392,0.1754,0.0641,0.9897,0.0625,0.1175
weecology,tcd_tile_301,Balsas dry forests,Other,,3119,0.3965,112,16,7,9,105,0.4375,0.0625,0.1094,0.7791,0.0268,0.0518
weecology,tcd_tile_3010,Sarmatic mixed forests,European forest,,69,0.3965,5,20,0,20,5,0.0,0.0,0.0,0.0001,0.0001,0.0001
weecology,tcd_tile_3011,Mindanao-Eastern Visayas rain forests,SE Asian & Pacific rainforest,,3246,0.3965,9,424,6,418,3,0.0142,0.6667,0.0277,0.9567,0.1058,0.1905
weecology,tcd_tile_3012,,Other,,581,0.3965,191,151,39,112,152,0.2583,0.2042,0.2281,0.9384,0.0423,0.081
weecology,tcd_tile_3013,East European forest steppe,European forest,,3796,0.3965,155,62,54,8,101,0.871,0.3484,0.4977,0.8634,0.0955,0.1719
weecology,tcd_tile_3014,Luzon rain forests,SE Asian & Pacific rainforest,,4389,0.3965,93,152,24,128,69,0.1579,0.2581,0.1959,0.8553,0.0567,0.1063
weecology,tcd_tile_3015,,Other,,1805,0.3965,32,4,3,1,29,0.75,0.0938,0.1667,0.875,0.0413,0.0788
weecology,tcd_tile_3016,Balsas dry forests,Other,,2119,0.3965,153,40,24,16,129,0.6,0.1569,0.2487,0.7453,0.0914,0.1629
weecology,tcd_tile_3017,Willamette Valley forests,N. American forest,,3601,0.3965,46,22,14,8,32,0.6364,0.3043,0.4118,0.4441,0.1252,0.1953
weecology,tcd_tile_3018,Eastern Great Lakes lowland forests,N. American forest,,3149,0.3965,1,0,0,0,1,0.0,0.0,0.0,0.0,0.0,0.0
weecology,tcd_tile_3019,Eastern Guinean forests,African tropical forest,,3592,0.3965,2,3,0,3,2,0.0,0.0,0.0,0.0,0.0,0.0
weecology,tcd_tile_302,Central Indochina dry forests,Other,,4540,0.3965,99,270,27,243,72,0.1,0.2727,0.1463,0.9275,0.0762,0.1408
weecology,tcd_tile_3020,Mindanao-Eastern Visayas rain forests,SE Asian & Pacific rainforest,,2269,0.3965,43,10,4,6,39,0.4,0.093,0.1509,0.5191,0.0285,0.0541
weecology,tcd_tile_3021,Northern Zanzibar-Inhambane coastal forest mosaic,African tropical forest,,3455,0.3965,133,40,39,1,94,0.975,0.2932,0.4509,0.93,0.1278,0.2247
weecology,tcd_tile_3022,Eastern Guinean forests,African tropical forest,,1970,0.3965,82,53,23,30,59,0.434,0.2805,0.3407,0.7862,0.0885,0.1591
weecology,tcd_tile_3023,Sumatran lowland rain forests,SE Asian & Pacific rainforest,,386,0.3965,33,307,5,302,28,0.0163,0.1515,0.0294,0.9959,0.0499,0.0951
weecology,tcd_tile_3024,Peruvian Yungas,Latin American forest,,2522,0.3965,112,45,16,29,96,0.3556,0.1429,0.2038,0.7051,0.083,0.1484
weecology,tcd_tile_3025,Pannonian mixed forests,European forest,,5036,0.3965,82,91,25,66,57,0.2747,0.3049,0.289,0.8701,0.0936,0.169
weecology,tcd_tile_3026,Richmond temperate forests,Other,,3495,0.3965,36,35,14,21,22,0.4,0.3889,0.3944,0.8974,0.0764,0.1408
weecology,tcd_tile_3027,Western Guinean lowland forests,African tropical forest,,2270,0.3965,78,17,12,5,66,0.7059,0.1538,0.2526,0.8176,0.0439,0.0833
weecology,tcd_tile_3028,,Other,,2250,0.3965,0,18,0,18,0,0.0,0.0,0.0,0.0,0.0,0.0
weecology,tcd_tile_3029,Scandinavian coastal conifer forests,Other,,3816,0.3965,72,462,18,444,54,0.039,0.25,0.0674,0.963,0.101,0.1828
weecology,tcd_tile_303,Eastern Guinean forests,African tropical forest,,1470,0.3965,5,3,1,2,4,0.3333,0.2,0.25,1.0,0.0073,0.0145
weecology,tcd_tile_3030,Western European broadleaf forests,European forest,,166,0.3965,12,15,4,11,8,0.2667,0.3333,0.2963,0.28,0.043,0.0746
weecology,tcd_tile_3031,Southern Zanzibar-Inhambane coastal forest mosaic,African tropical forest,,4332,0.3965,334,118,55,63,279,0.4661,0.1647,0.2434,0.9125,0.0879,0.1604
weecology,tcd_tile_3032,Southern Zanzibar-Inhambane coastal forest mosaic,African tropical forest,,3704,0.3965,170,33,20,13,150,0.6061,0.1176,0.197,0.9271,0.1358,0.2369
weecology,tcd_tile_3033,Granitic Seychelles forests,Other,,2890,0.3965,62,462,31,431,31,0.0671,0.5,0.1183,0.9633,0.1347,0.2363
weecology,tcd_tile_3034,Northern Zanzibar-Inhambane coastal forest mosaic,African tropical forest,,244,0.3965,22,30,10,20,12,0.3333,0.4545,0.3846,0.9523,0.0782,0.1446
weecology,tcd_tile_3035,Caucasus mixed forests,European forest,,2887,0.3965,1,2,1,1,0,0.5,1.0,0.6667,1.0,0.0004,0.0008
weecology,tcd_tile_3036,Caucasus mixed forests,European forest,,1647,0.3965,1,5,1,4,0,0.2,1.0,0.3333,0.9008,0.0015,0.003
weecology,tcd_tile_3037,Celtic broadleaf forests,European forest,,4850,0.3965,0,0,0,0,0,0.0,0.0,0.0,0.0,0.0,0.0
weecology,tcd_tile_3038,Western European broadleaf forests,European forest,,483,0.3965,32,212,22,190,10,0.1038,0.6875,0.1803,0.8705,0.0709,0.1311
weecology,tcd_tile_3039,Northern Anatolian conifer and deciduous forests,Other,,3172,0.3965,144,38,24,14,120,0.6316,0.1667,0.2637,0.8315,0.1175,0.2059
weecology,tcd_tile_304,Maputaland coastal forest mosaic,African tropical forest,,3303,0.3965,56,11,1,10,55,0.0909,0.0179,0.0299,0.1385,0.0081,0.0153
weecology,tcd_tile_3040,Madeira-Tapajós moist forests,Latin American forest,,2906,0.3965,17,720,8,712,9,0.0111,0.4706,0.0217,0.9879,0.1937,0.3239
weecology,tcd_tile_3041,Southern Zanzibar-Inhambane coastal forest mosaic,African tropical forest,,1541,0.3965,28,21,9,12,19,0.4286,0.3214,0.3673,0.7296,0.0289,0.0555
weecology,tcd_tile_3042,East European forest steppe,European forest,,2359,0.3965,68,30,20,10,48,0.6667,0.2941,0.4082,0.9172,0.0435,0.0831
weecology,tcd_tile_3043,Cerrado,Latin American forest,,1038,0.3965,7,4,2,2,5,0.5,0.2857,0.3636,0.9869,0.2331,0.3771
weecology,tcd_tile_3044,Iberian sclerophyllous and semi-deciduous forests,Other,,674,0.3965,386,109,81,28,305,0.7431,0.2098,0.3273,0.8216,0.0831,0.1509
weecology,tcd_tile_3045,Northern Zanzibar-Inhambane coastal forest mosaic,African tropical forest,,288,0.3965,16,17,9,8,7,0.5294,0.5625,0.5455,0.8721,0.0211,0.0413
weecology,tcd_tile_3046,East European forest steppe,European forest,,2816,0.3965,3,316,3,313,0,0.0095,1.0,0.0188,0.9951,0.0466,0.089
weecology,tcd_tile_3047,Western Guinean lowland forests,African tropical forest,,367,0.3965,15,15,4,11,11,0.2667,0.2667,0.2667,0.4744,0.0192,0.0368
weecology,tcd_tile_3048,Araucaria moist forests,Other,,10,0.3965,178,63,41,22,137,0.6508,0.2303,0.3402,0.6082,0.1211,0.202
weecology,tcd_tile_3049,Caucasus mixed forests,European forest,,1836,0.3965,0,0,0,0,0,0.0,0.0,0.0,0.0,0.0,0.0
weecology,tcd_tile_305,Sierra Nevada forests,N. American forest,,1390,0.3965,9,3,1,2,8,0.3333,0.1111,0.1667,0.7365,0.0009,0.0017
weecology,tcd_tile_3050,Central European mixed forests,European forest,,3917,0.3965,118,29,19,10,99,0.6552,0.161,0.2585,0.8516,0.0518,0.0977
weecology,tcd_tile_3051,Tumbes-Piura dry forests,Other,,3876,0.3965,64,102,8,94,56,0.0784,0.125,0.0964,0.9995,0.069,0.129
weecology,tcd_tile_3052,Changjiang Plain evergreen forests,Other,,3179,0.3965,100,27,3,24,97,0.1111,0.03,0.0472,0.235,0.0171,0.032
weecology,tcd_tile_3053,Luzon rain forests,SE Asian & Pacific rainforest,,4925,0.3965,172,142,42,100,130,0.2958,0.2442,0.2675,0.7695,0.0854,0.1537
weecology,tcd_tile_3054,Northern Zanzibar-Inhambane coastal forest mosaic,African tropical forest,,3347,0.3965,205,199,58,141,147,0.2915,0.2829,0.2871,0.9042,0.1182,0.209
weecology,tcd_tile_3055,Northern Zanzibar-Inhambane coastal forest mosaic,African tropical forest,,4793,0.3965,108,6,6,0,102,1.0,0.0556,0.1053,0.9003,0.0171,0.0336
weecology,tcd_tile_3056,Pannonian mixed forests,European forest,,1528,0.3965,1,574,1,573,0,0.0017,1.0,0.0035,0.9941,0.1764,0.2996
weecology,tcd_tile_3057,Nigerian lowland forests,African tropical forest,,4908,0.3965,0,42,0,42,0,0.0,0.0,0.0,0.0,0.0,0.0
weecology,tcd_tile_3058,Northern Zanzibar-Inhambane coastal forest mosaic,African tropical forest,,1846,0.3965,17,41,5,36,12,0.122,0.2941,0.1724,0.4111,0.0721,0.1227
weecology,tcd_tile_3059,Sumatran lowland rain forests,SE Asian & Pacific rainforest,,2271,0.3965,96,233,28,205,68,0.1202,0.2917,0.1702,0.9116,0.0368,0.0707
weecology,tcd_tile_306,Northern California coastal forests,N. American forest,,3885,0.3965,11,9,4,5,7,0.4444,0.3636,0.4,0.6516,0.0027,0.0053
weecology,tcd_tile_3060,Hispaniolan moist forests,SE Asian & Pacific rainforest,,5052,0.3965,4,25,3,22,1,0.12,0.75,0.2069,0.0996,0.2774,0.1466
weecology,tcd_tile_3061,Western Guinean lowland forests,African tropical forest,,1339,0.3965,46,19,9,10,37,0.4737,0.1957,0.2769,0.5359,0.1275,0.206
weecology,tcd_tile_3062,Petén-Veracruz moist forests,Latin American forest,,3977,0.3965,66,200,20,180,46,0.1,0.303,0.1504,0.9797,0.1169,0.2089
weecology,tcd_tile_3063,Lesser Sundas deciduous forests,SE Asian & Pacific rainforest,,3970,0.3965,12,23,4,19,8,0.1739,0.3333,0.2286,0.6329,0.0592,0.1083
weecology,tcd_tile_3064,Snake-Columbia shrub steppe,Other,,841,0.3965,62,39,24,15,38,0.6154,0.3871,0.4752,0.9378,0.2873,0.4399
weecology,tcd_tile_3065,Southeastern mixed forests,N. American forest,,2961,0.3965,45,7,4,3,41,0.5714,0.0889,0.1538,0.9481,0.0135,0.0267
weecology,tcd_tile_3066,Mindanao-Eastern Visayas rain forests,SE Asian & Pacific rainforest,,1526,0.3965,120,165,30,135,90,0.1818,0.25,0.2105,0.9261,0.0368,0.0708
weecology,tcd_tile_3067,Fiji tropical dry forests,Other,,2749,0.3965,45,244,18,226,27,0.0738,0.4,0.1246,0.9368,0.0717,0.1332
weecology,tcd_tile_3068,Eastern Mediterranean conifer-sclerophyllous-broadleaf forests,Other,,1139,0.3965,36,16,10,6,26,0.625,0.2778,0.3846,0.6802,0.3138,0.4295
weecology,tcd_tile_3069,Magdalena Valley montane forests,Other,,2788,0.3965,67,13,8,5,59,0.6154,0.1194,0.2,0.8047,0.0167,0.0328
weecology,tcd_tile_307,East European forest steppe,European forest,,570,0.3965,9,29,5,24,4,0.1724,0.5556,0.2632,0.8851,0.1776,0.2958
weecology,tcd_tile_3070,Madeira-Tapajós moist forests,Latin American forest,,420,0.3965,1,716,1,715,0,0.0014,1.0,0.0028,0.9957,0.202,0.3359
weecology,tcd_tile_3071,Alto Paraná Atlantic forests,Other,,3154,0.3965,63,23,11,12,52,0.4783,0.1746,0.2558,0.6505,0.1527,0.2473
weecology,tcd_tile_3072,Changjiang Plain evergreen forests,Other,,4981,0.3965,96,90,34,56,62,0.3778,0.3542,0.3656,0.9382,0.1407,0.2447
weecology,tcd_tile_3073,Atlantic coastal pine barrens,Other,,3540,0.3965,84,44,4,40,80,0.0909,0.0476,0.0625,0.8534,0.0278,0.0539
weecology,tcd_tile_3074,Southern Zanzibar-Inhambane coastal forest mosaic,African tropical forest,,3963,0.3965,7,26,2,24,5,0.0769,0.2857,0.1212,0.2853,0.0524,0.0885
weecology,tcd_tile_3075,Baltic mixed forests,European forest,,2697,0.3965,2,14,0,14,2,0.0,0.0,0.0,0.0,0.0,0.0
weecology,tcd_tile_3076,Sulawesi lowland rain forests,SE Asian & Pacific rainforest,,4738,0.3965,226,146,60,86,166,0.411,0.2655,0.3226,0.9229,0.1531,0.2627
weecology,tcd_tile_3077,,Other,,596,0.3965,6,9,1,8,5,0.1111,0.1667,0.1333,0.1705,0.275,0.2105
weecology,tcd_tile_3078,Southern Zanzibar-Inhambane coastal forest mosaic,African tropical forest,,4840,0.3965,392,57,31,26,361,0.5439,0.0791,0.1381,0.9476,0.0904,0.165
weecology,tcd_tile_3079,Southeastern mixed forests,N. American forest,,4761,0.3965,69,22,15,7,54,0.6818,0.2174,0.3297,0.9384,0.0369,0.0711
weecology,tcd_tile_308,Southeastern mixed forests,N. American forest,,3870,0.3965,232,22,12,10,220,0.5455,0.0517,0.0945,0.5749,0.0886,0.1535
weecology,tcd_tile_3080,Northern Zanzibar-Inhambane coastal forest mosaic,African tropical forest,,894,0.3965,402,78,44,34,358,0.5641,0.1095,0.1833,0.7264,0.0809,0.1456
weecology,tcd_tile_3081,Sumatran lowland rain forests,SE Asian & Pacific rainforest,,271,0.3965,52,229,27,202,25,0.1179,0.5192,0.1922,0.9726,0.2152,0.3524
weecology,tcd_tile_3082,Luzon rain forests,SE Asian & Pacific rainforest,,3425,0.3965,4,87,1,86,3,0.0115,0.25,0.022,0.9905,0.0109,0.0217
weecology,tcd_tile_3083,Tasmanian temperate forests,Other,,2968,0.3965,4,128,1,127,3,0.0078,0.25,0.0152,0.9822,0.0218,0.0427
weecology,tcd_tile_3084,Celtic broadleaf forests,European forest,,3308,0.3965,26,45,9,36,17,0.2,0.3462,0.2535,0.4435,0.0375,0.0692
weecology,tcd_tile_3085,Mato Grosso seasonal forests,Latin American forest,,3095,0.3965,352,190,114,76,238,0.6,0.3239,0.4207,0.9224,0.256,0.4008
weecology,tcd_tile_3086,Nigerian lowland forests,African tropical forest,,4233,0.3965,0,31,0,31,0,0.0,0.0,0.0,0.0,0.0,0.0
weecology,tcd_tile_3087,,Other,,2791,0.3965,28,467,10,457,18,0.0214,0.3571,0.0404,0.9926,0.1386,0.2432
weecology,tcd_tile_3088,Northern Zanzibar-Inhambane coastal forest mosaic,African tropical forest,,2210,0.3965,173,554,83,471,90,0.1498,0.4798,0.2283,0.86,0.2348,0.3689
weecology,tcd_tile_3089,Vanuatu rain forests,Other,,3250,0.3965,1,11,1,10,0,0.0909,1.0,0.1667,0.9421,0.0125,0.0246
weecology,tcd_tile_309,Eastern Java-Bali rain forests,SE Asian & Pacific rainforest,,4821,0.3965,81,92,13,79,68,0.1413,0.1605,0.1503,0.926,0.0402,0.077
weecology,tcd_tile_3090,Northern Zanzibar-Inhambane coastal forest mosaic,African tropical forest,,2670,0.3965,10,4,2,2,8,0.5,0.2,0.2857,0.9369,0.0374,0.072
weecology,tcd_tile_3091,Upper Gangetic Plains moist deciduous forests,Other,,3304,0.3965,40,15,7,8,33,0.4667,0.175,0.2545,0.9854,0.0376,0.0725
weecology,tcd_tile_3092,Cerrado,Latin American forest,,1020,0.3965,159,84,32,52,127,0.381,0.2013,0.2634,0.8933,0.1213,0.2137
weecology,tcd_tile_3093,Western European broadleaf forests,European forest,,4120,0.3965,155,43,9,34,146,0.2093,0.0581,0.0909,0.4413,0.0894,0.1487
weecology,tcd_tile_3094,Madeira-Tapajós moist forests,Latin American forest,,4901,0.3965,1,578,1,577,0,0.0017,1.0,0.0035,0.9998,0.1627,0.2799
weecology,tcd_tile_3095,California interior chaparral and woodlands,Other,,765,0.3965,47,32,21,11,26,0.6562,0.4468,0.5316,0.7831,0.3572,0.4906
weecology,tcd_tile_3096,Celtic broadleaf forests,European forest,,2377,0.3965,10,16,4,12,6,0.25,0.4,0.3077,0.4396,0.0423,0.0772
weecology,tcd_tile_3097,Po Basin mixed forests,Other,,3420,0.3965,42,26,14,12,28,0.5385,0.3333,0.4118,0.9626,0.1598,0.2741
weecology,tcd_tile_3098,Northern Zanzibar-Inhambane coastal forest mosaic,African tropical forest,,1120,0.3965,14,11,4,7,10,0.3636,0.2857,0.32,0.7082,0.0081,0.0161
weecology,tcd_tile_3099,Bolivian montane dry forests,Latin American forest,,4853,0.3965,0,1,0,1,0,0.0,0.0,0.0,0.0,0.0,0.0
weecology,tcd_tile_31,Chilean matorral,Arid / dryland,,343,0.3965,20,6,1,5,19,0.1667,0.05,0.0769,0.0586,0.0411,0.0483
weecology,tcd_tile_310,Central Indochina dry forests,Other,,4293,0.3965,148,423,81,342,67,0.1915,0.5473,0.2837,0.9542,0.1231,0.218
weecology,tcd_tile_3100,South Siberian forest steppe,Other,,319,0.3965,40,129,25,104,15,0.1938,0.625,0.2959,0.7846,0.175,0.2862
weecology,tcd_tile_3101,Nihonkai montane deciduous forests,Other,,4936,0.3965,1,19,1,18,0,0.0526,1.0,0.1,0.9482,0.0076,0.0152
weecology,tcd_tile_3102,Northern Anatolian conifer and deciduous forests,Other,,3222,0.3965,45,29,5,24,40,0.1724,0.1111,0.1351,0.1213,0.0252,0.0417
weecology,tcd_tile_3103,Atlantic coastal pine barrens,Other,,2046,0.3965,64,22,8,14,56,0.3636,0.125,0.186,0.8893,0.0207,0.0404
weecology,tcd_tile_3104,Caucasus mixed forests,European forest,,1649,0.3965,2,1,1,0,1,1.0,0.5,0.6667,1.0,0.0045,0.009
weecology,tcd_tile_3105,Central European mixed forests,European forest,,2679,0.3965,54,18,9,9,45,0.5,0.1667,0.25,0.8413,0.0244,0.0475
weecology,tcd_tile_3106,Northern Zanzibar-Inhambane coastal forest mosaic,African tropical forest,,2140,0.3965,56,56,19,37,37,0.3393,0.3393,0.3393,0.8438,0.1398,0.2399
weecology,tcd_tile_3107,Chiquitano dry forests,Other,,1265,0.3965,21,11,2,9,19,0.1818,0.0952,0.125,0.2673,0.0101,0.0194
weecology,tcd_tile_3108,Western European broadleaf forests,European forest,,3122,0.3965,29,132,3,129,26,0.0227,0.1034,0.0373,0.9889,0.0506,0.0962
weecology,tcd_tile_3109,Eastern Great Lakes lowland forests,N. American forest,,4538,0.3965,85,41,20,21,65,0.4878,0.2353,0.3175,0.974,0.0448,0.0857
weecology,tcd_tile_311,Southern Great Lakes forests,N. American forest,,4442,0.3965,8,18,4,14,4,0.2222,0.5,0.3077,0.9871,0.0741,0.1379
weecology,tcd_tile_3110,Northern Zanzibar-Inhambane coastal forest mosaic,African tropical forest,,2635,0.3965,96,1,1,0,95,1.0,0.0104,0.0206,1.0,0.0012,0.0025
weecology,tcd_tile_3111,Western European broadleaf forests,European forest,,249,0.3965,24,93,19,74,5,0.2043,0.7917,0.3248,0.8681,0.0563,0.1058
weecology,tcd_tile_3112,Sierra Nevada forests,N. American forest,,2079,0.3965,78,389,51,338,27,0.1311,0.6538,0.2184,0.881,0.1294,0.2257
weecology,tcd_tile_3113,Taiwan subtropical evergreen forests,SE Asian & Pacific rainforest,,3440,0.3965,165,122,65,57,100,0.5328,0.3939,0.453,0.8995,0.228,0.3638
weecology,tcd_tile_3114,Hispaniolan moist forests,SE Asian & Pacific rainforest,,4343,0.3965,0,62,0,62,0,0.0,0.0,0.0,0.0,0.0,0.0
weecology,tcd_tile_3115,Southern Great Lakes forests,N. American forest,,1783,0.3965,24,5,3,2,21,0.6,0.125,0.2069,0.9608,0.0021,0.0043
weecology,tcd_tile_3116,Alto Paraná Atlantic forests,Other,,2103,0.3965,82,24,15,9,67,0.625,0.1829,0.283,0.7564,0.205,0.3226
weecology,tcd_tile_3117,,Other,,2846,0.3965,2,478,2,476,0,0.0042,1.0,0.0083,0.346,0.0974,0.152
weecology,tcd_tile_3118,New England-Acadian forests,N. American forest,,3954,0.3965,13,270,3,267,10,0.0111,0.2308,0.0212,0.9928,0.0826,0.1525
weecology,tcd_tile_3119,"Sao Tome, Principe and Annobon moist lowland forests",Other,,1634,0.3965,106,98,46,52,60,0.4694,0.434,0.451,0.9187,0.1638,0.2781
weecology,tcd_tile_312,Valdivian temperate forests,Other,,1852,0.3965,214,32,15,17,199,0.4688,0.0701,0.122,0.5264,0.0338,0.0635
weecology,tcd_tile_3120,East European forest steppe,European forest,,4267,0.3965,3,27,2,25,1,0.0741,0.6667,0.1333,0.9997,0.0242,0.0472
weecology,tcd_tile_3121,East European forest steppe,European forest,,4026,0.3965,45,17,12,5,33,0.7059,0.2667,0.3871,0.7255,0.0059,0.0116
weecology,tcd_tile_3122,Northern Zanzibar-Inhambane coastal forest mosaic,African tropical forest,,3795,0.3965,0,64,0,64,0,0.0,0.0,0.0,0.0,0.0,0.0
weecology,tcd_tile_3123,Mindanao-Eastern Visayas rain forests,SE Asian & Pacific rainforest,,353,0.3965,40,27,8,19,32,0.2963,0.2,0.2388,0.7431,0.07,0.128
weecology,tcd_tile_3124,Northern Zanzibar-Inhambane coastal forest mosaic,African tropical forest,,2185,0.3965,66,193,23,170,43,0.1192,0.3485,0.1776,0.9839,0.0872,0.1602
weecology,tcd_tile_3125,Northern Zanzibar-Inhambane coastal forest mosaic,African tropical forest,,1147,0.3965,17,190,4,186,13,0.0211,0.2353,0.0386,0.9988,0.0366,0.0707
weecology,tcd_tile_3126,Cerrado,Latin American forest,,295,0.3965,0,0,0,0,0,0.0,0.0,0.0,0.0,0.0,0.0
weecology,tcd_tile_3127,Pannonian mixed forests,European forest,,3387,0.3965,3,91,2,89,1,0.022,0.6667,0.0426,0.9999,0.0465,0.0889
weecology,tcd_tile_3128,Uatuma-Trombetas moist forests,Latin American forest,,2087,0.3965,142,152,18,134,124,0.1184,0.1268,0.1224,0.979,0.0511,0.0971
weecology,tcd_tile_3129,Madeira-Tapajós moist forests,Latin American forest,,1371,0.3965,1,810,1,809,0,0.0012,1.0,0.0025,0.9998,0.2045,0.3395
weecology,tcd_tile_313,Western European broadleaf forests,European forest,,3364,0.3965,56,21,11,10,45,0.5238,0.1964,0.2857,0.8204,0.1159,0.2032
weecology,tcd_tile_3130,Western Java rain forests,Other,,666,0.3965,267,97,53,44,214,0.5464,0.1985,0.2912,0.9089,0.1123,0.1999
weecology,tcd_tile_3131,Western Siberian hemiboreal forests,Other,,1960,0.3965,16,21,5,16,11,0.2381,0.3125,0.2703,0.7869,0.015,0.0295
weecology,tcd_tile_3132,Northeastern coastal forests,N. American forest,,3801,0.3965,15,27,7,20,8,0.2593,0.4667,0.3333,0.7923,0.0818,0.1483
weecology,tcd_tile_3133,Mato Grosso seasonal forests,Latin American forest,,3374,0.3965,73,67,37,30,36,0.5522,0.5068,0.5286,0.7398,0.3193,0.4461
weecology,tcd_tile_3134,Central European mixed forests,European forest,,4861,0.3965,31,25,13,12,18,0.52,0.4194,0.4643,0.9401,0.228,0.367
weecology,tcd_tile_3135,Atlantic mixed forests,European forest,,459,0.3965,6,175,5,170,1,0.0286,0.8333,0.0552,0.9616,0.0874,0.1603
weecology,tcd_tile_3136,Eastern Australian temperate forests,Other,,1463,0.3965,0,8,0,8,0,0.0,0.0,0.0,0.0,0.0,0.0
weecology,tcd_tile_3137,Appalachian-Blue Ridge forests,N. American forest,,2857,0.3965,154,25,18,7,136,0.72,0.1169,0.2011,0.7692,0.0755,0.1375
weecology,tcd_tile_3138,East European forest steppe,European forest,,3823,0.3965,139,64,41,23,98,0.6406,0.295,0.4039,0.9177,0.1796,0.3003
weecology,tcd_tile_3139,,Other,,549,0.3965,41,401,20,381,21,0.0499,0.4878,0.0905,0.969,0.07,0.1306
weecology,tcd_tile_314,East European forest steppe,European forest,,2693,0.3965,15,71,4,67,11,0.0563,0.2667,0.093,0.5548,0.029,0.0551
weecology,tcd_tile_3140,Scandinavian coastal conifer forests,Other,,2198,0.3965,3,190,3,187,0,0.0158,1.0,0.0311,0.9203,0.0386,0.0741
weecology,tcd_tile_3141,Sarmatic mixed forests,European forest,,2614,0.3965,1,9,1,8,0,0.1111,1.0,0.2,1.0,0.0848,0.1563
weecology,tcd_tile_3142,Palawan rain forests,SE Asian & Pacific rainforest,,3678,0.3965,0,10,0,10,0,0.0,0.0,0.0,0.0,0.0,0.0
weecology,tcd_tile_3143,Luzon rain forests,SE Asian & Pacific rainforest,,1695,0.3965,6,34,1,33,5,0.0294,0.1667,0.05,0.131,0.0035,0.0068
weecology,tcd_tile_3144,Southern Great Lakes forests,N. American forest,,3188,0.3965,2,0,0,0,2,0.0,0.0,0.0,0.0,0.0,0.0
weecology,tcd_tile_3145,Central American pine-oak forests,Other,,3224,0.3965,11,62,1,61,10,0.0161,0.0909,0.0274,0.9839,0.0633,0.1189
weecology,tcd_tile_3146,Central European mixed forests,European forest,,799,0.3965,59,52,29,23,30,0.5577,0.4915,0.5225,0.9252,0.1202,0.2128
weecology,tcd_tile_3147,Upper Gangetic Plains moist deciduous forests,Other,,3474,0.3965,134,63,32,31,102,0.5079,0.2388,0.3249,0.9408,0.078,0.144
weecology,tcd_tile_3148,Greater Negros-Panay rain forests,SE Asian & Pacific rainforest,,2638,0.3965,68,99,6,93,62,0.0606,0.0882,0.0719,0.997,0.0648,0.1217
weecology,tcd_tile_3149,Northern Zanzibar-Inhambane coastal forest mosaic,African tropical forest,,296,0.3965,60,15,13,2,47,0.8667,0.2167,0.3467,0.9077,0.0289,0.0559
weecology,tcd_tile_315,Changjiang Plain evergreen forests,Other,,3398,0.3965,100,62,21,41,79,0.3387,0.21,0.2593,0.9504,0.1048,0.1888
weecology,tcd_tile_3150,Sulawesi lowland rain forests,SE Asian & Pacific rainforest,,4681,0.3965,159,123,36,87,123,0.2927,0.2264,0.2553,0.9179,0.1483,0.2554
weecology,tcd_tile_3151,Sierra Nevada forests,N. American forest,,4131,0.3965,35,12,5,7,30,0.4167,0.1429,0.2128,0.9664,0.0259,0.0505
weecology,tcd_tile_3152,Northern Zanzibar-Inhambane coastal forest mosaic,African tropical forest,,999,0.3965,95,17,12,5,83,0.7059,0.1263,0.2143,0.9761,0.0119,0.0235
weecology,tcd_tile_3153,Peruvian Yungas,Latin American forest,,2732,0.3965,129,48,12,36,117,0.25,0.093,0.1356,0.6091,0.0108,0.0212
weecology,tcd_tile_3154,Western Guinean lowland forests,African tropical forest,,1117,0.3965,52,63,20,43,32,0.3175,0.3846,0.3478,0.5313,0.1852,0.2747
weecology,tcd_tile_3155,Northern Zanzibar-Inhambane coastal forest mosaic,African tropical forest,,3791,0.3965,80,25,15,10,65,0.6,0.1875,0.2857,0.8581,0.0651,0.1211
weecology,tcd_tile_3156,Northern Zanzibar-Inhambane coastal forest mosaic,African tropical forest,,4970,0.3965,15,12,1,11,14,0.0833,0.0667,0.0741,0.0938,0.0019,0.0037
weecology,tcd_tile_3157,,Other,,3284,0.3965,0,28,0,28,0,0.0,0.0,0.0,0.0,0.0,0.0
weecology,tcd_tile_3158,Madeira-Tapajós moist forests,Latin American forest,,1742,0.3965,1,1038,1,1037,0,0.001,1.0,0.0019,0.9984,0.2106,0.3479
weecology,tcd_tile_3159,Northern Zanzibar-Inhambane coastal forest mosaic,African tropical forest,,318,0.3965,219,188,100,88,119,0.5319,0.4566,0.4914,0.8795,0.1942,0.3182
weecology,tcd_tile_316,Baltic mixed forests,European forest,,4187,0.3965,313,62,23,39,290,0.371,0.0735,0.1227,0.4997,0.0394,0.073
weecology,tcd_tile_3160,Sierra Nevada forests,N. American forest,,3335,0.3965,18,52,13,39,5,0.25,0.7222,0.3714,0.8101,0.2901,0.4272
weecology,tcd_tile_3161,Southeastern mixed forests,N. American forest,,4141,0.3965,12,9,4,5,8,0.4444,0.3333,0.381,0.9731,0.0152,0.03
weecology,tcd_tile_3162,Bolivian montane dry forests,Latin American forest,,2475,0.3965,53,11,5,6,48,0.4545,0.0943,0.1562,0.4956,0.0127,0.0247
weecology,tcd_tile_3163,Sierra Nevada forests,N. American forest,,4520,0.3965,54,33,25,8,29,0.7576,0.463,0.5747,0.9208,0.2923,0.4438
weecology,tcd_tile_3164,Northern Zanzibar-Inhambane coastal forest mosaic,African tropical forest,,146,0.3965,84,177,56,121,28,0.3164,0.6667,0.4291,0.9285,0.149,0.2568
weecology,tcd_tile_3165,Sarmatic mixed forests,European forest,,2672,0.3965,45,80,19,61,26,0.2375,0.4222,0.304,0.5434,0.0261,0.0498
weecology,tcd_tile_3166,South Central Rockies forests,Other,,4664,0.3965,155,48,32,16,123,0.6667,0.2065,0.3153,0.9705,0.0539,0.1021
weecology,tcd_tile_3167,Sumatran lowland rain forests,SE Asian & Pacific rainforest,,2082,0.3965,99,119,18,101,81,0.1513,0.1818,0.1651,0.9449,0.0221,0.0431
weecology,tcd_tile_3168,Central European mixed forests,European forest,,2309,0.3965,110,55,28,27,82,0.5091,0.2545,0.3394,0.8904,0.0979,0.1765
weecology,tcd_tile_3169,Cerrado,Latin American forest,,1170,0.3965,1,19,0,19,1,0.0,0.0,0.0,0.0,0.0,0.0
weecology,tcd_tile_317,Central European mixed forests,European forest,,2395,0.3965,7,23,4,19,3,0.1739,0.5714,0.2667,0.9827,0.0219,0.0429
weecology,tcd_tile_3170,North Island temperate forests,Other,,1249,0.3965,38,13,7,6,31,0.5385,0.1842,0.2745,0.9889,0.0089,0.0177
weecology,tcd_tile_3171,Taiwan subtropical evergreen forests,SE Asian & Pacific rainforest,,1729,0.3965,78,34,21,13,57,0.6176,0.2692,0.375,0.9288,0.102,0.1838
weecology,tcd_tile_3172,Sarmatic mixed forests,European forest,,4872,0.3965,29,9,9,0,20,1.0,0.3103,0.4737,0.9748,0.0662,0.1241
weecology,tcd_tile_3173,Southern Great Lakes forests,N. American forest,,1952,0.3965,18,51,13,38,5,0.2549,0.7222,0.3768,0.9744,0.0928,0.1695
weecology,tcd_tile_3174,Southern Zanzibar-Inhambane coastal forest mosaic,African tropical forest,,202,0.3965,81,123,35,88,46,0.2846,0.4321,0.3431,0.8897,0.148,0.2538
weecology,tcd_tile_3175,Snake-Columbia shrub steppe,Other,,1260,0.3965,47,185,14,171,33,0.0757,0.2979,0.1207,0.9434,0.1057,0.1902
weecology,tcd_tile_3176,Western Siberian hemiboreal forests,Other,,1766,0.3965,28,53,6,47,22,0.1132,0.2143,0.1481,0.4949,0.044,0.0809
weecology,tcd_tile_3177,Cerrado,Latin American forest,,564,0.3965,28,175,14,161,14,0.08,0.5,0.1379,0.4818,0.0858,0.1457
weecology,tcd_tile_3178,Western European broadleaf forests,European forest,,3859,0.3965,45,17,10,7,35,0.5882,0.2222,0.3226,0.9624,0.0335,0.0648
weecology,tcd_tile_3179,Caucasus mixed forests,European forest,,648,0.3965,104,117,47,70,57,0.4017,0.4519,0.4253,0.9809,0.0857,0.1576
weecology,tcd_tile_318,,Other,,1740,0.3965,0,374,0,374,0,0.0,0.0,0.0,0.0,0.0,0.0
weecology,tcd_tile_3180,,Other,,1193,0.3965,83,29,19,10,64,0.6552,0.2289,0.3393,0.7366,0.0322,0.0617
weecology,tcd_tile_3181,East European forest steppe,European forest,,4056,0.3965,38,41,4,37,34,0.0976,0.1053,0.1013,0.3113,0.0237,0.044
weecology,tcd_tile_3182,Northern Zanzibar-Inhambane coastal forest mosaic,African tropical forest,,2315,0.3965,287,214,38,176,249,0.1776,0.1324,0.1517,0.941,0.1155,0.2058
weecology,tcd_tile_3183,Sulawesi lowland rain forests,SE Asian & Pacific rainforest,,4252,0.3965,135,95,53,42,82,0.5579,0.3926,0.4609,0.8483,0.1593,0.2683
weecology,tcd_tile_3184,English Lowlands beech forests,European forest,,3074,0.3965,8,9,3,6,5,0.3333,0.375,0.3529,0.9889,0.1272,0.2255
weecology,tcd_tile_3185,,Other,,1568,0.3965,53,7,5,2,48,0.7143,0.0943,0.1667,0.9573,0.0571,0.1077
weecology,tcd_tile_3186,East European forest steppe,European forest,,1087,0.3965,35,289,11,278,24,0.0381,0.3143,0.0679,0.9938,0.0955,0.1743
weecology,tcd_tile_3187,Northern Zanzibar-Inhambane coastal forest mosaic,African tropical forest,,4859,0.3965,198,315,102,213,96,0.3238,0.5152,0.3977,0.8834,0.1613,0.2728
weecology,tcd_tile_3188,Atlantic mixed forests,European forest,,1218,0.3965,37,26,19,7,18,0.7308,0.5135,0.6032,0.9672,0.1463,0.2541
weecology,tcd_tile_3189,Balkan mixed forests,European forest,,770,0.3965,54,47,23,24,31,0.4894,0.4259,0.4554,0.8881,0.0651,0.1213
weecology,tcd_tile_319,Mindanao-Eastern Visayas rain forests,SE Asian & Pacific rainforest,,2470,0.3965,100,123,15,108,85,0.122,0.15,0.1345,0.979,0.0319,0.0618
weecology,tcd_tile_3190,Uatuma-Trombetas moist forests,Latin American forest,,2044,0.3965,28,69,16,53,12,0.2319,0.5714,0.3299,0.8797,0.0215,0.0421
weecology,tcd_tile_3191,Crimean Submediterranean forest complex,Other,,3433,0.3965,158,77,33,44,125,0.4286,0.2089,0.2809,0.8045,0.0463,0.0876
weecology,tcd_tile_3192,Northeastern coastal forests,N. American forest,,1368,0.3965,98,43,27,16,71,0.6279,0.2755,0.383,0.9314,0.3782,0.538
weecology,tcd_tile_3193,Taiheiyo evergreen forests,Other,,2894,0.3965,42,56,20,36,22,0.3571,0.4762,0.4082,0.689,0.0759,0.1367
weecology,tcd_tile_3194,Hispaniolan moist forests,SE Asian & Pacific rainforest,,4438,0.3965,239,51,26,25,213,0.5098,0.1088,0.1793,0.6085,0.0585,0.1068
weecology,tcd_tile_3195,East European forest steppe,European forest,,2619,0.3965,169,95,65,30,104,0.6842,0.3846,0.4924,0.897,0.2821,0.4292
weecology,tcd_tile_3196,Changjiang Plain evergreen forests,Other,,4012,0.3965,102,17,11,6,91,0.6471,0.1078,0.1849,0.7733,0.0494,0.0929
weecology,tcd_tile_3197,Serra do Mar coastal forests,Latin American forest,,4507,0.3965,472,808,144,664,328,0.1782,0.3051,0.225,0.858,0.2066,0.333
weecology,tcd_tile_3198,Western European broadleaf forests,European forest,,3686,0.3965,35,7,4,3,31,0.5714,0.1143,0.1905,0.966,0.0062,0.0124
weecology,tcd_tile_3199,Ucayali moist forests,Latin American forest,,3201,0.3965,68,282,18,264,50,0.0638,0.2647,0.1029,0.9536,0.0858,0.1575
weecology,tcd_tile_32,Chilean matorral,Arid / dryland,,455,0.3965,42,51,15,36,27,0.2941,0.3571,0.3226,0.7508,0.0791,0.1431
weecology,tcd_tile_320,Southern Anatolian montane conifer and deciduous forests,Other,,818,0.3965,81,95,26,69,55,0.2737,0.321,0.2955,0.9763,0.1129,0.2024
weecology,tcd_tile_3200,Western Guinean lowland forests,African tropical forest,,4040,0.3965,48,12,3,9,45,0.25,0.0625,0.1,0.844,0.0282,0.0545
weecology,tcd_tile_3201,Po Basin mixed forests,Other,,1021,0.3965,36,44,24,20,12,0.5455,0.6667,0.6,0.8983,0.1709,0.2872
weecology,tcd_tile_3202,,Other,,886,0.3965,12,1,0,1,12,0.0,0.0,0.0,0.0,0.0,0.0
weecology,tcd_tile_3203,Alps conifer and mixed forests,European forest,,4302,0.3965,3,7,2,5,1,0.2857,0.6667,0.4,0.8346,0.0571,0.1069
weecology,tcd_tile_3204,Scandinavian Montane Birch forest and grasslands,Other,,158,0.3965,68,58,19,39,49,0.3276,0.2794,0.3016,0.9681,0.0204,0.0399
weecology,tcd_tile_3205,Celtic broadleaf forests,European forest,,2665,0.3965,122,21,11,10,111,0.5238,0.0902,0.1538,0.5159,0.0632,0.1127
weecology,tcd_tile_3206,New England-Acadian forests,N. American forest,,2056,0.3965,15,268,5,263,10,0.0187,0.3333,0.0353,0.9937,0.0907,0.1662
weecology,tcd_tile_3207,Luzon rain forests,SE Asian & Pacific rainforest,,3833,0.3965,110,118,20,98,90,0.1695,0.1818,0.1754,0.9422,0.02,0.0391
weecology,tcd_tile_3208,Central African mangroves,African tropical forest,,4517,0.3965,8,38,1,37,7,0.0263,0.125,0.0435,0.0904,0.1272,0.1057
weecology,tcd_tile_3209,Mindanao-Eastern Visayas rain forests,SE Asian & Pacific rainforest,,3307,0.3965,63,177,22,155,41,0.1243,0.3492,0.1833,0.8317,0.0761,0.1394
weecology,tcd_tile_321,Central European mixed forests,European forest,,2629,0.3965,26,0,0,0,26,0.0,0.0,0.0,0.0,0.0,0.0
weecology,tcd_tile_3210,Mindanao-Eastern Visayas rain forests,SE Asian & Pacific rainforest,,2574,0.3965,116,227,27,200,89,0.1189,0.2328,0.1574,0.8721,0.0647,0.1204
weecology,tcd_tile_3211,Sarmatic mixed forests,European forest,,2751,0.3965,39,45,8,37,31,0.1778,0.2051,0.1905,0.6294,0.0214,0.0414
weecology,tcd_tile_3212,Western European broadleaf forests,European forest,,4965,0.3965,13,8,1,7,12,0.125,0.0769,0.0952,0.8752,0.0064,0.0128
weecology,tcd_tile_3213,Sri Lanka dry-zone dry evergreen forests,Other,,2688,0.3965,147,149,61,88,86,0.4094,0.415,0.4122,0.8688,0.1838,0.3034
weecology,tcd_tile_3214,Northern Zanzibar-Inhambane coastal forest mosaic,African tropical forest,,3110,0.3965,75,74,27,47,48,0.3649,0.36,0.3624,0.8791,0.0355,0.0682
weecology,tcd_tile_3215,Balkan mixed forests,European forest,,1005,0.3965,116,32,19,13,97,0.5938,0.1638,0.2568,0.9158,0.025,0.0486
weecology,tcd_tile_3216,Northern Zanzibar-Inhambane coastal forest mosaic,African tropical forest,,3607,0.3965,25,55,6,49,19,0.1091,0.24,0.15,0.7985,0.0393,0.075
weecology,tcd_tile_3217,Petén-Veracruz moist forests,Latin American forest,,2436,0.3965,137,172,39,133,98,0.2267,0.2847,0.2524,0.8157,0.0641,0.1189
weecology,tcd_tile_3218,Sierra Nevada forests,N. American forest,,3972,0.3965,6,0,0,0,6,0.0,0.0,0.0,0.0,0.0,0.0
weecology,tcd_tile_3219,Mato Grosso seasonal forests,Latin American forest,,3298,0.3965,98,135,36,99,62,0.2667,0.3673,0.309,0.5748,0.1679,0.2599
weecology,tcd_tile_322,Tongan tropical moist forests,SE Asian & Pacific rainforest,,4522,0.3965,60,267,9,258,51,0.0337,0.15,0.055,0.9334,0.0443,0.0845
weecology,tcd_tile_3220,Caucasus mixed forests,European forest,,4062,0.3965,1,0,0,0,1,0.0,0.0,0.0,0.0,0.0,0.0
weecology,tcd_tile_3221,Northern Zanzibar-Inhambane coastal forest mosaic,African tropical forest,,1769,0.3965,20,11,7,4,13,0.6364,0.35,0.4516,0.8021,0.0465,0.0879
weecology,tcd_tile_3222,Mindanao-Eastern Visayas rain forests,SE Asian & Pacific rainforest,,102,0.3965,108,179,19,160,89,0.1061,0.1759,0.1324,0.8031,0.0629,0.1167
weecology,tcd_tile_3223,Luzon rain forests,SE Asian & Pacific rainforest,,3210,0.3965,1,79,1,78,0,0.0127,1.0,0.025,1.0,0.0082,0.0162
weecology,tcd_tile_3224,Balkan mixed forests,European forest,,4548,0.3965,98,16,10,6,88,0.625,0.102,0.1754,0.8289,0.1769,0.2916
weecology,tcd_tile_3225,Mindanao-Eastern Visayas rain forests,SE Asian & Pacific rainforest,,497,0.3965,134,187,44,143,90,0.2353,0.3284,0.2741,0.8226,0.1141,0.2004
weecology,tcd_tile_3226,Baltic mixed forests,European forest,,466,0.3965,35,34,14,20,21,0.4118,0.4,0.4058,0.9329,0.0801,0.1476
weecology,tcd_tile_3227,Northern Zanzibar-Inhambane coastal forest mosaic,African tropical forest,,3645,0.3965,113,464,88,376,25,0.1897,0.7788,0.305,0.8734,0.1866,0.3076
weecology,tcd_tile_3228,Tumbes-Piura dry forests,Other,,2831,0.3965,39,63,17,46,22,0.2698,0.4359,0.3333,0.8938,0.055,0.1036
weecology,tcd_tile_3229,Atlantic mixed forests,European forest,,974,0.3965,50,31,11,20,39,0.3548,0.22,0.2716,0.7841,0.0379,0.0723
weecology,tcd_tile_323,Tigris-Euphrates alluvial salt marsh,Other,,400,0.3965,165,80,59,21,106,0.7375,0.3576,0.4816,0.7779,0.3599,0.4922
weecology,tcd_tile_3230,Balkan mixed forests,European forest,,1802,0.3965,8,5,1,4,7,0.2,0.125,0.1538,0.2619,0.0003,0.0006
weecology,tcd_tile_3231,Northern Zanzibar-Inhambane coastal forest mosaic,African tropical forest,,1452,0.3965,105,138,19,119,86,0.1377,0.181,0.1564,0.9143,0.0577,0.1086
weecology,tcd_tile_3232,Northern Zanzibar-Inhambane coastal forest mosaic,African tropical forest,,806,0.3965,322,31,28,3,294,0.9032,0.087,0.1586,0.9433,0.0472,0.0899
weecology,tcd_tile_3233,Northeastern coastal forests,N. American forest,,2529,0.3965,9,42,3,39,6,0.0714,0.3333,0.1176,0.378,0.0078,0.0153
weecology,tcd_tile_3234,Madeira-Tapajós moist forests,Latin American forest,,4897,0.3965,1,459,1,458,0,0.0022,1.0,0.0043,1.0,0.1338,0.236
weecology,tcd_tile_3235,Peruvian Yungas,Latin American forest,,1599,0.3965,42,22,4,18,38,0.1818,0.0952,0.125,0.8459,0.0344,0.0661
weecology,tcd_tile_3236,Atlantic dry forests,Other,,785,0.3965,206,72,52,20,154,0.7222,0.2524,0.3741,0.9147,0.0933,0.1693
weecology,tcd_tile_3237,,Other,,3866,0.3965,4,170,3,167,1,0.0176,0.75,0.0345,0.999,0.04,0.0769
weecology,tcd_tile_3238,Richmond temperate forests,Other,,1899,0.3965,25,19,5,14,20,0.2632,0.2,0.2273,0.5112,0.0227,0.0435
weecology,tcd_tile_3239,Appalachian-Blue Ridge forests,N. American forest,,2429,0.3965,48,119,20,99,28,0.1681,0.4167,0.2395,0.9538,0.1266,0.2235
weecology,tcd_tile_324,Changjiang Plain evergreen forests,Other,,3650,0.3965,181,44,29,15,152,0.6591,0.1602,0.2578,0.7239,0.1154,0.199
weecology,tcd_tile_3240,Changjiang Plain evergreen forests,Other,,2965,0.3965,161,72,46,26,115,0.6389,0.2857,0.3948,0.8323,0.1431,0.2442
weecology,tcd_tile_3241,Central European mixed forests,European forest,,4551,0.3965,0,20,0,20,0,0.0,0.0,0.0,0.0,0.0,0.0
weecology,tcd_tile_3242,North Central Rockies forests,N. American forest,,3906,0.3965,3,396,2,394,1,0.0051,0.6667,0.01,0.9981,0.2193,0.3597
weecology,tcd_tile_3243,Appalachian mixed mesophytic forests,Other,,1872,0.3965,0,3,0,3,0,0.0,0.0,0.0,0.0,0.0,0.0
weecology,tcd_tile_3244,Western Guinean lowland forests,African tropical forest,,577,0.3965,74,41,15,26,59,0.3659,0.2027,0.2609,0.5478,0.164,0.2525
weecology,tcd_tile_3245,Sarmatic mixed forests,European forest,,456,0.3965,45,302,25,277,20,0.0828,0.5556,0.1441,0.698,0.0398,0.0752
weecology,tcd_tile_3246,Central European mixed forests,European forest,,1146,0.3965,36,83,22,61,14,0.2651,0.6111,0.3697,0.8787,0.1337,0.2321
weecology,tcd_tile_3247,Eastern Guinean forests,African tropical forest,,2109,0.3965,13,62,4,58,9,0.0645,0.3077,0.1067,0.9953,0.0193,0.0379
weecology,tcd_tile_3248,Hispaniolan moist forests,SE Asian & Pacific rainforest,,4931,0.3965,63,47,17,30,46,0.3617,0.2698,0.3091,0.5015,0.028,0.053
weecology,tcd_tile_3249,East European forest steppe,European forest,,3159,0.3965,52,18,13,5,39,0.7222,0.25,0.3714,0.8133,0.028,0.0541
weecology,tcd_tile_325,Northern California coastal forests,N. American forest,,3759,0.3965,8,18,3,15,5,0.1667,0.375,0.2308,0.7996,0.0021,0.0043
weecology,tcd_tile_3250,Southern Great Lakes forests,N. American forest,,1110,0.3965,19,14,8,6,11,0.5714,0.4211,0.4848,0.9211,0.1772,0.2973
weecology,tcd_tile_3251,Celtic broadleaf forests,European forest,,3135,0.3965,3,2,0,2,3,0.0,0.0,0.0,0.0,0.0,0.0
weecology,tcd_tile_3252,Timor and Wetar deciduous forests,SE Asian & Pacific rainforest,,3598,0.3965,202,74,29,45,173,0.3919,0.1436,0.2101,0.9591,0.0448,0.0856
weecology,tcd_tile_3253,Vanuatu rain forests,Other,,1830,0.3965,10,7,1,6,9,0.1429,0.1,0.1176,0.3309,0.0003,0.0006
weecology,tcd_tile_3254,Appalachian-Blue Ridge forests,N. American forest,,2316,0.3965,41,8,7,1,34,0.875,0.1707,0.2857,0.7763,0.0594,0.1103
weecology,tcd_tile_3255,Snake-Columbia shrub steppe,Other,,706,0.3965,17,11,3,8,14,0.2727,0.1765,0.2143,0.5758,0.0498,0.0916
weecology,tcd_tile_3256,Carpathian montane forests,Other,,3550,0.3965,34,130,11,119,23,0.0846,0.3235,0.1341,0.998,0.1325,0.2339
weecology,tcd_tile_3257,Po Basin mixed forests,Other,,2279,0.3965,19,19,7,12,12,0.3684,0.3684,0.3684,0.3254,0.0296,0.0542
weecology,tcd_tile_3258,Tongan tropical moist forests,SE Asian & Pacific rainforest,,4480,0.3965,28,297,6,291,22,0.0202,0.2143,0.0369,0.8877,0.0546,0.1029
weecology,tcd_tile_3259,,Other,,1106,0.3965,0,1,0,1,0,0.0,0.0,0.0,0.0,0.0,0.0
weecology,tcd_tile_326,Upper Midwest forest-savanna transition,N. American forest,,3952,0.3965,10,63,5,58,5,0.0794,0.5,0.137,0.9323,0.1049,0.1886
weecology,tcd_tile_3260,Central African mangroves,African tropical forest,,4959,0.3965,0,38,0,38,0,0.0,0.0,0.0,0.0,0.0,0.0
weecology,tcd_tile_3261,Hispaniolan moist forests,SE Asian & Pacific rainforest,,4399,0.3965,15,36,4,32,11,0.1111,0.2667,0.1569,0.1838,0.0213,0.0382
weecology,tcd_tile_3262,Northern Zanzibar-Inhambane coastal forest mosaic,African tropical forest,,4333,0.3965,398,515,185,330,213,0.3592,0.4648,0.4053,0.9345,0.2018,0.332
weecology,tcd_tile_3263,New England-Acadian forests,N. American forest,,3029,0.3965,27,325,11,314,16,0.0338,0.4074,0.0625,0.9932,0.1004,0.1824
weecology,tcd_tile_3264,Sierra Nevada forests,N. American forest,,1698,0.3965,0,6,0,6,0,0.0,0.0,0.0,0.0,0.0,0.0
weecology,tcd_tile_3265,Sarmatic mixed forests,European forest,,3696,0.3965,3,0,0,0,3,0.0,0.0,0.0,0.0,0.0,0.0
weecology,tcd_tile_3266,Northern Zanzibar-Inhambane coastal forest mosaic,African tropical forest,,1621,0.3965,163,17,16,1,147,0.9412,0.0982,0.1778,0.9168,0.0126,0.0248
weecology,tcd_tile_3267,Maputaland coastal forest mosaic,African tropical forest,,649,0.3965,0,6,0,6,0,0.0,0.0,0.0,0.0,0.0,0.0
weecology,tcd_tile_3268,Alto Paraná Atlantic forests,Other,,2254,0.3965,110,57,30,27,80,0.5263,0.2727,0.3593,0.432,0.2029,0.2762
weecology,tcd_tile_3269,Sierra Nevada forests,N. American forest,,1871,0.3965,33,5,4,1,29,0.8,0.1212,0.2105,0.8784,0.0507,0.0959
weecology,tcd_tile_327,Central European mixed forests,European forest,,1509,0.3965,17,11,5,6,12,0.4545,0.2941,0.3571,0.8046,0.0076,0.015
weecology,tcd_tile_3270,Central American pine-oak forests,Other,,2616,0.3965,21,68,5,63,16,0.0735,0.2381,0.1124,0.9989,0.1572,0.2716
weecology,tcd_tile_3271,Taiheiyo evergreen forests,Other,,3959,0.3965,25,408,12,396,13,0.0294,0.48,0.0554,0.9667,0.1891,0.3164
weecology,tcd_tile_3272,Eastern Mediterranean conifer-sclerophyllous-broadleaf forests,Other,,217,0.3965,98,45,32,13,66,0.7111,0.3265,0.4476,0.916,0.2947,0.446
weecology,tcd_tile_3273,Northeastern coastal forests,N. American forest,,2013,0.3965,15,29,7,22,8,0.2414,0.4667,0.3182,0.8109,0.0283,0.0547
weecology,tcd_tile_3274,Northern Zanzibar-Inhambane coastal forest mosaic,African tropical forest,,888,0.3965,105,154,47,107,58,0.3052,0.4476,0.3629,0.5848,0.2459,0.3462
weecology,tcd_tile_3275,Northern Zanzibar-Inhambane coastal forest mosaic,African tropical forest,,4378,0.3965,114,102,17,85,97,0.1667,0.1491,0.1574,0.8764,0.018,0.0353
weecology,tcd_tile_3276,Northern Congolian forest-savanna mosaic,African tropical forest,,1142,0.3965,66,15,9,6,57,0.6,0.1364,0.2222,0.524,0.0915,0.1558
weecology,tcd_tile_3277,Taiwan subtropical evergreen forests,SE Asian & Pacific rainforest,,2181,0.3965,34,106,8,98,26,0.0755,0.2353,0.1143,0.8279,0.0954,0.1711
weecology,tcd_tile_3278,Eastern Java-Bali rain forests,SE Asian & Pacific rainforest,,4046,0.3965,133,201,64,137,69,0.3184,0.4812,0.3832,0.9192,0.2043,0.3343
weecology,tcd_tile_3279,Lesser Sundas deciduous forests,SE Asian & Pacific rainforest,,2437,0.3965,103,71,10,61,93,0.1408,0.0971,0.1149,0.5498,0.0893,0.1537
weecology,tcd_tile_328,Veracruz moist forests,Other,,3013,0.3965,15,21,2,19,13,0.0952,0.1333,0.1111,0.2924,0.0025,0.0049
weecology,tcd_tile_3280,Northern Anatolian conifer and deciduous forests,Other,,542,0.3965,5,13,1,12,4,0.0769,0.2,0.1111,0.3134,0.0414,0.0732
weecology,tcd_tile_3281,Sierra Nevada forests,N. American forest,,4876,0.3965,154,121,62,59,92,0.5124,0.4026,0.4509,0.853,0.1365,0.2353
weecology,tcd_tile_3282,Northern Zanzibar-Inhambane coastal forest mosaic,African tropical forest,,672,0.3965,202,291,42,249,160,0.1443,0.2079,0.1704,0.8142,0.0758,0.1386
weecology,tcd_tile_3283,Northern Zanzibar-Inhambane coastal forest mosaic,African tropical forest,,188,0.3965,98,279,48,231,50,0.172,0.4898,0.2546,0.6665,0.1746,0.2767
weecology,tcd_tile_3284,Madeira-Tapajós moist forests,Latin American forest,,1222,0.3965,2,414,1,413,1,0.0024,0.5,0.0048,1.0,0.1369,0.2408
weecology,tcd_tile_3285,Central European mixed forests,European forest,,3480,0.3965,90,98,25,73,65,0.2551,0.2778,0.266,0.9641,0.0618,0.1161
weecology,tcd_tile_3286,Northern Zanzibar-Inhambane coastal forest mosaic,African tropical forest,,279,0.3965,344,383,214,169,130,0.5587,0.6221,0.5887,0.8068,0.3762,0.5131
weecology,tcd_tile_3287,Lesser Sundas deciduous forests,SE Asian & Pacific rainforest,,3508,0.3965,3,52,1,51,2,0.0192,0.3333,0.0364,0.9216,0.0147,0.029
weecology,tcd_tile_3288,Southern Korea evergreen forests,Other,,2721,0.3965,133,76,29,47,104,0.3816,0.218,0.2775,0.8186,0.0822,0.1494
weecology,tcd_tile_3289,Bolivian montane dry forests,Latin American forest,,3521,0.3965,26,46,3,43,23,0.0652,0.1154,0.0833,0.9987,0.0085,0.0169
weecology,tcd_tile_329,Sarmatic mixed forests,European forest,,1092,0.3965,5,262,2,260,3,0.0076,0.4,0.015,0.7466,0.0253,0.049
weecology,tcd_tile_3290,North Central Rockies forests,N. American forest,,3857,0.3965,1,239,1,238,0,0.0042,1.0,0.0083,0.9984,0.0863,0.1589
weecology,tcd_tile_3291,Southern Zanzibar-Inhambane coastal forest mosaic,African tropical forest,,2213,0.3965,180,99,32,67,148,0.3232,0.1778,0.2294,0.9664,0.0715,0.1332
weecology,tcd_tile_3292,,Other,,3665,0.3965,3,93,2,91,1,0.0215,0.6667,0.0417,0.9947,0.0242,0.0472
weecology,tcd_tile_3293,Southeastern mixed forests,N. American forest,,3824,0.3965,49,42,11,31,38,0.2619,0.2245,0.2418,0.8789,0.0677,0.1258
weecology,tcd_tile_3294,Northern Zanzibar-Inhambane coastal forest mosaic,African tropical forest,,2232,0.3965,214,312,115,197,99,0.3686,0.5374,0.4373,0.7972,0.24,0.3689
weecology,tcd_tile_3295,Northern Zanzibar-Inhambane coastal forest mosaic,African tropical forest,,2994,0.3965,83,142,43,99,40,0.3028,0.5181,0.3822,0.8802,0.1212,0.213
weecology,tcd_tile_3296,Southern Zanzibar-Inhambane coastal forest mosaic,African tropical forest,,4772,0.3965,184,192,56,136,128,0.2917,0.3043,0.2979,0.923,0.1129,0.2012
weecology,tcd_tile_3297,Pannonian mixed forests,European forest,,3109,0.3965,110,176,27,149,83,0.1534,0.2455,0.1888,0.4325,0.0689,0.1189
weecology,tcd_tile_3298,Atlantic mixed forests,European forest,,4456,0.3965,1,61,1,60,0,0.0164,1.0,0.0323,0.9681,0.0843,0.1552
weecology,tcd_tile_3299,Balkan mixed forests,European forest,,952,0.3965,79,42,24,18,55,0.5714,0.3038,0.3967,0.7483,0.0291,0.056
weecology,tcd_tile_33,Chilean matorral,Arid / dryland,,92,0.3965,132,127,45,82,87,0.3543,0.3409,0.3475,0.8346,0.1156,0.2031
weecology,tcd_tile_330,,Other,,4220,0.3965,22,360,6,354,16,0.0167,0.2727,0.0314,0.9973,0.0843,0.1554
weecology,tcd_tile_3300,Central Indochina dry forests,Other,,4756,0.3965,248,272,102,170,146,0.375,0.4113,0.3923,0.8789,0.166,0.2793
weecology,tcd_tile_3301,"Sao Tome, Principe and Annobon moist lowland forests",Other,,269,0.3965,400,533,248,285,152,0.4653,0.62,0.5316,0.838,0.4172,0.557
weecology,tcd_tile_3302,Northern Zanzibar-Inhambane coastal forest mosaic,African tropical forest,,1338,0.3965,103,46,19,27,84,0.413,0.1845,0.255,0.7695,0.0239,0.0464
weecology,tcd_tile_3303,Mindanao-Eastern Visayas rain forests,SE Asian & Pacific rainforest,,3715,0.3965,11,0,0,0,11,0.0,0.0,0.0,0.0,0.0,0.0
weecology,tcd_tile_3304,Northern Zanzibar-Inhambane coastal forest mosaic,African tropical forest,,696,0.3965,13,3,3,0,10,1.0,0.2308,0.375,0.8155,0.114,0.2
weecology,tcd_tile_3305,Tongan tropical moist forests,SE Asian & Pacific rainforest,,995,0.3965,0,232,0,232,0,0.0,0.0,0.0,0.0,0.0,0.0
weecology,tcd_tile_3306,Central Pacific coastal forests,Other,,2173,0.3965,8,9,1,8,7,0.1111,0.125,0.1176,0.8166,0.0254,0.0492
weecology,tcd_tile_3307,South Central Rockies forests,Other,,4631,0.3965,34,10,5,5,29,0.5,0.1471,0.2273,0.9243,0.0193,0.0378
weecology,tcd_tile_3308,Celtic broadleaf forests,European forest,,2392,0.3965,51,23,11,12,40,0.4783,0.2157,0.2973,0.7207,0.0377,0.0717
weecology,tcd_tile_3309,Timor and Wetar deciduous forests,SE Asian & Pacific rainforest,,76,0.3965,34,16,6,10,28,0.375,0.1765,0.24,0.5159,0.0356,0.0666
weecology,tcd_tile_331,Carpathian montane forests,Other,,2320,0.3965,20,207,4,203,16,0.0193,0.2,0.0352,0.9998,0.2074,0.3436
weecology,tcd_tile_3310,Hispaniolan moist forests,SE Asian & Pacific rainforest,,4702,0.3965,0,60,0,60,0,0.0,0.0,0.0,0.0,0.0,0.0
weecology,tcd_tile_3311,Central European mixed forests,European forest,,374,0.3965,59,61,24,37,35,0.3934,0.4068,0.4,0.7962,0.0601,0.1118
weecology,tcd_tile_3312,Changjiang Plain evergreen forests,Other,,4585,0.3965,0,27,0,27,0,0.0,0.0,0.0,0.0,0.0,0.0
weecology,tcd_tile_3313,Willamette Valley forests,N. American forest,,2225,0.3965,0,25,0,25,0,0.0,0.0,0.0,0.0,0.0,0.0
weecology,tcd_tile_3314,Po Basin mixed forests,Other,,3399,0.3965,25,296,15,281,10,0.0507,0.6,0.0935,0.9192,0.1635,0.2776
weecology,tcd_tile_3315,Luzon rain forests,SE Asian & Pacific rainforest,,832,0.3965,14,6,4,2,10,0.6667,0.2857,0.4,0.6053,0.0823,0.1449
weecology,tcd_tile_3316,Eastern Great Lakes lowland forests,N. American forest,,4147,0.3965,23,3,2,1,21,0.6667,0.087,0.1538,0.2426,0.0079,0.0153
weecology,tcd_tile_3317,Upper Midwest forest-savanna transition,N. American forest,,1753,0.3965,30,173,17,156,13,0.0983,0.5667,0.1675,0.9867,0.1521,0.2635
weecology,tcd_tile_3318,California interior chaparral and woodlands,Other,,1274,0.3965,0,0,0,0,0,0.0,0.0,0.0,0.0,0.0,0.0
weecology,tcd_tile_3319,Western European broadleaf forests,European forest,,4420,0.3965,1,7,1,6,0,0.1429,1.0,0.25,0.9611,0.0027,0.0054
weecology,tcd_tile_332,Southern Zanzibar-Inhambane coastal forest mosaic,African tropical forest,,4212,0.3965,39,28,8,20,31,0.2857,0.2051,0.2388,0.9793,0.0513,0.0975
weecology,tcd_tile_3320,English Lowlands beech forests,European forest,,2907,0.3965,4,5,0,5,4,0.0,0.0,0.0,0.0,0.0,0.0
weecology,tcd_tile_3321,,Other,,1834,0.3965,0,18,0,18,0,0.0,0.0,0.0,0.0,0.0,0.0
weecology,tcd_tile_3322,Western European broadleaf forests,European forest,,1567,0.3965,12,99,3,96,9,0.0303,0.25,0.0541,0.9945,0.0644,0.121
weecology,tcd_tile_3323,Southeastern mixed forests,N. American forest,,5024,0.3965,6,406,4,402,2,0.0099,0.6667,0.0194,0.9804,0.2026,0.3358
weecology,tcd_tile_3324,Western European broadleaf forests,European forest,,5006,0.3965,5,31,3,28,2,0.0968,0.6,0.1667,1.0,0.046,0.088
weecology,tcd_tile_3325,,Other,,2689,0.3965,29,5,4,1,25,0.8,0.1379,0.2353,0.8341,0.0747,0.1372
weecology,tcd_tile_3326,Sulawesi lowland rain forests,SE Asian & Pacific rainforest,,4532,0.3965,256,84,54,30,202,0.6429,0.2109,0.3176,0.9317,0.2278,0.3661
weecology,tcd_tile_3327,Northern Zanzibar-Inhambane coastal forest mosaic,African tropical forest,,290,0.3965,99,214,30,184,69,0.1402,0.303,0.1917,0.8173,0.0956,0.1712
weecology,tcd_tile_3328,Northern Zanzibar-Inhambane coastal forest mosaic,African tropical forest,,2444,0.3965,103,168,39,129,64,0.2321,0.3786,0.2878,0.7952,0.1344,0.2299
weecology,tcd_tile_3329,Pannonian mixed forests,European forest,,3282,0.3965,59,12,5,7,54,0.4167,0.0847,0.1408,0.9714,0.0411,0.0789
weecology,tcd_tile_333,Atlantic mixed forests,European forest,,1891,0.3965,8,11,1,10,7,0.0909,0.125,0.1053,0.1497,0.0199,0.0351
weecology,tcd_tile_3330,Northern Zanzibar-Inhambane coastal forest mosaic,African tropical forest,,1318,0.3965,34,60,8,52,26,0.1333,0.2353,0.1702,0.9115,0.0252,0.0491
weecology,tcd_tile_3331,Eastern Java-Bali rain forests,SE Asian & Pacific rainforest,,4735,0.3965,26,36,12,24,14,0.3333,0.4615,0.3871,0.9453,0.0939,0.1708
weecology,tcd_tile_3332,Mindanao-Eastern Visayas rain forests,SE Asian & Pacific rainforest,,4440,0.3965,5,261,2,259,3,0.0077,0.4,0.015,0.9943,0.0801,0.1483
weecology,tcd_tile_3333,Northern Zanzibar-Inhambane coastal forest mosaic,African tropical forest,,433,0.3965,37,83,18,65,19,0.2169,0.4865,0.3,0.5458,0.0476,0.0875
weecology,tcd_tile_3334,Tongan tropical moist forests,SE Asian & Pacific rainforest,,798,0.3965,18,288,9,279,9,0.0312,0.5,0.0588,0.9265,0.0598,0.1123
weecology,tcd_tile_3335,Central African mangroves,African tropical forest,,5007,0.3965,3,38,2,36,1,0.0526,0.6667,0.0976,0.0151,0.5658,0.0295
weecology,tcd_tile_3336,North Central Rockies forests,N. American forest,,2966,0.3965,11,363,1,362,10,0.0028,0.0909,0.0053,0.9998,0.1318,0.2329
weecology,tcd_tile_3337,Sarmatic mixed forests,European forest,,4130,0.3965,53,71,17,54,36,0.2394,0.3208,0.2742,0.9934,0.1631,0.2803
weecology,tcd_tile_3338,Cardamom Mountains rain forests,Other,,2743,0.3965,307,577,162,415,145,0.2808,0.5277,0.3665,0.9889,0.1294,0.2289
weecology,tcd_tile_3339,Atlantic mixed forests,European forest,,4234,0.3965,13,126,8,118,5,0.0635,0.6154,0.1151,0.9751,0.1494,0.2592
weecology,tcd_tile_334,Sarmatic mixed forests,European forest,,2546,0.3965,3,26,3,23,0,0.1154,1.0,0.2069,0.9691,0.0261,0.0508
weecology,tcd_tile_3340,Crimean Submediterranean forest complex,Other,,3489,0.3965,9,19,0,19,9,0.0,0.0,0.0,0.0,0.0,0.0
weecology,tcd_tile_3341,Southern Great Lakes forests,N. American forest,,2993,0.3965,17,7,3,4,14,0.4286,0.1765,0.25,0.7674,0.0547,0.1022
weecology,tcd_tile_3342,Northern Zanzibar-Inhambane coastal forest mosaic,African tropical forest,,3205,0.3965,1,309,1,308,0,0.0032,1.0,0.0065,1.0,0.0523,0.0994
weecology,tcd_tile_3343,Hispaniolan dry forests,Other,,4814,0.3965,45,145,20,125,25,0.1379,0.4444,0.2105,0.9242,0.0928,0.1686
weecology,tcd_tile_3344,Balsas dry forests,Other,,3571,0.3965,57,29,5,24,52,0.1724,0.0877,0.1163,0.5666,0.0299,0.0569
weecology,tcd_tile_3345,Lesser Sundas deciduous forests,SE Asian & Pacific rainforest,,2125,0.3965,13,68,4,64,9,0.0588,0.3077,0.0988,0.9304,0.0373,0.0718
weecology,tcd_tile_3346,Caucasus mixed forests,European forest,,3350,0.3965,6,3,1,2,5,0.3333,0.1667,0.2222,1.0,0.0095,0.0189
weecology,tcd_tile_3347,Western European broadleaf forests,European forest,,2412,0.3965,33,80,12,68,21,0.15,0.3636,0.2124,0.9626,0.038,0.0732
weecology,tcd_tile_3348,California interior chaparral and woodlands,Other,,508,0.3965,9,0,0,0,9,0.0,0.0,0.0,0.0,0.0,0.0
weecology,tcd_tile_3349,,Other,,1893,0.3965,0,0,0,0,0,0.0,0.0,0.0,0.0,0.0,0.0
weecology,tcd_tile_335,Iberian sclerophyllous and semi-deciduous forests,Other,,1198,0.3965,168,77,54,23,114,0.7013,0.3214,0.4408,0.9323,0.0948,0.1721
weecology,tcd_tile_3350,Central European mixed forests,European forest,,312,0.3965,29,53,14,39,15,0.2642,0.4828,0.3415,0.8885,0.0397,0.076
weecology,tcd_tile_3351,Southern Zanzibar-Inhambane coastal forest mosaic,African tropical forest,,4612,0.3965,170,112,36,76,134,0.3214,0.2118,0.2553,0.9902,0.0727,0.1355
weecology,tcd_tile_3352,Central European mixed forests,European forest,,2175,0.3965,29,17,6,11,23,0.3529,0.2069,0.2609,0.7136,0.0163,0.0319
weecology,tcd_tile_3353,Northern Zanzibar-Inhambane coastal forest mosaic,African tropical forest,,1309,0.3965,97,149,32,117,65,0.2148,0.3299,0.2602,0.7468,0.0284,0.0547
weecology,tcd_tile_3354,Central forest-grasslands transition,Other,,327,0.3965,93,38,25,13,68,0.6579,0.2688,0.3817,0.9555,0.075,0.1391
weecology,tcd_tile_3355,Sarmatic mixed forests,European forest,,4788,0.3965,78,62,20,42,58,0.3226,0.2564,0.2857,0.6202,0.1463,0.2368
weecology,tcd_tile_3356,Northern Zanzibar-Inhambane coastal forest mosaic,African tropical forest,,368,0.3965,38,139,20,119,18,0.1439,0.5263,0.226,0.8945,0.1021,0.1833
weecology,tcd_tile_3357,Northern Zanzibar-Inhambane coastal forest mosaic,African tropical forest,,520,0.3965,44,91,11,80,33,0.1209,0.25,0.163,0.8646,0.0229,0.0446
weecology,tcd_tile_3358,Petén-Veracruz moist forests,Latin American forest,,3369,0.3965,98,79,35,44,63,0.443,0.3571,0.3955,0.7424,0.0788,0.1425
weecology,tcd_tile_3359,Northern Zanzibar-Inhambane coastal forest mosaic,African tropical forest,,1195,0.3965,88,94,32,62,56,0.3404,0.3636,0.3516,0.8307,0.0391,0.0748
weecology,tcd_tile_336,English Lowlands beech forests,European forest,,2193,0.3965,3,95,2,93,1,0.0211,0.6667,0.0408,0.9994,0.0599,0.113
weecology,tcd_tile_3360,Southern Great Lakes forests,N. American forest,,4273,0.3965,73,145,31,114,42,0.2138,0.4247,0.2844,0.9456,0.1311,0.2302
weecology,tcd_tile_3361,Hispaniolan moist forests,SE Asian & Pacific rainforest,,4394,0.3965,0,43,0,43,0,0.0,0.0,0.0,0.0,0.0,0.0
weecology,tcd_tile_3362,Taiwan subtropical evergreen forests,SE Asian & Pacific rainforest,,3130,0.3965,84,58,26,32,58,0.4483,0.3095,0.3662,0.857,0.302,0.4466
weecology,tcd_tile_3363,Southern Zanzibar-Inhambane coastal forest mosaic,African tropical forest,,407,0.3965,6,4,2,2,4,0.5,0.3333,0.4,0.8063,0.3885,0.5243
weecology,tcd_tile_3364,Northern Zanzibar-Inhambane coastal forest mosaic,African tropical forest,,1945,0.3965,1,882,1,881,0,0.0011,1.0,0.0023,1.0,0.1911,0.3208
weecology,tcd_tile_3365,Araucaria moist forests,Other,,450,0.3965,141,285,43,242,98,0.1509,0.305,0.2019,0.9515,0.1854,0.3103
weecology,tcd_tile_3366,Central Indochina dry forests,Other,,4743,0.3965,102,142,38,104,64,0.2676,0.3725,0.3115,0.8334,0.0824,0.1499
weecology,tcd_tile_3367,Caucasus mixed forests,European forest,,1625,0.3965,6,3,1,2,5,0.3333,0.1667,0.2222,0.6424,0.0011,0.0022
weecology,tcd_tile_3368,Atlantic mixed forests,European forest,,530,0.3965,7,115,4,111,3,0.0348,0.5714,0.0656,0.9911,0.1157,0.2072
weecology,tcd_tile_3369,Central Indochina dry forests,Other,,4375,0.3965,29,283,9,274,20,0.0318,0.3103,0.0577,0.9576,0.1383,0.2416
weecology,tcd_tile_337,Taiheiyo evergreen forests,Other,,2304,0.3965,250,53,32,21,218,0.6038,0.128,0.2112,0.5547,0.0569,0.1032
weecology,tcd_tile_3370,Granitic Seychelles forests,Other,,1137,0.3965,76,249,29,220,47,0.1165,0.3816,0.1785,0.9138,0.0586,0.1101
weecology,tcd_tile_3371,Eastern Java-Bali rain forests,SE Asian & Pacific rainforest,,4227,0.3965,50,95,13,82,37,0.1368,0.26,0.1793,0.9389,0.0522,0.099
weecology,tcd_tile_3372,Southeast Australia temperate forests,Other,,1494,0.3965,8,48,3,45,5,0.0625,0.375,0.1071,0.9831,0.02,0.0392
weecology,tcd_tile_3373,Caucasus mixed forests,European forest,,4174,0.3965,11,2,1,1,10,0.5,0.0909,0.1538,1.0,0.0003,0.0005
weecology,tcd_tile_3374,Mindanao-Eastern Visayas rain forests,SE Asian & Pacific rainforest,,2607,0.3965,71,116,21,95,50,0.181,0.2958,0.2246,0.774,0.0878,0.1577
weecology,tcd_tile_3375,Western Guinean lowland forests,African tropical forest,,439,0.3965,31,25,11,14,20,0.44,0.3548,0.3929,0.4716,0.2351,0.3138
weecology,tcd_tile_3376,Northern Zanzibar-Inhambane coastal forest mosaic,African tropical forest,,3139,0.3965,30,71,11,60,19,0.1549,0.3667,0.2178,0.8249,0.0274,0.053
weecology,tcd_tile_3377,Northern mixed grasslands,Other,,1078,0.3965,33,21,14,7,19,0.6667,0.4242,0.5185,0.9212,0.227,0.3642
weecology,tcd_tile_3378,"Sao Tome, Principe and Annobon moist lowland forests",Other,,16,0.3965,329,209,98,111,231,0.4689,0.2979,0.3643,0.9014,0.2073,0.337
weecology,tcd_tile_3379,Southern Great Lakes forests,N. American forest,,3899,0.3965,13,6,2,4,11,0.3333,0.1538,0.2105,0.9507,0.0555,0.1049
weecology,tcd_tile_338,Atlantic mixed forests,European forest,,2439,0.3965,3,48,2,46,1,0.0417,0.6667,0.0784,0.755,0.0284,0.0547
weecology,tcd_tile_3380,Northeastern coastal forests,N. American forest,,114,0.3965,72,49,32,17,40,0.6531,0.4444,0.5289,0.927,0.6608,0.7716
weecology,tcd_tile_3381,Nihonkai montane deciduous forests,Other,,4966,0.3965,1,18,1,17,0,0.0556,1.0,0.1053,1.0,0.003,0.0059
weecology,tcd_tile_3382,Northern Zanzibar-Inhambane coastal forest mosaic,African tropical forest,,3175,0.3965,29,158,3,155,26,0.019,0.1034,0.0321,0.9821,0.0529,0.1004
weecology,tcd_tile_3383,,Other,,1409,0.3965,0,342,0,342,0,0.0,0.0,0.0,0.0,0.0,0.0
weecology,tcd_tile_3384,Madeira-Tapajós moist forests,Latin American forest,,3111,0.3965,8,226,4,222,4,0.0177,0.5,0.0342,0.9622,0.0629,0.118
weecology,tcd_tile_3385,Atlantic dry forests,Other,,738,0.3965,373,75,56,19,317,0.7467,0.1501,0.25,0.8652,0.0963,0.1733
weecology,tcd_tile_3386,Baltic mixed forests,European forest,,1455,0.3965,23,38,15,23,8,0.3947,0.6522,0.4918,0.8693,0.055,0.1035
weecology,tcd_tile_3387,Northern Zanzibar-Inhambane coastal forest mosaic,African tropical forest,,755,0.3965,220,73,48,25,172,0.6575,0.2182,0.3276,0.9132,0.05,0.0947
weecology,tcd_tile_3388,North Central Rockies forests,N. American forest,,1540,0.3965,4,588,1,587,3,0.0017,0.25,0.0034,0.9993,0.2665,0.4208
weecology,tcd_tile_3389,,Other,,943,0.3965,13,7,1,6,12,0.1429,0.0769,0.1,0.0125,0.001,0.0019
weecology,tcd_tile_339,Iquitos varzeá,Other,,2826,0.3965,68,90,25,65,43,0.2778,0.3676,0.3165,0.6004,0.078,0.138
weecology,tcd_tile_3390,Veracruz moist forests,Other,,3501,0.3965,73,36,14,22,59,0.3889,0.1918,0.2569,0.8943,0.1695,0.285
weecology,tcd_tile_3391,Central Andean puna,Other,,11,0.3965,35,0,0,0,35,0.0,0.0,0.0,0.0,0.0,0.0
weecology,tcd_tile_3392,Luzon rain forests,SE Asian & Pacific rainforest,,2199,0.3965,17,10,7,3,10,0.7,0.4118,0.5185,0.7024,0.0428,0.0807
weecology,tcd_tile_3393,Northeastern coastal forests,N. American forest,,3217,0.3965,0,0,0,0,0,0.0,0.0,0.0,0.0,0.0,0.0
weecology,tcd_tile_3394,"Sao Tome, Principe and Annobon moist lowland forests",Other,,266,0.3965,68,131,35,96,33,0.2672,0.5147,0.3518,0.9463,0.2821,0.4346
weecology,tcd_tile_3395,Sulawesi lowland rain forests,SE Asian & Pacific rainforest,,4214,0.3965,135,59,35,24,100,0.5932,0.2593,0.3608,0.8338,0.0448,0.085
weecology,tcd_tile_3396,Madeira-Tapajós moist forests,Latin American forest,,3174,0.3965,1,580,1,579,0,0.0017,1.0,0.0034,0.9999,0.1592,0.2747
weecology,tcd_tile_3397,Crimean Submediterranean forest complex,Other,,1788,0.3965,52,67,17,50,35,0.2537,0.3269,0.2857,0.9363,0.022,0.043
weecology,tcd_tile_3398,Timor and Wetar deciduous forests,SE Asian & Pacific rainforest,,578,0.3965,218,39,24,15,194,0.6154,0.1101,0.1868,0.7798,0.0287,0.0553
weecology,tcd_tile_3399,Alps conifer and mixed forests,European forest,,4977,0.3965,0,6,0,6,0,0.0,0.0,0.0,0.0,0.0,0.0
weecology,tcd_tile_34,Sonoran desert,Arid / dryland,,479,0.3965,133,103,44,59,89,0.4272,0.3308,0.3729,0.9089,0.1392,0.2414
weecology,tcd_tile_340,Iquitos varzeá,Other,,3520,0.3965,79,40,27,13,52,0.675,0.3418,0.4538,0.9036,0.0652,0.1217
weecology,tcd_tile_3400,Northern Zanzibar-Inhambane coastal forest mosaic,African tropical forest,,2644,0.3965,124,83,26,57,98,0.3133,0.2097,0.2512,0.9798,0.0967,0.176
weecology,tcd_tile_3401,Sumatran lowland rain forests,SE Asian & Pacific rainforest,,784,0.3965,34,168,8,160,26,0.0476,0.2353,0.0792,0.9499,0.0321,0.062
weecology,tcd_tile_3402,Lesser Sundas deciduous forests,SE Asian & Pacific rainforest,,2514,0.3965,152,66,24,42,128,0.3636,0.1579,0.2202,0.754,0.0168,0.0328
weecology,tcd_tile_3403,Northern Zanzibar-Inhambane coastal forest mosaic,African tropical forest,,223,0.3965,193,154,39,115,154,0.2532,0.2021,0.2248,0.6711,0.0795,0.1422
weecology,tcd_tile_3404,Northern Zanzibar-Inhambane coastal forest mosaic,African tropical forest,,2045,0.3965,192,484,103,381,89,0.2128,0.5365,0.3047,0.7771,0.2592,0.3887
weecology,tcd_tile_3405,Northern Zanzibar-Inhambane coastal forest mosaic,African tropical forest,,30,0.3965,159,202,35,167,124,0.1733,0.2201,0.1939,0.7087,0.0464,0.0871
weecology,tcd_tile_3406,Northern Anatolian conifer and deciduous forests,Other,,3632,0.3965,109,68,36,32,73,0.5294,0.3303,0.4068,0.8197,0.0744,0.1365
weecology,tcd_tile_3407,Mindanao-Eastern Visayas rain forests,SE Asian & Pacific rainforest,,3237,0.3965,32,11,5,6,27,0.4545,0.1562,0.2326,0.5965,0.0361,0.0681
weecology,tcd_tile_3408,Northern Zanzibar-Inhambane coastal forest mosaic,African tropical forest,,3737,0.3965,313,424,217,207,96,0.5118,0.6933,0.5889,0.8264,0.4128,0.5506
weecology,tcd_tile_3409,Balkan mixed forests,European forest,,485,0.3965,75,42,21,21,54,0.5,0.28,0.359,0.8925,0.0599,0.1123
weecology,tcd_tile_341,Atlantic Coast restingas,Other,,1207,0.3965,204,60,53,7,151,0.8833,0.2598,0.4015,0.787,0.1355,0.2312
weecology,tcd_tile_3410,Luzon rain forests,SE Asian & Pacific rainforest,,2810,0.3965,1,16,1,15,0,0.0625,1.0,0.1176,1.0,0.0034,0.0067
weecology,tcd_tile_3411,Sarmatic mixed forests,European forest,,1469,0.3965,1,45,1,44,0,0.0222,1.0,0.0435,1.0,0.045,0.086
weecology,tcd_tile_3412,Alps conifer and mixed forests,European forest,,3902,0.3965,18,65,7,58,11,0.1077,0.3889,0.1687,0.9643,0.1243,0.2203
weecology,tcd_tile_3413,Atlantic mixed forests,European forest,,2972,0.3965,21,23,12,11,9,0.5217,0.5714,0.5455,0.9712,0.2907,0.4474
weecology,tcd_tile_3414,Central European mixed forests,European forest,,907,0.3965,55,89,14,75,41,0.1573,0.2545,0.1944,0.9153,0.0296,0.0573
weecology,tcd_tile_3415,Southern Zanzibar-Inhambane coastal forest mosaic,African tropical forest,,1803,0.3965,33,23,11,12,22,0.4783,0.3333,0.3929,0.9079,0.072,0.1334
weecology,tcd_tile_3416,Bolivian montane dry forests,Latin American forest,,2820,0.3965,10,211,2,209,8,0.0095,0.2,0.0181,0.9813,0.0556,0.1053
weecology,tcd_tile_3417,Northern Zanzibar-Inhambane coastal forest mosaic,African tropical forest,,4010,0.3965,51,81,25,56,26,0.3086,0.4902,0.3788,0.8809,0.1018,0.1824
weecology,tcd_tile_3418,Northern Zanzibar-Inhambane coastal forest mosaic,African tropical forest,,4014,0.3965,87,270,54,216,33,0.2,0.6207,0.3025,0.7739,0.1189,0.2061
weecology,tcd_tile_3419,Northern Zanzibar-Inhambane coastal forest mosaic,African tropical forest,,131,0.3965,242,158,64,94,178,0.4051,0.2645,0.32,0.7417,0.1031,0.181
weecology,tcd_tile_342,Central European mixed forests,European forest,,1267,0.3965,30,37,14,23,16,0.3784,0.4667,0.4179,0.8873,0.1624,0.2746
weecology,tcd_tile_3420,Southeastern mixed forests,N. American forest,,4251,0.3965,33,14,7,7,26,0.5,0.2121,0.2979,0.9873,0.0491,0.0935
weecology,tcd_tile_3421,,Other,,200,0.3965,14,57,3,54,11,0.0526,0.2143,0.0845,0.7595,0.0468,0.0881
weecology,tcd_tile_3422,,Other,,3714,0.3965,59,125,19,106,40,0.152,0.322,0.2065,0.9607,0.0844,0.1551
weecology,tcd_tile_3423,Northern Zanzibar-Inhambane coastal forest mosaic,African tropical forest,,1865,0.3965,255,155,62,93,193,0.4,0.2431,0.3024,0.7923,0.1027,0.1818
weecology,tcd_tile_3424,Luzon rain forests,SE Asian & Pacific rainforest,,2180,0.3965,23,97,3,94,20,0.0309,0.1304,0.05,0.995,0.0115,0.0228
weecology,tcd_tile_3425,,Other,,1532,0.3965,28,59,5,54,23,0.0847,0.1786,0.1149,0.8694,0.0513,0.0968
weecology,tcd_tile_3426,Mesopotamian shrub desert,Other,,1329,0.3965,282,480,202,278,80,0.4208,0.7163,0.5302,0.9826,0.4472,0.6146
weecology,tcd_tile_3427,Madeira-Tapajós moist forests,Latin American forest,,1501,0.3965,1,172,1,171,0,0.0058,1.0,0.0116,0.9998,0.0702,0.1311
weecology,tcd_tile_3428,Western Guinean lowland forests,African tropical forest,,2888,0.3965,36,18,5,13,31,0.2778,0.1389,0.1852,0.384,0.0466,0.0831
weecology,tcd_tile_3429,Southern Zanzibar-Inhambane coastal forest mosaic,African tropical forest,,2735,0.3965,78,34,25,9,53,0.7353,0.3205,0.4464,0.8853,0.0676,0.1256
weecology,tcd_tile_343,Central European mixed forests,European forest,,753,0.3965,58,155,42,113,16,0.271,0.7241,0.3944,0.8983,0.1138,0.2021
weecology,tcd_tile_3430,Himalayan subtropical broadleaf forests,Other,,3973,0.3965,87,103,24,79,63,0.233,0.2759,0.2526,0.9137,0.1782,0.2983
weecology,tcd_tile_3431,Sarmatic mixed forests,European forest,,3781,0.3965,0,0,0,0,0,0.0,0.0,0.0,0.0,0.0,0.0
weecology,tcd_tile_3432,Eastern forest-boreal transition,Other,,2647,0.3965,5,110,3,107,2,0.0273,0.6,0.0522,0.905,0.1313,0.2294
weecology,tcd_tile_3433,East European forest steppe,European forest,,1734,0.3965,67,217,23,194,44,0.106,0.3433,0.162,0.8374,0.059,0.1103
weecology,tcd_tile_3434,California coastal sage and chaparral,Other,,54,0.3965,16,6,0,6,16,0.0,0.0,0.0,0.0,0.0,0.0
weecology,tcd_tile_3435,Eastern Great Lakes lowland forests,N. American forest,,2737,0.3965,0,1,0,1,0,0.0,0.0,0.0,0.0,0.0,0.0
weecology,tcd_tile_3436,Appalachian-Blue Ridge forests,N. American forest,,355,0.3965,33,22,8,14,25,0.3636,0.2424,0.2909,0.7761,0.0438,0.083
weecology,tcd_tile_3437,,Other,,4625,0.3965,0,92,0,92,0,0.0,0.0,0.0,0.0,0.0,0.0
weecology,tcd_tile_3438,Northern Zanzibar-Inhambane coastal forest mosaic,African tropical forest,,2337,0.3965,5,113,2,111,3,0.0177,0.4,0.0339,0.9998,0.0176,0.0345
weecology,tcd_tile_3439,Balkan mixed forests,European forest,,306,0.3965,89,50,22,28,67,0.44,0.2472,0.3165,0.7793,0.0661,0.1219
weecology,tcd_tile_344,Celtic broadleaf forests,European forest,,3141,0.3965,1,25,1,24,0,0.04,1.0,0.0769,0.9749,0.057,0.1078
weecology,tcd_tile_3440,Balsas dry forests,Other,,2331,0.3965,225,79,11,68,214,0.1392,0.0489,0.0724,0.9306,0.0435,0.0832
weecology,tcd_tile_3441,Taiheiyo evergreen forests,Other,,142,0.3965,112,29,19,10,93,0.6552,0.1696,0.2695,0.7055,0.0761,0.1374
weecology,tcd_tile_3442,Southern Zanzibar-Inhambane coastal forest mosaic,African tropical forest,,1579,0.3965,178,35,17,18,161,0.4857,0.0955,0.1596,0.9294,0.0576,0.1085
weecology,tcd_tile_3443,Eastern Guinean forests,African tropical forest,,3392,0.3965,5,43,2,41,3,0.0465,0.4,0.0833,0.976,0.0203,0.0398
weecology,tcd_tile_3444,Madeira-Tapajós moist forests,Latin American forest,,3600,0.3965,1,195,1,194,0,0.0051,1.0,0.0102,0.9977,0.0714,0.1332
weecology,tcd_tile_3445,Tongan tropical moist forests,SE Asian & Pacific rainforest,,235,0.3965,223,45,6,39,217,0.1333,0.0269,0.0448,0.7698,0.0206,0.0401
weecology,tcd_tile_3446,Northern Zanzibar-Inhambane coastal forest mosaic,African tropical forest,,1710,0.3965,2,43,1,42,1,0.0233,0.5,0.0444,0.9981,0.0121,0.0239
weecology,tcd_tile_3447,Sarmatic mixed forests,European forest,,4069,0.3965,7,3,1,2,6,0.3333,0.1429,0.2,0.1816,0.0278,0.0482
weecology,tcd_tile_3448,Taiheiyo evergreen forests,Other,,41,0.3965,116,23,17,6,99,0.7391,0.1466,0.2446,0.8917,0.0944,0.1707
weecology,tcd_tile_3449,Maputaland coastal forest mosaic,African tropical forest,,1166,0.3965,136,47,33,14,103,0.7021,0.2426,0.3607,0.9423,0.1139,0.2033
weecology,tcd_tile_345,Central European mixed forests,European forest,,4486,0.3965,31,22,5,17,26,0.2273,0.1613,0.1887,0.5941,0.0857,0.1498
weecology,tcd_tile_3450,,Other,,3923,0.3965,86,40,14,26,72,0.35,0.1628,0.2222,0.3838,0.0448,0.0802
weecology,tcd_tile_3451,Northern Zanzibar-Inhambane coastal forest mosaic,African tropical forest,,3578,0.3965,200,145,55,90,145,0.3793,0.275,0.3188,0.95,0.0981,0.1778
weecology,tcd_tile_3452,Northern Zanzibar-Inhambane coastal forest mosaic,African tropical forest,,4943,0.3965,245,356,113,243,132,0.3174,0.4612,0.376,0.9415,0.1423,0.2473
weecology,tcd_tile_3453,Upper Midwest forest-savanna transition,N. American forest,,3940,0.3965,15,215,9,206,6,0.0419,0.6,0.0783,0.961,0.2572,0.4057
weecology,tcd_tile_3454,East European forest steppe,European forest,,3357,0.3965,56,62,14,48,42,0.2258,0.25,0.2373,0.6108,0.0266,0.051
weecology,tcd_tile_3455,Tigris-Euphrates alluvial salt marsh,Other,,390,0.3965,34,24,11,13,23,0.4583,0.3235,0.3793,0.7171,0.2543,0.3755
weecology,tcd_tile_3456,Central European mixed forests,European forest,,250,0.3965,94,77,49,28,45,0.6364,0.5213,0.5731,0.918,0.1313,0.2298
weecology,tcd_tile_3457,Sierra Nevada forests,N. American forest,,1570,0.3965,159,69,49,20,110,0.7101,0.3082,0.4298,0.8575,0.04,0.0764
weecology,tcd_tile_3458,Northern Zanzibar-Inhambane coastal forest mosaic,African tropical forest,,3025,0.3965,103,23,7,16,96,0.3043,0.068,0.1111,0.9909,0.0281,0.0546
weecology,tcd_tile_3459,Southern Zanzibar-Inhambane coastal forest mosaic,African tropical forest,,4186,0.3965,139,48,27,21,112,0.5625,0.1942,0.2888,0.9281,0.1866,0.3108
weecology,tcd_tile_346,Tumbes-Piura dry forests,Other,,3120,0.3965,66,86,26,60,40,0.3023,0.3939,0.3421,0.9215,0.0837,0.1535
weecology,tcd_tile_3460,Northern Zanzibar-Inhambane coastal forest mosaic,African tropical forest,,2010,0.3965,175,24,20,4,155,0.8333,0.1143,0.201,0.9644,0.0445,0.0851
weecology,tcd_tile_3461,Iquitos varzeá,Other,,3658,0.3965,35,154,18,136,17,0.1169,0.5143,0.1905,0.9428,0.1012,0.1827
weecology,tcd_tile_3462,Balsas dry forests,Other,,2795,0.3965,516,8,4,4,512,0.5,0.0078,0.0153,0.6462,0.0047,0.0093
weecology,tcd_tile_3463,Alps conifer and mixed forests,European forest,,4969,0.3965,4,10,0,10,4,0.0,0.0,0.0,0.0,0.0,0.0
weecology,tcd_tile_3464,Southeast Australia temperate forests,Other,,2280,0.3965,14,133,5,128,9,0.0376,0.3571,0.068,0.9612,0.0527,0.0999
weecology,tcd_tile_3465,East European forest steppe,European forest,,1903,0.3965,170,96,52,44,118,0.5417,0.3059,0.391,0.9166,0.163,0.2768
weecology,tcd_tile_3466,Southern Great Lakes forests,N. American forest,,1722,0.3965,116,24,23,1,93,0.9583,0.1983,0.3286,0.9185,0.1563,0.2672
weecology,tcd_tile_3467,North Central Rockies forests,N. American forest,,2778,0.3965,4,198,3,195,1,0.0152,0.75,0.0297,0.9948,0.1075,0.194
weecology,tcd_tile_3468,Uatuma-Trombetas moist forests,Latin American forest,,1633,0.3965,4,3,0,3,4,0.0,0.0,0.0,0.0,0.0,0.0
weecology,tcd_tile_3469,Southeastern mixed forests,N. American forest,,4874,0.3965,59,52,17,35,42,0.3269,0.2881,0.3063,0.9779,0.1003,0.1819
weecology,tcd_tile_347,Trans-Mexican Volcanic Belt pine-oak forests,Other,,3683,0.3965,141,59,31,28,110,0.5254,0.2199,0.31,0.8582,0.099,0.1775
weecology,tcd_tile_3470,Northwestern Andean montane forests,Latin American forest,,1581,0.3965,20,76,7,69,13,0.0921,0.35,0.1458,0.9566,0.0229,0.0447
weecology,tcd_tile_3471,Northern Zanzibar-Inhambane coastal forest mosaic,African tropical forest,,902,0.3965,4,189,2,187,2,0.0106,0.5,0.0207,0.9557,0.0541,0.1024
weecology,tcd_tile_3472,Eastern Guinean forests,African tropical forest,,1979,0.3965,0,6,0,6,0,0.0,0.0,0.0,0.0,0.0,0.0
weecology,tcd_tile_3473,Southeastern mixed forests,N. American forest,,1556,0.3965,1,1,1,0,0,1.0,1.0,1.0,0.9862,0.0431,0.0826
weecology,tcd_tile_3474,Northern Zanzibar-Inhambane coastal forest mosaic,African tropical forest,,333,0.3965,6,5,1,4,5,0.2,0.1667,0.1818,0.1243,0.0031,0.0061
weecology,tcd_tile_3475,Mato Grosso seasonal forests,Latin American forest,,3787,0.3965,62,73,22,51,40,0.3014,0.3548,0.3259,0.5991,0.2534,0.3562
weecology,tcd_tile_3476,,Other,,194,0.3965,0,6,0,6,0,0.0,0.0,0.0,0.0,0.0,0.0
weecology,tcd_tile_3477,Hispaniolan moist forests,SE Asian & Pacific rainforest,,4567,0.3965,58,46,15,31,43,0.3261,0.2586,0.2885,0.5512,0.1736,0.264
weecology,tcd_tile_3478,Taiwan subtropical evergreen forests,SE Asian & Pacific rainforest,,4021,0.3965,22,70,7,63,15,0.1,0.3182,0.1522,0.8558,0.0356,0.0683
weecology,tcd_tile_3479,Northern Congolian forest-savanna mosaic,African tropical forest,,1062,0.3965,147,170,90,80,57,0.5294,0.6122,0.5678,0.9569,0.2553,0.4031
weecology,tcd_tile_348,Northern Zanzibar-Inhambane coastal forest mosaic,African tropical forest,,1007,0.3965,231,390,99,291,132,0.2538,0.4286,0.3188,0.9323,0.1513,0.2604
weecology,tcd_tile_3480,East European forest steppe,European forest,,4298,0.3965,10,50,4,46,6,0.08,0.4,0.1333,0.9595,0.0284,0.0551
weecology,tcd_tile_3481,Northern Zanzibar-Inhambane coastal forest mosaic,African tropical forest,,2028,0.3965,164,6,5,1,159,0.8333,0.0305,0.0588,0.8929,0.0344,0.0662
weecology,tcd_tile_3482,Atlantic dry forests,Other,,1162,0.3965,328,90,59,31,269,0.6556,0.1799,0.2823,0.8753,0.099,0.178
weecology,tcd_tile_3483,Nihonkai montane deciduous forests,Other,,4255,0.3965,21,34,5,29,16,0.1471,0.2381,0.1818,0.974,0.0072,0.0143
weecology,tcd_tile_3484,"Sao Tome, Principe and Annobon moist lowland forests",Other,,204,0.3965,36,44,19,25,17,0.4318,0.5278,0.475,0.9317,0.4198,0.5788
weecology,tcd_tile_3485,Valdivian temperate forests,Other,,2624,0.3965,15,4,3,1,12,0.75,0.2,0.3158,0.81,0.0596,0.1111
weecology,tcd_tile_3486,Irrawaddy moist deciduous forests,Other,,49,0.3965,132,107,38,69,94,0.3551,0.2879,0.318,0.9186,0.1163,0.2065
weecology,tcd_tile_3487,,Other,,137,0.3965,0,0,0,0,0,0.0,0.0,0.0,0.0,0.0,0.0
weecology,tcd_tile_3488,Mindanao-Eastern Visayas rain forests,SE Asian & Pacific rainforest,,1032,0.3965,8,34,2,32,6,0.0588,0.25,0.0952,0.4109,0.0925,0.1509
weecology,tcd_tile_3489,Appalachian-Blue Ridge forests,N. American forest,,584,0.3965,30,23,12,11,18,0.5217,0.4,0.4528,0.9593,0.0428,0.0819
weecology,tcd_tile_349,California interior chaparral and woodlands,Other,,141,0.3965,9,22,3,19,6,0.1364,0.3333,0.1935,0.9653,0.003,0.0059
weecology,tcd_tile_3490,Mindanao-Eastern Visayas rain forests,SE Asian & Pacific rainforest,,4146,0.3965,57,362,13,349,44,0.0359,0.2281,0.0621,0.9512,0.0841,0.1546
weecology,tcd_tile_3491,,Other,,1275,0.3965,49,82,17,65,32,0.2073,0.3469,0.2595,0.8718,0.0726,0.1341
weecology,tcd_tile_3492,Mizoram-Manipur-Kachin rain forests,SE Asian & Pacific rainforest,,4482,0.3965,104,118,16,102,88,0.1356,0.1538,0.1441,0.9463,0.1077,0.1934
weecology,tcd_tile_3493,East European forest steppe,European forest,,3581,0.3965,67,33,18,15,49,0.5455,0.2687,0.36,0.6748,0.0177,0.0344
weecology,tcd_tile_3494,Central European mixed forests,European forest,,2528,0.3965,42,11,5,6,37,0.4545,0.119,0.1887,0.7797,0.011,0.0216
weecology,tcd_tile_3495,Sulawesi lowland rain forests,SE Asian & Pacific rainforest,,4423,0.3965,155,42,31,11,124,0.7381,0.2,0.3147,0.8827,0.3598,0.5112
weecology,tcd_tile_3496,,Other,,4827,0.3965,0,39,0,39,0,0.0,0.0,0.0,0.0,0.0,0.0
weecology,tcd_tile_3497,,Other,,3163,0.3965,0,6,0,6,0,0.0,0.0,0.0,0.0,0.0,0.0
weecology,tcd_tile_3498,Madeira-Tapajós moist forests,Latin American forest,,3186,0.3965,3,107,2,105,1,0.0187,0.6667,0.0364,1.0,0.0716,0.1336
weecology,tcd_tile_3499,Eastern Mediterranean conifer-sclerophyllous-broadleaf forests,Other,,871,0.3965,274,316,203,113,71,0.6424,0.7409,0.6881,0.9674,0.3936,0.5595
weecology,tcd_tile_35,Zambezian and Mopane woodlands,Arid / dryland,,767,0.3965,15,86,11,75,4,0.1279,0.7333,0.2178,0.5546,0.0972,0.1654
weecology,tcd_tile_350,Northern Zanzibar-Inhambane coastal forest mosaic,African tropical forest,,4504,0.3965,65,120,6,114,59,0.05,0.0923,0.0649,0.9705,0.0166,0.0326
weecology,tcd_tile_3500,,Other,,4346,0.3965,89,372,28,344,61,0.0753,0.3146,0.1215,0.9737,0.1404,0.2454
weecology,tcd_tile_3501,Willamette Valley forests,N. American forest,,2452,0.3965,106,14,10,4,96,0.7143,0.0943,0.1667,0.9332,0.0518,0.0982
weecology,tcd_tile_3502,Central U.S. hardwood forests,N. American forest,,1954,0.3965,59,17,12,5,47,0.7059,0.2034,0.3158,0.8235,0.0809,0.1472
weecology,tcd_tile_3503,Cerrado,Latin American forest,,184,0.3965,45,29,12,17,33,0.4138,0.2667,0.3243,0.7274,0.0739,0.1342
weecology,tcd_tile_3504,Valdivian temperate forests,Other,,4068,0.3965,45,51,14,37,31,0.2745,0.3111,0.2917,0.745,0.0182,0.0355
weecology,tcd_tile_3505,Western European broadleaf forests,European forest,,4601,0.3965,2,11,1,10,1,0.0909,0.5,0.1538,1.0,0.0136,0.0269
weecology,tcd_tile_3506,Central European mixed forests,European forest,,4512,0.3965,0,39,0,39,0,0.0,0.0,0.0,0.0,0.0,0.0
weecology,tcd_tile_3507,Balkan mixed forests,European forest,,2960,0.3965,32,34,8,26,24,0.2353,0.25,0.2424,0.9677,0.029,0.0563
weecology,tcd_tile_3508,English Lowlands beech forests,European forest,,967,0.3965,70,77,31,46,39,0.4026,0.4429,0.4218,0.9253,0.0824,0.1513
weecology,tcd_tile_3509,Celtic broadleaf forests,European forest,,1641,0.3965,33,13,6,7,27,0.4615,0.1818,0.2609,0.6362,0.1624,0.2588
weecology,tcd_tile_351,,Other,,4488,0.3965,6,152,2,150,4,0.0132,0.3333,0.0253,0.9256,0.0159,0.0312
weecology,tcd_tile_3510,Sulawesi lowland rain forests,SE Asian & Pacific rainforest,,3663,0.3965,67,50,15,35,52,0.3,0.2239,0.2564,0.9656,0.093,0.1696
weecology,tcd_tile_3511,Atlantic mixed forests,European forest,,3642,0.3965,12,13,0,13,12,0.0,0.0,0.0,0.0,0.0,0.0
weecology,tcd_tile_3512,Caucasus mixed forests,European forest,,3146,0.3965,1,9,1,8,0,0.1111,1.0,0.2,1.0,0.0011,0.0021
weecology,tcd_tile_3513,Hispaniolan moist forests,SE Asian & Pacific rainforest,,2648,0.3965,88,40,13,27,75,0.325,0.1477,0.2031,0.8507,0.0245,0.0476
weecology,tcd_tile_3514,Lesser Sundas deciduous forests,SE Asian & Pacific rainforest,,3300,0.3965,7,477,3,474,4,0.0063,0.4286,0.0124,0.9957,0.0814,0.1505
weecology,tcd_tile_3515,Valdivian temperate forests,Other,,2729,0.3965,26,1,0,1,26,0.0,0.0,0.0,0.0,0.0,0.0
weecology,tcd_tile_3516,Western European broadleaf forests,European forest,,4800,0.3965,5,14,2,12,3,0.1429,0.4,0.2105,1.0,0.0236,0.0461
weecology,tcd_tile_3517,Northern Zanzibar-Inhambane coastal forest mosaic,African tropical forest,,813,0.3965,231,66,55,11,176,0.8333,0.2381,0.3704,0.8298,0.0404,0.0771
weecology,tcd_tile_3518,Northern Zanzibar-Inhambane coastal forest mosaic,African tropical forest,,3773,0.3965,1,877,1,876,0,0.0011,1.0,0.0023,0.9994,0.1374,0.2415
weecology,tcd_tile_3519,Changjiang Plain evergreen forests,Other,,2822,0.3965,44,25,10,15,34,0.4,0.2273,0.2899,0.526,0.0124,0.0242
weecology,tcd_tile_352,Madeira-Tapajós moist forests,Latin American forest,,3864,0.3965,1,306,1,305,0,0.0033,1.0,0.0065,0.9992,0.1061,0.1919
weecology,tcd_tile_3520,Changjiang Plain evergreen forests,Other,,1896,0.3965,231,55,36,19,195,0.6545,0.1558,0.2517,0.8923,0.058,0.109
weecology,tcd_tile_3521,Northern Zanzibar-Inhambane coastal forest mosaic,African tropical forest,,1913,0.3965,160,57,37,20,123,0.6491,0.2313,0.341,0.8422,0.1196,0.2095
weecology,tcd_tile_3522,Rodope montane mixed forests,European forest,,4405,0.3965,93,144,46,98,47,0.3194,0.4946,0.3882,0.8957,0.0896,0.1629
weecology,tcd_tile_3523,Northern Zanzibar-Inhambane coastal forest mosaic,African tropical forest,,4209,0.3965,292,26,23,3,269,0.8846,0.0788,0.1447,0.8552,0.0566,0.1062
weecology,tcd_tile_3524,Sarmatic mixed forests,European forest,,3511,0.3965,53,146,25,121,28,0.1712,0.4717,0.2513,0.7192,0.0742,0.1345
weecology,tcd_tile_3525,Northern Zanzibar-Inhambane coastal forest mosaic,African tropical forest,,3630,0.3965,221,43,42,1,179,0.9767,0.19,0.3182,0.9624,0.1034,0.1868
weecology,tcd_tile_3526,English Lowlands beech forests,European forest,,2157,0.3965,11,28,1,27,10,0.0357,0.0909,0.0513,0.4689,0.0397,0.0732
weecology,tcd_tile_3527,Mato Grosso seasonal forests,Latin American forest,,2219,0.3965,104,69,39,30,65,0.5652,0.375,0.4509,0.8174,0.2707,0.4067
weecology,tcd_tile_3528,Central Indochina dry forests,Other,,4526,0.3965,200,185,43,142,157,0.2324,0.215,0.2234,0.9251,0.0941,0.1708
weecology,tcd_tile_3529,Taiwan subtropical evergreen forests,SE Asian & Pacific rainforest,,3724,0.3965,5,48,2,46,3,0.0417,0.4,0.0755,0.9616,0.019,0.0373
weecology,tcd_tile_353,Central European mixed forests,European forest,,505,0.3965,101,161,40,121,61,0.2484,0.396,0.3053,0.9657,0.0847,0.1557
weecology,tcd_tile_3530,Uatuma-Trombetas moist forests,Latin American forest,,3512,0.3965,90,105,47,58,43,0.4476,0.5222,0.4821,0.8345,0.0639,0.1187
weecology,tcd_tile_3531,Central Andean puna,Other,,717,0.3965,52,5,4,1,48,0.8,0.0769,0.1404,0.8614,0.0112,0.0221
weecology,tcd_tile_3532,New England-Acadian forests,N. American forest,,1620,0.3965,12,228,2,226,10,0.0088,0.1667,0.0167,0.9931,0.0935,0.1708
weecology,tcd_tile_3533,Rodope montane mixed forests,European forest,,4673,0.3965,116,122,43,79,73,0.3525,0.3707,0.3613,0.8218,0.1037,0.1842
weecology,tcd_tile_3534,Taiwan subtropical evergreen forests,SE Asian & Pacific rainforest,,4778,0.3965,186,122,34,88,152,0.2787,0.1828,0.2208,0.6853,0.0927,0.1633
weecology,tcd_tile_3535,Luzon rain forests,SE Asian & Pacific rainforest,,3938,0.3965,3,9,1,8,2,0.1111,0.3333,0.1667,0.977,0.0397,0.0763
weecology,tcd_tile_3536,Timor and Wetar deciduous forests,SE Asian & Pacific rainforest,,719,0.3965,184,22,13,9,171,0.5909,0.0707,0.1262,0.7711,0.0377,0.0719
weecology,tcd_tile_3537,Northern Zanzibar-Inhambane coastal forest mosaic,African tropical forest,,2977,0.3965,87,193,31,162,56,0.1606,0.3563,0.2214,0.9534,0.1136,0.203
weecology,tcd_tile_3538,Southern Great Lakes forests,N. American forest,,5067,0.3965,47,49,15,34,32,0.3061,0.3191,0.3125,0.872,0.1017,0.1822
weecology,tcd_tile_3539,North Central Rockies forests,N. American forest,,3160,0.3965,3,196,1,195,2,0.0051,0.3333,0.0101,0.9991,0.1088,0.1962
weecology,tcd_tile_354,Western European broadleaf forests,European forest,,3430,0.3965,3,29,1,28,2,0.0345,0.3333,0.0625,0.9644,0.0407,0.0781
weecology,tcd_tile_3540,Balkan mixed forests,European forest,,1933,0.3965,218,97,55,42,163,0.567,0.2523,0.3492,0.9269,0.0785,0.1448
weecology,tcd_tile_3541,Sarmatic mixed forests,European forest,,1659,0.3965,30,122,10,112,20,0.082,0.3333,0.1316,0.972,0.181,0.3051
weecology,tcd_tile_3542,Northern Zanzibar-Inhambane coastal forest mosaic,African tropical forest,,1331,0.3965,12,36,8,28,4,0.2222,0.6667,0.3333,0.5095,0.0473,0.0865
weecology,tcd_tile_3543,Veracruz moist forests,Other,,1906,0.3965,65,93,28,65,37,0.3011,0.4308,0.3544,0.843,0.0354,0.0679
weecology,tcd_tile_3544,Granitic Seychelles forests,Other,,726,0.3965,13,497,5,492,8,0.0101,0.3846,0.0196,0.0902,0.0664,0.0765
weecology,tcd_tile_3545,Central European mixed forests,European forest,,3666,0.3965,68,72,15,57,53,0.2083,0.2206,0.2143,0.504,0.0866,0.1478
weecology,tcd_tile_3546,Northern Zanzibar-Inhambane coastal forest mosaic,African tropical forest,,707,0.3965,2,117,1,116,1,0.0085,0.5,0.0168,0.9884,0.0192,0.0377
weecology,tcd_tile_3547,Willamette Valley forests,N. American forest,,2942,0.3965,9,5,2,3,7,0.4,0.2222,0.2857,0.2266,0.0014,0.0028
weecology,tcd_tile_3548,Lesser Sundas deciduous forests,SE Asian & Pacific rainforest,,3613,0.3965,3,6,2,4,1,0.3333,0.6667,0.4444,0.9719,0.0025,0.005
weecology,tcd_tile_3549,Willamette Valley forests,N. American forest,,2681,0.3965,31,11,4,7,27,0.3636,0.129,0.1905,0.7221,0.0487,0.0912
weecology,tcd_tile_355,Maputaland coastal forest mosaic,African tropical forest,,963,0.3965,84,43,24,19,60,0.5581,0.2857,0.378,0.9004,0.1637,0.2771
weecology,tcd_tile_3550,Eastern Guinean forests,African tropical forest,,3220,0.3965,9,56,3,53,6,0.0536,0.3333,0.0923,0.9824,0.0363,0.07
weecology,tcd_tile_3551,Changjiang Plain evergreen forests,Other,,4808,0.3965,41,51,25,26,16,0.4902,0.6098,0.5435,0.9781,0.082,0.1514
weecology,tcd_tile_3552,Cerrado,Latin American forest,,764,0.3965,61,108,17,91,44,0.1574,0.2787,0.2012,0.9203,0.0918,0.167
weecology,tcd_tile_3553,Eastern Great Lakes lowland forests,N. American forest,,2093,0.3965,1,3,0,3,1,0.0,0.0,0.0,0.0,0.0,0.0
weecology,tcd_tile_3554,Western Siberian hemiboreal forests,Other,,4082,0.3965,16,19,1,18,15,0.0526,0.0625,0.0571,0.1731,0.0018,0.0035
weecology,tcd_tile_3555,Northern Zanzibar-Inhambane coastal forest mosaic,African tropical forest,,304,0.3965,45,232,13,219,32,0.056,0.2889,0.0939,0.967,0.1256,0.2224
weecology,tcd_tile_3556,,Other,,1055,0.3965,131,64,39,25,92,0.6094,0.2977,0.4,0.8142,0.0976,0.1743
weecology,tcd_tile_3557,Eastern Mediterranean conifer-sclerophyllous-broadleaf forests,Other,,82,0.3965,301,456,221,235,80,0.4846,0.7342,0.5839,0.9176,0.4549,0.6083
weecology,tcd_tile_3558,Sulawesi lowland rain forests,SE Asian & Pacific rainforest,,3516,0.3965,106,198,43,155,63,0.2172,0.4057,0.2829,0.8508,0.0779,0.1427
weecology,tcd_tile_3559,Mato Grosso seasonal forests,Latin American forest,,3023,0.3965,82,236,36,200,46,0.1525,0.439,0.2264,0.872,0.1461,0.2503
weecology,tcd_tile_356,Western Guinean lowland forests,African tropical forest,,4159,0.3965,84,12,8,4,76,0.6667,0.0952,0.1667,0.8906,0.0658,0.1225
weecology,tcd_tile_3560,Bahia coastal forests,Latin American forest,,4326,0.3965,123,41,20,21,103,0.4878,0.1626,0.2439,0.5401,0.0428,0.0792
weecology,tcd_tile_3561,Northern California coastal forests,N. American forest,,2206,0.3965,4,35,1,34,3,0.0286,0.25,0.0513,0.9997,0.0055,0.0109
weecology,tcd_tile_3562,Central Indochina dry forests,Other,,2639,0.3965,2,271,1,270,1,0.0037,0.5,0.0073,1.0,0.1138,0.2044
weecology,tcd_tile_3563,Snake-Columbia shrub steppe,Other,,1317,0.3965,43,396,19,377,24,0.048,0.4419,0.0866,0.9468,0.1787,0.3006
weecology,tcd_tile_3564,Caucasus mixed forests,European forest,,3491,0.3965,9,2,1,1,8,0.5,0.1111,0.1818,1.0,0.0006,0.0011
weecology,tcd_tile_3565,Bahia coastal forests,Latin American forest,,1875,0.3965,1,138,1,137,0,0.0072,1.0,0.0144,1.0,0.073,0.136
weecology,tcd_tile_3566,East European forest steppe,European forest,,4984,0.3965,13,44,6,38,7,0.1364,0.4615,0.2105,0.831,0.0204,0.0398
weecology,tcd_tile_3567,Madeira-Tapajós moist forests,Latin American forest,,1075,0.3965,1,803,1,802,0,0.0012,1.0,0.0025,0.9981,0.2022,0.3362
weecology,tcd_tile_3568,Central European mixed forests,European forest,,4946,0.3965,67,36,22,14,45,0.6111,0.3284,0.4272,0.8411,0.2528,0.3888
weecology,tcd_tile_3569,Tigris-Euphrates alluvial salt marsh,Other,,1301,0.3965,20,25,6,19,14,0.24,0.3,0.2667,0.5951,0.0943,0.1628
weecology,tcd_tile_357,,Other,,3716,0.3965,0,3,0,3,0,0.0,0.0,0.0,0.0,0.0,0.0
weecology,tcd_tile_3570,Southern Great Lakes forests,N. American forest,,1109,0.3965,96,67,37,30,59,0.5522,0.3854,0.454,0.9275,0.235,0.375
weecology,tcd_tile_3571,Hispaniolan moist forests,SE Asian & Pacific rainforest,,4367,0.3965,46,10,4,6,42,0.4,0.087,0.1429,0.5322,0.0352,0.066
weecology,tcd_tile_3572,Appalachian mixed mesophytic forests,Other,,3407,0.3965,242,188,66,122,176,0.3511,0.2727,0.307,0.6978,0.1246,0.2114
weecology,tcd_tile_3573,,Other,,579,0.3965,44,7,4,3,40,0.5714,0.0909,0.1569,0.851,0.0337,0.0648
weecology,tcd_tile_3574,Mato Grosso seasonal forests,Latin American forest,,3771,0.3965,29,229,11,218,18,0.048,0.3793,0.0853,0.9492,0.1762,0.2972
weecology,tcd_tile_3575,Sarmatic mixed forests,European forest,,592,0.3965,16,42,5,37,11,0.119,0.3125,0.1724,0.5451,0.0256,0.0489
weecology,tcd_tile_3576,Sierra Nevada forests,N. American forest,,2853,0.3965,121,101,41,60,80,0.4059,0.3388,0.3694,0.7892,0.069,0.1269
weecology,tcd_tile_3577,Araucaria moist forests,Other,,671,0.3965,103,49,25,24,78,0.5102,0.2427,0.3289,0.5738,0.0573,0.1042
weecology,tcd_tile_3578,Mindanao-Eastern Visayas rain forests,SE Asian & Pacific rainforest,,1564,0.3965,21,17,2,15,19,0.1176,0.0952,0.1053,0.1745,0.0291,0.0499
weecology,tcd_tile_3579,Maputaland coastal forest mosaic,African tropical forest,,139,0.3965,42,25,15,10,27,0.6,0.3571,0.4478,0.7819,0.2142,0.3363
weecology,tcd_tile_358,Mindanao-Eastern Visayas rain forests,SE Asian & Pacific rainforest,,2617,0.3965,92,20,5,15,87,0.25,0.0543,0.0893,0.4115,0.0184,0.0352
weecology,tcd_tile_3580,Central American pine-oak forests,Other,,3986,0.3965,10,108,2,106,8,0.0185,0.2,0.0339,0.9988,0.0652,0.1223
weecology,tcd_tile_3581,Northern Zanzibar-Inhambane coastal forest mosaic,African tropical forest,,2276,0.3965,42,139,1,138,41,0.0072,0.0238,0.011,0.9888,0.0264,0.0514
weecology,tcd_tile_3582,Sarmatic mixed forests,European forest,,2390,0.3965,5,0,0,0,5,0.0,0.0,0.0,0.0,0.0,0.0
weecology,tcd_tile_3583,Southern Great Lakes forests,N. American forest,,463,0.3965,119,129,35,94,84,0.2713,0.2941,0.2823,0.8034,0.1503,0.2532
weecology,tcd_tile_3584,Sulawesi lowland rain forests,SE Asian & Pacific rainforest,,4739,0.3965,201,54,29,25,172,0.537,0.1443,0.2275,0.824,0.0984,0.1757
weecology,tcd_tile_3585,Changjiang Plain evergreen forests,Other,,3513,0.3965,19,13,1,12,18,0.0769,0.0526,0.0625,0.1831,0.0512,0.08
weecology,tcd_tile_3586,Northeastern coastal forests,N. American forest,,2112,0.3965,4,160,3,157,1,0.0187,0.75,0.0366,0.9758,0.1101,0.1979
weecology,tcd_tile_3587,Balkan mixed forests,European forest,,2833,0.3965,2,0,0,0,2,0.0,0.0,0.0,0.0,0.0,0.0
weecology,tcd_tile_3588,Southern Zanzibar-Inhambane coastal forest mosaic,African tropical forest,,3198,0.3965,31,12,6,6,25,0.5,0.1935,0.2791,0.744,0.0288,0.0555
weecology,tcd_tile_3589,Middle Atlantic coastal forests,Other,,3913,0.3965,109,80,23,57,86,0.2875,0.211,0.2434,0.8757,0.0334,0.0643
weecology,tcd_tile_359,Western Siberian hemiboreal forests,Other,,2184,0.3965,16,24,6,18,10,0.25,0.375,0.3,0.7035,0.0111,0.0219
weecology,tcd_tile_3590,Mindanao-Eastern Visayas rain forests,SE Asian & Pacific rainforest,,880,0.3965,426,139,89,50,337,0.6403,0.2089,0.315,0.7222,0.1448,0.2412
weecology,tcd_tile_3591,Celtic broadleaf forests,European forest,,2754,0.3965,52,22,13,9,39,0.5909,0.25,0.3514,0.8053,0.0309,0.0594
weecology,tcd_tile_3592,Northern Zanzibar-Inhambane coastal forest mosaic,African tropical forest,,1765,0.3965,263,722,167,555,96,0.2313,0.635,0.3391,0.9607,0.2776,0.4308
weecology,tcd_tile_3593,Taiheiyo montane deciduous forests,Other,,4344,0.3965,0,9,0,9,0,0.0,0.0,0.0,0.0,0.0,0.0
weecology,tcd_tile_3594,Southern Great Lakes forests,N. American forest,,3176,0.3965,22,7,5,2,17,0.7143,0.2273,0.3448,0.7927,0.0097,0.0192
weecology,tcd_tile_3595,South Central Rockies forests,Other,,4729,0.3965,57,21,12,9,45,0.5714,0.2105,0.3077,0.8003,0.0258,0.0501
weecology,tcd_tile_3596,Balkan mixed forests,European forest,,2460,0.3965,41,126,16,110,25,0.127,0.3902,0.1916,0.9566,0.0695,0.1296
weecology,tcd_tile_3597,Balkan mixed forests,European forest,,1804,0.3965,46,39,21,18,25,0.5385,0.4565,0.4941,0.8631,0.2302,0.3634
weecology,tcd_tile_3598,Changjiang Plain evergreen forests,Other,,2194,0.3965,124,82,31,51,93,0.378,0.25,0.301,0.9101,0.0577,0.1085
weecology,tcd_tile_3599,Sarmatic mixed forests,European forest,,2396,0.3965,33,0,0,0,33,0.0,0.0,0.0,0.0,0.0,0.0
weecology,tcd_tile_36,West Sudanian savanna,Arid / dryland,,1009,0.3965,150,154,50,104,100,0.3247,0.3333,0.3289,0.9756,0.1632,0.2796
weecology,tcd_tile_360,Atlantic mixed forests,European forest,,4358,0.3965,21,94,9,85,12,0.0957,0.4286,0.1565,0.333,0.0208,0.0392
weecology,tcd_tile_3600,Southeast Australia temperate forests,Other,,2971,0.3965,56,98,33,65,23,0.3367,0.5893,0.4286,0.9425,0.1234,0.2182
weecology,tcd_tile_3601,Himalayan subtropical pine forests,Other,,4281,0.3965,117,503,67,436,50,0.1332,0.5726,0.2161,0.8912,0.1532,0.2615
weecology,tcd_tile_3602,,Other,,3985,0.3965,0,425,0,425,0,0.0,0.0,0.0,0.0,0.0,0.0
weecology,tcd_tile_3603,Mindanao-Eastern Visayas rain forests,SE Asian & Pacific rainforest,,3295,0.3965,132,106,14,92,118,0.1321,0.1061,0.1176,0.9641,0.023,0.045
weecology,tcd_tile_3604,Central Indochina dry forests,Other,,4285,0.3965,178,184,57,127,121,0.3098,0.3202,0.3149,0.8865,0.1854,0.3067
weecology,tcd_tile_3605,Eastern Guinean forests,African tropical forest,,2664,0.3965,3,0,0,0,3,0.0,0.0,0.0,0.0,0.0,0.0
weecology,tcd_tile_3606,Lesser Sundas deciduous forests,SE Asian & Pacific rainforest,,1655,0.3965,18,15,3,12,15,0.2,0.1667,0.1818,0.8828,0.0196,0.0384
weecology,tcd_tile_3607,Eastern Java-Bali rain forests,SE Asian & Pacific rainforest,,4953,0.3965,64,205,15,190,49,0.0732,0.2344,0.1115,0.8981,0.1771,0.2958
weecology,tcd_tile_3608,Central European mixed forests,European forest,,2723,0.3965,29,7,2,5,27,0.2857,0.069,0.1111,0.2895,0.022,0.0409
weecology,tcd_tile_3609,,Other,,936,0.3965,55,125,34,91,21,0.272,0.6182,0.3778,0.7649,0.0832,0.1501
weecology,tcd_tile_361,Balkan mixed forests,European forest,,2246,0.3965,217,144,104,40,113,0.7222,0.4793,0.5762,0.8936,0.1391,0.2407
weecology,tcd_tile_3610,Hokkaido deciduous forests,Other,,2813,0.3965,1,32,1,31,0,0.0312,1.0,0.0606,0.8935,0.1005,0.1806
weecology,tcd_tile_3611,Upper Gangetic Plains moist deciduous forests,Other,,2442,0.3965,85,37,16,21,69,0.4324,0.1882,0.2623,0.9636,0.047,0.0896
weecology,tcd_tile_3612,Northern Zanzibar-Inhambane coastal forest mosaic,African tropical forest,,2107,0.3965,298,112,97,15,201,0.8661,0.3255,0.4732,0.9325,0.156,0.2673
weecology,tcd_tile_3613,Central European mixed forests,European forest,,3662,0.3965,21,23,5,18,16,0.2174,0.2381,0.2273,0.7722,0.1118,0.1954
weecology,tcd_tile_3614,Northern Anatolian conifer and deciduous forests,Other,,1387,0.3965,7,4,2,2,5,0.5,0.2857,0.3636,0.8676,0.0322,0.0622
weecology,tcd_tile_3615,Central European mixed forests,European forest,,4005,0.3965,139,87,48,39,91,0.5517,0.3453,0.4248,0.9439,0.1034,0.1864
weecology,tcd_tile_3616,Iquitos varzeá,Other,,2553,0.3965,196,236,68,168,128,0.2881,0.3469,0.3148,0.9289,0.1262,0.2222
weecology,tcd_tile_3617,Northern Zanzibar-Inhambane coastal forest mosaic,African tropical forest,,839,0.3965,21,252,12,240,9,0.0476,0.5714,0.0879,0.8363,0.037,0.0709
weecology,tcd_tile_3618,Maputaland coastal forest mosaic,African tropical forest,,380,0.3965,97,59,23,36,74,0.3898,0.2371,0.2949,0.885,0.1889,0.3113
weecology,tcd_tile_3619,Himalayan subtropical broadleaf forests,Other,,1517,0.3965,116,49,23,26,93,0.4694,0.1983,0.2788,0.8076,0.1991,0.3195
weecology,tcd_tile_362,Caucasus mixed forests,European forest,,3438,0.3965,1,2,1,1,0,0.5,1.0,0.6667,1.0,0.0001,0.0003
weecology,tcd_tile_3620,North Central Rockies forests,N. American forest,,2731,0.3965,2,506,1,505,1,0.002,0.5,0.0039,0.9981,0.1632,0.2806
weecology,tcd_tile_3621,Sierra Nevada forests,N. American forest,,320,0.3965,37,17,11,6,26,0.6471,0.2973,0.4074,0.7861,0.4084,0.5376
weecology,tcd_tile_3622,Northern Zanzibar-Inhambane coastal forest mosaic,African tropical forest,,926,0.3965,32,114,11,103,21,0.0965,0.3438,0.1507,0.8345,0.0186,0.0364
weecology,tcd_tile_3623,Maputaland coastal forest mosaic,African tropical forest,,1542,0.3965,8,8,4,4,4,0.5,0.5,0.5,0.8738,0.0776,0.1426
weecology,tcd_tile_3624,Southern Zanzibar-Inhambane coastal forest mosaic,African tropical forest,,1054,0.3965,8,127,5,122,3,0.0394,0.625,0.0741,0.9237,0.1267,0.2229
weecology,tcd_tile_3625,Bahia coastal forests,Latin American forest,,760,0.3965,113,72,20,52,93,0.2778,0.177,0.2162,0.9536,0.0203,0.0397
weecology,tcd_tile_3626,Balsas dry forests,Other,,3832,0.3965,82,41,13,28,69,0.3171,0.1585,0.2114,0.61,0.0377,0.0709
weecology,tcd_tile_3627,Atlantic mixed forests,European forest,,3537,0.3965,5,8,4,4,1,0.5,0.8,0.6154,0.1869,0.0108,0.0204
weecology,tcd_tile_3628,Luzon rain forests,SE Asian & Pacific rainforest,,811,0.3965,277,157,81,76,196,0.5159,0.2924,0.3733,0.5527,0.23,0.3248
weecology,tcd_tile_3629,Sarmatic mixed forests,European forest,,4694,0.3965,2,62,1,61,1,0.0161,0.5,0.0312,0.9915,0.1116,0.2007
weecology,tcd_tile_363,Sierra Nevada forests,N. American forest,,2558,0.3965,32,2,1,1,31,0.5,0.0312,0.0588,0.4665,0.0003,0.0006
weecology,tcd_tile_3630,Sierra Nevada forests,N. American forest,,4215,0.3965,27,18,15,3,12,0.8333,0.5556,0.6667,0.9723,0.5509,0.7033
weecology,tcd_tile_3631,,Other,,401,0.3965,12,36,4,32,8,0.1111,0.3333,0.1667,0.1146,0.0175,0.0304
weecology,tcd_tile_3632,Southeastern conifer forests,N. American forest,,3528,0.3965,8,121,1,120,7,0.0083,0.125,0.0155,0.9849,0.0306,0.0593
weecology,tcd_tile_3633,Tasmanian temperate forests,Other,,2525,0.3965,3,141,2,139,1,0.0142,0.6667,0.0278,0.9371,0.0349,0.0674
weecology,tcd_tile_3634,Magdalena Valley montane forests,Other,,4139,0.3965,103,108,33,75,70,0.3056,0.3204,0.3128,0.7669,0.1235,0.2127
weecology,tcd_tile_3635,Sarmatic mixed forests,European forest,,890,0.3965,173,78,44,34,129,0.5641,0.2543,0.3506,0.7725,0.1008,0.1784
weecology,tcd_tile_3636,Sarmatic mixed forests,European forest,,4316,0.3965,5,37,4,33,1,0.1081,0.8,0.1905,0.7791,0.2003,0.3187
weecology,tcd_tile_3637,Changjiang Plain evergreen forests,Other,,2020,0.3965,121,42,16,26,105,0.381,0.1322,0.1963,0.5732,0.0565,0.1029
weecology,tcd_tile_3638,Uatuma-Trombetas moist forests,Latin American forest,,2615,0.3965,21,0,0,0,21,0.0,0.0,0.0,0.0,0.0,0.0
weecology,tcd_tile_3639,Celtic broadleaf forests,European forest,,1605,0.3965,111,45,32,13,79,0.7111,0.2883,0.4103,0.8838,0.089,0.1618
weecology,tcd_tile_364,Northern Anatolian conifer and deciduous forests,Other,,1975,0.3965,267,147,54,93,213,0.3673,0.2022,0.2609,0.8006,0.0557,0.1042
weecology,tcd_tile_3640,Western European broadleaf forests,European forest,,2058,0.3965,7,0,0,0,7,0.0,0.0,0.0,0.0,0.0,0.0
weecology,tcd_tile_3641,English Lowlands beech forests,European forest,,1588,0.3965,17,36,3,33,14,0.0833,0.1765,0.1132,0.3299,0.0192,0.0363
weecology,tcd_tile_3642,Northern Zanzibar-Inhambane coastal forest mosaic,African tropical forest,,1681,0.3965,93,532,55,477,38,0.1034,0.5914,0.176,0.9715,0.2092,0.3442
weecology,tcd_tile_3643,Southern Great Lakes forests,N. American forest,,3497,0.3965,20,5,3,2,17,0.6,0.15,0.24,0.9986,0.0065,0.0128
weecology,tcd_tile_3644,Greater Negros-Panay rain forests,SE Asian & Pacific rainforest,,2415,0.3965,49,41,6,35,43,0.1463,0.1224,0.1333,0.7382,0.1938,0.307
weecology,tcd_tile_3645,Central Zambezian Miombo woodlands,Other,,796,0.3965,153,17,9,8,144,0.5294,0.0588,0.1059,0.4481,0.0372,0.0688
weecology,tcd_tile_3646,Northern Zanzibar-Inhambane coastal forest mosaic,African tropical forest,,1489,0.3965,219,322,66,256,153,0.205,0.3014,0.244,0.8904,0.0834,0.1524
weecology,tcd_tile_3647,Atlantic coastal pine barrens,Other,,2861,0.3965,87,32,21,11,66,0.6562,0.2414,0.3529,0.8913,0.0468,0.089
weecology,tcd_tile_3648,Balkan mixed forests,European forest,,1888,0.3965,45,42,14,28,31,0.3333,0.3111,0.3218,0.7672,0.0692,0.1269
weecology,tcd_tile_3649,Scandinavian Montane Birch forest and grasslands,Other,,1039,0.3965,40,20,8,12,32,0.4,0.2,0.2667,0.9059,0.0306,0.0591
weecology,tcd_tile_365,East African mangroves,Other,,2266,0.3965,84,47,23,24,61,0.4894,0.2738,0.3511,0.7384,0.1997,0.3144
weecology,tcd_tile_3650,Northern Acacia-Commiphora bushlands and thickets,Other,,501,0.3965,97,24,21,3,76,0.875,0.2165,0.3471,0.6729,0.338,0.45
weecology,tcd_tile_3651,Northeastern coastal forests,N. American forest,,3436,0.3965,107,72,34,38,73,0.4722,0.3178,0.3799,0.854,0.0836,0.1522
weecology,tcd_tile_3652,Bahia coastal forests,Latin American forest,,678,0.3965,20,13,2,11,18,0.1538,0.1,0.1212,0.9335,0.0087,0.0172
weecology,tcd_tile_3653,Luzon rain forests,SE Asian & Pacific rainforest,,4569,0.3965,153,241,41,200,112,0.1701,0.268,0.2081,0.8828,0.1203,0.2118
weecology,tcd_tile_3654,Changjiang Plain evergreen forests,Other,,4410,0.3965,67,57,18,39,49,0.3158,0.2687,0.2903,0.9813,0.1391,0.2437
weecology,tcd_tile_3655,Central and Southern mixed grasslands,Other,,500,0.3965,122,64,38,26,84,0.5938,0.3115,0.4086,0.8953,0.0657,0.1224
weecology,tcd_tile_3656,Bahia coastal forests,Latin American forest,,3456,0.3965,14,153,1,152,13,0.0065,0.0714,0.012,0.9966,0.0781,0.1448
weecology,tcd_tile_3657,Central American pine-oak forests,Other,,739,0.3965,378,129,48,81,330,0.3721,0.127,0.1893,0.9707,0.0763,0.1415
weecology,tcd_tile_3658,Bahia coastal forests,Latin American forest,,4108,0.3965,1,130,1,129,0,0.0077,1.0,0.0153,1.0,0.0557,0.1055
weecology,tcd_tile_3659,Sarmatic mixed forests,European forest,,2643,0.3965,1,43,1,42,0,0.0233,1.0,0.0455,1.0,0.0203,0.0399
weecology,tcd_tile_366,Mindanao-Eastern Visayas rain forests,SE Asian & Pacific rainforest,,826,0.3965,79,131,26,105,53,0.1985,0.3291,0.2476,0.8655,0.0595,0.1113
weecology,tcd_tile_3660,Lesser Sundas deciduous forests,SE Asian & Pacific rainforest,,2769,0.3965,18,16,8,8,10,0.5,0.4444,0.4706,0.8698,0.1245,0.2178
weecology,tcd_tile_3661,Northern Zanzibar-Inhambane coastal forest mosaic,African tropical forest,,209,0.3965,15,44,5,39,10,0.1136,0.3333,0.1695,0.9713,0.006,0.0119
weecology,tcd_tile_3662,Northern Zanzibar-Inhambane coastal forest mosaic,African tropical forest,,2984,0.3965,125,99,38,61,87,0.3838,0.304,0.3393,0.93,0.0914,0.1664
weecology,tcd_tile_3663,Madeira-Tapajós moist forests,Latin American forest,,940,0.3965,1,772,1,771,0,0.0013,1.0,0.0026,0.9998,0.1873,0.3155
weecology,tcd_tile_3664,Changjiang Plain evergreen forests,Other,,4383,0.3965,192,156,99,57,93,0.6346,0.5156,0.569,0.9515,0.3043,0.4611
weecology,tcd_tile_3665,Sarmatic mixed forests,European forest,,2593,0.3965,29,1,1,0,28,1.0,0.0345,0.0667,1.0,0.0023,0.0046
weecology,tcd_tile_3666,Changjiang Plain evergreen forests,Other,,4889,0.3965,137,127,47,80,90,0.3701,0.3431,0.3561,0.9256,0.1756,0.2952
weecology,tcd_tile_3667,Upper Midwest forest-savanna transition,N. American forest,,2901,0.3965,34,75,22,53,12,0.2933,0.6471,0.4037,0.8093,0.2823,0.4186
weecology,tcd_tile_3668,Central European mixed forests,European forest,,4337,0.3965,33,15,5,10,28,0.3333,0.1515,0.2083,0.4385,0.0477,0.086
weecology,tcd_tile_3669,Sumatran lowland rain forests,SE Asian & Pacific rainforest,,323,0.3965,14,370,6,364,8,0.0162,0.4286,0.0312,0.9979,0.1087,0.196
weecology,tcd_tile_367,Northern Zanzibar-Inhambane coastal forest mosaic,African tropical forest,,1807,0.3965,158,84,52,32,106,0.619,0.3291,0.4298,0.8798,0.1971,0.3221
weecology,tcd_tile_3670,Celtic broadleaf forests,European forest,,3038,0.3965,65,38,10,28,55,0.2632,0.1538,0.1942,0.9282,0.0276,0.0537
weecology,tcd_tile_3671,Eastern Great Lakes lowland forests,N. American forest,,2922,0.3965,11,97,5,92,6,0.0515,0.4545,0.0926,0.9263,0.0956,0.1733
weecology,tcd_tile_3672,Central European mixed forests,European forest,,3886,0.3965,34,30,10,20,24,0.3333,0.2941,0.3125,0.9514,0.0849,0.1559
weecology,tcd_tile_3673,Veracruz moist forests,Other,,1525,0.3965,141,21,17,4,124,0.8095,0.1206,0.2099,0.9205,0.0604,0.1134
weecology,tcd_tile_3674,Sierra Nevada forests,N. American forest,,3534,0.3965,72,28,18,10,54,0.6429,0.25,0.36,0.784,0.0609,0.113
weecology,tcd_tile_3675,Sierra Nevada forests,N. American forest,,115,0.3965,90,43,31,12,59,0.7209,0.3444,0.4662,0.8461,0.2736,0.4135
weecology,tcd_tile_3676,Crimean Submediterranean forest complex,Other,,2536,0.3965,82,19,14,5,68,0.7368,0.1707,0.2772,0.9003,0.0058,0.0115
weecology,tcd_tile_3677,Celtic broadleaf forests,European forest,,1959,0.3965,1,11,1,10,0,0.0909,1.0,0.1667,0.9876,0.1227,0.2183
weecology,tcd_tile_3678,Sierra Nevada forests,N. American forest,,462,0.3965,81,32,28,4,53,0.875,0.3457,0.4956,0.8814,0.3326,0.483
weecology,tcd_tile_3679,Western European broadleaf forests,European forest,,95,0.3965,12,72,4,68,8,0.0556,0.3333,0.0952,0.8433,0.0556,0.1044
weecology,tcd_tile_368,Changjiang Plain evergreen forests,Other,,381,0.3965,232,98,83,15,149,0.8469,0.3578,0.503,0.9489,0.1457,0.2527
weecology,tcd_tile_3680,Vanuatu rain forests,Other,,1575,0.3965,4,377,3,374,1,0.008,0.75,0.0157,0.9964,0.1481,0.2578
weecology,tcd_tile_3681,East European forest steppe,European forest,,448,0.3965,3,185,3,182,0,0.0162,1.0,0.0319,0.9772,0.2267,0.368
weecology,tcd_tile_3682,Southern Great Lakes forests,N. American forest,,2988,0.3965,106,83,41,42,65,0.494,0.3868,0.4339,0.9359,0.0895,0.1633
weecology,tcd_tile_3683,Timor and Wetar deciduous forests,SE Asian & Pacific rainforest,,772,0.3965,106,27,19,8,87,0.7037,0.1792,0.2857,0.8844,0.0437,0.0833
weecology,tcd_tile_3684,Southeastern conifer forests,N. American forest,,4884,0.3965,0,42,0,42,0,0.0,0.0,0.0,0.0,0.0,0.0
weecology,tcd_tile_3685,Sarmatic mixed forests,European forest,,3267,0.3965,1,0,0,0,1,0.0,0.0,0.0,0.0,0.0,0.0
weecology,tcd_tile_3686,Western European broadleaf forests,European forest,,1061,0.3965,38,34,18,16,20,0.5294,0.4737,0.5,0.7828,0.2783,0.4106
weecology,tcd_tile_3687,Carpathian montane forests,Other,,5000,0.3965,18,49,12,37,6,0.2449,0.6667,0.3582,0.8394,0.0902,0.1628
weecology,tcd_tile_3688,Himalayan subtropical pine forests,Other,,4956,0.3965,86,443,37,406,49,0.0835,0.4302,0.1399,0.9092,0.189,0.3129
weecology,tcd_tile_3689,Southeastern mixed forests,N. American forest,,4479,0.3965,3,6,2,4,1,0.3333,0.6667,0.4444,0.6775,0.777,0.7238
weecology,tcd_tile_369,Mindanao-Eastern Visayas rain forests,SE Asian & Pacific rainforest,,4071,0.3965,253,79,17,62,236,0.2152,0.0672,0.1024,0.9136,0.0299,0.0579
weecology,tcd_tile_3690,Northern Zanzibar-Inhambane coastal forest mosaic,African tropical forest,,438,0.3965,43,191,17,174,26,0.089,0.3953,0.1453,0.9364,0.0554,0.1047
weecology,tcd_tile_3691,Luzon rain forests,SE Asian & Pacific rainforest,,4613,0.3965,174,83,32,51,142,0.3855,0.1839,0.249,0.8484,0.0744,0.1369
weecology,tcd_tile_3692,Taiheiyo evergreen forests,Other,,3283,0.3965,23,245,14,231,9,0.0571,0.6087,0.1045,0.9424,0.1184,0.2103
weecology,tcd_tile_3693,Pannonian mixed forests,European forest,,4873,0.3965,86,107,24,83,62,0.2243,0.2791,0.2487,0.8119,0.0907,0.1632
weecology,tcd_tile_3694,Central U.S. hardwood forests,N. American forest,,186,0.3965,37,11,4,7,33,0.3636,0.1081,0.1667,0.3263,0.0291,0.0535
weecology,tcd_tile_3695,Northeastern coastal forests,N. American forest,,3368,0.3965,4,6,1,5,3,0.1667,0.25,0.2,0.4944,0.0012,0.0023
weecology,tcd_tile_3696,Taiwan subtropical evergreen forests,SE Asian & Pacific rainforest,,4113,0.3965,32,63,11,52,21,0.1746,0.3438,0.2316,0.8693,0.1361,0.2354
weecology,tcd_tile_3697,Western Java rain forests,Other,,980,0.3965,318,71,44,27,274,0.6197,0.1384,0.2262,0.8935,0.1014,0.1822
weecology,tcd_tile_3698,Eastern Java-Bali rain forests,SE Asian & Pacific rainforest,,4503,0.3965,0,62,0,62,0,0.0,0.0,0.0,0.0,0.0,0.0
weecology,tcd_tile_3699,Bahia coastal forests,Latin American forest,,1029,0.3965,108,30,3,27,105,0.1,0.0278,0.0435,0.9987,0.008,0.0158
weecology,tcd_tile_37,Chilean matorral,Arid / dryland,,1209,0.3965,0,0,0,0,0,0.0,0.0,0.0,0.0,0.0,0.0
weecology,tcd_tile_370,Southern Great Lakes forests,N. American forest,,4523,0.3965,74,94,29,65,45,0.3085,0.3919,0.3452,0.963,0.1507,0.2606
weecology,tcd_tile_3700,Magdalena Valley montane forests,Other,,2583,0.3965,133,46,17,29,116,0.3696,0.1278,0.1899,0.9064,0.0601,0.1127
weecology,tcd_tile_3701,Bahia coastal forests,Latin American forest,,2515,0.3965,3,99,1,98,2,0.0101,0.3333,0.0196,0.9424,0.0654,0.1222
weecology,tcd_tile_3702,Maputaland coastal forest mosaic,African tropical forest,,3752,0.3965,9,2,1,1,8,0.5,0.1111,0.1818,0.2069,0.0133,0.0251
weecology,tcd_tile_3703,Northern Zanzibar-Inhambane coastal forest mosaic,African tropical forest,,3052,0.3965,66,332,12,320,54,0.0361,0.1818,0.0603,0.9765,0.0511,0.097
weecology,tcd_tile_3704,Uatuma-Trombetas moist forests,Latin American forest,,2299,0.3965,37,14,11,3,26,0.7857,0.2973,0.4314,0.8575,0.0129,0.0254
weecology,tcd_tile_3705,Southeastern mixed forests,N. American forest,,2767,0.3965,20,1,1,0,19,1.0,0.05,0.0952,0.5376,0.0004,0.0009
weecology,tcd_tile_3706,Northern Zanzibar-Inhambane coastal forest mosaic,African tropical forest,,645,0.3965,138,200,57,143,81,0.285,0.413,0.3373,0.8137,0.0841,0.1525
weecology,tcd_tile_3707,Western Java rain forests,Other,,160,0.3965,69,42,17,25,52,0.4048,0.2464,0.3063,0.6555,0.1483,0.2418
weecology,tcd_tile_3708,Northern Zanzibar-Inhambane coastal forest mosaic,African tropical forest,,2182,0.3965,21,19,9,10,12,0.4737,0.4286,0.45,0.7219,0.0885,0.1577
weecology,tcd_tile_3709,East European forest steppe,European forest,,4306,0.3965,37,50,16,34,21,0.32,0.4324,0.3678,0.8154,0.1093,0.1927
weecology,tcd_tile_371,Sarmatic mixed forests,European forest,,4730,0.3965,6,57,1,56,5,0.0175,0.1667,0.0317,0.986,0.0388,0.0746
weecology,tcd_tile_3710,Peruvian Yungas,Latin American forest,,2356,0.3965,9,5,0,5,9,0.0,0.0,0.0,0.0,0.0,0.0
weecology,tcd_tile_3711,Upper Gangetic Plains moist deciduous forests,Other,,3839,0.3965,43,37,10,27,33,0.2703,0.2326,0.25,0.89,0.116,0.2053
weecology,tcd_tile_3712,Central European mixed forests,European forest,,3299,0.3965,27,38,10,28,17,0.2632,0.3704,0.3077,0.9386,0.0337,0.065
weecology,tcd_tile_3713,Alps conifer and mixed forests,European forest,,4254,0.3965,1,4,1,3,0,0.25,1.0,0.4,1.0,0.0019,0.0038
weecology,tcd_tile_3714,Atlantic dry forests,Other,,1143,0.3965,312,69,51,18,261,0.7391,0.1635,0.2677,0.8477,0.1404,0.2409
weecology,tcd_tile_3715,Pontic steppe,Other,,1381,0.3965,43,96,26,70,17,0.2708,0.6047,0.3741,0.9692,0.1906,0.3186
weecology,tcd_tile_3716,Sarmatic mixed forests,European forest,,4599,0.3965,36,19,4,15,32,0.2105,0.1111,0.1455,0.3398,0.3352,0.3375
weecology,tcd_tile_3717,Luzon rain forests,SE Asian & Pacific rainforest,,4630,0.3965,125,277,16,261,109,0.0578,0.128,0.0796,0.9057,0.1189,0.2102
weecology,tcd_tile_3718,Balkan mixed forests,European forest,,3911,0.3965,44,16,8,8,36,0.5,0.1818,0.2667,0.8788,0.0082,0.0163
weecology,tcd_tile_3719,Northern Zanzibar-Inhambane coastal forest mosaic,African tropical forest,,4566,0.3965,300,2,1,1,299,0.5,0.0033,0.0066,0.7223,0.0001,0.0002
weecology,tcd_tile_372,Taiheiyo montane deciduous forests,Other,,5068,0.3965,0,18,0,18,0,0.0,0.0,0.0,0.0,0.0,0.0
weecology,tcd_tile_3720,Sulawesi lowland rain forests,SE Asian & Pacific rainforest,,4584,0.3965,223,181,104,77,119,0.5746,0.4664,0.5149,0.8951,0.2143,0.3458
weecology,tcd_tile_3721,Celtic broadleaf forests,European forest,,3152,0.3965,5,6,1,5,4,0.1667,0.2,0.1818,0.9899,0.0321,0.0621
weecology,tcd_tile_3722,,Other,,3413,0.3965,27,229,6,223,21,0.0262,0.2222,0.0469,0.9949,0.0626,0.1177
weecology,tcd_tile_3723,Northeastern coastal forests,N. American forest,,3623,0.3965,98,97,32,65,66,0.3299,0.3265,0.3282,0.9519,0.1064,0.1914
weecology,tcd_tile_3724,Mindanao-Eastern Visayas rain forests,SE Asian & Pacific rainforest,,626,0.3965,231,74,42,32,189,0.5676,0.1818,0.2754,0.8405,0.0952,0.171
weecology,tcd_tile_3725,Changjiang Plain evergreen forests,Other,,2186,0.3965,275,79,52,27,223,0.6582,0.1891,0.2938,0.8328,0.1334,0.23
weecology,tcd_tile_3726,Eastern Guinean forests,African tropical forest,,2386,0.3965,2,2,1,1,1,0.5,0.5,0.5,0.3425,0.0011,0.0023
weecology,tcd_tile_3727,Himalayan subtropical broadleaf forests,Other,,4104,0.3965,49,75,23,52,26,0.3067,0.4694,0.371,0.7957,0.06,0.1116
weecology,tcd_tile_3728,Madeira-Tapajós moist forests,Latin American forest,,1112,0.3965,1,747,1,746,0,0.0013,1.0,0.0027,0.9998,0.1863,0.3141
weecology,tcd_tile_3729,Sumatran lowland rain forests,SE Asian & Pacific rainforest,,651,0.3965,59,267,10,257,49,0.0375,0.1695,0.0613,0.9719,0.0457,0.0873
weecology,tcd_tile_373,Scandinavian coastal conifer forests,Other,,1917,0.3965,0,2,0,2,0,0.0,0.0,0.0,0.0,0.0,0.0
weecology,tcd_tile_3730,Central European mixed forests,European forest,,4710,0.3965,0,25,0,25,0,0.0,0.0,0.0,0.0,0.0,0.0
weecology,tcd_tile_3731,Appalachian-Blue Ridge forests,N. American forest,,4048,0.3965,55,42,25,17,30,0.5952,0.4545,0.5155,0.9078,0.0315,0.0608
weecology,tcd_tile_3732,North Central Rockies forests,N. American forest,,2385,0.3965,1,676,1,675,0,0.0015,1.0,0.003,0.9607,0.2105,0.3453
weecology,tcd_tile_3733,Central European mixed forests,European forest,,3884,0.3965,30,1,0,1,30,0.0,0.0,0.0,0.0,0.0,0.0
weecology,tcd_tile_3734,Tigris-Euphrates alluvial salt marsh,Other,,351,0.3965,27,17,8,9,19,0.4706,0.2963,0.3636,0.6677,0.2002,0.3081
weecology,tcd_tile_3735,Scandinavian and Russian taiga,Other,,48,0.3965,96,55,27,28,69,0.4909,0.2812,0.3576,0.7966,0.045,0.0852
weecology,tcd_tile_3736,Ucayali moist forests,Latin American forest,,2543,0.3965,22,126,7,119,15,0.0556,0.3182,0.0946,0.9746,0.0534,0.1013
weecology,tcd_tile_3737,Timor and Wetar deciduous forests,SE Asian & Pacific rainforest,,4964,0.3965,95,25,14,11,81,0.56,0.1474,0.2333,0.9164,0.042,0.0804
weecology,tcd_tile_3738,Celtic broadleaf forests,European forest,,3847,0.3965,17,120,3,117,14,0.025,0.1765,0.0438,0.9811,0.1055,0.1906
weecology,tcd_tile_3739,Southeastern mixed forests,N. American forest,,4015,0.3965,31,2,1,1,30,0.5,0.0323,0.0606,0.3213,0.0003,0.0007
weecology,tcd_tile_374,Atlantic mixed forests,European forest,,4294,0.3965,10,223,1,222,9,0.0045,0.1,0.0086,0.4661,0.0744,0.1284
weecology,tcd_tile_3740,Northern Zanzibar-Inhambane coastal forest mosaic,African tropical forest,,3616,0.3965,40,388,20,368,20,0.0515,0.5,0.0935,0.965,0.0961,0.1747
weecology,tcd_tile_3741,Vanuatu rain forests,Other,,1775,0.3965,53,16,2,14,51,0.125,0.0377,0.058,0.7739,0.0058,0.0115
weecology,tcd_tile_3742,Eastern Guinean forests,African tropical forest,,2701,0.3965,89,1,0,1,89,0.0,0.0,0.0,0.0,0.0,0.0
weecology,tcd_tile_3743,Taiheiyo evergreen forests,Other,,2852,0.3965,179,76,45,31,134,0.5921,0.2514,0.3529,0.6423,0.1478,0.2403
weecology,tcd_tile_3744,Granitic Seychelles forests,Other,,3097,0.3965,0,417,0,417,0,0.0,0.0,0.0,0.0,0.0,0.0
weecology,tcd_tile_3745,Western European broadleaf forests,European forest,,4843,0.3965,9,10,4,6,5,0.4,0.4444,0.4211,0.9991,0.0064,0.0128
weecology,tcd_tile_3746,Cerrado,Latin American forest,,802,0.3965,1,7,0,7,1,0.0,0.0,0.0,0.0,0.0,0.0
weecology,tcd_tile_3747,Atlantic mixed forests,European forest,,4776,0.3965,18,274,14,260,4,0.0511,0.7778,0.0959,0.9815,0.2105,0.3467
weecology,tcd_tile_3748,Bahia coastal forests,Latin American forest,,4996,0.3965,72,36,17,19,55,0.4722,0.2361,0.3148,0.6633,0.0432,0.0812
weecology,tcd_tile_3749,Sarmatic mixed forests,European forest,,3484,0.3965,5,106,4,102,1,0.0377,0.8,0.0721,0.9825,0.0372,0.0717
weecology,tcd_tile_375,Northern Zanzibar-Inhambane coastal forest mosaic,African tropical forest,,4983,0.3965,177,31,21,10,156,0.6774,0.1186,0.2019,0.8843,0.0352,0.0677
weecology,tcd_tile_3750,Eastern Guinean forests,African tropical forest,,2650,0.3965,32,146,10,136,22,0.0685,0.3125,0.1124,0.9771,0.0974,0.1772
weecology,tcd_tile_3751,Central European mixed forests,European forest,,778,0.3965,118,84,26,58,92,0.3095,0.2203,0.2574,0.8306,0.1695,0.2815
weecology,tcd_tile_3752,Northern Zanzibar-Inhambane coastal forest mosaic,African tropical forest,,121,0.3965,34,4,4,0,30,1.0,0.1176,0.2105,0.8656,0.0481,0.0911
weecology,tcd_tile_3753,Pontic steppe,Other,,978,0.3965,36,74,17,57,19,0.2297,0.4722,0.3091,0.9757,0.1503,0.2604
weecology,tcd_tile_3754,Eastern Java-Bali rain forests,SE Asian & Pacific rainforest,,4501,0.3965,17,67,8,59,9,0.1194,0.4706,0.1905,0.8705,0.0666,0.1237
weecology,tcd_tile_3755,Western European broadleaf forests,European forest,,240,0.3965,15,141,10,131,5,0.0709,0.6667,0.1282,0.9648,0.103,0.1862
weecology,tcd_tile_3756,Northeastern coastal forests,N. American forest,,2983,0.3965,2,3,1,2,1,0.3333,0.5,0.4,1.0,0.0049,0.0098
weecology,tcd_tile_3757,Mindanao-Eastern Visayas rain forests,SE Asian & Pacific rainforest,,3105,0.3965,37,114,11,103,26,0.0965,0.2973,0.1457,0.8942,0.0729,0.1348
weecology,tcd_tile_3758,Sulawesi lowland rain forests,SE Asian & Pacific rainforest,,2741,0.3965,103,84,25,59,78,0.2976,0.2427,0.2674,0.9554,0.0475,0.0906
weecology,tcd_tile_3759,Nihonkai montane deciduous forests,Other,,4395,0.3965,3,10,1,9,2,0.1,0.3333,0.1538,0.6027,0.0047,0.0093
weecology,tcd_tile_376,Bahamian pine mosaic,Other,,4985,0.3965,1,11,1,10,0,0.0909,1.0,0.1667,0.2191,0.002,0.004
weecology,tcd_tile_3760,Cerrado,Latin American forest,,708,0.3965,15,131,2,129,13,0.0153,0.1333,0.0274,0.9782,0.0578,0.1092
weecology,tcd_tile_3761,Sarmatic mixed forests,European forest,,3287,0.3965,20,106,10,96,10,0.0943,0.5,0.1587,0.7757,0.0181,0.0353
weecology,tcd_tile_3762,Southeastern conifer forests,N. American forest,,1951,0.3965,129,36,19,17,110,0.5278,0.1473,0.2303,0.3421,0.1275,0.1858
weecology,tcd_tile_3763,Hispaniolan moist forests,SE Asian & Pacific rainforest,,4944,0.3965,0,24,0,24,0,0.0,0.0,0.0,0.0,0.0,0.0
weecology,tcd_tile_3764,Baltic mixed forests,European forest,,4651,0.3965,1,73,1,72,0,0.0137,1.0,0.027,1.0,0.0348,0.0673
weecology,tcd_tile_3765,,Other,,3736,0.3965,1,3,1,2,0,0.3333,1.0,0.5,0.2526,0.1537,0.1911
weecology,tcd_tile_3766,Madeira-Tapajós moist forests,Latin American forest,,1912,0.3965,1,295,1,294,0,0.0034,1.0,0.0068,1.0,0.0767,0.1425
weecology,tcd_tile_3767,Atlantic mixed forests,European forest,,63,0.3965,29,14,11,3,18,0.7857,0.3793,0.5116,0.9719,0.2058,0.3397
weecology,tcd_tile_3768,Mindanao-Eastern Visayas rain forests,SE Asian & Pacific rainforest,,12,0.3965,113,260,27,233,86,0.1038,0.2389,0.1448,0.8938,0.0854,0.1558
weecology,tcd_tile_3769,,Other,,1012,0.3965,0,7,0,7,0,0.0,0.0,0.0,0.0,0.0,0.0
weecology,tcd_tile_377,East European forest steppe,European forest,,1124,0.3965,15,14,11,3,4,0.7857,0.7333,0.7586,0.7812,0.5905,0.6726
weecology,tcd_tile_3770,Madeira-Tapajós moist forests,Latin American forest,,632,0.3965,1,598,1,597,0,0.0017,1.0,0.0033,0.9998,0.1618,0.2786
weecology,tcd_tile_3771,Tongan tropical moist forests,SE Asian & Pacific rainforest,,4885,0.3965,7,549,3,546,4,0.0055,0.4286,0.0108,0.9855,0.0782,0.1448
weecology,tcd_tile_3772,Sulawesi lowland rain forests,SE Asian & Pacific rainforest,,4871,0.3965,160,129,68,61,92,0.5271,0.425,0.4706,0.82,0.194,0.3138
weecology,tcd_tile_3773,Taiheiyo montane deciduous forests,Other,,4176,0.3965,5,6,1,5,4,0.1667,0.2,0.1818,0.3138,0.0034,0.0066
weecology,tcd_tile_3774,Northern Zanzibar-Inhambane coastal forest mosaic,African tropical forest,,4205,0.3965,37,1,1,0,36,1.0,0.027,0.0526,0.9869,0.0036,0.0072
weecology,tcd_tile_3775,Central European mixed forests,European forest,,3867,0.3965,26,16,6,10,20,0.375,0.2308,0.2857,0.8897,0.0117,0.0231
weecology,tcd_tile_3776,Nigerian lowland forests,African tropical forest,,4590,0.3965,0,46,0,46,0,0.0,0.0,0.0,0.0,0.0,0.0
weecology,tcd_tile_3777,Appalachian mixed mesophytic forests,Other,,2294,0.3965,171,149,21,128,150,0.1409,0.1228,0.1313,0.9301,0.1791,0.3004
weecology,tcd_tile_3778,Hispaniolan moist forests,SE Asian & Pacific rainforest,,4027,0.3965,18,112,3,109,15,0.0268,0.1667,0.0462,0.0478,0.0094,0.0157
weecology,tcd_tile_3779,Southern Zanzibar-Inhambane coastal forest mosaic,African tropical forest,,5023,0.3965,95,49,21,28,74,0.4286,0.2211,0.2917,0.8995,0.0707,0.131
weecology,tcd_tile_378,,Other,,1919,0.3965,40,23,10,13,30,0.4348,0.25,0.3175,0.5305,0.1457,0.2286
weecology,tcd_tile_3780,Central European mixed forests,European forest,,4633,0.3965,0,8,0,8,0,0.0,0.0,0.0,0.0,0.0,0.0
weecology,tcd_tile_3781,Appalachian-Blue Ridge forests,N. American forest,,617,0.3965,15,24,3,21,12,0.125,0.2,0.1538,0.432,0.0402,0.0736
weecology,tcd_tile_3782,Greater Negros-Panay rain forests,SE Asian & Pacific rainforest,,211,0.3965,33,18,6,12,27,0.3333,0.1818,0.2353,0.5602,0.0386,0.0723
weecology,tcd_tile_3783,Vanuatu rain forests,Other,,2049,0.3965,76,50,10,40,66,0.2,0.1316,0.1587,0.186,0.0038,0.0074
weecology,tcd_tile_3784,Northeastern coastal forests,N. American forest,,3777,0.3965,59,63,13,50,46,0.2063,0.2203,0.2131,0.962,0.1356,0.2376
weecology,tcd_tile_3785,Western European broadleaf forests,European forest,,3359,0.3965,5,0,0,0,5,0.0,0.0,0.0,0.0,0.0,0.0
weecology,tcd_tile_3786,Mato Grosso seasonal forests,Latin American forest,,2577,0.3965,117,126,42,84,75,0.3333,0.359,0.3457,0.6691,0.2071,0.3163
weecology,tcd_tile_3787,Northern Zanzibar-Inhambane coastal forest mosaic,African tropical forest,,1880,0.3965,47,172,19,153,28,0.1105,0.4043,0.1735,0.8854,0.1058,0.189
weecology,tcd_tile_3788,North Central Rockies forests,N. American forest,,3932,0.3965,11,223,4,219,7,0.0179,0.3636,0.0342,0.9878,0.205,0.3395
weecology,tcd_tile_3789,Mato Grosso seasonal forests,Latin American forest,,3514,0.3965,66,196,36,160,30,0.1837,0.5455,0.2748,0.8834,0.2154,0.3464
weecology,tcd_tile_379,Po Basin mixed forests,Other,,1083,0.3965,49,62,28,34,21,0.4516,0.5714,0.5045,0.7458,0.1094,0.1908
weecology,tcd_tile_3790,Timor and Wetar deciduous forests,SE Asian & Pacific rainforest,,3649,0.3965,97,22,18,4,79,0.8182,0.1856,0.3025,0.791,0.0278,0.0538
weecology,tcd_tile_3791,Eastern Cordillera real montane forests,Other,,1628,0.3965,2,2,1,1,1,0.5,0.5,0.5,0.4677,0.1276,0.2005
weecology,tcd_tile_3792,Taiheiyo evergreen forests,Other,,2166,0.3965,162,181,41,140,121,0.2265,0.2531,0.2391,0.9253,0.145,0.2508
weecology,tcd_tile_3793,South Siberian forest steppe,Other,,804,0.3965,152,101,54,47,98,0.5347,0.3553,0.4269,0.8959,0.1633,0.2763
weecology,tcd_tile_3794,Northern Zanzibar-Inhambane coastal forest mosaic,African tropical forest,,1380,0.3965,235,216,84,132,151,0.3889,0.3574,0.3725,0.7938,0.0809,0.1469
weecology,tcd_tile_3795,Iberian sclerophyllous and semi-deciduous forests,Other,,481,0.3965,690,645,544,101,146,0.8434,0.7884,0.815,0.903,0.6928,0.784
weecology,tcd_tile_3796,Northern Zanzibar-Inhambane coastal forest mosaic,African tropical forest,,3301,0.3965,178,200,86,114,92,0.43,0.4831,0.455,0.8615,0.2037,0.3294
weecology,tcd_tile_3797,Pannonian mixed forests,European forest,,3717,0.3965,1,336,1,335,0,0.003,1.0,0.0059,0.9999,0.106,0.1918
weecology,tcd_tile_3798,Southern Great Lakes forests,N. American forest,,620,0.3965,33,23,6,17,27,0.2609,0.1818,0.2143,0.8016,0.1188,0.2069
weecology,tcd_tile_3799,Hispaniolan moist forests,SE Asian & Pacific rainforest,,4895,0.3965,0,39,0,39,0,0.0,0.0,0.0,0.0,0.0,0.0
weecology,tcd_tile_38,West Sudanian savanna,Arid / dryland,,572,0.3965,50,67,26,41,24,0.3881,0.52,0.4444,0.7358,0.2091,0.3257
weecology,tcd_tile_380,Sundaland heath forests,Other,,2264,0.3965,1,309,1,308,0,0.0032,1.0,0.0065,0.9997,0.1212,0.2161
weecology,tcd_tile_3800,Changjiang Plain evergreen forests,Other,,4581,0.3965,78,47,27,20,51,0.5745,0.3462,0.432,0.9551,0.1065,0.1916
weecology,tcd_tile_3801,Southeast Australia temperate forests,Other,,2855,0.3965,18,15,5,10,13,0.3333,0.2778,0.303,0.4389,0.0098,0.0192
weecology,tcd_tile_3802,Baltic mixed forests,European forest,,4453,0.3965,3,103,1,102,2,0.0097,0.3333,0.0189,0.9489,0.0394,0.0757
weecology,tcd_tile_3803,Central European mixed forests,European forest,,4451,0.3965,59,33,6,27,53,0.1818,0.1017,0.1304,0.683,0.0052,0.0104
weecology,tcd_tile_3804,North Island temperate forests,Other,,87,0.3965,8,8,2,6,6,0.25,0.25,0.25,0.8723,0.0083,0.0165
weecology,tcd_tile_3805,Central European mixed forests,European forest,,2005,0.3965,31,39,14,25,17,0.359,0.4516,0.4,0.9404,0.0661,0.1235
weecology,tcd_tile_3806,Sri Lanka dry-zone dry evergreen forests,Other,,1622,0.3965,178,221,46,175,132,0.2081,0.2584,0.2306,0.8536,0.1758,0.2916
weecology,tcd_tile_3807,Vanuatu rain forests,Other,,1838,0.3965,1,12,1,11,0,0.0833,1.0,0.1538,1.0,0.0071,0.0141
weecology,tcd_tile_3808,Madeira-Tapajós moist forests,Latin American forest,,2927,0.3965,1,306,1,305,0,0.0033,1.0,0.0065,1.0,0.1062,0.192
weecology,tcd_tile_3809,East European forest steppe,European forest,,4514,0.3965,36,26,13,13,23,0.5,0.3611,0.4194,0.4614,0.064,0.1124
weecology,tcd_tile_381,Pannonian mixed forests,European forest,,2484,0.3965,120,18,15,3,105,0.8333,0.125,0.2174,0.93,0.0857,0.157
weecology,tcd_tile_3810,Southeast Australia temperate forests,Other,,154,0.3965,100,63,29,34,71,0.4603,0.29,0.3558,0.894,0.0859,0.1567
weecology,tcd_tile_3811,Luzon rain forests,SE Asian & Pacific rainforest,,428,0.3965,115,267,19,248,96,0.0712,0.1652,0.0995,0.8807,0.1132,0.2006
weecology,tcd_tile_3812,Northern Zanzibar-Inhambane coastal forest mosaic,African tropical forest,,2764,0.3965,185,182,80,102,105,0.4396,0.4324,0.436,0.8322,0.1827,0.2997
weecology,tcd_tile_3813,Hawaii tropical moist forests,Other,,1624,0.3965,4,153,3,150,1,0.0196,0.75,0.0382,1.0,0.0377,0.0726
weecology,tcd_tile_3814,Lesser Sundas deciduous forests,SE Asian & Pacific rainforest,,1856,0.3965,74,27,2,25,72,0.0741,0.027,0.0396,0.0777,0.007,0.0129
weecology,tcd_tile_3815,,Other,,340,0.3965,18,61,11,50,7,0.1803,0.6111,0.2785,0.6899,0.0512,0.0953
weecology,tcd_tile_3816,Balkan mixed forests,European forest,,4002,0.3965,85,43,21,22,64,0.4884,0.2471,0.3281,0.6844,0.0287,0.055
weecology,tcd_tile_3817,Eastern Guinean forests,African tropical forest,,3305,0.3965,36,361,18,343,18,0.0499,0.5,0.0907,0.9697,0.1857,0.3117
weecology,tcd_tile_3818,Atlantic mixed forests,European forest,,3108,0.3965,7,6,2,4,5,0.3333,0.2857,0.3077,0.7529,0.0159,0.031
weecology,tcd_tile_3819,Sarmatic mixed forests,European forest,,4559,0.3965,9,137,1,136,8,0.0073,0.1111,0.0137,0.9811,0.0641,0.1204
weecology,tcd_tile_382,Central Indochina dry forests,Other,,5038,0.3965,236,173,93,80,143,0.5376,0.3941,0.4548,0.8229,0.1827,0.299
weecology,tcd_tile_3820,English Lowlands beech forests,European forest,,3051,0.3965,11,16,2,14,9,0.125,0.1818,0.1481,0.967,0.0405,0.0777
weecology,tcd_tile_3821,Southern Pacific dry forests,Other,,1847,0.3965,63,94,23,71,40,0.2447,0.3651,0.293,0.9089,0.0179,0.0351
weecology,tcd_tile_3822,Northern Zanzibar-Inhambane coastal forest mosaic,African tropical forest,,2449,0.3965,104,56,7,49,97,0.125,0.0673,0.0875,0.9941,0.0324,0.0628
weecology,tcd_tile_3823,Nigerian lowland forests,African tropical forest,,2989,0.3965,2,22,1,21,1,0.0455,0.5,0.0833,0.0563,0.2517,0.0921
weecology,tcd_tile_3824,Southern Great Lakes forests,N. American forest,,1550,0.3965,28,12,9,3,19,0.75,0.3214,0.45,0.7765,0.5627,0.6525
weecology,tcd_tile_3825,Timor and Wetar deciduous forests,SE Asian & Pacific rainforest,,4063,0.3965,228,64,19,45,209,0.2969,0.0833,0.1301,0.9754,0.0321,0.0622
weecology,tcd_tile_3826,Mindanao-Eastern Visayas rain forests,SE Asian & Pacific rainforest,,2867,0.3965,64,35,14,21,50,0.4,0.2188,0.2828,0.5023,0.0627,0.1115
weecology,tcd_tile_3827,English Lowlands beech forests,European forest,,4094,0.3965,9,10,1,9,8,0.1,0.1111,0.1053,0.207,0.0028,0.0055
weecology,tcd_tile_3828,Northern Zanzibar-Inhambane coastal forest mosaic,African tropical forest,,4124,0.3965,64,65,21,44,43,0.3231,0.3281,0.3256,0.7184,0.0281,0.0541
weecology,tcd_tile_3829,Greater Negros-Panay rain forests,SE Asian & Pacific rainforest,,3445,0.3965,99,41,24,17,75,0.5854,0.2424,0.3429,0.8066,0.1447,0.2454
weecology,tcd_tile_383,Eastern Mediterranean conifer-sclerophyllous-broadleaf forests,Other,,881,0.3965,204,212,138,74,66,0.6509,0.6765,0.6635,0.9564,0.3704,0.534
weecology,tcd_tile_3830,Northern Zanzibar-Inhambane coastal forest mosaic,African tropical forest,,1065,0.3965,6,0,0,0,6,0.0,0.0,0.0,0.0,0.0,0.0
weecology,tcd_tile_3831,East European forest steppe,European forest,,4050,0.3965,76,174,40,134,36,0.2299,0.5263,0.32,0.9799,0.1316,0.2321
weecology,tcd_tile_3832,Balkan mixed forests,European forest,,1212,0.3965,67,45,20,25,47,0.4444,0.2985,0.3571,0.8466,0.0795,0.1454
weecology,tcd_tile_3833,Changjiang Plain evergreen forests,Other,,470,0.3965,302,85,71,14,231,0.8353,0.2351,0.3669,0.9183,0.1082,0.1936
weecology,tcd_tile_3834,Northern Zanzibar-Inhambane coastal forest mosaic,African tropical forest,,468,0.3965,145,257,52,205,93,0.2023,0.3586,0.2587,0.8279,0.0753,0.138
weecology,tcd_tile_3835,Northern Zanzibar-Inhambane coastal forest mosaic,African tropical forest,,4915,0.3965,124,5,5,0,119,1.0,0.0403,0.0775,0.9589,0.0452,0.0863
weecology,tcd_tile_3836,North Island temperate forests,Other,,3002,0.3965,29,39,15,24,14,0.3846,0.5172,0.4412,0.9852,0.1418,0.2479
weecology,tcd_tile_3837,East European forest steppe,European forest,,426,0.3965,6,5,1,4,5,0.2,0.1667,0.1818,0.0744,0.0261,0.0386
weecology,tcd_tile_3838,Timor and Wetar deciduous forests,SE Asian & Pacific rainforest,,1372,0.3965,1,40,1,39,0,0.025,1.0,0.0488,1.0,0.0089,0.0176
weecology,tcd_tile_3839,Northern Zanzibar-Inhambane coastal forest mosaic,African tropical forest,,3395,0.3965,191,3,2,1,189,0.6667,0.0105,0.0206,0.9167,0.0064,0.0127
weecology,tcd_tile_384,Luzon rain forests,SE Asian & Pacific rainforest,,4382,0.3965,0,143,0,143,0,0.0,0.0,0.0,0.0,0.0,0.0
weecology,tcd_tile_3840,Caucasus mixed forests,European forest,,1349,0.3965,4,7,1,6,3,0.1429,0.25,0.1818,0.9998,0.0039,0.0079
weecology,tcd_tile_3841,California interior chaparral and woodlands,Other,,921,0.3965,0,0,0,0,0,0.0,0.0,0.0,0.0,0.0,0.0
weecology,tcd_tile_3842,Western Siberian hemiboreal forests,Other,,1768,0.3965,7,7,2,5,5,0.2857,0.2857,0.2857,0.4275,0.0059,0.0116
weecology,tcd_tile_3843,Northern Zanzibar-Inhambane coastal forest mosaic,African tropical forest,,1789,0.3965,145,197,61,136,84,0.3096,0.4207,0.3567,0.9091,0.1306,0.2284
weecology,tcd_tile_3844,Changjiang Plain evergreen forests,Other,,1907,0.3965,105,26,9,17,96,0.3462,0.0857,0.1374,0.6347,0.0681,0.123
weecology,tcd_tile_3845,Taiheiyo evergreen forests,Other,,348,0.3965,95,50,34,16,61,0.68,0.3579,0.469,0.8974,0.1646,0.2781
weecology,tcd_tile_3846,Western Guinean lowland forests,African tropical forest,,876,0.3965,36,34,13,21,23,0.3824,0.3611,0.3714,0.494,0.0472,0.0862
weecology,tcd_tile_3847,Balkan mixed forests,European forest,,1555,0.3965,24,44,8,36,16,0.1818,0.3333,0.2353,0.9756,0.0572,0.1081
weecology,tcd_tile_3848,Central and Southern mixed grasslands,Other,,282,0.3965,55,27,24,3,31,0.8889,0.4364,0.5854,0.9104,0.1428,0.2469
weecology,tcd_tile_3849,Uatuma-Trombetas moist forests,Latin American forest,,2759,0.3965,1,1,0,1,1,0.0,0.0,0.0,0.0,0.0,0.0
weecology,tcd_tile_385,Serra do Mar coastal forests,Latin American forest,,4893,0.3965,1,254,1,253,0,0.0039,1.0,0.0078,1.0,0.042,0.0807
weecology,tcd_tile_3850,Madeira-Tapajós moist forests,Latin American forest,,3967,0.3965,1,443,1,442,0,0.0023,1.0,0.0045,1.0,0.1281,0.2271
weecology,tcd_tile_3851,Mizoram-Manipur-Kachin rain forests,SE Asian & Pacific rainforest,,4780,0.3965,3,138,1,137,2,0.0072,0.3333,0.0142,0.9647,0.0547,0.1034
weecology,tcd_tile_3852,Greater Negros-Panay rain forests,SE Asian & Pacific rainforest,,1327,0.3965,12,1,1,0,11,1.0,0.0833,0.1538,0.6448,0.0049,0.0098
weecology,tcd_tile_3853,Western Java montane rain forests,Other,,1736,0.3965,26,103,7,96,19,0.068,0.2692,0.1085,0.9761,0.0722,0.1344
weecology,tcd_tile_3854,Cerrado,Latin American forest,,680,0.3965,72,106,33,73,39,0.3113,0.4583,0.3708,0.8241,0.1599,0.2679
weecology,tcd_tile_3855,Changjiang Plain evergreen forests,Other,,1285,0.3965,308,135,110,25,198,0.8148,0.3571,0.4966,0.9099,0.163,0.2765
weecology,tcd_tile_3856,Himalayan subtropical broadleaf forests,Other,,1610,0.3965,101,552,35,517,66,0.0634,0.3465,0.1072,0.9905,0.2616,0.4139
weecology,tcd_tile_3857,Lesser Sundas deciduous forests,SE Asian & Pacific rainforest,,1662,0.3965,22,23,2,21,20,0.087,0.0909,0.0889,0.9974,0.0216,0.0423
weecology,tcd_tile_3858,Western European broadleaf forests,European forest,,4649,0.3965,5,13,1,12,4,0.0769,0.2,0.1111,1.0,0.0057,0.0113
weecology,tcd_tile_3859,Maputaland coastal forest mosaic,African tropical forest,,1314,0.3965,2,1,0,1,2,0.0,0.0,0.0,0.0,0.0,0.0
weecology,tcd_tile_386,Iberian sclerophyllous and semi-deciduous forests,Other,,689,0.3965,198,64,43,21,155,0.6719,0.2172,0.3282,0.936,0.1823,0.3052
weecology,tcd_tile_3860,Hokkaido deciduous forests,Other,,3128,0.3965,6,197,4,193,2,0.0203,0.6667,0.0394,0.9933,0.1803,0.3052
weecology,tcd_tile_3861,Sarmatic mixed forests,European forest,,2156,0.3965,52,120,23,97,29,0.1917,0.4423,0.2674,0.8256,0.0494,0.0932
weecology,tcd_tile_3862,Atlantic coastal pine barrens,Other,,2427,0.3965,25,41,12,29,13,0.2927,0.48,0.3636,0.7786,0.0563,0.1051
weecology,tcd_tile_3863,Atlantic mixed forests,European forest,,2649,0.3965,8,171,5,166,3,0.0292,0.625,0.0559,0.9851,0.1462,0.2546
weecology,tcd_tile_3864,Western Java rain forests,Other,,4656,0.3965,168,123,66,57,102,0.5366,0.3929,0.4536,0.9561,0.2041,0.3364
weecology,tcd_tile_3865,Southern Zanzibar-Inhambane coastal forest mosaic,African tropical forest,,3405,0.3965,32,3,1,2,31,0.3333,0.0312,0.0571,0.6503,0.0045,0.009
weecology,tcd_tile_3866,Tongan tropical moist forests,SE Asian & Pacific rainforest,,4530,0.3965,78,37,3,34,75,0.0811,0.0385,0.0522,0.0359,0.0013,0.0025
weecology,tcd_tile_3867,,Other,,328,0.3965,24,666,12,654,12,0.018,0.5,0.0348,0.9913,0.1277,0.2263
weecology,tcd_tile_3868,Serra do Mar coastal forests,Latin American forest,,4639,0.3965,266,160,65,95,201,0.4062,0.2444,0.3052,0.7297,0.0629,0.1158
weecology,tcd_tile_3869,Sarmatic mixed forests,European forest,,2325,0.3965,14,184,2,182,12,0.0109,0.1429,0.0202,0.9999,0.148,0.2578
weecology,tcd_tile_387,Willamette Valley forests,N. American forest,,2531,0.3965,91,6,6,0,85,1.0,0.0659,0.1237,0.8032,0.1972,0.3166
weecology,tcd_tile_3870,North Central Rockies forests,N. American forest,,2081,0.3965,73,538,18,520,55,0.0335,0.2466,0.0589,0.9957,0.1919,0.3217
weecology,tcd_tile_3871,Southern Great Lakes forests,N. American forest,,4325,0.3965,13,8,8,0,5,1.0,0.6154,0.7619,0.9715,0.1525,0.2636
weecology,tcd_tile_3872,"Sao Tome, Principe and Annobon moist lowland forests",Other,,3158,0.3965,111,31,16,15,95,0.5161,0.1441,0.2254,0.9671,0.1701,0.2894
weecology,tcd_tile_3873,Northern Anatolian conifer and deciduous forests,Other,,2790,0.3965,431,337,141,196,290,0.4184,0.3271,0.3672,0.7242,0.1346,0.227
weecology,tcd_tile_3874,North Central Rockies forests,N. American forest,,4029,0.3965,4,213,2,211,2,0.0094,0.5,0.0184,0.9997,0.0724,0.1351
weecology,tcd_tile_3875,Huang He Plain mixed forests,Other,,2335,0.3965,41,40,8,32,33,0.2,0.1951,0.1975,0.8961,0.0908,0.1649
weecology,tcd_tile_3876,Central Indochina dry forests,Other,,4958,0.3965,219,217,81,136,138,0.3733,0.3699,0.3716,0.8202,0.1086,0.1918
weecology,tcd_tile_3877,Central European mixed forests,European forest,,2924,0.3965,53,78,8,70,45,0.1026,0.1509,0.1221,0.1524,0.0862,0.1101
weecology,tcd_tile_3878,Pannonian mixed forests,European forest,,2860,0.3965,3,380,2,378,1,0.0053,0.6667,0.0104,0.9137,0.1036,0.186
weecology,tcd_tile_3879,Northern Zanzibar-Inhambane coastal forest mosaic,African tropical forest,,2786,0.3965,54,666,17,649,37,0.0255,0.3148,0.0472,0.9908,0.1694,0.2893
weecology,tcd_tile_388,Northern Zanzibar-Inhambane coastal forest mosaic,African tropical forest,,1101,0.3965,96,257,29,228,67,0.1128,0.3021,0.1643,0.8323,0.0559,0.1048
weecology,tcd_tile_3880,Central European mixed forests,European forest,,5055,0.3965,34,7,3,4,31,0.4286,0.0882,0.1463,0.5347,0.0106,0.0209
weecology,tcd_tile_3881,Northern Zanzibar-Inhambane coastal forest mosaic,African tropical forest,,1760,0.3965,135,84,51,33,84,0.6071,0.3778,0.4658,0.7864,0.2424,0.3706
weecology,tcd_tile_3882,Serra do Mar coastal forests,Latin American forest,,4933,0.3965,15,81,4,77,11,0.0494,0.2667,0.0833,0.9176,0.0179,0.0351
weecology,tcd_tile_3883,Northern Zanzibar-Inhambane coastal forest mosaic,African tropical forest,,2986,0.3965,175,213,112,101,63,0.5258,0.64,0.5773,0.9453,0.4161,0.5779
weecology,tcd_tile_3884,Appalachian-Blue Ridge forests,N. American forest,,2342,0.3965,47,107,26,81,21,0.243,0.5532,0.3377,0.9651,0.0658,0.1231
weecology,tcd_tile_3885,Italian sclerophyllous and semi-deciduous forests,Other,,519,0.3965,16,251,14,237,2,0.0558,0.875,0.1049,0.893,0.2764,0.4221
weecology,tcd_tile_3886,Northern Zanzibar-Inhambane coastal forest mosaic,African tropical forest,,177,0.3965,7,3,1,2,6,0.3333,0.1429,0.2,0.3263,0.0357,0.0643
weecology,tcd_tile_3887,Northeastern coastal forests,N. American forest,,1441,0.3965,25,28,3,25,22,0.1071,0.12,0.1132,0.9353,0.1091,0.1955
weecology,tcd_tile_3888,Cardamom Mountains rain forests,Other,,2428,0.3965,644,582,365,217,279,0.6271,0.5668,0.5954,0.9473,0.2225,0.3604
weecology,tcd_tile_3889,East European forest steppe,European forest,,3410,0.3965,2,0,0,0,2,0.0,0.0,0.0,0.0,0.0,0.0
weecology,tcd_tile_389,Northern Zanzibar-Inhambane coastal forest mosaic,African tropical forest,,1071,0.3965,283,406,173,233,110,0.4261,0.6113,0.5022,0.8359,0.2157,0.3428
weecology,tcd_tile_3890,Cerrado,Latin American forest,,1811,0.3965,23,109,10,99,13,0.0917,0.4348,0.1515,0.9608,0.0367,0.0707
weecology,tcd_tile_3891,Western Guinean lowland forests,African tropical forest,,2031,0.3965,104,31,21,10,83,0.6774,0.2019,0.3111,0.6317,0.0782,0.1392
weecology,tcd_tile_3892,,Other,,4299,0.3965,153,269,41,228,112,0.1524,0.268,0.1943,0.9587,0.1651,0.2817
weecology,tcd_tile_3893,Northeastern coastal forests,N. American forest,,2074,0.3965,29,8,1,7,28,0.125,0.0345,0.0541,1.0,0.0114,0.0225
weecology,tcd_tile_3894,Southern Zanzibar-Inhambane coastal forest mosaic,African tropical forest,,4178,0.3965,81,29,11,18,70,0.3793,0.1358,0.2,0.8548,0.0156,0.0306
weecology,tcd_tile_3895,Hispaniolan moist forests,SE Asian & Pacific rainforest,,3703,0.3965,79,62,22,40,57,0.3548,0.2785,0.3121,0.4639,0.1198,0.1904
weecology,tcd_tile_3896,Central European mixed forests,European forest,,4509,0.3965,0,31,0,31,0,0.0,0.0,0.0,0.0,0.0,0.0
weecology,tcd_tile_3897,Southern Great Lakes forests,N. American forest,,2586,0.3965,3,38,1,37,2,0.0263,0.3333,0.0488,0.1099,0.0599,0.0775
weecology,tcd_tile_3898,Madeira-Tapajós moist forests,Latin American forest,,3344,0.3965,9,657,7,650,2,0.0107,0.7778,0.021,0.9872,0.2052,0.3398
weecology,tcd_tile_3899,Nihonkai montane deciduous forests,Other,,4230,0.3965,7,20,2,18,5,0.1,0.2857,0.1481,1.0,0.0042,0.0084
weecology,tcd_tile_39,Sonoran desert,Arid / dryland,,559,0.3965,112,77,39,38,73,0.5065,0.3482,0.4127,0.8434,0.0903,0.1632
weecology,tcd_tile_390,Serra do Mar coastal forests,Latin American forest,,4406,0.3965,0,248,0,248,0,0.0,0.0,0.0,0.0,0.0,0.0
weecology,tcd_tile_3900,Northern Zanzibar-Inhambane coastal forest mosaic,African tropical forest,,3496,0.3965,2,11,1,10,1,0.0909,0.5,0.1538,0.3207,0.372,0.3445
weecology,tcd_tile_3901,Cerrado,Latin American forest,,718,0.3965,20,15,1,14,19,0.0667,0.05,0.0571,1.0,0.0078,0.0154
weecology,tcd_tile_3902,Iquitos varzeá,Other,,4161,0.3965,82,210,41,169,41,0.1952,0.5,0.2808,0.9196,0.1239,0.2183
weecology,tcd_tile_3903,Lesser Sundas deciduous forests,SE Asian & Pacific rainforest,,4173,0.3965,126,24,17,7,109,0.7083,0.1349,0.2267,0.7944,0.1171,0.2041
weecology,tcd_tile_3904,Granitic Seychelles forests,Other,,393,0.3965,3,470,2,468,1,0.0043,0.6667,0.0085,0.9992,0.0845,0.1558
weecology,tcd_tile_3905,Taiheiyo evergreen forests,Other,,2908,0.3965,8,1,1,0,7,1.0,0.125,0.2222,1.0,0.0787,0.1459
weecology,tcd_tile_3906,Southern Great Lakes forests,N. American forest,,1421,0.3965,12,136,10,126,2,0.0735,0.8333,0.1351,0.2083,0.2098,0.209
weecology,tcd_tile_3907,Taiwan subtropical evergreen forests,SE Asian & Pacific rainforest,,3897,0.3965,118,113,29,84,89,0.2566,0.2458,0.2511,0.964,0.1248,0.2209
weecology,tcd_tile_3908,Southeast Australia temperate forests,Other,,1859,0.3965,15,20,8,12,7,0.4,0.5333,0.4571,0.8572,0.058,0.1087
weecology,tcd_tile_3909,Celtic broadleaf forests,European forest,,1578,0.3965,41,14,8,6,33,0.5714,0.1951,0.2909,0.576,0.0872,0.1514
weecology,tcd_tile_391,Changjiang Plain evergreen forests,Other,,2709,0.3965,6,16,1,15,5,0.0625,0.1667,0.0909,0.0651,0.1828,0.096
weecology,tcd_tile_3910,Tongan tropical moist forests,SE Asian & Pacific rainforest,,4476,0.3965,166,150,25,125,141,0.1667,0.1506,0.1582,0.4615,0.0589,0.1045
weecology,tcd_tile_3911,Greater Negros-Panay rain forests,SE Asian & Pacific rainforest,,2882,0.3965,48,14,10,4,38,0.7143,0.2083,0.3226,0.6769,0.0837,0.1489
weecology,tcd_tile_3912,Sulawesi lowland rain forests,SE Asian & Pacific rainforest,,4256,0.3965,125,86,35,51,90,0.407,0.28,0.3318,0.8468,0.1454,0.2482
weecology,tcd_tile_3913,Central Andean puna,Other,,474,0.3965,2,0,0,0,2,0.0,0.0,0.0,0.0,0.0,0.0
weecology,tcd_tile_3914,Mindanao-Eastern Visayas rain forests,SE Asian & Pacific rainforest,,4090,0.3965,36,23,8,15,28,0.3478,0.2222,0.2712,0.434,0.0439,0.0798
weecology,tcd_tile_3915,Northern Zanzibar-Inhambane coastal forest mosaic,African tropical forest,,2499,0.3965,90,110,17,93,73,0.1545,0.1889,0.17,0.9706,0.0807,0.149
weecology,tcd_tile_3916,Timor and Wetar deciduous forests,SE Asian & Pacific rainforest,,4592,0.3965,162,27,18,9,144,0.6667,0.1111,0.1905,0.7878,0.038,0.0724
weecology,tcd_tile_3917,Jalisco dry forests,Other,,1808,0.3965,27,39,5,34,22,0.1282,0.1852,0.1515,0.963,0.034,0.0656
weecology,tcd_tile_3918,,Other,,4461,0.3965,19,354,3,351,16,0.0085,0.1579,0.0161,0.9863,0.0717,0.1337
weecology,tcd_tile_3919,Central U.S. hardwood forests,N. American forest,,1412,0.3965,209,52,43,9,166,0.8269,0.2057,0.3295,0.9123,0.1828,0.3045
weecology,tcd_tile_392,,Other,,3225,0.3965,43,35,6,29,37,0.1714,0.1395,0.1538,0.1715,0.0708,0.1002
weecology,tcd_tile_3920,Baltic mixed forests,European forest,,2625,0.3965,1,36,1,35,0,0.0278,1.0,0.0541,0.2766,0.0035,0.0069
weecology,tcd_tile_3921,Northeastern coastal forests,N. American forest,,3961,0.3965,146,81,24,57,122,0.2963,0.1644,0.2115,0.8729,0.091,0.1649
weecology,tcd_tile_3922,Central Indochina dry forests,Other,,4798,0.3965,270,149,78,71,192,0.5235,0.2889,0.3723,0.857,0.145,0.2481
weecology,tcd_tile_3923,Atlantic mixed forests,European forest,,1316,0.3965,25,179,19,160,6,0.1061,0.76,0.1863,0.9695,0.0945,0.1722
weecology,tcd_tile_3924,Sarmatic mixed forests,European forest,,2519,0.3965,1,90,1,89,0,0.0111,1.0,0.022,0.9989,0.1251,0.2224
weecology,tcd_tile_3925,Central European mixed forests,European forest,,1878,0.3965,52,29,17,12,35,0.5862,0.3269,0.4198,0.8757,0.1049,0.1874
weecology,tcd_tile_3926,Northeastern coastal forests,N. American forest,,3989,0.3965,177,111,37,74,140,0.3333,0.209,0.2569,0.9606,0.208,0.342
weecology,tcd_tile_3927,Northern Zanzibar-Inhambane coastal forest mosaic,African tropical forest,,1041,0.3965,113,146,36,110,77,0.2466,0.3186,0.278,0.919,0.0412,0.0789
weecology,tcd_tile_3928,Mindanao-Eastern Visayas rain forests,SE Asian & Pacific rainforest,,2420,0.3965,26,337,3,334,23,0.0089,0.1154,0.0165,0.998,0.0547,0.1037
weecology,tcd_tile_3929,Hispaniolan moist forests,SE Asian & Pacific rainforest,,2469,0.3965,8,52,2,50,6,0.0385,0.25,0.0667,0.029,0.0123,0.0173
weecology,tcd_tile_393,Northland temperate kauri forests,Other,,1282,0.3965,103,15,11,4,92,0.7333,0.1068,0.1864,0.8254,0.0142,0.028
weecology,tcd_tile_3930,Central U.S. hardwood forests,N. American forest,,2133,0.3965,41,14,6,8,35,0.4286,0.1463,0.2182,0.9287,0.1658,0.2814
weecology,tcd_tile_3931,Taiheiyo evergreen forests,Other,,2351,0.3965,4,17,1,16,3,0.0588,0.25,0.0952,0.937,0.0087,0.0172
weecology,tcd_tile_3932,Southeastern mixed forests,N. American forest,,1504,0.3965,45,3,3,0,42,1.0,0.0667,0.125,0.972,0.0063,0.0125
weecology,tcd_tile_3933,Central European mixed forests,European forest,,4663,0.3965,2,10,0,10,2,0.0,0.0,0.0,0.0,0.0,0.0
weecology,tcd_tile_3934,Hispaniolan moist forests,SE Asian & Pacific rainforest,,1048,0.3965,39,19,9,10,30,0.4737,0.2308,0.3103,0.4531,0.1214,0.1914
weecology,tcd_tile_3935,Luzon rain forests,SE Asian & Pacific rainforest,,2915,0.3965,66,62,19,43,47,0.3065,0.2879,0.2969,0.7903,0.0846,0.1528
weecology,tcd_tile_3936,Sierra Nevada forests,N. American forest,,3032,0.3965,11,10,7,3,4,0.7,0.6364,0.6667,0.9214,0.016,0.0314
weecology,tcd_tile_3937,Hispaniolan moist forests,SE Asian & Pacific rainforest,,4638,0.3965,0,49,0,49,0,0.0,0.0,0.0,0.0,0.0,0.0
weecology,tcd_tile_3938,Eastern Guinean forests,African tropical forest,,3805,0.3965,12,85,5,80,7,0.0588,0.4167,0.1031,0.9999,0.0235,0.0459
weecology,tcd_tile_3939,Sarmatic mixed forests,European forest,,2321,0.3965,1,262,1,261,0,0.0038,1.0,0.0076,0.9999,0.1802,0.3053
weecology,tcd_tile_394,Mindanao-Eastern Visayas rain forests,SE Asian & Pacific rainforest,,4571,0.3965,51,249,20,229,31,0.0803,0.3922,0.1333,0.9568,0.1141,0.2039
weecology,tcd_tile_3940,Sarmatic mixed forests,European forest,,3384,0.3965,0,15,0,15,0,0.0,0.0,0.0,0.0,0.0,0.0
weecology,tcd_tile_3941,Southern Great Lakes forests,N. American forest,,4418,0.3965,41,39,18,21,23,0.4615,0.439,0.45,0.9149,0.103,0.1852
weecology,tcd_tile_3942,Bahia coastal forests,Latin American forest,,750,0.3965,52,35,3,32,49,0.0857,0.0577,0.069,0.9639,0.0112,0.0221
weecology,tcd_tile_3943,Balkan mixed forests,European forest,,1310,0.3965,84,181,29,152,55,0.1602,0.3452,0.2189,0.9267,0.1204,0.2131
weecology,tcd_tile_3944,Atlantic mixed forests,European forest,,1103,0.3965,49,24,19,5,30,0.7917,0.3878,0.5205,0.8554,0.0825,0.1505
weecology,tcd_tile_3945,Sarmatic mixed forests,European forest,,3018,0.3965,1,6,1,5,0,0.1667,1.0,0.2857,0.9923,0.159,0.2741
weecology,tcd_tile_3946,Southern Zanzibar-Inhambane coastal forest mosaic,African tropical forest,,562,0.3965,6,3,1,2,5,0.3333,0.1667,0.2222,0.4951,0.0602,0.1073
weecology,tcd_tile_3947,Sulawesi lowland rain forests,SE Asian & Pacific rainforest,,4791,0.3965,154,110,58,52,96,0.5273,0.3766,0.4394,0.9384,0.2412,0.3838
weecology,tcd_tile_3948,Mindanao-Eastern Visayas rain forests,SE Asian & Pacific rainforest,,2055,0.3965,46,204,23,181,23,0.1127,0.5,0.184,0.8364,0.0735,0.1351
weecology,tcd_tile_3949,Tongan tropical moist forests,SE Asian & Pacific rainforest,,377,0.3965,130,197,31,166,99,0.1574,0.2385,0.1896,0.8443,0.0496,0.0937
weecology,tcd_tile_395,Iquitos varzeá,Other,,4013,0.3965,39,273,19,254,20,0.0696,0.4872,0.1218,0.8973,0.1129,0.2005
weecology,tcd_tile_3950,Northern Zanzibar-Inhambane coastal forest mosaic,African tropical forest,,3697,0.3965,226,228,80,148,146,0.3509,0.354,0.3524,0.8509,0.0763,0.14
weecology,tcd_tile_3951,Peruvian Yungas,Latin American forest,,1457,0.3965,47,13,5,8,42,0.3846,0.1064,0.1667,0.6552,0.0773,0.1383
weecology,tcd_tile_3952,Sarmatic mixed forests,European forest,,2589,0.3965,81,61,26,35,55,0.4262,0.321,0.3662,0.8096,0.1169,0.2043
weecology,tcd_tile_3953,Western European broadleaf forests,European forest,,4700,0.3965,2,1,1,0,1,1.0,0.5,0.6667,1.0,0.0001,0.0001
weecology,tcd_tile_3954,Northern Zanzibar-Inhambane coastal forest mosaic,African tropical forest,,751,0.3965,9,43,2,41,7,0.0465,0.2222,0.0769,0.8103,0.011,0.0217
weecology,tcd_tile_3955,Crimean Submediterranean forest complex,Other,,3545,0.3965,133,17,6,11,127,0.3529,0.0451,0.08,0.8019,0.0079,0.0156
weecology,tcd_tile_3956,Cerrado,Latin American forest,,1040,0.3965,1,8,1,7,0,0.125,1.0,0.2222,0.9669,0.0063,0.0125
weecology,tcd_tile_3957,,Other,,563,0.3965,24,6,0,6,24,0.0,0.0,0.0,0.0,0.0,0.0
weecology,tcd_tile_3958,Sumatran lowland rain forests,SE Asian & Pacific rainforest,,220,0.3965,362,140,105,35,257,0.75,0.2901,0.4183,0.7535,0.2058,0.3233
weecology,tcd_tile_3959,New England-Acadian forests,N. American forest,,3802,0.3965,63,111,14,97,49,0.1261,0.2222,0.1609,0.9881,0.0609,0.1147
weecology,tcd_tile_396,Southeast Australia temperate forests,Other,,694,0.3965,260,67,53,14,207,0.791,0.2038,0.3242,0.9818,0.1251,0.2219
weecology,tcd_tile_3960,Bolivian montane dry forests,Latin American forest,,4400,0.3965,0,0,0,0,0,0.0,0.0,0.0,0.0,0.0,0.0
weecology,tcd_tile_3961,Northern Zanzibar-Inhambane coastal forest mosaic,African tropical forest,,1406,0.3965,38,15,10,5,28,0.6667,0.2632,0.3774,0.9379,0.0806,0.1485
weecology,tcd_tile_3962,Mato Grosso seasonal forests,Latin American forest,,1961,0.3965,33,53,3,50,30,0.0566,0.0909,0.0698,0.9651,0.0565,0.1068
weecology,tcd_tile_3963,Western Java montane rain forests,Other,,3701,0.3965,30,21,4,17,26,0.1905,0.1333,0.1569,0.9657,0.0127,0.0252
weecology,tcd_tile_3964,Northern Zanzibar-Inhambane coastal forest mosaic,African tropical forest,,843,0.3965,1,444,1,443,0,0.0023,1.0,0.0045,1.0,0.0546,0.1036
weecology,tcd_tile_3965,North Central Rockies forests,N. American forest,,3363,0.3965,1,183,1,182,0,0.0055,1.0,0.0109,0.9993,0.0654,0.1228
weecology,tcd_tile_3966,Upper Midwest forest-savanna transition,N. American forest,,4076,0.3965,75,242,39,203,36,0.1612,0.52,0.2461,0.9701,0.1528,0.2641
weecology,tcd_tile_3967,Central European mixed forests,European forest,,2252,0.3965,68,37,28,9,40,0.7568,0.4118,0.5333,0.9535,0.1742,0.2945
weecology,tcd_tile_3968,Celtic broadleaf forests,European forest,,3916,0.3965,25,193,13,180,12,0.0674,0.52,0.1193,0.9598,0.1187,0.2113
weecology,tcd_tile_3969,Northern Anatolian conifer and deciduous forests,Other,,77,0.3965,1,4,0,4,1,0.0,0.0,0.0,0.0,0.0,0.0
weecology,tcd_tile_397,Luzon rain forests,SE Asian & Pacific rainforest,,3924,0.3965,3,12,2,10,1,0.1667,0.6667,0.2667,1.0,0.0283,0.0551
weecology,tcd_tile_3970,Taiwan subtropical evergreen forests,SE Asian & Pacific rainforest,,1911,0.3965,115,101,39,62,76,0.3861,0.3391,0.3611,0.8471,0.1795,0.2963
weecology,tcd_tile_3971,Peruvian Yungas,Latin American forest,,3754,0.3965,86,19,6,13,80,0.3158,0.0698,0.1143,0.6627,0.0405,0.0763
weecology,tcd_tile_3972,Nigerian lowland forests,African tropical forest,,4491,0.3965,13,36,3,33,10,0.0833,0.2308,0.1224,0.0382,0.1876,0.0635
weecology,tcd_tile_3973,Sarmatic mixed forests,European forest,,4799,0.3965,4,1,0,1,4,0.0,0.0,0.0,0.0,0.0,0.0
weecology,tcd_tile_3974,East European forest steppe,European forest,,1165,0.3965,21,138,13,125,8,0.0942,0.619,0.1635,0.8473,0.1819,0.2995
weecology,tcd_tile_3975,Celtic broadleaf forests,European forest,,1694,0.3965,54,19,4,15,50,0.2105,0.0741,0.1096,0.4368,0.0263,0.0496
weecology,tcd_tile_3976,Lesser Sundas deciduous forests,SE Asian & Pacific rainforest,,1900,0.3965,30,118,6,112,24,0.0508,0.2,0.0811,0.9105,0.0274,0.0531
weecology,tcd_tile_3977,Cerrado,Latin American forest,,820,0.3965,102,80,35,45,67,0.4375,0.3431,0.3846,0.8033,0.1388,0.2367
weecology,tcd_tile_3978,Northern Zanzibar-Inhambane coastal forest mosaic,African tropical forest,,2837,0.3965,229,44,12,32,217,0.2727,0.0524,0.0879,0.9693,0.028,0.0544
weecology,tcd_tile_3979,Taiheiyo evergreen forests,Other,,4006,0.3965,37,15,8,7,29,0.5333,0.2162,0.3077,0.903,0.091,0.1654
weecology,tcd_tile_398,,Other,,1068,0.3965,13,27,2,25,11,0.0741,0.1538,0.1,0.1247,0.0216,0.0368
weecology,tcd_tile_3980,Southern Great Lakes forests,N. American forest,,4620,0.3965,18,19,5,14,13,0.2632,0.2778,0.2703,0.8185,0.0336,0.0645
weecology,tcd_tile_3981,,Other,,4385,0.3965,23,130,10,120,13,0.0769,0.4348,0.1307,0.9694,0.1045,0.1887
weecology,tcd_tile_3982,Northeastern coastal forests,N. American forest,,2520,0.3965,90,82,38,44,52,0.4634,0.4222,0.4419,0.8465,0.0822,0.1498
weecology,tcd_tile_3983,Eastern Guinean forests,African tropical forest,,2973,0.3965,94,36,23,13,71,0.6389,0.2447,0.3538,0.7468,0.1314,0.2234
weecology,tcd_tile_3984,Upper Midwest forest-savanna transition,N. American forest,,4032,0.3965,24,24,14,10,10,0.5833,0.5833,0.5833,0.7656,0.1073,0.1883
weecology,tcd_tile_3985,Atlantic mixed forests,European forest,,4668,0.3965,10,506,9,497,1,0.0178,0.9,0.0349,0.9747,0.2009,0.3331
weecology,tcd_tile_3986,"Sao Tome, Principe and Annobon moist lowland forests",Other,,4145,0.3965,87,190,49,141,38,0.2579,0.5632,0.3538,0.8796,0.1312,0.2283
weecology,tcd_tile_3987,Huang He Plain mixed forests,Other,,3137,0.3965,148,97,59,38,89,0.6082,0.3986,0.4816,0.5826,0.2846,0.3824
weecology,tcd_tile_3988,Willamette Valley forests,N. American forest,,3466,0.3965,51,21,8,13,43,0.381,0.1569,0.2222,0.4001,0.0598,0.104
weecology,tcd_tile_3989,Upper Midwest forest-savanna transition,N. American forest,,2290,0.3965,67,74,18,56,49,0.2432,0.2687,0.2553,0.9512,0.0569,0.1073
weecology,tcd_tile_399,Southern Great Lakes forests,N. American forest,,5017,0.3965,31,199,15,184,16,0.0754,0.4839,0.1304,0.9967,0.1389,0.2438
weecology,tcd_tile_3990,Taiheiyo evergreen forests,Other,,1632,0.3965,43,21,11,10,32,0.5238,0.2558,0.3438,0.797,0.0684,0.126
weecology,tcd_tile_3991,Willamette Valley forests,N. American forest,,2870,0.3965,23,23,7,16,16,0.3043,0.3043,0.3043,0.8549,0.3526,0.4993
weecology,tcd_tile_3992,Tumbes-Piura dry forests,Other,,2490,0.3965,78,80,33,47,45,0.4125,0.4231,0.4177,0.9372,0.1133,0.2021
weecology,tcd_tile_3993,Changjiang Plain evergreen forests,Other,,3293,0.3965,123,55,26,29,97,0.4727,0.2114,0.2921,0.5691,0.1879,0.2825
weecology,tcd_tile_3994,North Central Rockies forests,N. American forest,,2247,0.3965,2,78,1,77,1,0.0128,0.5,0.025,1.0,0.0267,0.0521
weecology,tcd_tile_3995,English Lowlands beech forests,European forest,,207,0.3965,7,6,4,2,3,0.6667,0.5714,0.6154,0.4884,0.2507,0.3313
weecology,tcd_tile_3996,Western Guinean lowland forests,African tropical forest,,1248,0.3965,74,94,33,61,41,0.3511,0.4459,0.3929,0.5167,0.2285,0.3169
weecology,tcd_tile_3997,Central European mixed forests,European forest,,278,0.3965,49,130,29,101,20,0.2231,0.5918,0.324,0.7684,0.1444,0.2431
weecology,tcd_tile_3998,Luzon rain forests,SE Asian & Pacific rainforest,,185,0.3965,204,110,47,63,157,0.4273,0.2304,0.2994,0.5168,0.2158,0.3045
weecology,tcd_tile_3999,Eastern Guinean forests,African tropical forest,,2606,0.3965,1,10,1,9,0,0.1,1.0,0.1818,1.0,0.0087,0.0173
weecology,tcd_tile_4,West Sudanian savanna,Arid / dryland,,1194,0.3965,121,76,39,37,82,0.5132,0.3223,0.3959,0.7644,0.1004,0.1775
weecology,tcd_tile_40,West Sudanian savanna,Arid / dryland,,656,0.3965,134,79,54,25,80,0.6835,0.403,0.507,0.9437,0.272,0.4222
weecology,tcd_tile_400,Northern Zanzibar-Inhambane coastal forest mosaic,African tropical forest,,690,0.3965,187,173,85,88,102,0.4913,0.4545,0.4722,0.9106,0.1372,0.2384
weecology,tcd_tile_4000,Alps conifer and mixed forests,European forest,,4809,0.3965,2,1,0,1,2,0.0,0.0,0.0,0.0,0.0,0.0
weecology,tcd_tile_4001,North Island temperate forests,Other,,3352,0.3965,6,11,1,10,5,0.0909,0.1667,0.1176,0.0229,0.0361,0.0281
weecology,tcd_tile_4002,Bahamian-Antillean mangroves,Other,,317,0.3965,30,216,15,201,15,0.0694,0.5,0.122,0.4334,0.118,0.1854
weecology,tcd_tile_4003,Cerrado,Latin American forest,,101,0.3965,148,128,56,72,92,0.4375,0.3784,0.4058,0.8705,0.1033,0.1847
weecology,tcd_tile_4004,Central European mixed forests,European forest,,4419,0.3965,0,16,0,16,0,0.0,0.0,0.0,0.0,0.0,0.0
weecology,tcd_tile_4005,Palawan rain forests,SE Asian & Pacific rainforest,,2757,0.3965,21,106,8,98,13,0.0755,0.381,0.126,0.8742,0.0593,0.1111
weecology,tcd_tile_4006,Mizoram-Manipur-Kachin rain forests,SE Asian & Pacific rainforest,,5054,0.3965,87,35,12,23,75,0.3429,0.1379,0.1967,0.311,0.0898,0.1393
weecology,tcd_tile_4007,Eastern Himalayan broadleaf forests,Other,,4051,0.3965,125,96,49,47,76,0.5104,0.392,0.4434,0.9532,0.2242,0.363
weecology,tcd_tile_4008,Hispaniolan moist forests,SE Asian & Pacific rainforest,,1931,0.3965,8,7,2,5,6,0.2857,0.25,0.2667,0.3607,0.115,0.1744
weecology,tcd_tile_4009,Central European mixed forests,European forest,,2560,0.3965,106,36,19,17,87,0.5278,0.1792,0.2676,0.89,0.0399,0.0764
weecology,tcd_tile_401,Alto Paraná Atlantic forests,Other,,2188,0.3965,107,33,23,10,84,0.697,0.215,0.3286,0.4649,0.0962,0.1594
weecology,tcd_tile_4010,East European forest steppe,European forest,,1204,0.3965,21,80,12,68,9,0.15,0.5714,0.2376,0.8911,0.1211,0.2133
weecology,tcd_tile_4011,Southeastern mixed forests,N. American forest,,2682,0.3965,59,57,21,36,38,0.3684,0.3559,0.3621,0.9203,0.1121,0.1999
weecology,tcd_tile_4012,Western Guinean lowland forests,African tropical forest,,743,0.3965,68,103,21,82,47,0.2039,0.3088,0.2456,0.34,0.1872,0.2414
weecology,tcd_tile_4013,East African montane forests,African tropical forest,,2312,0.3965,114,219,29,190,85,0.1324,0.2544,0.1742,0.97,0.1065,0.1919
weecology,tcd_tile_4014,Celtic broadleaf forests,European forest,,3620,0.3965,35,241,10,231,25,0.0415,0.2857,0.0725,0.9936,0.159,0.2741
weecology,tcd_tile_4015,Palawan rain forests,SE Asian & Pacific rainforest,,3944,0.3965,45,202,14,188,31,0.0693,0.3111,0.1134,0.9551,0.0892,0.1632
weecology,tcd_tile_4016,Baltic mixed forests,European forest,,1922,0.3965,2,57,2,55,0,0.0351,1.0,0.0678,0.999,0.0479,0.0915
weecology,tcd_tile_4017,Peruvian Yungas,Latin American forest,,1827,0.3965,69,14,5,9,64,0.3571,0.0725,0.1205,0.497,0.0204,0.0392
weecology,tcd_tile_4018,Madeira-Tapajós moist forests,Latin American forest,,1108,0.3965,1,589,1,588,0,0.0017,1.0,0.0034,1.0,0.1512,0.2627
weecology,tcd_tile_4019,Northern Zanzibar-Inhambane coastal forest mosaic,African tropical forest,,1603,0.3965,1,710,1,709,0,0.0014,1.0,0.0028,0.9987,0.144,0.2518
weecology,tcd_tile_402,Northern Zanzibar-Inhambane coastal forest mosaic,African tropical forest,,1002,0.3965,152,177,61,116,91,0.3446,0.4013,0.3708,0.7522,0.0531,0.0992
weecology,tcd_tile_4020,Vanuatu rain forests,Other,,3263,0.3965,17,19,0,19,17,0.0,0.0,0.0,0.0,0.0,0.0
weecology,tcd_tile_4021,Central European mixed forests,European forest,,3998,0.3965,86,30,15,15,71,0.5,0.1744,0.2586,0.8352,0.0148,0.029
weecology,tcd_tile_4022,Western European broadleaf forests,European forest,,4242,0.3965,36,3,3,0,33,1.0,0.0833,0.1538,0.9551,0.0052,0.0103
weecology,tcd_tile_4023,Sulawesi lowland rain forests,SE Asian & Pacific rainforest,,682,0.3965,8,10,4,6,4,0.4,0.5,0.4444,0.9945,0.0221,0.0432
weecology,tcd_tile_4024,Hispaniolan moist forests,SE Asian & Pacific rainforest,,3661,0.3965,120,57,28,29,92,0.4912,0.2333,0.3164,0.6461,0.1506,0.2442
weecology,tcd_tile_4025,Northern Zanzibar-Inhambane coastal forest mosaic,African tropical forest,,1360,0.3965,1,406,1,405,0,0.0025,1.0,0.0049,0.9999,0.0592,0.1117
weecology,tcd_tile_4026,Timor and Wetar deciduous forests,SE Asian & Pacific rainforest,,2144,0.3965,127,35,14,21,113,0.4,0.1102,0.1728,0.7276,0.0085,0.0169
weecology,tcd_tile_4027,Northern Zanzibar-Inhambane coastal forest mosaic,African tropical forest,,3020,0.3965,262,396,135,261,127,0.3409,0.5153,0.4103,0.7676,0.2477,0.3746
weecology,tcd_tile_4028,Palawan rain forests,SE Asian & Pacific rainforest,,1414,0.3965,22,62,6,56,16,0.0968,0.2727,0.1429,0.3165,0.1031,0.1556
weecology,tcd_tile_4029,Southern Zanzibar-Inhambane coastal forest mosaic,African tropical forest,,1988,0.3965,164,79,42,37,122,0.5316,0.2561,0.3457,0.9106,0.0784,0.1443
weecology,tcd_tile_403,Western European broadleaf forests,European forest,,4340,0.3965,9,29,5,24,4,0.1724,0.5556,0.2632,0.9794,0.0575,0.1086
weecology,tcd_tile_4030,Sulawesi lowland rain forests,SE Asian & Pacific rainforest,,4417,0.3965,177,118,48,70,129,0.4068,0.2712,0.3254,0.9464,0.1302,0.2288
weecology,tcd_tile_4031,Luzon rain forests,SE Asian & Pacific rainforest,,2064,0.3965,70,301,18,283,52,0.0598,0.2571,0.097,0.9748,0.1377,0.2413
weecology,tcd_tile_4032,Sierra Nevada forests,N. American forest,,1091,0.3965,200,58,54,4,146,0.931,0.27,0.4186,0.9178,0.1614,0.2745
weecology,tcd_tile_4033,East European forest steppe,European forest,,4304,0.3965,24,29,8,21,16,0.2759,0.3333,0.3019,0.8953,0.0537,0.1013
weecology,tcd_tile_4034,Sulawesi lowland rain forests,SE Asian & Pacific rainforest,,4563,0.3965,172,169,83,86,89,0.4911,0.4826,0.4868,0.9215,0.249,0.392
weecology,tcd_tile_4035,Northeastern coastal forests,N. American forest,,3234,0.3965,4,32,2,30,2,0.0625,0.5,0.1111,1.0,0.0155,0.0305
weecology,tcd_tile_4036,Sarmatic mixed forests,European forest,,808,0.3965,6,31,2,29,4,0.0645,0.3333,0.1081,0.6396,0.2193,0.3267
weecology,tcd_tile_4037,Northern Zanzibar-Inhambane coastal forest mosaic,African tropical forest,,1506,0.3965,150,337,77,260,73,0.2285,0.5133,0.3162,0.866,0.1944,0.3176
weecology,tcd_tile_4038,Himalayan subtropical broadleaf forests,Other,,2811,0.3965,43,264,21,243,22,0.0795,0.4884,0.1368,0.9852,0.0619,0.1165
weecology,tcd_tile_4039,Palawan rain forests,SE Asian & Pacific rainforest,,2463,0.3965,113,276,38,238,75,0.1377,0.3363,0.1954,0.9423,0.1982,0.3275
weecology,tcd_tile_404,North Central Rockies forests,N. American forest,,2805,0.3965,54,507,4,503,50,0.0079,0.0741,0.0143,0.9984,0.1419,0.2485
weecology,tcd_tile_4040,Sarmatic mixed forests,European forest,,3221,0.3965,3,78,1,77,2,0.0128,0.3333,0.0247,1.0,0.0416,0.08
weecology,tcd_tile_4041,East European forest steppe,European forest,,3088,0.3965,55,177,27,150,28,0.1525,0.4909,0.2328,0.9274,0.1387,0.2413
weecology,tcd_tile_4042,Southeastern conifer forests,N. American forest,,2806,0.3965,1,2,1,1,0,0.5,1.0,0.6667,1.0,0.0037,0.0075
weecology,tcd_tile_4043,Northern Zanzibar-Inhambane coastal forest mosaic,African tropical forest,,854,0.3965,157,16,16,0,141,1.0,0.1019,0.185,0.8411,0.0901,0.1627
weecology,tcd_tile_4044,East European forest steppe,European forest,,2659,0.3965,83,12,7,5,76,0.5833,0.0843,0.1474,0.6766,0.0125,0.0246
weecology,tcd_tile_4045,Balkan mixed forests,European forest,,2631,0.3965,57,53,9,44,48,0.1698,0.1579,0.1636,0.8696,0.0363,0.0697
weecology,tcd_tile_4046,Northern Zanzibar-Inhambane coastal forest mosaic,African tropical forest,,4900,0.3965,337,285,151,134,186,0.5298,0.4481,0.4855,0.8232,0.2382,0.3694
weecology,tcd_tile_4047,Northern Zanzibar-Inhambane coastal forest mosaic,African tropical forest,,2841,0.3965,39,14,10,4,29,0.7143,0.2564,0.3774,0.9297,0.241,0.3828
weecology,tcd_tile_4048,Madeira-Tapajós moist forests,Latin American forest,,1576,0.3965,1,379,1,378,0,0.0026,1.0,0.0053,0.9976,0.0894,0.1642
weecology,tcd_tile_4049,Vanuatu rain forests,Other,,3226,0.3965,10,134,5,129,5,0.0373,0.5,0.0694,0.988,0.1117,0.2007
weecology,tcd_tile_405,Northern Zanzibar-Inhambane coastal forest mosaic,African tropical forest,,944,0.3965,94,215,52,163,42,0.2419,0.5532,0.3366,0.7259,0.1971,0.31
weecology,tcd_tile_4050,Northeastern coastal forests,N. American forest,,3553,0.3965,3,25,2,23,1,0.08,0.6667,0.1429,0.4629,0.0198,0.038
weecology,tcd_tile_4051,Tongan tropical moist forests,SE Asian & Pacific rainforest,,4636,0.3965,226,240,81,159,145,0.3375,0.3584,0.3476,0.7107,0.0595,0.1098
weecology,tcd_tile_4052,Granitic Seychelles forests,Other,,3204,0.3965,0,482,0,482,0,0.0,0.0,0.0,0.0,0.0,0.0
weecology,tcd_tile_4053,Northern Zanzibar-Inhambane coastal forest mosaic,African tropical forest,,4921,0.3965,268,549,151,398,117,0.275,0.5634,0.3696,0.8026,0.2193,0.3444
weecology,tcd_tile_4054,Irrawaddy moist deciduous forests,Other,,1095,0.3965,61,39,23,16,38,0.5897,0.377,0.46,0.9661,0.2306,0.3724
weecology,tcd_tile_4055,Southern Great Lakes forests,N. American forest,,445,0.3965,38,70,17,53,21,0.2429,0.4474,0.3148,0.9072,0.0448,0.0853
weecology,tcd_tile_4056,Caucasus mixed forests,European forest,,4842,0.3965,34,16,7,9,27,0.4375,0.2059,0.28,0.9627,0.0208,0.0407
weecology,tcd_tile_4057,Celtic broadleaf forests,European forest,,1444,0.3965,82,21,16,5,66,0.7619,0.1951,0.3107,0.861,0.0371,0.0711
weecology,tcd_tile_4058,Lesser Sundas deciduous forests,SE Asian & Pacific rainforest,,1107,0.3965,7,8,2,6,5,0.25,0.2857,0.2667,0.2416,0.0408,0.0698
weecology,tcd_tile_4059,Lesser Sundas deciduous forests,SE Asian & Pacific rainforest,,3089,0.3965,17,15,3,12,14,0.2,0.1765,0.1875,0.2036,0.01,0.0191
weecology,tcd_tile_406,Northern Zanzibar-Inhambane coastal forest mosaic,African tropical forest,,4951,0.3965,187,542,100,442,87,0.1845,0.5348,0.2743,0.9547,0.2239,0.3627
weecology,tcd_tile_4060,Madeira-Tapajós moist forests,Latin American forest,,1284,0.3965,1,721,1,720,0,0.0014,1.0,0.0028,0.9998,0.1893,0.3184
weecology,tcd_tile_4061,,Other,,1232,0.3965,173,68,49,19,124,0.7206,0.2832,0.4066,0.6924,0.1682,0.2707
weecology,tcd_tile_4062,Western Guinean lowland forests,African tropical forest,,2293,0.3965,49,12,10,2,39,0.8333,0.2041,0.3279,0.8324,0.0984,0.176
weecology,tcd_tile_4063,Mindanao-Eastern Visayas rain forests,SE Asian & Pacific rainforest,,1168,0.3965,243,119,57,62,186,0.479,0.2346,0.3149,0.7642,0.0866,0.1556
weecology,tcd_tile_4064,Western Java montane rain forests,Other,,2562,0.3965,8,10,2,8,6,0.2,0.25,0.2222,1.0,0.0131,0.0258
weecology,tcd_tile_4065,Pannonian mixed forests,European forest,,5058,0.3965,90,85,20,65,70,0.2353,0.2222,0.2286,0.9253,0.0913,0.1661
weecology,tcd_tile_4066,Southern Zanzibar-Inhambane coastal forest mosaic,African tropical forest,,4502,0.3965,302,153,75,78,227,0.4902,0.2483,0.3297,0.9617,0.0882,0.1616
weecology,tcd_tile_4067,Northern Congolian forest-savanna mosaic,African tropical forest,,25,0.3965,58,11,5,6,53,0.4545,0.0862,0.1449,0.0785,0.0769,0.0777
weecology,tcd_tile_4068,Lake,Other,,81,0.3965,30,20,6,14,24,0.3,0.2,0.24,0.6738,0.0271,0.0521
weecology,tcd_tile_4069,Timor and Wetar deciduous forests,SE Asian & Pacific rainforest,,3770,0.3965,63,15,7,8,56,0.4667,0.1111,0.1795,0.4651,0.0577,0.1027
weecology,tcd_tile_407,Greater Negros-Panay rain forests,SE Asian & Pacific rainforest,,2832,0.3965,62,155,15,140,47,0.0968,0.2419,0.1382,0.7366,0.1358,0.2293
weecology,tcd_tile_4070,Pannonian mixed forests,European forest,,3593,0.3965,123,22,16,6,107,0.7273,0.1301,0.2207,0.9085,0.0408,0.0781
weecology,tcd_tile_4071,Taiheiyo montane deciduous forests,Other,,4749,0.3965,0,13,0,13,0,0.0,0.0,0.0,0.0,0.0,0.0
weecology,tcd_tile_4072,Celtic broadleaf forests,European forest,,3030,0.3965,16,7,4,3,12,0.5714,0.25,0.3478,0.6644,0.0765,0.1372
weecology,tcd_tile_4073,Western Guinean lowland forests,African tropical forest,,3277,0.3965,87,19,12,7,75,0.6316,0.1379,0.2264,0.89,0.0784,0.1441
weecology,tcd_tile_4074,East European forest steppe,European forest,,4258,0.3965,18,14,4,10,14,0.2857,0.2222,0.25,0.9409,0.027,0.0526
weecology,tcd_tile_4075,North Central Rockies forests,N. American forest,,4033,0.3965,17,339,5,334,12,0.0147,0.2941,0.0281,0.9898,0.2325,0.3766
weecology,tcd_tile_4076,Northern Zanzibar-Inhambane coastal forest mosaic,African tropical forest,,2718,0.3965,367,36,32,4,335,0.8889,0.0872,0.1588,0.908,0.0494,0.0937
weecology,tcd_tile_4077,Eastern Java-Bali montane rain forests,Other,,2159,0.3965,32,89,19,70,13,0.2135,0.5938,0.314,0.8379,0.1257,0.2187
weecology,tcd_tile_4078,Lake,Other,,554,0.3965,21,22,9,13,12,0.4091,0.4286,0.4186,0.8048,0.182,0.2968
weecology,tcd_tile_4079,Changjiang Plain evergreen forests,Other,,3786,0.3965,75,50,21,29,54,0.42,0.28,0.336,0.6212,0.1994,0.3019
weecology,tcd_tile_408,Western Java rain forests,Other,,324,0.3965,51,32,23,9,28,0.7188,0.451,0.5542,0.9332,0.4577,0.6142
weecology,tcd_tile_4080,Southern Great Lakes forests,N. American forest,,4675,0.3965,11,7,3,4,8,0.4286,0.2727,0.3333,0.9396,0.2369,0.3784
weecology,tcd_tile_4081,Scandinavian Montane Birch forest and grasslands,Other,,663,0.3965,13,25,3,22,10,0.12,0.2308,0.1579,0.7574,0.0129,0.0254
weecology,tcd_tile_4082,Luzon rain forests,SE Asian & Pacific rainforest,,3027,0.3965,21,89,8,81,13,0.0899,0.381,0.1455,0.8213,0.0449,0.0852
weecology,tcd_tile_4083,Changjiang Plain evergreen forests,Other,,2261,0.3965,150,41,25,16,125,0.6098,0.1667,0.2618,0.7461,0.1259,0.2155
weecology,tcd_tile_4084,Southern Great Lakes forests,N. American forest,,2720,0.3965,3,2,1,1,2,0.5,0.3333,0.4,0.4241,0.0003,0.0006
weecology,tcd_tile_4085,Tongan tropical moist forests,SE Asian & Pacific rainforest,,4846,0.3965,111,135,18,117,93,0.1333,0.1622,0.1463,0.4864,0.0556,0.0998
weecology,tcd_tile_4086,Northern Zanzibar-Inhambane coastal forest mosaic,African tropical forest,,1527,0.3965,150,113,41,72,109,0.3628,0.2733,0.3118,0.7042,0.0664,0.1214
weecology,tcd_tile_4087,Changjiang Plain evergreen forests,Other,,2265,0.3965,154,47,38,9,116,0.8085,0.2468,0.3781,0.9215,0.1383,0.2405
weecology,tcd_tile_4088,,Other,,979,0.3965,87,8,1,7,86,0.125,0.0115,0.0211,0.1795,0.0024,0.0047
weecology,tcd_tile_4089,Northern Zanzibar-Inhambane coastal forest mosaic,African tropical forest,,2774,0.3965,58,145,19,126,39,0.131,0.3276,0.1872,0.9307,0.0842,0.1544
weecology,tcd_tile_409,Bolivian montane dry forests,Latin American forest,,4607,0.3965,128,12,7,5,121,0.5833,0.0547,0.1,0.6469,0.0188,0.0365
weecology,tcd_tile_4090,Northern Zanzibar-Inhambane coastal forest mosaic,African tropical forest,,1745,0.3965,106,12,11,1,95,0.9167,0.1038,0.1864,0.9339,0.0306,0.0592
weecology,tcd_tile_4091,Northern Zanzibar-Inhambane coastal forest mosaic,African tropical forest,,3207,0.3965,169,9,7,2,162,0.7778,0.0414,0.0787,0.8679,0.1442,0.2473
weecology,tcd_tile_4092,Pontic steppe,Other,,1264,0.3965,192,110,75,35,117,0.6818,0.3906,0.4967,0.9325,0.2592,0.4057
weecology,tcd_tile_4093,Vanuatu rain forests,Other,,2492,0.3965,34,28,3,25,31,0.1071,0.0882,0.0968,0.9663,0.0029,0.0058
weecology,tcd_tile_4094,Mato Grosso seasonal forests,Latin American forest,,1935,0.3965,93,78,44,34,49,0.5641,0.4731,0.5146,0.8933,0.2206,0.3538
weecology,tcd_tile_4095,Northern Zanzibar-Inhambane coastal forest mosaic,African tropical forest,,3485,0.3965,152,123,21,102,131,0.1707,0.1382,0.1527,0.9893,0.0378,0.0728
weecology,tcd_tile_4096,Northern Zanzibar-Inhambane coastal forest mosaic,African tropical forest,,1658,0.3965,328,60,57,3,271,0.95,0.1738,0.2938,0.925,0.0747,0.1382
weecology,tcd_tile_4097,Mindanao-Eastern Visayas rain forests,SE Asian & Pacific rainforest,,3414,0.3965,200,230,29,201,171,0.1261,0.145,0.1349,0.8132,0.0534,0.1003
weecology,tcd_tile_4098,Eastern Guinean forests,African tropical forest,,2534,0.3965,33,1,1,0,32,1.0,0.0303,0.0588,0.8212,0.0059,0.0116
weecology,tcd_tile_4099,Southern Great Lakes forests,N. American forest,,4543,0.3965,66,108,40,68,26,0.3704,0.6061,0.4598,0.9357,0.1497,0.2581
weecology,tcd_tile_41,West Sudanian savanna,Arid / dryland,,108,0.3965,127,72,46,26,81,0.6389,0.3622,0.4623,0.9293,0.2856,0.4369
weecology,tcd_tile_410,Northern Zanzibar-Inhambane coastal forest mosaic,African tropical forest,,2999,0.3965,183,33,32,1,151,0.9697,0.1749,0.2963,0.9189,0.0609,0.1142
weecology,tcd_tile_4100,Northeastern coastal forests,N. American forest,,3133,0.3965,119,105,42,63,77,0.4,0.3529,0.375,0.938,0.1007,0.1818
weecology,tcd_tile_4101,Northern Zanzibar-Inhambane coastal forest mosaic,African tropical forest,,749,0.3965,92,176,21,155,71,0.1193,0.2283,0.1567,0.8154,0.0443,0.0841
weecology,tcd_tile_4102,Central U.S. hardwood forests,N. American forest,,1894,0.3965,25,11,7,4,18,0.6364,0.28,0.3889,0.8967,0.0223,0.0434
weecology,tcd_tile_4103,Western Java rain forests,Other,,4993,0.3965,195,224,85,139,110,0.3795,0.4359,0.4057,0.9392,0.2029,0.3337
weecology,tcd_tile_4104,Southern Zanzibar-Inhambane coastal forest mosaic,African tropical forest,,2929,0.3965,45,10,2,8,43,0.2,0.0444,0.0727,0.3576,0.0135,0.026
weecology,tcd_tile_4105,Northern Zanzibar-Inhambane coastal forest mosaic,African tropical forest,,1940,0.3965,8,32,3,29,5,0.0938,0.375,0.15,0.2236,0.245,0.2338
weecology,tcd_tile_4106,Northern Zanzibar-Inhambane coastal forest mosaic,African tropical forest,,2227,0.3965,15,61,8,53,7,0.1311,0.5333,0.2105,0.8339,0.0718,0.1323
weecology,tcd_tile_4107,Northern Zanzibar-Inhambane coastal forest mosaic,African tropical forest,,4403,0.3965,44,1,1,0,43,1.0,0.0227,0.0444,1.0,0.0001,0.0002
weecology,tcd_tile_4108,Central European mixed forests,European forest,,4573,0.3965,90,20,12,8,78,0.6,0.1333,0.2182,0.7361,0.1137,0.197
weecology,tcd_tile_4109,Northern Zanzibar-Inhambane coastal forest mosaic,African tropical forest,,1573,0.3965,33,10,8,2,25,0.8,0.2424,0.3721,0.8895,0.1141,0.2023
weecology,tcd_tile_411,Northern Zanzibar-Inhambane coastal forest mosaic,African tropical forest,,4578,0.3965,1,2,1,1,0,0.5,1.0,0.6667,0.8396,0.0002,0.0004
weecology,tcd_tile_4110,Peruvian Yungas,Latin American forest,,1432,0.3965,35,15,2,13,33,0.1333,0.0571,0.08,0.2698,0.0142,0.027
weecology,tcd_tile_4111,Atlantic coastal pine barrens,Other,,1519,0.3965,22,33,10,23,12,0.303,0.4545,0.3636,0.8567,0.0569,0.1067
weecology,tcd_tile_4112,Western Java rain forests,Other,,109,0.3965,45,7,0,7,45,0.0,0.0,0.0,0.0,0.0,0.0
weecology,tcd_tile_4113,Nihonkai montane deciduous forests,Other,,4650,0.3965,1,26,1,25,0,0.0385,1.0,0.0741,1.0,0.0062,0.0124
weecology,tcd_tile_4114,East European forest steppe,European forest,,1102,0.3965,47,334,39,295,8,0.1168,0.8298,0.2047,0.9396,0.1409,0.245
weecology,tcd_tile_4115,Atlantic dry forests,Other,,1242,0.3965,205,54,42,12,163,0.7778,0.2049,0.3243,0.9445,0.2023,0.3332
weecology,tcd_tile_4116,Nihonkai montane deciduous forests,Other,,4536,0.3965,2,89,1,88,1,0.0112,0.5,0.022,1.0,0.0318,0.0616
weecology,tcd_tile_4117,Tongan tropical moist forests,SE Asian & Pacific rainforest,,4179,0.3965,143,43,1,42,142,0.0233,0.007,0.0108,0.1112,0.0037,0.0071
weecology,tcd_tile_4118,Northern Zanzibar-Inhambane coastal forest mosaic,African tropical forest,,4670,0.3965,279,21,20,1,259,0.9524,0.0717,0.1333,0.9305,0.0996,0.18
weecology,tcd_tile_4119,Sierra Nevada forests,N. American forest,,2633,0.3965,167,56,42,14,125,0.75,0.2515,0.3767,0.9453,0.0564,0.1064
weecology,tcd_tile_412,"Sao Tome, Principe and Annobon moist lowland forests",Other,,2221,0.3965,74,100,33,67,41,0.33,0.4459,0.3793,0.9325,0.1073,0.1925
weecology,tcd_tile_4120,,Other,,2322,0.3965,0,7,0,7,0,0.0,0.0,0.0,0.0,0.0,0.0
weecology,tcd_tile_4121,Northern Zanzibar-Inhambane coastal forest mosaic,African tropical forest,,1680,0.3965,11,17,6,11,5,0.3529,0.5455,0.4286,0.2963,0.2067,0.2435
weecology,tcd_tile_4122,Northeastern coastal forests,N. American forest,,2970,0.3965,1,3,1,2,0,0.3333,1.0,0.5,1.0,0.0003,0.0007
weecology,tcd_tile_4123,Central European mixed forests,European forest,,181,0.3965,88,177,35,142,53,0.1977,0.3977,0.2642,0.9597,0.0845,0.1553
weecology,tcd_tile_4124,Greater Negros-Panay rain forests,SE Asian & Pacific rainforest,,3258,0.3965,13,8,3,5,10,0.375,0.2308,0.2857,0.5073,0.0461,0.0845
weecology,tcd_tile_4125,Balkan mixed forests,European forest,,1795,0.3965,30,60,14,46,16,0.2333,0.4667,0.3111,0.91,0.0822,0.1507
weecology,tcd_tile_4126,Veracruz moist forests,Other,,1298,0.3965,277,38,23,15,254,0.6053,0.083,0.146,0.6446,0.026,0.0499
weecology,tcd_tile_4127,Pannonian mixed forests,European forest,,2393,0.3965,143,16,13,3,130,0.8125,0.0909,0.1635,0.9921,0.0613,0.1154
weecology,tcd_tile_4128,Eastern Mediterranean conifer-sclerophyllous-broadleaf forests,Other,,1342,0.3965,208,141,90,51,118,0.6383,0.4327,0.5158,0.9418,0.2067,0.3389
weecology,tcd_tile_4129,Greater Negros-Panay rain forests,SE Asian & Pacific rainforest,,4112,0.3965,55,491,16,475,39,0.0326,0.2909,0.0586,0.9858,0.1372,0.2409
weecology,tcd_tile_413,Sulawesi lowland rain forests,SE Asian & Pacific rainforest,,4529,0.3965,189,254,33,221,156,0.1299,0.1746,0.149,0.9588,0.079,0.146
weecology,tcd_tile_4130,Western European broadleaf forests,European forest,,4484,0.3965,17,6,3,3,14,0.5,0.1765,0.2609,0.9107,0.0067,0.0133
weecology,tcd_tile_4131,Celtic broadleaf forests,European forest,,2628,0.3965,6,11,1,10,5,0.0909,0.1667,0.1176,0.9683,0.0701,0.1307
weecology,tcd_tile_4132,Sarmatic mixed forests,European forest,,4028,0.3965,110,263,20,243,90,0.076,0.1818,0.1072,0.8532,0.1468,0.2506
weecology,tcd_tile_4133,Eastern Himalayan broadleaf forests,Other,,3585,0.3965,153,59,35,24,118,0.5932,0.2288,0.3302,0.7641,0.1677,0.275
weecology,tcd_tile_4134,Western Java rain forests,Other,,4583,0.3965,230,287,110,177,120,0.3833,0.4783,0.4255,0.9578,0.2029,0.3348
weecology,tcd_tile_4135,California interior chaparral and woodlands,Other,,774,0.3965,262,30,26,4,236,0.8667,0.0992,0.1781,0.9414,0.1187,0.2108
weecology,tcd_tile_4136,Balkan mixed forests,European forest,,4870,0.3965,0,18,0,18,0,0.0,0.0,0.0,0.0,0.0,0.0
weecology,tcd_tile_4137,Cerrado,Latin American forest,,849,0.3965,81,89,32,57,49,0.3596,0.3951,0.3765,0.6815,0.2109,0.3221
weecology,tcd_tile_4138,Northern Zanzibar-Inhambane coastal forest mosaic,African tropical forest,,1986,0.3965,123,113,31,82,92,0.2743,0.252,0.2627,0.4913,0.2148,0.2989
weecology,tcd_tile_4139,Lesser Sundas deciduous forests,SE Asian & Pacific rainforest,,3166,0.3965,10,45,2,43,8,0.0444,0.2,0.0727,0.9995,0.0128,0.0253
weecology,tcd_tile_414,Central African mangroves,African tropical forest,,2339,0.3965,0,25,0,25,0,0.0,0.0,0.0,0.0,0.0,0.0
weecology,tcd_tile_4140,Northern Zanzibar-Inhambane coastal forest mosaic,African tropical forest,,2807,0.3965,21,32,11,21,10,0.3438,0.5238,0.4151,0.8334,0.5492,0.6621
weecology,tcd_tile_4141,Southeastern mixed forests,N. American forest,,4615,0.3965,3,236,2,234,1,0.0085,0.6667,0.0167,0.9613,0.1634,0.2794
weecology,tcd_tile_4142,New England-Acadian forests,N. American forest,,4140,0.3965,5,234,3,231,2,0.0128,0.6,0.0251,0.9959,0.0646,0.1213
weecology,tcd_tile_4143,Mato Grosso seasonal forests,Latin American forest,,2969,0.3965,239,168,82,86,157,0.4881,0.3431,0.4029,0.8132,0.2934,0.4312
weecology,tcd_tile_4144,Southeastern mixed forests,N. American forest,,2547,0.3965,12,4,1,3,11,0.25,0.0833,0.125,0.6408,0.0054,0.0108
weecology,tcd_tile_4145,Atlantic mixed forests,European forest,,1458,0.3965,3,530,2,528,1,0.0038,0.6667,0.0075,0.9933,0.2585,0.4102
weecology,tcd_tile_4146,Central European mixed forests,European forest,,5049,0.3965,67,15,6,9,61,0.4,0.0896,0.1463,0.8779,0.0524,0.0989
weecology,tcd_tile_4147,Central African mangroves,African tropical forest,,4962,0.3965,0,35,0,35,0,0.0,0.0,0.0,0.0,0.0,0.0
weecology,tcd_tile_4148,Changjiang Plain evergreen forests,Other,,679,0.3965,240,117,106,11,134,0.906,0.4417,0.5938,0.9181,0.3418,0.4981
weecology,tcd_tile_4149,Central Indochina dry forests,Other,,4864,0.3965,129,150,34,116,95,0.2267,0.2636,0.2437,0.8921,0.1395,0.2413
weecology,tcd_tile_415,Western European broadleaf forests,European forest,,2066,0.3965,93,102,34,68,59,0.3333,0.3656,0.3487,0.8206,0.1668,0.2772
weecology,tcd_tile_4150,Eastern Great Lakes lowland forests,N. American forest,,3698,0.3965,17,38,6,32,11,0.1579,0.3529,0.2182,0.3121,0.0119,0.0228
weecology,tcd_tile_4151,California coastal sage and chaparral,Other,,1333,0.3965,0,9,0,9,0,0.0,0.0,0.0,0.0,0.0,0.0
weecology,tcd_tile_4152,Appalachian-Blue Ridge forests,N. American forest,,3843,0.3965,32,21,13,8,19,0.619,0.4062,0.4906,0.8822,0.2876,0.4338
weecology,tcd_tile_4153,Sarmatic mixed forests,European forest,,315,0.3965,35,88,20,68,15,0.2273,0.5714,0.3252,0.7133,0.0956,0.1686
weecology,tcd_tile_4154,Madeira-Tapajós moist forests,Latin American forest,,721,0.3965,1,595,1,594,0,0.0017,1.0,0.0034,0.9999,0.1451,0.2535
weecology,tcd_tile_4155,Madeira-Tapajós moist forests,Latin American forest,,3421,0.3965,4,456,3,453,1,0.0066,0.75,0.013,0.9999,0.1082,0.1953
weecology,tcd_tile_4156,Himalayan subtropical broadleaf forests,Other,,4189,0.3965,76,103,20,83,56,0.1942,0.2632,0.2235,0.9172,0.1677,0.2836
weecology,tcd_tile_4157,Northern Zanzibar-Inhambane coastal forest mosaic,African tropical forest,,3138,0.3965,147,88,37,51,110,0.4205,0.2517,0.3149,0.9367,0.0513,0.0974
weecology,tcd_tile_4158,Central European mixed forests,European forest,,5002,0.3965,2,18,0,18,2,0.0,0.0,0.0,0.0,0.0,0.0
weecology,tcd_tile_4159,Eastern Australian temperate forests,Other,,3744,0.3965,11,40,6,34,5,0.15,0.5455,0.2353,0.2195,0.1142,0.1502
weecology,tcd_tile_416,Changjiang Plain evergreen forests,Other,,4719,0.3965,85,102,33,69,52,0.3235,0.3882,0.3529,0.9542,0.168,0.2857
weecology,tcd_tile_4160,Sarmatic mixed forests,European forest,,2694,0.3965,39,305,19,286,20,0.0623,0.4872,0.1105,0.7857,0.1094,0.1921
weecology,tcd_tile_4161,Sulawesi lowland rain forests,SE Asian & Pacific rainforest,,709,0.3965,81,151,9,142,72,0.0596,0.1111,0.0776,0.9567,0.0386,0.0743
weecology,tcd_tile_4162,Sulawesi lowland rain forests,SE Asian & Pacific rainforest,,4397,0.3965,165,276,30,246,135,0.1087,0.1818,0.1361,0.9467,0.0953,0.1732
weecology,tcd_tile_4163,East European forest steppe,European forest,,1627,0.3965,30,35,5,30,25,0.1429,0.1667,0.1538,0.2967,0.0099,0.0192
weecology,tcd_tile_4164,Sumatran lowland rain forests,SE Asian & Pacific rainforest,,1997,0.3965,80,379,34,345,46,0.0897,0.425,0.1481,0.8385,0.1078,0.191
weecology,tcd_tile_4165,Taiwan subtropical evergreen forests,SE Asian & Pacific rainforest,,2950,0.3965,37,138,15,123,22,0.1087,0.4054,0.1714,0.6059,0.1078,0.1831
weecology,tcd_tile_4166,Madeira-Tapajós moist forests,Latin American forest,,2652,0.3965,1,544,1,543,0,0.0018,1.0,0.0037,0.9978,0.1336,0.2356
weecology,tcd_tile_4167,Hispaniolan moist forests,SE Asian & Pacific rainforest,,4240,0.3965,0,35,0,35,0,0.0,0.0,0.0,0.0,0.0,0.0
weecology,tcd_tile_4168,Central European mixed forests,European forest,,1985,0.3965,37,26,5,21,32,0.1923,0.1351,0.1587,0.9785,0.0243,0.0475
weecology,tcd_tile_4169,Greater Negros-Panay rain forests,SE Asian & Pacific rainforest,,2373,0.3965,79,54,24,30,55,0.4444,0.3038,0.3609,0.8863,0.0545,0.1026
weecology,tcd_tile_417,Northern Zanzibar-Inhambane coastal forest mosaic,African tropical forest,,2637,0.3965,20,0,0,0,20,0.0,0.0,0.0,0.0,0.0,0.0
weecology,tcd_tile_4170,Western European broadleaf forests,European forest,,525,0.3965,27,15,7,8,20,0.4667,0.2593,0.3333,0.836,0.0115,0.0228
weecology,tcd_tile_4171,Western Java rain forests,Other,,4518,0.3965,275,288,113,175,162,0.3924,0.4109,0.4014,0.9828,0.2256,0.3669
weecology,tcd_tile_4172,Pontic steppe,Other,,916,0.3965,64,28,14,14,50,0.5,0.2188,0.3043,0.7019,0.1005,0.1758
weecology,tcd_tile_4173,Baltic mixed forests,European forest,,4635,0.3965,32,57,8,49,24,0.1404,0.25,0.1798,0.7114,0.0362,0.0689
weecology,tcd_tile_4174,Northern Zanzibar-Inhambane coastal forest mosaic,African tropical forest,,4111,0.3965,107,8,7,1,100,0.875,0.0654,0.1217,0.9368,0.0364,0.0701
weecology,tcd_tile_4175,Bolivian montane dry forests,Latin American forest,,4740,0.3965,57,10,5,5,52,0.5,0.0877,0.1493,0.3854,0.0354,0.0649
weecology,tcd_tile_4176,Hispaniolan moist forests,SE Asian & Pacific rainforest,,4997,0.3965,0,36,0,36,0,0.0,0.0,0.0,0.0,0.0,0.0
weecology,tcd_tile_4177,Bolivian montane dry forests,Latin American forest,,4508,0.3965,59,8,4,4,55,0.5,0.0678,0.1194,0.706,0.0192,0.0373
weecology,tcd_tile_4178,Upper Gangetic Plains moist deciduous forests,Other,,3695,0.3965,64,41,20,21,44,0.4878,0.3125,0.381,0.9432,0.0926,0.1686
weecology,tcd_tile_4179,Bolivian montane dry forests,Latin American forest,,1619,0.3965,84,5,2,3,82,0.4,0.0238,0.0449,0.3112,0.003,0.006
weecology,tcd_tile_418,Hispaniolan moist forests,SE Asian & Pacific rainforest,,2002,0.3965,94,49,16,33,78,0.3265,0.1702,0.2238,0.4237,0.1234,0.1911
weecology,tcd_tile_4180,Magdalena Valley montane forests,Other,,3082,0.3965,157,22,11,11,146,0.5,0.0701,0.1229,0.7411,0.0406,0.077
weecology,tcd_tile_4181,Luzon rain forests,SE Asian & Pacific rainforest,,2598,0.3965,64,62,30,32,34,0.4839,0.4688,0.4762,0.9506,0.1709,0.2897
weecology,tcd_tile_4182,Sarmatic mixed forests,European forest,,3713,0.3965,1,0,0,0,1,0.0,0.0,0.0,0.0,0.0,0.0
weecology,tcd_tile_4183,Northeastern coastal forests,N. American forest,,1705,0.3965,74,37,16,21,58,0.4324,0.2162,0.2883,0.9191,0.1009,0.1819
weecology,tcd_tile_4184,,Other,,362,0.3965,0,0,0,0,0,0.0,0.0,0.0,0.0,0.0,0.0
weecology,tcd_tile_4185,Central European mixed forests,European forest,,4618,0.3965,95,31,20,11,75,0.6452,0.2105,0.3175,0.9357,0.1536,0.2639
weecology,tcd_tile_4186,Ecuadorian dry forests,Other,,830,0.3965,60,66,24,42,36,0.3636,0.4,0.381,0.7292,0.1351,0.228
weecology,tcd_tile_4187,Northeastern Spain and Southern France Mediterranean forests,Other,,754,0.3965,50,85,13,72,37,0.1529,0.26,0.1926,0.8988,0.0622,0.1164
weecology,tcd_tile_4188,Luzon rain forests,SE Asian & Pacific rainforest,,5016,0.3965,199,133,39,94,160,0.2932,0.196,0.2349,0.8988,0.0823,0.1508
weecology,tcd_tile_4189,Atlantic coastal pine barrens,Other,,3584,0.3965,260,41,27,14,233,0.6585,0.1038,0.1794,0.7746,0.0391,0.0744
weecology,tcd_tile_419,Hispaniolan moist forests,SE Asian & Pacific rainforest,,4331,0.3965,15,52,4,48,11,0.0769,0.2667,0.1194,0.1289,0.0406,0.0617
weecology,tcd_tile_4190,East European forest steppe,European forest,,4349,0.3965,20,15,6,9,14,0.4,0.3,0.3429,0.8236,0.0939,0.1686
weecology,tcd_tile_4191,Northern Zanzibar-Inhambane coastal forest mosaic,African tropical forest,,3517,0.3965,6,749,3,746,3,0.004,0.5,0.0079,0.9988,0.1267,0.2249
weecology,tcd_tile_4192,Granitic Seychelles forests,Other,,3817,0.3965,115,365,63,302,52,0.1726,0.5478,0.2625,0.8939,0.1628,0.2754
weecology,tcd_tile_4193,Balkan mixed forests,European forest,,5065,0.3965,140,27,12,15,128,0.4444,0.0857,0.1437,0.8581,0.1422,0.2439
weecology,tcd_tile_4194,Nigerian lowland forests,African tropical forest,,5050,0.3965,0,53,0,53,0,0.0,0.0,0.0,0.0,0.0,0.0
weecology,tcd_tile_4195,Northeastern coastal forests,N. American forest,,2077,0.3965,7,72,3,69,4,0.0417,0.4286,0.0759,0.9971,0.0682,0.1277
weecology,tcd_tile_4196,Sumatran lowland rain forests,SE Asian & Pacific rainforest,,19,0.3965,1,486,1,485,0,0.0021,1.0,0.0041,0.9919,0.1237,0.2199
weecology,tcd_tile_4197,Snake-Columbia shrub steppe,Other,,736,0.3965,8,577,6,571,2,0.0104,0.75,0.0205,0.9849,0.1758,0.2984
weecology,tcd_tile_4198,Baltic mixed forests,European forest,,1767,0.3965,4,0,0,0,4,0.0,0.0,0.0,0.0,0.0,0.0
weecology,tcd_tile_4199,Chiquitano dry forests,Other,,1340,0.3965,60,77,24,53,36,0.3117,0.4,0.3504,0.6219,0.0745,0.1331
weecology,tcd_tile_42,West Sudanian savanna,Arid / dryland,,675,0.3965,50,33,13,20,37,0.3939,0.26,0.3133,0.6768,0.0423,0.0797
weecology,tcd_tile_420,Hokkaido deciduous forests,Other,,3563,0.3965,30,116,1,115,29,0.0086,0.0333,0.0137,0.9429,0.1629,0.2779
weecology,tcd_tile_4200,Mindanao-Eastern Visayas rain forests,SE Asian & Pacific rainforest,,4879,0.3965,9,6,2,4,7,0.3333,0.2222,0.2667,0.2968,0.0461,0.0799
weecology,tcd_tile_4201,,Other,,303,0.3965,118,61,14,47,104,0.2295,0.1186,0.1564,0.5383,0.0161,0.0313
weecology,tcd_tile_4202,Northern mixed grasslands,Other,,356,0.3965,19,46,12,34,7,0.2609,0.6316,0.3692,0.9304,0.1853,0.3091
weecology,tcd_tile_4203,Cerrado,Latin American forest,,117,0.3965,2,6,1,5,1,0.1667,0.5,0.25,0.0712,0.1253,0.0908
weecology,tcd_tile_4204,Sarmatic mixed forests,European forest,,2149,0.3965,12,90,9,81,3,0.1,0.75,0.1765,0.5229,0.063,0.1124
weecology,tcd_tile_4205,Sarmatic mixed forests,European forest,,326,0.3965,38,89,16,73,22,0.1798,0.4211,0.252,0.9338,0.0382,0.0733
weecology,tcd_tile_4206,Pontic steppe,Other,,1353,0.3965,79,30,24,6,55,0.8,0.3038,0.4404,0.9369,0.2435,0.3865
weecology,tcd_tile_4207,Nigerian lowland forests,African tropical forest,,4270,0.3965,0,36,0,36,0,0.0,0.0,0.0,0.0,0.0,0.0
weecology,tcd_tile_4208,Northeastern coastal forests,N. American forest,,2148,0.3965,8,19,2,17,6,0.1053,0.25,0.1481,0.1243,0.0004,0.0008
weecology,tcd_tile_4209,Peruvian Yungas,Latin American forest,,2521,0.3965,50,9,3,6,47,0.3333,0.06,0.1017,0.4916,0.0293,0.0552
weecology,tcd_tile_421,Caucasus mixed forests,European forest,,5053,0.3965,20,18,6,12,14,0.3333,0.3,0.3158,0.9849,0.0199,0.0389
weecology,tcd_tile_4210,Central European mixed forests,European forest,,4531,0.3965,64,37,20,17,44,0.5405,0.3125,0.396,0.9057,0.237,0.3757
weecology,tcd_tile_4211,,Other,,86,0.3965,17,44,5,39,12,0.1136,0.2941,0.1639,0.9015,0.0259,0.0503
weecology,tcd_tile_4212,Northern Zanzibar-Inhambane coastal forest mosaic,African tropical forest,,1904,0.3965,4,618,4,614,0,0.0065,1.0,0.0129,0.9957,0.0991,0.1802
weecology,tcd_tile_4213,Po Basin mixed forests,Other,,3808,0.3965,30,11,3,8,27,0.2727,0.1,0.1463,0.2849,0.0147,0.028
weecology,tcd_tile_4214,Celtic broadleaf forests,European forest,,1843,0.3965,10,6,0,6,10,0.0,0.0,0.0,0.003,0.001,0.0015
weecology,tcd_tile_4215,Madeira-Tapajós moist forests,Latin American forest,,2389,0.3965,1,181,1,180,0,0.0055,1.0,0.011,1.0,0.055,0.1042
weecology,tcd_tile_4216,Sarmatic mixed forests,European forest,,4354,0.3965,7,417,3,414,4,0.0072,0.4286,0.0142,0.981,0.1627,0.2791
weecology,tcd_tile_4217,Southern Zanzibar-Inhambane coastal forest mosaic,African tropical forest,,4237,0.3965,79,25,8,17,71,0.32,0.1013,0.1538,0.956,0.0722,0.1342
weecology,tcd_tile_4218,Western Guinean lowland forests,African tropical forest,,3875,0.3965,102,24,17,7,85,0.7083,0.1667,0.2698,0.7565,0.0422,0.08
weecology,tcd_tile_4219,Southeastern mixed forests,N. American forest,,1395,0.3965,4,122,1,121,3,0.0082,0.25,0.0159,0.9924,0.0519,0.0987
weecology,tcd_tile_422,Celtic broadleaf forests,European forest,,2354,0.3965,97,48,29,19,68,0.6042,0.299,0.4,0.7118,0.0289,0.0555
weecology,tcd_tile_4220,Pannonian mixed forests,European forest,,1669,0.3965,8,404,4,400,4,0.0099,0.5,0.0194,0.99,0.1095,0.1973
weecology,tcd_tile_4221,Northern Zanzibar-Inhambane coastal forest mosaic,African tropical forest,,1205,0.3965,94,202,35,167,59,0.1733,0.3723,0.2365,0.9284,0.2234,0.3602
weecology,tcd_tile_4222,Western Guinean lowland forests,African tropical forest,,1077,0.3965,44,17,11,6,33,0.6471,0.25,0.3607,0.7859,0.1004,0.178
weecology,tcd_tile_4223,Snake-Columbia shrub steppe,Other,,257,0.3965,38,20,12,8,26,0.6,0.3158,0.4138,0.6859,0.1878,0.2948
weecology,tcd_tile_4224,Hokkaido deciduous forests,Other,,2885,0.3965,11,153,5,148,6,0.0327,0.4545,0.061,0.8988,0.1501,0.2572
weecology,tcd_tile_4225,Caucasus mixed forests,European forest,,1343,0.3965,108,131,45,86,63,0.3435,0.4167,0.3766,0.9314,0.1104,0.1974
weecology,tcd_tile_4226,Timor and Wetar deciduous forests,SE Asian & Pacific rainforest,,1322,0.3965,111,14,9,5,102,0.6429,0.0811,0.144,0.7514,0.0054,0.0107
weecology,tcd_tile_4227,Upper Midwest forest-savanna transition,N. American forest,,2404,0.3965,39,4,2,2,37,0.5,0.0513,0.093,0.9156,0.0026,0.0051
weecology,tcd_tile_4228,Sarmatic mixed forests,European forest,,4537,0.3965,12,65,1,64,11,0.0154,0.0833,0.026,0.9198,0.1587,0.2706
weecology,tcd_tile_4229,Southern Zanzibar-Inhambane coastal forest mosaic,African tropical forest,,2943,0.3965,93,205,42,163,51,0.2049,0.4516,0.2819,0.9136,0.1056,0.1894
weecology,tcd_tile_423,Pannonian mixed forests,European forest,,3428,0.3965,199,43,27,16,172,0.6279,0.1357,0.2231,0.9184,0.0954,0.1728
weecology,tcd_tile_4230,Lesser Sundas deciduous forests,SE Asian & Pacific rainforest,,2542,0.3965,46,326,9,317,37,0.0276,0.1957,0.0484,0.962,0.0543,0.1028
weecology,tcd_tile_4231,Hispaniolan moist forests,SE Asian & Pacific rainforest,,4370,0.3965,69,47,22,25,47,0.4681,0.3188,0.3793,0.5671,0.203,0.2989
weecology,tcd_tile_4232,Southern Zanzibar-Inhambane coastal forest mosaic,African tropical forest,,3439,0.3965,85,21,9,12,76,0.4286,0.1059,0.1698,0.8066,0.0344,0.0661
weecology,tcd_tile_4233,Mesopotamian shrub desert,Other,,39,0.3965,220,320,157,163,63,0.4906,0.7136,0.5815,0.948,0.3794,0.542
weecology,tcd_tile_4234,Granitic Seychelles forests,Other,,928,0.3965,71,385,17,368,54,0.0442,0.2394,0.0746,0.9808,0.0833,0.1536
weecology,tcd_tile_4235,Southern Zanzibar-Inhambane coastal forest mosaic,African tropical forest,,3437,0.3965,97,47,28,19,69,0.5957,0.2887,0.3889,0.8231,0.1587,0.2661
weecology,tcd_tile_4236,Northern Zanzibar-Inhambane coastal forest mosaic,African tropical forest,,1842,0.3965,122,173,61,112,61,0.3526,0.5,0.4136,0.9773,0.0898,0.1645
weecology,tcd_tile_4237,Western Great Lakes forests,Other,,1493,0.3965,18,29,8,21,10,0.2759,0.4444,0.3404,0.9083,0.0411,0.0787
weecology,tcd_tile_4238,Central U.S. hardwood forests,N. American forest,,2142,0.3965,15,16,5,11,10,0.3125,0.3333,0.3226,0.7736,0.0043,0.0086
weecology,tcd_tile_424,Sierra Nevada forests,N. American forest,,3211,0.3965,20,10,3,7,17,0.3,0.15,0.2,0.9063,0.0068,0.0135
weecology,tcd_tile_425,Northern Zanzibar-Inhambane coastal forest mosaic,African tropical forest,,2875,0.3965,326,28,24,4,302,0.8571,0.0736,0.1356,0.878,0.0596,0.1116
weecology,tcd_tile_426,Upper Gangetic Plains moist deciduous forests,Other,,2919,0.3965,37,63,21,42,16,0.3333,0.5676,0.42,0.9489,0.0571,0.1077
weecology,tcd_tile_427,Lesser Sundas deciduous forests,SE Asian & Pacific rainforest,,1861,0.3965,51,84,20,64,31,0.2381,0.3922,0.2963,0.5289,0.0317,0.0597
weecology,tcd_tile_428,Mizoram-Manipur-Kachin rain forests,SE Asian & Pacific rainforest,,4744,0.3965,18,475,6,469,12,0.0126,0.3333,0.0243,0.9956,0.0855,0.1575
weecology,tcd_tile_429,Northern Zanzibar-Inhambane coastal forest mosaic,African tropical forest,,1018,0.3965,111,125,41,84,70,0.328,0.3694,0.3475,0.8281,0.1348,0.2319
weecology,tcd_tile_43,East Sudanian savanna,Arid / dryland,,887,0.3965,16,19,6,13,10,0.3158,0.375,0.3429,0.3056,0.3035,0.3046
weecology,tcd_tile_430,Sulawesi lowland rain forests,SE Asian & Pacific rainforest,,4489,0.3965,262,187,105,82,157,0.5615,0.4008,0.4677,0.9715,0.3051,0.4644
weecology,tcd_tile_431,Madeira-Tapajós moist forests,Latin American forest,,2200,0.3965,9,816,7,809,2,0.0086,0.7778,0.017,1.0,0.2,0.3333
weecology,tcd_tile_432,Araucaria moist forests,Other,,411,0.3965,75,45,21,24,54,0.4667,0.28,0.35,0.8459,0.0294,0.0569
weecology,tcd_tile_433,Scandinavian Montane Birch forest and grasslands,Other,,164,0.3965,868,82,37,45,831,0.4512,0.0426,0.0779,0.8253,0.0436,0.0827
weecology,tcd_tile_434,Bahia coastal forests,Latin American forest,,2100,0.3965,7,73,2,71,5,0.0274,0.2857,0.05,0.9999,0.0373,0.0719
weecology,tcd_tile_435,Appalachian mixed mesophytic forests,Other,,2097,0.3965,5,52,4,48,1,0.0769,0.8,0.1404,0.9413,0.1278,0.225
weecology,tcd_tile_436,South Siberian forest steppe,Other,,712,0.3965,57,106,43,63,14,0.4057,0.7544,0.5276,0.8173,0.2649,0.4002
weecology,tcd_tile_437,Western Java montane rain forests,Other,,3524,0.3965,18,57,11,46,7,0.193,0.6111,0.2933,0.9999,0.0759,0.1411
weecology,tcd_tile_438,Hawaii tropical moist forests,Other,,3354,0.3965,5,196,2,194,3,0.0102,0.4,0.0199,0.9994,0.0568,0.1075
weecology,tcd_tile_439,Northern Zanzibar-Inhambane coastal forest mosaic,African tropical forest,,2101,0.3965,149,238,73,165,76,0.3067,0.4899,0.3773,0.7372,0.1089,0.1897
weecology,tcd_tile_44,Chilean matorral,Arid / dryland,,410,0.3965,83,145,32,113,51,0.2207,0.3855,0.2807,0.8697,0.1249,0.2184
weecology,tcd_tile_440,Eastern Himalayan broadleaf forests,Other,,2964,0.3965,131,66,43,23,88,0.6515,0.3282,0.4365,0.8529,0.1374,0.2366
weecology,tcd_tile_441,Northern Congolian forest-savanna mosaic,African tropical forest,,1096,0.3965,108,7,6,1,102,0.8571,0.0556,0.1043,0.9052,0.0243,0.0473
weecology,tcd_tile_442,Upper Midwest forest-savanna transition,N. American forest,,3908,0.3965,66,46,34,12,32,0.7391,0.5152,0.6071,0.6989,0.4457,0.5443
weecology,tcd_tile_443,Eastern Java-Bali rain forests,SE Asian & Pacific rainforest,,4459,0.3965,25,34,9,25,16,0.2647,0.36,0.3051,0.7476,0.0217,0.0422
weecology,tcd_tile_444,Northern Zanzibar-Inhambane coastal forest mosaic,African tropical forest,,130,0.3965,184,88,43,45,141,0.4886,0.2337,0.3162,0.8126,0.0378,0.0722
weecology,tcd_tile_445,Central European mixed forests,European forest,,5003,0.3965,34,28,1,27,33,0.0357,0.0294,0.0323,0.0721,0.0034,0.0064
weecology,tcd_tile_446,Western Guinean lowland forests,African tropical forest,,1104,0.3965,93,114,29,85,64,0.2544,0.3118,0.2802,0.4511,0.1831,0.2605
weecology,tcd_tile_447,Cordillera Oriental montane forests,Other,,3643,0.3965,91,27,11,16,80,0.4074,0.1209,0.1864,0.5405,0.0741,0.1303
weecology,tcd_tile_448,Sumatran lowland rain forests,SE Asian & Pacific rainforest,,3834,0.3965,83,45,19,26,64,0.4222,0.2289,0.2969,0.816,0.0874,0.1579
weecology,tcd_tile_449,Sumatran lowland rain forests,SE Asian & Pacific rainforest,,1885,0.3965,435,174,83,91,352,0.477,0.1908,0.2726,0.4009,0.0855,0.141
weecology,tcd_tile_45,Zambezian and Mopane woodlands,Arid / dryland,,2524,0.3965,166,136,46,90,120,0.3382,0.2771,0.3046,0.8377,0.1481,0.2517
weecology,tcd_tile_450,Eastern forest-boreal transition,Other,,2421,0.3965,1,250,1,249,0,0.004,1.0,0.008,1.0,0.077,0.143
weecology,tcd_tile_451,Sulawesi lowland rain forests,SE Asian & Pacific rainforest,,3518,0.3965,107,130,46,84,61,0.3538,0.4299,0.3882,0.8244,0.1108,0.1954
weecology,tcd_tile_452,Sarmatic mixed forests,European forest,,4841,0.3965,1,86,1,85,0,0.0116,1.0,0.023,0.9462,0.2546,0.4012
weecology,tcd_tile_453,Sarmatic mixed forests,European forest,,4454,0.3965,0,51,0,51,0,0.0,0.0,0.0,0.0,0.0,0.0
weecology,tcd_tile_454,East European forest steppe,European forest,,4602,0.3965,62,47,13,34,49,0.2766,0.2097,0.2385,0.889,0.033,0.0636
weecology,tcd_tile_455,Vanuatu rain forests,Other,,3807,0.3965,50,16,1,15,49,0.0625,0.02,0.0303,0.0485,0.0133,0.0208
weecology,tcd_tile_456,Northern Zanzibar-Inhambane coastal forest mosaic,African tropical forest,,2744,0.3965,151,66,16,50,135,0.2424,0.106,0.1475,0.9609,0.0302,0.0585
weecology,tcd_tile_457,Mizoram-Manipur-Kachin rain forests,SE Asian & Pacific rainforest,,4226,0.3965,51,74,16,58,35,0.2162,0.3137,0.256,0.7721,0.0829,0.1497
weecology,tcd_tile_458,Northern Anatolian conifer and deciduous forests,Other,,4058,0.3965,448,102,63,39,385,0.6176,0.1406,0.2291,0.6744,0.0583,0.1073
weecology,tcd_tile_459,English Lowlands beech forests,European forest,,191,0.3965,10,9,5,4,5,0.5556,0.5,0.5263,0.6842,0.2499,0.3661
weecology,tcd_tile_46,Chilean matorral,Arid / dryland,,1279,0.3965,69,23,8,15,61,0.3478,0.1159,0.1739,0.5357,0.0676,0.12
weecology,tcd_tile_460,Crimean Submediterranean forest complex,Other,,2122,0.3965,174,35,28,7,146,0.8,0.1609,0.2679,0.881,0.0182,0.0357
weecology,tcd_tile_461,Irrawaddy moist deciduous forests,Other,,668,0.3965,68,89,26,63,42,0.2921,0.3824,0.3312,0.9321,0.1927,0.3194
weecology,tcd_tile_462,Northern Zanzibar-Inhambane coastal forest mosaic,African tropical forest,,3451,0.3965,189,15,11,4,178,0.7333,0.0582,0.1078,0.8847,0.0091,0.018
weecology,tcd_tile_463,Sumatran lowland rain forests,SE Asian & Pacific rainforest,,1696,0.3965,252,80,44,36,208,0.55,0.1746,0.2651,0.475,0.115,0.1852
weecology,tcd_tile_464,Northern Acacia-Commiphora bushlands and thickets,Other,,1350,0.3965,20,1,1,0,19,1.0,0.05,0.0952,0.9143,0.0798,0.1469
weecology,tcd_tile_465,East European forest steppe,European forest,,1654,0.3965,36,18,5,13,31,0.2778,0.1389,0.1852,0.5024,0.0218,0.0418
weecology,tcd_tile_466,Balsas dry forests,Other,,1990,0.3965,169,32,30,2,139,0.9375,0.1775,0.2985,0.9568,0.1555,0.2675
weecology,tcd_tile_467,Lesser Sundas deciduous forests,SE Asian & Pacific rainforest,,2981,0.3965,49,466,25,441,24,0.0536,0.5102,0.0971,0.9838,0.1159,0.2074
weecology,tcd_tile_468,Northern Zanzibar-Inhambane coastal forest mosaic,African tropical forest,,2673,0.3965,143,31,25,6,118,0.8065,0.1748,0.2874,0.9321,0.0378,0.0727
weecology,tcd_tile_469,Atlantic mixed forests,European forest,,1551,0.3965,8,9,3,6,5,0.3333,0.375,0.3529,0.997,0.0248,0.0484
weecology,tcd_tile_47,Chilean matorral,Arid / dryland,,732,0.3965,16,4,2,2,14,0.5,0.125,0.2,0.4692,0.0461,0.0839
weecology,tcd_tile_470,Sarmatic mixed forests,European forest,,3077,0.3965,22,82,10,72,12,0.122,0.4545,0.1923,0.7638,0.0081,0.016
weecology,tcd_tile_471,Central European mixed forests,European forest,,986,0.3965,57,102,27,75,30,0.2647,0.4737,0.3396,0.7038,0.0466,0.0875
weecology,tcd_tile_472,Fiji tropical dry forests,Other,,2674,0.3965,54,677,12,665,42,0.0177,0.2222,0.0328,0.9728,0.1204,0.2143
weecology,tcd_tile_473,Western Guinean lowland forests,African tropical forest,,3956,0.3965,50,17,5,12,45,0.2941,0.1,0.1493,0.3462,0.0316,0.058
weecology,tcd_tile_474,Western European broadleaf forests,European forest,,120,0.3965,18,19,12,7,6,0.6316,0.6667,0.6486,0.9461,0.3391,0.4992
weecology,tcd_tile_475,Caucasus mixed forests,European forest,,1492,0.3965,5,0,0,0,5,0.0,0.0,0.0,0.0,0.0,0.0
weecology,tcd_tile_476,Northern Congolian forest-savanna mosaic,African tropical forest,,685,0.3965,35,6,3,3,32,0.5,0.0857,0.1463,0.2928,0.0511,0.0871
weecology,tcd_tile_477,Maputaland coastal forest mosaic,African tropical forest,,3845,0.3965,33,1,0,1,33,0.0,0.0,0.0,0.0,0.0,0.0
weecology,tcd_tile_478,Northern Zanzibar-Inhambane coastal forest mosaic,African tropical forest,,1229,0.3965,217,265,116,149,101,0.4377,0.5346,0.4813,0.7753,0.2798,0.4112
weecology,tcd_tile_479,East European forest steppe,European forest,,2796,0.3965,75,112,33,79,42,0.2946,0.44,0.3529,0.888,0.1318,0.2296
weecology,tcd_tile_48,Zambezian and Mopane woodlands,Arid / dryland,,2400,0.3965,109,172,35,137,74,0.2035,0.3211,0.2491,0.9411,0.0864,0.1583
weecology,tcd_tile_480,Northern Zanzibar-Inhambane coastal forest mosaic,African tropical forest,,3672,0.3965,347,128,115,13,232,0.8984,0.3314,0.4842,0.9383,0.1961,0.3244
weecology,tcd_tile_481,Lesser Sundas deciduous forests,SE Asian & Pacific rainforest,,2355,0.3965,16,87,2,85,14,0.023,0.125,0.0388,0.964,0.0134,0.0264
weecology,tcd_tile_482,Hokkaido deciduous forests,Other,,1653,0.3965,2,16,2,14,0,0.125,1.0,0.2222,0.912,0.0888,0.1618
weecology,tcd_tile_483,Changjiang Plain evergreen forests,Other,,4099,0.3965,178,22,16,6,162,0.7273,0.0899,0.16,0.7862,0.0419,0.0796
weecology,tcd_tile_484,California coastal sage and chaparral,Other,,431,0.3965,0,17,0,17,0,0.0,0.0,0.0,0.0,0.0,0.0
weecology,tcd_tile_485,East European forest steppe,European forest,,4116,0.3965,61,267,31,236,30,0.1161,0.5082,0.189,0.703,0.0545,0.1012
weecology,tcd_tile_486,Caucasus mixed forests,European forest,,2517,0.3965,2,0,0,0,2,0.0,0.0,0.0,0.0,0.0,0.0
weecology,tcd_tile_487,,Other,,3203,0.3965,0,21,0,21,0,0.0,0.0,0.0,0.0,0.0,0.0
weecology,tcd_tile_488,Central European mixed forests,European forest,,1465,0.3965,42,27,13,14,29,0.4815,0.3095,0.3768,0.8244,0.0713,0.1313
weecology,tcd_tile_489,Southeastern mixed forests,N. American forest,,4149,0.3965,39,2,0,2,39,0.0,0.0,0.0,0.0,0.0,0.0
weecology,tcd_tile_49,West Sudanian savanna,Arid / dryland,,761,0.3965,85,21,13,8,72,0.619,0.1529,0.2453,0.944,0.1453,0.2519
weecology,tcd_tile_490,Changjiang Plain evergreen forests,Other,,4404,0.3965,136,128,60,68,76,0.4688,0.4412,0.4545,0.9629,0.2084,0.3427
weecology,tcd_tile_491,Southern Zanzibar-Inhambane coastal forest mosaic,African tropical forest,,2143,0.3965,52,47,13,34,39,0.2766,0.25,0.2626,0.5551,0.0367,0.0689
weecology,tcd_tile_492,Western Guinean lowland forests,African tropical forest,,2859,0.3965,38,5,4,1,34,0.8,0.1053,0.186,0.7865,0.0442,0.0838
weecology,tcd_tile_493,Sumatran lowland rain forests,SE Asian & Pacific rainforest,,4611,0.3965,144,91,22,69,122,0.2418,0.1528,0.1872,0.7028,0.0177,0.0344
weecology,tcd_tile_494,Northern Zanzibar-Inhambane coastal forest mosaic,African tropical forest,,4948,0.3965,334,12,10,2,324,0.8333,0.0299,0.0578,0.9524,0.0192,0.0376
weecology,tcd_tile_495,Cerrado,Latin American forest,,906,0.3965,2,2,1,1,1,0.5,0.5,0.5,0.9819,0.0112,0.0221
weecology,tcd_tile_496,Taiheiyo evergreen forests,Other,,3562,0.3965,236,65,44,21,192,0.6769,0.1864,0.2924,0.7338,0.1145,0.1981
weecology,tcd_tile_497,Western European broadleaf forests,European forest,,930,0.3965,24,45,12,33,12,0.2667,0.5,0.3478,0.8364,0.019,0.0371
weecology,tcd_tile_498,"Sao Tome, Principe and Annobon moist lowland forests",Other,,1782,0.3965,15,21,9,12,6,0.4286,0.6,0.5,0.9735,0.3187,0.4802
weecology,tcd_tile_499,Celtic broadleaf forests,European forest,,2801,0.3965,4,1,1,0,3,1.0,0.25,0.4,0.9821,0.4277,0.5959
weecology,tcd_tile_5,West Sudanian savanna,Arid / dryland,,1058,0.3965,69,46,29,17,40,0.6304,0.4203,0.5043,0.8172,0.3996,0.5368
weecology,tcd_tile_50,West Sudanian savanna,Arid / dryland,,629,0.3965,132,77,55,22,77,0.7143,0.4167,0.5263,0.9232,0.2948,0.4468
weecology,tcd_tile_500,Northern Zanzibar-Inhambane coastal forest mosaic,African tropical forest,,1623,0.3965,70,216,42,174,28,0.1944,0.6,0.2937,0.7115,0.2579,0.3786
weecology,tcd_tile_501,Celtic broadleaf forests,European forest,,3865,0.3965,79,61,22,39,57,0.3607,0.2785,0.3143,0.8003,0.0319,0.0614
weecology,tcd_tile_502,Western Guinean lowland forests,African tropical forest,,3684,0.3965,115,20,14,6,101,0.7,0.1217,0.2074,0.8151,0.0661,0.1223
weecology,tcd_tile_503,Cardamom Mountains rain forests,Other,,2306,0.3965,79,458,21,437,58,0.0459,0.2658,0.0782,0.9735,0.1409,0.2462
weecology,tcd_tile_504,Hokkaido deciduous forests,Other,,3706,0.3965,10,1,1,0,9,1.0,0.1,0.1818,1.0,0.0069,0.0138
weecology,tcd_tile_505,Central African mangroves,African tropical forest,,5060,0.3965,0,32,0,32,0,0.0,0.0,0.0,0.0,0.0,0.0
weecology,tcd_tile_506,Celtic broadleaf forests,European forest,,2161,0.3965,21,37,7,30,14,0.1892,0.3333,0.2414,0.827,0.1328,0.2289
weecology,tcd_tile_507,"Sao Tome, Principe and Annobon moist lowland forests",Other,,1849,0.3965,36,238,9,229,27,0.0378,0.25,0.0657,0.9895,0.1289,0.2281
weecology,tcd_tile_508,Southeastern conifer forests,N. American forest,,3206,0.3965,25,66,5,61,20,0.0758,0.2,0.1099,0.8717,0.0243,0.0473
weecology,tcd_tile_509,Hispaniolan moist forests,SE Asian & Pacific rainforest,,4763,0.3965,16,12,4,8,12,0.3333,0.25,0.2857,0.5835,0.1132,0.1896
weecology,tcd_tile_51,Sonoran desert,Arid / dryland,,691,0.3965,133,54,28,26,105,0.5185,0.2105,0.2995,0.685,0.0817,0.146
weecology,tcd_tile_510,Baltic mixed forests,European forest,,4751,0.3965,11,197,3,194,8,0.0152,0.2727,0.0288,0.9953,0.0637,0.1197
weecology,tcd_tile_511,Southern Great Lakes forests,N. American forest,,241,0.3965,62,71,27,44,35,0.3803,0.4355,0.406,0.781,0.1006,0.1782
weecology,tcd_tile_512,East European forest steppe,European forest,,3243,0.3965,9,5,4,1,5,0.8,0.4444,0.5714,0.6281,0.023,0.0443
weecology,tcd_tile_513,Luzon rain forests,SE Asian & Pacific rainforest,,2876,0.3965,42,51,6,45,36,0.1176,0.1429,0.129,0.9558,0.0063,0.0125
weecology,tcd_tile_514,English Lowlands beech forests,European forest,,1939,0.3965,6,22,5,17,1,0.2273,0.8333,0.3571,0.9675,0.2184,0.3564
weecology,tcd_tile_515,Nihonkai montane deciduous forests,Other,,5010,0.3965,22,39,11,28,11,0.2821,0.5,0.3607,0.9301,0.0082,0.0163
weecology,tcd_tile_516,Eastern forest-boreal transition,Other,,3760,0.3965,6,215,3,212,3,0.014,0.5,0.0271,0.9877,0.1652,0.283
weecology,tcd_tile_517,Sarmatic mixed forests,European forest,,2636,0.3965,27,64,15,49,12,0.2344,0.5556,0.3297,0.9301,0.0385,0.0739
weecology,tcd_tile_518,Palawan rain forests,SE Asian & Pacific rainforest,,2072,0.3965,83,83,28,55,55,0.3373,0.3373,0.3373,0.8538,0.1389,0.2389
weecology,tcd_tile_519,Atlantic mixed forests,European forest,,1056,0.3965,13,276,6,270,7,0.0217,0.4615,0.0415,0.9916,0.0888,0.163
weecology,tcd_tile_52,West Sudanian savanna,Arid / dryland,,630,0.3965,61,122,31,91,30,0.2541,0.5082,0.3388,0.6956,0.0927,0.1636
weecology,tcd_tile_520,Maputaland coastal forest mosaic,African tropical forest,,2468,0.3965,2,2,0,2,2,0.0,0.0,0.0,0.0,0.0,0.0
weecology,tcd_tile_521,Palawan rain forests,SE Asian & Pacific rainforest,,3017,0.3965,11,23,4,19,7,0.1739,0.3636,0.2353,0.2553,0.0527,0.0873
weecology,tcd_tile_522,Eastern Himalayan broadleaf forests,Other,,3618,0.3965,168,39,23,16,145,0.5897,0.1369,0.2222,0.7592,0.1029,0.1812
weecology,tcd_tile_523,Sierra Nevada forests,N. American forest,,2289,0.3965,51,488,20,468,31,0.041,0.3922,0.0742,0.9866,0.1753,0.2976
weecology,tcd_tile_524,Northern Zanzibar-Inhambane coastal forest mosaic,African tropical forest,,4412,0.3965,228,34,28,6,200,0.8235,0.1228,0.2137,0.9574,0.0408,0.0782
weecology,tcd_tile_525,Greater Negros-Panay rain forests,SE Asian & Pacific rainforest,,2214,0.3965,46,322,17,305,29,0.0528,0.3696,0.0924,0.9281,0.1285,0.2257
weecology,tcd_tile_526,Southeastern mixed forests,N. American forest,,4708,0.3965,59,54,35,19,24,0.6481,0.5932,0.6195,0.6646,0.6513,0.6579
weecology,tcd_tile_527,Tongan tropical moist forests,SE Asian & Pacific rainforest,,4967,0.3965,30,483,7,476,23,0.0145,0.2333,0.0273,0.9874,0.0628,0.1182
weecology,tcd_tile_528,Pannonian mixed forests,European forest,,2203,0.3965,85,28,10,18,75,0.3571,0.1176,0.177,0.9749,0.0146,0.0287
weecology,tcd_tile_529,Northern Zanzibar-Inhambane coastal forest mosaic,African tropical forest,,2716,0.3965,139,57,46,11,93,0.807,0.3309,0.4694,0.9358,0.1513,0.2604
weecology,tcd_tile_53,Gulf of Oman desert and semi-desert,Arid / dryland,,22,0.3965,55,3,1,2,54,0.3333,0.0182,0.0345,0.2462,0.0029,0.0057
weecology,tcd_tile_530,Maputaland coastal forest mosaic,African tropical forest,,948,0.3965,3,6,0,6,3,0.0,0.0,0.0,0.0,0.0,0.0
weecology,tcd_tile_531,,Other,,2557,0.3965,1,77,1,76,0,0.013,1.0,0.0256,0.8917,0.0201,0.0394
weecology,tcd_tile_532,Northern Zanzibar-Inhambane coastal forest mosaic,African tropical forest,,1553,0.3965,413,135,96,39,317,0.7111,0.2324,0.3504,0.9706,0.1091,0.1962
weecology,tcd_tile_533,Irrawaddy moist deciduous forests,Other,,398,0.3965,62,58,22,36,40,0.3793,0.3548,0.3667,0.8703,0.1776,0.295
weecology,tcd_tile_534,Pontic steppe,Other,,539,0.3965,111,43,29,14,82,0.6744,0.2613,0.3766,0.874,0.2017,0.3277
weecology,tcd_tile_535,Southeastern mixed forests,N. American forest,,4519,0.3965,17,13,4,9,13,0.3077,0.2353,0.2667,0.6311,0.0589,0.1078
weecology,tcd_tile_536,Northern Zanzibar-Inhambane coastal forest mosaic,African tropical forest,,1073,0.3965,19,196,9,187,10,0.0459,0.4737,0.0837,0.9737,0.0619,0.1164
weecology,tcd_tile_537,Northern Zanzibar-Inhambane coastal forest mosaic,African tropical forest,,2178,0.3965,69,106,30,76,39,0.283,0.4348,0.3429,0.6114,0.1801,0.2783
weecology,tcd_tile_538,Pannonian mixed forests,European forest,,2431,0.3965,3,508,3,505,0,0.0059,1.0,0.0117,0.9963,0.1433,0.2505
weecology,tcd_tile_539,Eastern Australian temperate forests,Other,,3842,0.3965,32,35,7,28,25,0.2,0.2188,0.209,0.6565,0.0647,0.1179
weecology,tcd_tile_54,Zambezian and Mopane woodlands,Arid / dryland,,3668,0.3965,210,119,85,34,125,0.7143,0.4048,0.5167,0.8923,0.2375,0.3751
weecology,tcd_tile_540,Northeastern coastal forests,N. American forest,,3434,0.3965,8,3,2,1,6,0.6667,0.25,0.3636,0.8779,0.1377,0.2381
weecology,tcd_tile_541,Central European mixed forests,European forest,,2821,0.3965,34,25,9,16,25,0.36,0.2647,0.3051,0.7367,0.0121,0.0238
weecology,tcd_tile_542,Northern Zanzibar-Inhambane coastal forest mosaic,African tropical forest,,4662,0.3965,201,277,72,205,129,0.2599,0.3582,0.3013,0.9197,0.1364,0.2375
weecology,tcd_tile_543,Central European mixed forests,European forest,,2905,0.3965,19,27,8,19,11,0.2963,0.4211,0.3478,0.9395,0.0094,0.0186
weecology,tcd_tile_544,Central Indochina dry forests,Other,,3675,0.3965,2,549,1,548,1,0.0018,0.5,0.0036,0.9943,0.1249,0.2219
weecology,tcd_tile_545,Sarmatic mixed forests,European forest,,2570,0.3965,174,74,40,34,134,0.5405,0.2299,0.3226,0.8462,0.0979,0.1755
weecology,tcd_tile_546,Hispaniolan moist forests,SE Asian & Pacific rainforest,,5051,0.3965,63,31,14,17,49,0.4516,0.2222,0.2979,0.5914,0.0744,0.1322
weecology,tcd_tile_547,Northern Congolian forest-savanna mosaic,African tropical forest,,856,0.3965,43,22,16,6,27,0.7273,0.3721,0.4923,0.606,0.2007,0.3015
weecology,tcd_tile_548,Northern California coastal forests,N. American forest,,2416,0.3965,3,32,1,31,2,0.0312,0.3333,0.0571,0.9997,0.0033,0.0066
weecology,tcd_tile_549,Bolivian montane dry forests,Latin American forest,,3290,0.3965,18,5,2,3,16,0.4,0.1111,0.1739,0.3397,0.068,0.1134
weecology,tcd_tile_55,West Sudanian savanna,Arid / dryland,,405,0.3965,106,69,38,31,68,0.5507,0.3585,0.4343,0.6574,0.2095,0.3177
weecology,tcd_tile_550,Sarmatic mixed forests,European forest,,4991,0.3965,4,84,2,82,2,0.0238,0.5,0.0455,0.9743,0.0926,0.1691
weecology,tcd_tile_551,North Central Rockies forests,N. American forest,,3628,0.3965,0,8,0,8,0,0.0,0.0,0.0,0.0,0.0,0.0
weecology,tcd_tile_552,Eastern Great Lakes lowland forests,N. American forest,,3965,0.3965,85,103,19,84,66,0.1845,0.2235,0.2021,0.9449,0.0606,0.1138
weecology,tcd_tile_553,Taiheiyo evergreen forests,Other,,1435,0.3965,28,19,12,7,16,0.6316,0.4286,0.5106,0.8295,0.3381,0.4804
weecology,tcd_tile_554,Western Siberian hemiboreal forests,Other,,2399,0.3965,86,15,8,7,78,0.5333,0.093,0.1584,0.8726,0.0077,0.0153
weecology,tcd_tile_555,Southeastern mixed forests,N. American forest,,3869,0.3965,11,1,1,0,10,1.0,0.0909,0.1667,1.0,0.0009,0.0019
weecology,tcd_tile_556,Timor and Wetar deciduous forests,SE Asian & Pacific rainforest,,2537,0.3965,152,102,38,64,114,0.3725,0.25,0.2992,0.9004,0.0353,0.068
weecology,tcd_tile_557,Southern Zanzibar-Inhambane coastal forest mosaic,African tropical forest,,3868,0.3965,185,110,50,60,135,0.4545,0.2703,0.339,0.9137,0.1083,0.1936
weecology,tcd_tile_558,Atlantic mixed forests,European forest,,100,0.3965,21,16,6,10,15,0.375,0.2857,0.3243,0.742,0.148,0.2468
weecology,tcd_tile_559,Sierra Nevada forests,N. American forest,,3432,0.3965,77,368,56,312,21,0.1522,0.7273,0.2517,0.8949,0.2876,0.4353
weecology,tcd_tile_56,Chilean matorral,Arid / dryland,,848,0.3965,32,5,2,3,30,0.4,0.0625,0.1081,0.3609,0.0186,0.0353
weecology,tcd_tile_560,Central European mixed forests,European forest,,309,0.3965,113,172,37,135,76,0.2151,0.3274,0.2596,0.9558,0.1491,0.2579
weecology,tcd_tile_561,Luzon rain forests,SE Asian & Pacific rainforest,,3339,0.3965,53,60,32,28,21,0.5333,0.6038,0.5664,0.9145,0.0662,0.1235
weecology,tcd_tile_562,Northeastern coastal forests,N. American forest,,3751,0.3965,12,38,1,37,11,0.0263,0.0833,0.04,0.9369,0.025,0.0488
weecology,tcd_tile_563,Sulawesi lowland rain forests,SE Asian & Pacific rainforest,,4883,0.3965,195,107,59,48,136,0.5514,0.3026,0.3907,0.7974,0.2004,0.3202
weecology,tcd_tile_564,Huang He Plain mixed forests,Other,,2850,0.3965,92,42,35,7,57,0.8333,0.3804,0.5224,0.6893,0.1271,0.2146
weecology,tcd_tile_565,English Lowlands beech forests,European forest,,3740,0.3965,6,2,2,0,4,1.0,0.3333,0.5,0.9761,0.0495,0.0943
weecology,tcd_tile_566,Northeastern coastal forests,N. American forest,,2667,0.3965,2,14,1,13,1,0.0714,0.5,0.125,0.7865,0.0638,0.1179
weecology,tcd_tile_567,Valdivian temperate forests,Other,,2824,0.3965,7,7,0,7,7,0.0,0.0,0.0,0.0,0.0,0.0
weecology,tcd_tile_568,Balkan mixed forests,European forest,,373,0.3965,59,37,13,24,46,0.3514,0.2203,0.2708,0.869,0.0705,0.1305
weecology,tcd_tile_569,Valdivian temperate forests,Other,,1152,0.3965,95,236,34,202,61,0.1441,0.3579,0.2054,0.8876,0.0864,0.1575
weecology,tcd_tile_57,Central Mexican matorral,Arid / dryland,,140,0.3965,65,32,15,17,50,0.4688,0.2308,0.3093,0.8534,0.0535,0.1007
weecology,tcd_tile_570,Serra do Mar coastal forests,Latin American forest,,5012,0.3965,728,151,61,90,667,0.404,0.0838,0.1388,0.7253,0.1022,0.1791
weecology,tcd_tile_571,Eastern Guinean forests,African tropical forest,,1757,0.3965,3,3,0,3,3,0.0,0.0,0.0,0.0,0.0,0.0
weecology,tcd_tile_572,Baltic mixed forests,European forest,,4485,0.3965,4,63,2,61,2,0.0317,0.5,0.0597,0.9137,0.0187,0.0366
weecology,tcd_tile_573,,Other,,1037,0.3965,17,3,1,2,16,0.3333,0.0588,0.1,0.5454,0.0155,0.0302
weecology,tcd_tile_574,Southeastern mixed forests,N. American forest,,4867,0.3965,45,53,28,25,17,0.5283,0.6222,0.5714,0.9211,0.0721,0.1337
weecology,tcd_tile_575,Eastern Java-Bali rain forests,SE Asian & Pacific rainforest,,4246,0.3965,183,127,24,103,159,0.189,0.1311,0.1548,0.9468,0.0346,0.0668
weecology,tcd_tile_576,Luzon rain forests,SE Asian & Pacific rainforest,,2895,0.3965,11,39,3,36,8,0.0769,0.2727,0.12,0.0958,0.0413,0.0577
weecology,tcd_tile_577,Sierra Nevada forests,N. American forest,,3955,0.3965,59,146,36,110,23,0.2466,0.6102,0.3512,0.8647,0.2453,0.3822
weecology,tcd_tile_578,Southern Annamites montane rain forests,Other,,2938,0.3965,3,520,2,518,1,0.0038,0.6667,0.0076,0.9962,0.1797,0.3044
weecology,tcd_tile_579,Taiwan subtropical evergreen forests,SE Asian & Pacific rainforest,,3515,0.3965,57,17,11,6,46,0.6471,0.193,0.2973,0.7621,0.0646,0.1191
weecology,tcd_tile_58,Zambezian and Mopane woodlands,Arid / dryland,,2621,0.3965,128,43,29,14,99,0.6744,0.2266,0.3392,0.8575,0.0876,0.159
weecology,tcd_tile_580,Northern Zanzibar-Inhambane coastal forest mosaic,African tropical forest,,3818,0.3965,90,196,47,149,43,0.2398,0.5222,0.3287,0.8906,0.1226,0.2156
weecology,tcd_tile_581,Northern Zanzibar-Inhambane coastal forest mosaic,African tropical forest,,5035,0.3965,178,554,106,448,72,0.1913,0.5955,0.2896,0.9387,0.216,0.3511
weecology,tcd_tile_582,Central Andean puna,Other,,66,0.3965,29,1,0,1,29,0.0,0.0,0.0,0.0,0.0,0.0
weecology,tcd_tile_583,North Central Rockies forests,N. American forest,,4356,0.3965,15,24,2,22,13,0.0833,0.1333,0.1026,0.9917,0.0976,0.1776
weecology,tcd_tile_584,Hispaniolan dry forests,Other,,4926,0.3965,105,93,37,56,68,0.3978,0.3524,0.3737,0.8835,0.1204,0.2119
weecology,tcd_tile_585,Northern Zanzibar-Inhambane coastal forest mosaic,African tropical forest,,2566,0.3965,289,474,187,287,102,0.3945,0.6471,0.4902,0.8475,0.3545,0.4999
weecology,tcd_tile_586,Appalachian-Blue Ridge forests,N. American forest,,2666,0.3965,6,88,4,84,2,0.0455,0.6667,0.0851,0.8643,0.0644,0.1199
weecology,tcd_tile_587,,Other,,3846,0.3965,0,23,0,23,0,0.0,0.0,0.0,0.0,0.0,0.0
weecology,tcd_tile_588,Northern Zanzibar-Inhambane coastal forest mosaic,African tropical forest,,3310,0.3965,1,314,1,313,0,0.0032,1.0,0.0063,1.0,0.0528,0.1003
weecology,tcd_tile_589,Alps conifer and mixed forests,European forest,,4579,0.3965,4,1,0,1,4,0.0,0.0,0.0,0.0,0.0,0.0
weecology,tcd_tile_59,West Sudanian savanna,Arid / dryland,,1191,0.3965,47,75,18,57,29,0.24,0.383,0.2951,0.5922,0.106,0.1798
weecology,tcd_tile_590,Southeastern Indochina dry evergreen forests,Other,,2510,0.3965,208,153,56,97,152,0.366,0.2692,0.3102,0.9397,0.0874,0.1599
weecology,tcd_tile_591,Central U.S. hardwood forests,N. American forest,,1855,0.3965,20,21,8,13,12,0.381,0.4,0.3902,0.881,0.0475,0.0901
weecology,tcd_tile_592,Palawan rain forests,SE Asian & Pacific rainforest,,3835,0.3965,147,250,45,205,102,0.18,0.3061,0.2267,0.9118,0.1296,0.227
weecology,tcd_tile_593,Southern Great Lakes forests,N. American forest,,633,0.3965,60,46,18,28,42,0.3913,0.3,0.3396,0.841,0.0584,0.1092
weecology,tcd_tile_594,Araucaria moist forests,Other,,301,0.3965,214,73,32,41,182,0.4384,0.1495,0.223,0.4025,0.1356,0.2028
weecology,tcd_tile_595,Northern Zanzibar-Inhambane coastal forest mosaic,African tropical forest,,1809,0.3965,110,37,37,0,73,1.0,0.3364,0.5034,0.9132,0.1534,0.2627
weecology,tcd_tile_596,Palawan rain forests,SE Asian & Pacific rainforest,,3249,0.3965,139,240,28,212,111,0.1167,0.2014,0.1478,0.9268,0.1006,0.1814
weecology,tcd_tile_597,Sierra Nevada forests,N. American forest,,2088,0.3965,267,53,43,10,224,0.8113,0.161,0.2687,0.9442,0.094,0.171
weecology,tcd_tile_598,South Siberian forest steppe,Other,,18,0.3965,15,18,8,10,7,0.4444,0.5333,0.4848,0.721,0.0545,0.1013
weecology,tcd_tile_599,Northern Zanzibar-Inhambane coastal forest mosaic,African tropical forest,,3560,0.3965,76,65,21,44,55,0.3231,0.2763,0.2979,0.9008,0.0694,0.1289
weecology,tcd_tile_6,West Sudanian savanna,Arid / dryland,,402,0.3965,38,31,13,18,25,0.4194,0.3421,0.3768,0.6957,0.1425,0.2366
weecology,tcd_tile_60,East Sudanian savanna,Arid / dryland,,844,0.3965,36,43,17,26,19,0.3953,0.4722,0.4304,0.4048,0.3862,0.3953
weecology,tcd_tile_600,Serra do Mar coastal forests,Latin American forest,,4660,0.3965,0,504,0,504,0,0.0,0.0,0.0,0.0,0.0,0.0
weecology,tcd_tile_601,Magdalena Valley montane forests,Other,,3488,0.3965,20,10,7,3,13,0.7,0.35,0.4667,0.9292,0.0363,0.0698
weecology,tcd_tile_602,Timor and Wetar deciduous forests,SE Asian & Pacific rainforest,,3700,0.3965,178,24,12,12,166,0.5,0.0674,0.1188,0.644,0.0128,0.025
weecology,tcd_tile_603,Central European mixed forests,European forest,,4264,0.3965,41,22,16,6,25,0.7273,0.3902,0.5079,0.8497,0.0425,0.081
weecology,tcd_tile_604,Western Guinean lowland forests,African tropical forest,,536,0.3965,66,35,25,10,41,0.7143,0.3788,0.495,0.849,0.3827,0.5276
weecology,tcd_tile_605,Caucasus mixed forests,European forest,,4192,0.3965,3,15,1,14,2,0.0667,0.3333,0.1111,0.9803,0.0174,0.0343
weecology,tcd_tile_606,Central Indochina dry forests,Other,,4839,0.3965,91,111,25,86,66,0.2252,0.2747,0.2475,0.7732,0.0329,0.0631
weecology,tcd_tile_607,Balkan mixed forests,European forest,,1437,0.3965,152,43,26,17,126,0.6047,0.1711,0.2667,0.757,0.1242,0.2134
weecology,tcd_tile_608,California interior chaparral and woodlands,Other,,657,0.3965,32,8,1,7,31,0.125,0.0312,0.05,0.4195,0.0015,0.0031
weecology,tcd_tile_609,Sarmatic mixed forests,European forest,,3121,0.3965,46,142,25,117,21,0.1761,0.5435,0.266,0.6975,0.0464,0.0871
weecology,tcd_tile_61,Chilean matorral,Arid / dryland,,901,0.3965,58,12,2,10,56,0.1667,0.0345,0.0571,0.3904,0.0295,0.0549
weecology,tcd_tile_610,Northern Zanzibar-Inhambane coastal forest mosaic,African tropical forest,,3127,0.3965,6,209,4,205,2,0.0191,0.6667,0.0372,0.0129,0.0926,0.0227
weecology,tcd_tile_611,Eastern Great Lakes lowland forests,N. American forest,,3370,0.3965,18,4,3,1,15,0.75,0.1667,0.2727,0.894,0.0092,0.0183
weecology,tcd_tile_612,Northern Anatolian conifer and deciduous forests,Other,,1200,0.3965,8,11,6,5,2,0.5455,0.75,0.6316,0.8554,0.0851,0.1548
weecology,tcd_tile_613,Northeastern coastal forests,N. American forest,,3735,0.3965,3,0,0,0,3,0.0,0.0,0.0,0.0,0.0,0.0
weecology,tcd_tile_614,English Lowlands beech forests,European forest,,3570,0.3965,1,15,1,14,0,0.0667,1.0,0.125,0.716,0.1162,0.2
weecology,tcd_tile_615,Taiwan subtropical evergreen forests,SE Asian & Pacific rainforest,,3928,0.3965,65,79,21,58,44,0.2658,0.3231,0.2917,0.9028,0.1181,0.2089
weecology,tcd_tile_616,Scandinavian Montane Birch forest and grasslands,Other,,1181,0.3965,26,11,4,7,22,0.3636,0.1538,0.2162,0.9613,0.0325,0.0628
weecology,tcd_tile_617,Sulawesi lowland rain forests,SE Asian & Pacific rainforest,,4247,0.3965,79,51,26,25,53,0.5098,0.3291,0.4,0.966,0.1978,0.3283
weecology,tcd_tile_618,Caucasus mixed forests,European forest,,4154,0.3965,2,1,1,0,1,1.0,0.5,0.6667,1.0,0.0001,0.0001
weecology,tcd_tile_619,Southern Zanzibar-Inhambane coastal forest mosaic,African tropical forest,,2839,0.3965,124,53,18,35,106,0.3396,0.1452,0.2034,0.9806,0.049,0.0933
weecology,tcd_tile_62,East European forest steppe,European forest,,661,0.3965,52,465,22,443,30,0.0473,0.4231,0.0851,0.9899,0.213,0.3505
weecology,tcd_tile_620,Northern Zanzibar-Inhambane coastal forest mosaic,African tropical forest,,1164,0.3965,2,4,2,2,0,0.5,1.0,0.6667,0.9993,0.0849,0.1565
weecology,tcd_tile_621,Northern Zanzibar-Inhambane coastal forest mosaic,African tropical forest,,1047,0.3965,405,448,145,303,260,0.3237,0.358,0.34,0.8292,0.2783,0.4168
weecology,tcd_tile_622,Baltic mixed forests,European forest,,3756,0.3965,24,2,2,0,22,1.0,0.0833,0.1538,0.939,0.0025,0.0049
weecology,tcd_tile_623,Scandinavian and Russian taiga,Other,,701,0.3965,36,87,19,68,17,0.2184,0.5278,0.3089,0.8518,0.0997,0.1785
weecology,tcd_tile_624,Sierra Nevada forests,N. American forest,,1169,0.3965,87,33,27,6,60,0.8182,0.3103,0.45,0.9045,0.1808,0.3013
weecology,tcd_tile_625,Lesser Sundas deciduous forests,SE Asian & Pacific rainforest,,3429,0.3965,152,112,22,90,130,0.1964,0.1447,0.1667,0.9137,0.0208,0.0406
weecology,tcd_tile_626,North Island temperate forests,Other,,956,0.3965,25,3,2,1,23,0.6667,0.08,0.1429,0.6817,0.0064,0.0126
weecology,tcd_tile_627,Upper Midwest forest-savanna transition,N. American forest,,3080,0.3965,31,31,6,25,25,0.1935,0.1935,0.1935,0.6888,0.0475,0.0888
weecology,tcd_tile_628,Lake,Other,,9,0.3965,26,67,11,56,15,0.1642,0.4231,0.2366,0.8427,0.0965,0.1732
weecology,tcd_tile_629,Hispaniolan moist forests,SE Asian & Pacific rainforest,,2653,0.3965,26,28,5,23,21,0.1786,0.1923,0.1852,0.2532,0.0152,0.0286
weecology,tcd_tile_63,Eastern Guinean forests,African tropical forest,,2039,0.3965,61,39,6,33,55,0.1538,0.0984,0.12,0.9726,0.0323,0.0625
weecology,tcd_tile_630,Northern Zanzibar-Inhambane coastal forest mosaic,African tropical forest,,1190,0.3965,35,183,20,163,15,0.1093,0.5714,0.1835,0.8527,0.1234,0.2156
weecology,tcd_tile_631,Lesser Sundas deciduous forests,SE Asian & Pacific rainforest,,2025,0.3965,227,42,22,20,205,0.5238,0.0969,0.1636,0.7535,0.0341,0.0653
weecology,tcd_tile_632,Southern Great Lakes forests,N. American forest,,1396,0.3965,14,3,2,1,12,0.6667,0.1429,0.2353,0.5467,0.0112,0.022
weecology,tcd_tile_633,Sarmatic mixed forests,European forest,,1946,0.3965,4,314,1,313,3,0.0032,0.25,0.0063,0.998,0.1934,0.324
weecology,tcd_tile_634,Northern Zanzibar-Inhambane coastal forest mosaic,African tropical forest,,4318,0.3965,0,238,0,238,0,0.0,0.0,0.0,0.0,0.0,0.0
weecology,tcd_tile_635,Palawan rain forests,SE Asian & Pacific rainforest,,1428,0.3965,58,371,25,346,33,0.0674,0.431,0.1166,0.9684,0.0919,0.1679
weecology,tcd_tile_636,,Other,,3856,0.3965,1,219,1,218,0,0.0046,1.0,0.0091,1.0,0.0439,0.0841
weecology,tcd_tile_637,Central European mixed forests,European forest,,4296,0.3965,50,24,14,10,36,0.5833,0.28,0.3784,0.8684,0.1878,0.3087
weecology,tcd_tile_638,Appalachian-Blue Ridge forests,N. American forest,,3659,0.3965,38,18,11,7,27,0.6111,0.2895,0.3929,0.6924,0.1981,0.308
weecology,tcd_tile_639,Luzon rain forests,SE Asian & Pacific rainforest,,476,0.3965,24,281,2,279,22,0.0071,0.0833,0.0131,0.9621,0.1416,0.2469
weecology,tcd_tile_640,Southeastern Indochina dry evergreen forests,Other,,1786,0.3965,19,219,4,215,15,0.0183,0.2105,0.0336,0.9813,0.0776,0.1438
weecology,tcd_tile_641,Central Andean puna,Other,,677,0.3965,26,3,2,1,24,0.6667,0.0769,0.1379,0.595,0.0115,0.0225
weecology,tcd_tile_642,Eastern Great Lakes lowland forests,N. American forest,,2330,0.3965,1,6,1,5,0,0.1667,1.0,0.2857,0.9616,0.0976,0.1772
weecology,tcd_tile_643,Southern Great Lakes forests,N. American forest,,2724,0.3965,4,82,4,78,0,0.0488,1.0,0.093,0.1709,0.0904,0.1182
weecology,tcd_tile_644,Northern Zanzibar-Inhambane coastal forest mosaic,African tropical forest,,1521,0.3965,23,1,1,0,22,1.0,0.0435,0.0833,0.9506,0.0335,0.0646
weecology,tcd_tile_645,Northern Zanzibar-Inhambane coastal forest mosaic,African tropical forest,,3216,0.3965,123,30,25,5,98,0.8333,0.2033,0.3268,0.864,0.0749,0.1379
weecology,tcd_tile_646,Crimean Submediterranean forest complex,Other,,2599,0.3965,83,108,25,83,58,0.2315,0.3012,0.2618,0.9319,0.0402,0.0772
weecology,tcd_tile_647,Sarmatic mixed forests,European forest,,2549,0.3965,7,67,3,64,4,0.0448,0.4286,0.0811,0.9865,0.1616,0.2777
weecology,tcd_tile_648,Valdivian temperate forests,Other,,1024,0.3965,86,68,30,38,56,0.4412,0.3488,0.3896,0.7799,0.1433,0.2422
weecology,tcd_tile_649,Luzon rain forests,SE Asian & Pacific rainforest,,3435,0.3965,34,12,6,6,28,0.5,0.1765,0.2609,0.7822,0.0275,0.0531
weecology,tcd_tile_65,Northern Zanzibar-Inhambane coastal forest mosaic,African tropical forest,,543,0.3965,271,369,103,266,168,0.2791,0.3801,0.3219,0.8705,0.1466,0.2509
weecology,tcd_tile_650,Sierra Nevada forests,N. American forest,,524,0.3965,40,21,15,6,25,0.7143,0.375,0.4918,0.8262,0.1923,0.312
weecology,tcd_tile_651,Northern Anatolian conifer and deciduous forests,Other,,3327,0.3965,254,88,61,27,193,0.6932,0.2402,0.3567,0.6903,0.0964,0.1692
weecology,tcd_tile_652,Southern Anatolian montane conifer and deciduous forests,Other,,990,0.3965,51,132,21,111,30,0.1591,0.4118,0.2295,0.9696,0.0802,0.1481
weecology,tcd_tile_653,Eastern Great Lakes lowland forests,N. American forest,,2496,0.3965,87,36,18,18,69,0.5,0.2069,0.2927,0.8201,0.0342,0.0656
weecology,tcd_tile_654,Magdalena Valley montane forests,Other,,1530,0.3965,81,18,13,5,68,0.7222,0.1605,0.2626,0.9022,0.0674,0.1254
weecology,tcd_tile_655,Veracruz moist forests,Other,,1324,0.3965,18,41,4,37,14,0.0976,0.2222,0.1356,0.3483,0.0454,0.0803
weecology,tcd_tile_656,,Other,,3009,0.3965,12,6,1,5,11,0.1667,0.0833,0.1111,0.2131,0.0005,0.001
weecology,tcd_tile_657,Northern Zanzibar-Inhambane coastal forest mosaic,African tropical forest,,2419,0.3965,55,163,18,145,37,0.1104,0.3273,0.1651,0.8884,0.1785,0.2973
weecology,tcd_tile_658,Vanuatu rain forests,Other,,3200,0.3965,11,94,5,89,6,0.0532,0.4545,0.0952,0.9677,0.073,0.1358
weecology,tcd_tile_659,Ucayali moist forests,Latin American forest,,3652,0.3965,57,257,18,239,39,0.07,0.3158,0.1146,0.9403,0.0752,0.1393
weecology,tcd_tile_66,Ucayali moist forests,Latin American forest,,2333,0.3965,310,192,80,112,230,0.4167,0.2581,0.3187,0.8073,0.1103,0.1941
weecology,tcd_tile_660,Northeastern coastal forests,N. American forest,,3838,0.3965,4,2,0,2,4,0.0,0.0,0.0,0.0272,0.0026,0.0048
weecology,tcd_tile_661,Sulawesi lowland rain forests,SE Asian & Pacific rainforest,,4224,0.3965,117,334,39,295,78,0.1168,0.3333,0.1729,0.9732,0.102,0.1847
weecology,tcd_tile_662,Taiwan subtropical evergreen forests,SE Asian & Pacific rainforest,,3840,0.3965,37,294,13,281,24,0.0442,0.3514,0.0785,0.9499,0.1218,0.216
weecology,tcd_tile_663,Central Andean puna,Other,,1133,0.3965,16,1,1,0,15,1.0,0.0625,0.1176,0.8177,0.0655,0.1213
weecology,tcd_tile_664,Irrawaddy moist deciduous forests,Other,,253,0.3965,66,131,44,87,22,0.3359,0.6667,0.4467,0.8588,0.2952,0.4393
weecology,tcd_tile_665,Upper Midwest forest-savanna transition,N. American forest,,3636,0.3965,62,220,22,198,40,0.1,0.3548,0.156,0.9821,0.1324,0.2333
weecology,tcd_tile_666,Araucaria moist forests,Other,,552,0.3965,239,89,57,32,182,0.6404,0.2385,0.3476,0.8379,0.0923,0.1662
weecology,tcd_tile_667,Northern Zanzibar-Inhambane coastal forest mosaic,African tropical forest,,1405,0.3965,174,29,26,3,148,0.8966,0.1494,0.2562,0.9292,0.1242,0.219
weecology,tcd_tile_668,Northern Zanzibar-Inhambane coastal forest mosaic,African tropical forest,,2900,0.3965,10,661,5,656,5,0.0076,0.5,0.0149,0.9972,0.1765,0.3
weecology,tcd_tile_669,Western European broadleaf forests,European forest,,2854,0.3965,13,71,5,66,8,0.0704,0.3846,0.119,0.9631,0.0965,0.1755
weecology,tcd_tile_67,Southern Zanzibar-Inhambane coastal forest mosaic,African tropical forest,,3458,0.3965,208,15,13,2,195,0.8667,0.0625,0.1166,0.9013,0.0733,0.1355
weecology,tcd_tile_670,Northeastern coastal forests,N. American forest,,2825,0.3965,12,5,3,2,9,0.6,0.25,0.3529,0.9498,0.0248,0.0484
weecology,tcd_tile_671,Tongan tropical moist forests,SE Asian & Pacific rainforest,,5028,0.3965,134,21,11,10,123,0.5238,0.0821,0.1419,0.9161,0.0107,0.0212
weecology,tcd_tile_672,Madeira-Tapajós moist forests,Latin American forest,,688,0.3965,1,654,1,653,0,0.0015,1.0,0.0031,1.0,0.1838,0.3105
weecology,tcd_tile_673,Northern Zanzibar-Inhambane coastal forest mosaic,African tropical forest,,3590,0.3965,61,348,22,326,39,0.0632,0.3607,0.1076,0.9685,0.1324,0.233
weecology,tcd_tile_674,Southern Great Lakes forests,N. American forest,,4637,0.3965,10,9,6,3,4,0.6667,0.6,0.6316,0.7919,0.0608,0.113
weecology,tcd_tile_675,Southern Zanzibar-Inhambane coastal forest mosaic,African tropical forest,,4904,0.3965,150,176,62,114,88,0.3523,0.4133,0.3804,0.9234,0.1082,0.1937
weecology,tcd_tile_676,Tongan tropical moist forests,SE Asian & Pacific rainforest,,4360,0.3965,131,174,19,155,112,0.1092,0.145,0.1246,0.9167,0.0339,0.0654
weecology,tcd_tile_677,Atlantic coastal pine barrens,Other,,1411,0.3965,15,42,8,34,7,0.1905,0.5333,0.2807,0.9523,0.0335,0.0646
weecology,tcd_tile_678,Southeastern mixed forests,N. American forest,,3288,0.3965,14,9,4,5,10,0.4444,0.2857,0.3478,0.991,0.014,0.0276
weecology,tcd_tile_679,Central African mangroves,African tropical forest,,4457,0.3965,1,61,0,61,1,0.0,0.0,0.0,0.0,0.0,0.0
weecology,tcd_tile_680,Northern Zanzibar-Inhambane coastal forest mosaic,African tropical forest,,280,0.3965,34,23,2,21,32,0.087,0.0588,0.0702,0.9881,0.008,0.0158
weecology,tcd_tile_681,Brigalow tropical savanna,Other,,79,0.3965,16,2,2,0,14,1.0,0.125,0.2222,0.8786,0.0424,0.0809
weecology,tcd_tile_682,Hispaniolan moist forests,SE Asian & Pacific rainforest,,4865,0.3965,0,37,0,37,0,0.0,0.0,0.0,0.0,0.0,0.0
weecology,tcd_tile_683,Timor and Wetar deciduous forests,SE Asian & Pacific rainforest,,68,0.3965,156,20,14,6,142,0.7,0.0897,0.1591,0.8862,0.0303,0.0586
weecology,tcd_tile_684,Changjiang Plain evergreen forests,Other,,3800,0.3965,87,30,7,23,80,0.2333,0.0805,0.1197,0.6025,0.0296,0.0565
weecology,tcd_tile_685,Sarmatic mixed forests,European forest,,394,0.3965,18,84,6,78,12,0.0714,0.3333,0.1176,0.9476,0.0256,0.0498
weecology,tcd_tile_686,Taiheiyo montane deciduous forests,Other,,4916,0.3965,24,35,3,32,21,0.0857,0.125,0.1017,0.95,0.022,0.043
weecology,tcd_tile_687,Central European mixed forests,European forest,,3595,0.3965,5,4,0,4,5,0.0,0.0,0.0,0.0,0.0,0.0
weecology,tcd_tile_688,Himalayan subtropical broadleaf forests,Other,,2223,0.3965,6,173,1,172,5,0.0058,0.1667,0.0112,0.999,0.043,0.0824
weecology,tcd_tile_689,Northern Anatolian conifer and deciduous forests,Other,,3171,0.3965,90,115,33,82,57,0.287,0.3667,0.322,0.7292,0.0394,0.0748
weecology,tcd_tile_690,Cerrado,Latin American forest,,436,0.3965,0,0,0,0,0,0.0,0.0,0.0,0.0,0.0,0.0
weecology,tcd_tile_691,Northern Zanzibar-Inhambane coastal forest mosaic,African tropical forest,,3007,0.3965,66,94,27,67,39,0.2872,0.4091,0.3375,0.9296,0.0851,0.1559
weecology,tcd_tile_692,Western Siberian hemiboreal forests,Other,,3431,0.3965,3,32,1,31,2,0.0312,0.3333,0.0571,1.0,0.011,0.0218
weecology,tcd_tile_693,East European forest steppe,European forest,,4642,0.3965,0,4,0,4,0,0.0,0.0,0.0,0.0,0.0,0.0
weecology,tcd_tile_694,Luzon rain forests,SE Asian & Pacific rainforest,,2752,0.3965,37,78,3,75,34,0.0385,0.0811,0.0522,0.9542,0.0081,0.0161
weecology,tcd_tile_695,Lesser Sundas deciduous forests,SE Asian & Pacific rainforest,,3266,0.3965,1,70,1,69,0,0.0143,1.0,0.0282,0.9948,0.014,0.0275
weecology,tcd_tile_696,Central European mixed forests,European forest,,608,0.3965,74,24,14,10,60,0.5833,0.1892,0.2857,0.9031,0.0377,0.0723
weecology,tcd_tile_697,Willamette Valley forests,N. American forest,,1419,0.3965,62,19,8,11,54,0.4211,0.129,0.1975,0.8213,0.1856,0.3028
weecology,tcd_tile_698,Lesser Sundas deciduous forests,SE Asian & Pacific rainforest,,4582,0.3965,11,196,5,191,6,0.0255,0.4545,0.0483,0.9941,0.0868,0.1597
weecology,tcd_tile_699,Tongan tropical moist forests,SE Asian & Pacific rainforest,,4777,0.3965,244,99,27,72,217,0.2727,0.1107,0.1574,0.7304,0.0266,0.0513
weecology,tcd_tile_7,Chilean matorral,Arid / dryland,,358,0.3965,1,1,0,1,1,0.0,0.0,0.0,0.0,0.0,0.0
weecology,tcd_tile_70,English Lowlands beech forests,European forest,,24,0.3965,1,21,0,21,1,0.0,0.0,0.0,0.0,0.0,0.0
weecology,tcd_tile_700,Pannonian mixed forests,European forest,,2130,0.3965,157,35,24,11,133,0.6857,0.1529,0.25,0.9311,0.059,0.111
weecology,tcd_tile_701,Po Basin mixed forests,Other,,196,0.3965,40,44,23,21,17,0.5227,0.575,0.5476,0.8001,0.3507,0.4876
weecology,tcd_tile_702,Eastern Great Lakes lowland forests,N. American forest,,2048,0.3965,111,31,17,14,94,0.5484,0.1532,0.2394,0.8978,0.0867,0.1582
weecology,tcd_tile_703,Southeastern conifer forests,N. American forest,,4774,0.3965,0,10,0,10,0,0.0,0.0,0.0,0.0,0.0,0.0
weecology,tcd_tile_704,Sarmatic mixed forests,European forest,,1319,0.3965,11,155,7,148,4,0.0452,0.6364,0.0843,0.9175,0.0335,0.0646
weecology,tcd_tile_705,Southern Great Lakes forests,N. American forest,,4188,0.3965,34,258,19,239,15,0.0736,0.5588,0.1301,0.993,0.2161,0.355
weecology,tcd_tile_706,Central Zambezian Miombo woodlands,Other,,1351,0.3965,45,4,1,3,44,0.25,0.0222,0.0408,0.1389,0.0072,0.0138
weecology,tcd_tile_707,East European forest steppe,European forest,,4902,0.3965,29,79,10,69,19,0.1266,0.3448,0.1852,0.9441,0.0962,0.1746
weecology,tcd_tile_708,Changjiang Plain evergreen forests,Other,,1050,0.3965,216,103,62,41,154,0.6019,0.287,0.3887,0.8598,0.0974,0.1749
weecology,tcd_tile_709,Northeastern coastal forests,N. American forest,,2713,0.3965,24,2,2,0,22,1.0,0.0833,0.1538,1.0,0.009,0.0179
weecology,tcd_tile_71,Northern Zanzibar-Inhambane coastal forest mosaic,African tropical forest,,2091,0.3965,90,189,35,154,55,0.1852,0.3889,0.2509,0.9057,0.1407,0.2436
weecology,tcd_tile_710,Iquitos varzeá,Other,,4118,0.3965,17,192,7,185,10,0.0365,0.4118,0.067,0.9926,0.0583,0.1102
weecology,tcd_tile_711,East European forest steppe,European forest,,3935,0.3965,120,109,44,65,76,0.4037,0.3667,0.3843,0.9235,0.1967,0.3243
weecology,tcd_tile_712,East European forest steppe,European forest,,254,0.3965,81,107,41,66,40,0.3832,0.5062,0.4362,0.8522,0.1601,0.2695
weecology,tcd_tile_713,Northern Zanzibar-Inhambane coastal forest mosaic,African tropical forest,,1735,0.3965,3,112,1,111,2,0.0089,0.3333,0.0174,1.0,0.0126,0.0249
weecology,tcd_tile_714,English Lowlands beech forests,European forest,,1119,0.3965,27,60,11,49,16,0.1833,0.4074,0.2529,0.9142,0.069,0.1283
weecology,tcd_tile_715,East European forest steppe,European forest,,232,0.3965,1,305,1,304,0,0.0033,1.0,0.0065,1.0,0.045,0.0862
weecology,tcd_tile_716,Eastern Guinean forests,African tropical forest,,2706,0.3965,32,109,9,100,23,0.0826,0.2812,0.1277,0.9664,0.1403,0.245
weecology,tcd_tile_717,Upper Midwest forest-savanna transition,N. American forest,,1685,0.3965,21,52,9,43,12,0.1731,0.4286,0.2466,0.8947,0.2045,0.3329
weecology,tcd_tile_718,Northern Zanzibar-Inhambane coastal forest mosaic,African tropical forest,,733,0.3965,117,64,34,30,83,0.5312,0.2906,0.3757,0.9761,0.0981,0.1782
weecology,tcd_tile_719,Celtic broadleaf forests,European forest,,4288,0.3965,0,1,0,1,0,0.0,0.0,0.0,0.0,0.0,0.0
weecology,tcd_tile_72,Himalayan subtropical broadleaf forests,Other,,4300,0.3965,134,155,69,86,65,0.4452,0.5149,0.4775,0.867,0.3248,0.4726
weecology,tcd_tile_720,Northern Zanzibar-Inhambane coastal forest mosaic,African tropical forest,,1359,0.3965,117,204,42,162,75,0.2059,0.359,0.2617,0.8542,0.0903,0.1633
weecology,tcd_tile_721,Middle Atlantic coastal forests,Other,,1881,0.3965,78,97,17,80,61,0.1753,0.2179,0.1943,0.8169,0.0478,0.0903
weecology,tcd_tile_722,East European forest steppe,European forest,,3306,0.3965,24,17,4,13,20,0.2353,0.1667,0.1951,0.2347,0.0166,0.031
weecology,tcd_tile_723,Serra do Mar coastal forests,Latin American forest,,4506,0.3965,197,1069,53,1016,144,0.0496,0.269,0.0837,0.9583,0.1979,0.3281
weecology,tcd_tile_724,Tongan tropical moist forests,SE Asian & Pacific rainforest,,4388,0.3965,226,77,13,64,213,0.1688,0.0575,0.0858,0.7659,0.0336,0.0643
weecology,tcd_tile_725,Sumatran lowland rain forests,SE Asian & Pacific rainforest,,4812,0.3965,178,60,14,46,164,0.2333,0.0787,0.1176,0.5152,0.0112,0.0218
weecology,tcd_tile_726,Appalachian-Blue Ridge forests,N. American forest,,1476,0.3965,53,36,24,12,29,0.6667,0.4528,0.5393,0.7562,0.4159,0.5366
weecology,tcd_tile_727,Timor and Wetar deciduous forests,SE Asian & Pacific rainforest,,1905,0.3965,138,53,14,39,124,0.2642,0.1014,0.1466,0.6984,0.0103,0.0202
weecology,tcd_tile_728,Northern Zanzibar-Inhambane coastal forest mosaic,African tropical forest,,1876,0.3965,220,222,47,175,173,0.2117,0.2136,0.2127,0.896,0.0728,0.1347
weecology,tcd_tile_729,Changjiang Plain evergreen forests,Other,,4803,0.3965,114,55,41,14,73,0.7455,0.3596,0.4852,0.846,0.1419,0.2431
weecology,tcd_tile_730,Atlantic mixed forests,European forest,,5033,0.3965,15,167,5,162,10,0.0299,0.3333,0.0549,0.8999,0.0858,0.1567
weecology,tcd_tile_731,Caucasus mixed forests,European forest,,3827,0.3965,56,2,2,0,54,1.0,0.0357,0.069,0.9689,0.0014,0.0029
weecology,tcd_tile_732,Mesopotamian shrub desert,Other,,809,0.3965,108,89,70,19,38,0.7865,0.6481,0.7107,0.9713,0.4069,0.5735
weecology,tcd_tile_733,Lesser Sundas deciduous forests,SE Asian & Pacific rainforest,,4641,0.3965,11,314,3,311,8,0.0096,0.2727,0.0185,0.9695,0.1159,0.207
weecology,tcd_tile_734,Southern Great Lakes forests,N. American forest,,2297,0.3965,10,27,9,18,1,0.3333,0.9,0.4865,0.9769,0.0385,0.0741
weecology,tcd_tile_735,Fiji tropical dry forests,Other,,3677,0.3965,81,620,30,590,51,0.0484,0.3704,0.0856,0.9764,0.1296,0.2288
weecology,tcd_tile_736,Northern Zanzibar-Inhambane coastal forest mosaic,African tropical forest,,3083,0.3965,84,284,59,225,25,0.2077,0.7024,0.3207,0.8149,0.2144,0.3395
weecology,tcd_tile_737,Veracruz moist forests,Other,,3476,0.3965,24,10,6,4,18,0.6,0.25,0.3529,0.9348,0.0068,0.0135
weecology,tcd_tile_738,Caucasus mixed forests,European forest,,641,0.3965,27,22,2,20,25,0.0909,0.0741,0.0816,0.9995,0.0122,0.0242
weecology,tcd_tile_739,North Central Rockies forests,N. American forest,,1920,0.3965,0,0,0,0,0,0.0,0.0,0.0,0.0,0.0,0.0
weecology,tcd_tile_740,Southern Zanzibar-Inhambane coastal forest mosaic,African tropical forest,,1686,0.3965,19,28,6,22,13,0.2143,0.3158,0.2553,0.9801,0.056,0.1059
weecology,tcd_tile_741,Pannonian mixed forests,European forest,,2302,0.3965,16,0,0,0,16,0.0,0.0,0.0,0.0,0.0,0.0
weecology,tcd_tile_742,Southeastern conifer forests,N. American forest,,5037,0.3965,0,160,0,160,0,0.0,0.0,0.0,0.0,0.0,0.0
weecology,tcd_tile_743,Central European mixed forests,European forest,,1815,0.3965,14,229,10,219,4,0.0437,0.7143,0.0823,0.997,0.2739,0.4297
weecology,tcd_tile_744,Taiheiyo montane deciduous forests,Other,,4754,0.3965,10,11,1,10,9,0.0909,0.1,0.0952,0.6081,0.0949,0.1642
weecology,tcd_tile_745,Petén-Veracruz moist forests,Latin American forest,,2083,0.3965,87,183,29,154,58,0.1585,0.3333,0.2148,0.9684,0.0874,0.1603
weecology,tcd_tile_746,Sarmatic mixed forests,European forest,,4760,0.3965,3,453,2,451,1,0.0044,0.6667,0.0088,0.9786,0.2043,0.338
weecology,tcd_tile_747,Northern Zanzibar-Inhambane coastal forest mosaic,African tropical forest,,4039,0.3965,19,3,3,0,16,1.0,0.1579,0.2727,0.9523,0.604,0.7392
weecology,tcd_tile_748,Central European mixed forests,European forest,,275,0.3965,82,252,54,198,28,0.2143,0.6585,0.3234,0.9589,0.1024,0.185
weecology,tcd_tile_749,Northern Anatolian conifer and deciduous forests,Other,,3073,0.3965,312,140,114,26,198,0.8143,0.3654,0.5044,0.767,0.1949,0.3108
weecology,tcd_tile_750,Central Indochina dry forests,Other,,4549,0.3965,156,148,41,107,115,0.277,0.2628,0.2697,0.7552,0.0742,0.1352
weecology,tcd_tile_751,Sierra Nevada forests,N. American forest,,3619,0.3965,146,30,24,6,122,0.8,0.1644,0.2727,0.908,0.1601,0.2721
weecology,tcd_tile_752,Sulawesi lowland rain forests,SE Asian & Pacific rainforest,,4987,0.3965,125,186,45,141,80,0.2419,0.36,0.2894,0.9206,0.0846,0.155
weecology,tcd_tile_753,Sarmatic mixed forests,European forest,,1821,0.3965,30,19,6,13,24,0.3158,0.2,0.2449,0.9196,0.0141,0.0277
weecology,tcd_tile_754,Hokkaido deciduous forests,Other,,3164,0.3965,8,162,6,156,2,0.037,0.75,0.0706,0.9301,0.1511,0.2599
weecology,tcd_tile_755,Western Java rain forests,Other,,4463,0.3965,151,111,64,47,87,0.5766,0.4238,0.4885,0.9459,0.2157,0.3513
weecology,tcd_tile_756,Luzon rain forests,SE Asian & Pacific rainforest,,3722,0.3965,34,34,4,30,30,0.1176,0.1176,0.1176,0.9062,0.0329,0.0636
weecology,tcd_tile_757,Sarmatic mixed forests,European forest,,4411,0.3965,2,9,1,8,1,0.1111,0.5,0.1818,0.1383,0.0879,0.1075
weecology,tcd_tile_758,Eastern Guinean forests,African tropical forest,,4092,0.3965,17,8,5,3,12,0.625,0.2941,0.4,0.4752,0.0355,0.0661
weecology,tcd_tile_759,Northern Zanzibar-Inhambane coastal forest mosaic,African tropical forest,,2310,0.3965,286,107,37,70,249,0.3458,0.1294,0.1883,0.9254,0.0579,0.1091
weecology,tcd_tile_76,Madeira-Tapajós moist forests,Latin American forest,,3471,0.3965,2,663,2,661,0,0.003,1.0,0.006,0.9951,0.1801,0.3051
weecology,tcd_tile_760,Bahia coastal forests,Latin American forest,,3624,0.3965,7,276,1,275,6,0.0036,0.1429,0.0071,1.0,0.0834,0.154
weecology,tcd_tile_761,Middle Atlantic coastal forests,Other,,3195,0.3965,84,25,8,17,76,0.32,0.0952,0.1468,0.2061,0.0676,0.1018
weecology,tcd_tile_762,Pannonian mixed forests,European forest,,3579,0.3965,15,80,3,77,12,0.0375,0.2,0.0632,0.9887,0.0594,0.112
weecology,tcd_tile_763,Caucasus mixed forests,European forest,,2195,0.3965,14,0,0,0,14,0.0,0.0,0.0,0.0,0.0,0.0
weecology,tcd_tile_764,Northeastern coastal forests,N. American forest,,2705,0.3965,209,43,25,18,184,0.5814,0.1196,0.1984,0.9191,0.1258,0.2213
weecology,tcd_tile_765,Appalachian-Blue Ridge forests,N. American forest,,2605,0.3965,140,19,18,1,122,0.9474,0.1286,0.2264,0.7782,0.0577,0.1074
weecology,tcd_tile_766,Balkan mixed forests,European forest,,3614,0.3965,28,33,8,25,20,0.2424,0.2857,0.2623,0.9831,0.0824,0.1521
weecology,tcd_tile_767,Cerrado,Latin American forest,,1211,0.3965,20,413,12,401,8,0.0291,0.6,0.0554,0.892,0.1564,0.2662
weecology,tcd_tile_768,Tongan tropical moist forests,SE Asian & Pacific rainforest,,4260,0.3965,108,51,14,37,94,0.2745,0.1296,0.1761,0.6925,0.0181,0.0352
weecology,tcd_tile_769,Lesser Sundas deciduous forests,SE Asian & Pacific rainforest,,2991,0.3965,8,171,3,168,5,0.0175,0.375,0.0335,0.9984,0.0344,0.0665
weecology,tcd_tile_77,Taiwan subtropical evergreen forests,SE Asian & Pacific rainforest,,3539,0.3965,172,76,40,36,132,0.5263,0.2326,0.3226,0.7977,0.4168,0.5475
weecology,tcd_tile_770,Taiheiyo evergreen forests,Other,,467,0.3965,46,4,3,1,43,0.75,0.0652,0.12,0.9191,0.0265,0.0515
weecology,tcd_tile_771,Bolivian montane dry forests,Latin American forest,,4957,0.3965,49,10,4,6,45,0.4,0.0816,0.1356,0.5064,0.0287,0.0543
weecology,tcd_tile_772,Celtic broadleaf forests,European forest,,3806,0.3965,14,17,5,12,9,0.2941,0.3571,0.3226,0.4574,0.0186,0.0358
weecology,tcd_tile_773,Northern Zanzibar-Inhambane coastal forest mosaic,African tropical forest,,2712,0.3965,46,826,30,796,16,0.0363,0.6522,0.0688,0.8686,0.2146,0.3442
weecology,tcd_tile_774,Nigerian lowland forests,African tropical forest,,4472,0.3965,0,55,0,55,0,0.0,0.0,0.0,0.0,0.0,0.0
weecology,tcd_tile_775,Pontic steppe,Other,,1358,0.3965,165,94,65,29,100,0.6915,0.3939,0.5019,0.923,0.1876,0.3118
weecology,tcd_tile_776,Mizoram-Manipur-Kachin rain forests,SE Asian & Pacific rainforest,,4276,0.3965,0,154,0,154,0,0.0,0.0,0.0,0.0,0.0,0.0
weecology,tcd_tile_777,Mindanao-Eastern Visayas rain forests,SE Asian & Pacific rainforest,,3872,0.3965,28,23,9,14,19,0.3913,0.3214,0.3529,0.5804,0.0856,0.1492
weecology,tcd_tile_778,Hispaniolan dry forests,Other,,4804,0.3965,107,159,30,129,77,0.1887,0.2804,0.2256,0.8797,0.1245,0.2182
weecology,tcd_tile_779,Eastern forest-boreal transition,Other,,2084,0.3965,12,208,4,204,8,0.0192,0.3333,0.0364,0.9958,0.1746,0.2971
weecology,tcd_tile_78,Madeira-Tapajós moist forests,Latin American forest,,1113,0.3965,1,720,1,719,0,0.0014,1.0,0.0028,1.0,0.1776,0.3017
weecology,tcd_tile_780,Northwestern Andean montane forests,Latin American forest,,3711,0.3965,77,22,9,13,68,0.4091,0.1169,0.1818,0.6221,0.0232,0.0448
weecology,tcd_tile_781,Sarmatic mixed forests,European forest,,522,0.3965,146,36,21,15,125,0.5833,0.1438,0.2308,0.5931,0.031,0.0589
weecology,tcd_tile_782,,Other,,5072,0.3965,0,55,0,55,0,0.0,0.0,0.0,0.0,0.0,0.0
weecology,tcd_tile_783,Sumatran lowland rain forests,SE Asian & Pacific rainforest,,1591,0.3965,20,217,2,215,18,0.0092,0.1,0.0169,0.9843,0.0378,0.0728
weecology,tcd_tile_784,Southern Great Lakes forests,N. American forest,,1255,0.3965,15,9,4,5,11,0.4444,0.2667,0.3333,0.7419,0.155,0.2564
weecology,tcd_tile_785,Western Java montane rain forests,Other,,1546,0.3965,219,23,14,9,205,0.6087,0.0639,0.1157,0.9148,0.0065,0.013
weecology,tcd_tile_786,Scandinavian coastal conifer forests,Other,,2604,0.3965,12,178,9,169,3,0.0506,0.75,0.0947,0.7674,0.0914,0.1633
weecology,tcd_tile_787,Granitic Seychelles forests,Other,,1203,0.3965,151,766,72,694,79,0.094,0.4768,0.157,0.9817,0.201,0.3336
weecology,tcd_tile_788,Northern Zanzibar-Inhambane coastal forest mosaic,African tropical forest,,4143,0.3965,104,117,48,69,56,0.4103,0.4615,0.4344,0.8368,0.1843,0.302
weecology,tcd_tile_789,Western European broadleaf forests,European forest,,4768,0.3965,5,5,3,2,2,0.6,0.6,0.6,0.9947,0.0059,0.0117
weecology,tcd_tile_79,Greater Negros-Panay rain forests,SE Asian & Pacific rainforest,,3056,0.3965,75,54,15,39,60,0.2778,0.2,0.2326,0.9257,0.0576,0.1084
weecology,tcd_tile_790,Northern California coastal forests,N. American forest,,3743,0.3965,5,11,1,10,4,0.0909,0.2,0.125,0.9942,0.0016,0.0031
weecology,tcd_tile_791,Southern Zanzibar-Inhambane coastal forest mosaic,African tropical forest,,2623,0.3965,90,48,25,23,65,0.5208,0.2778,0.3623,0.9208,0.1455,0.2513
weecology,tcd_tile_792,Eastern Great Lakes lowland forests,N. American forest,,2845,0.3965,75,12,6,6,69,0.5,0.08,0.1379,0.6984,0.027,0.052
weecology,tcd_tile_793,Western European broadleaf forests,European forest,,2508,0.3965,37,15,9,6,28,0.6,0.2432,0.3462,0.987,0.1317,0.2324
weecology,tcd_tile_794,Northeastern coastal forests,N. American forest,,2047,0.3965,98,14,8,6,90,0.5714,0.0816,0.1429,0.8973,0.0473,0.0899
weecology,tcd_tile_795,Sierra Nevada forests,N. American forest,,997,0.3965,151,61,52,9,99,0.8525,0.3444,0.4906,0.9155,0.2576,0.4021
weecology,tcd_tile_796,Luzon rain forests,SE Asian & Pacific rainforest,,729,0.3965,202,64,39,25,163,0.6094,0.1931,0.2932,0.7265,0.083,0.149
weecology,tcd_tile_797,Palawan rain forests,SE Asian & Pacific rainforest,,4207,0.3965,6,297,4,293,2,0.0135,0.6667,0.0264,1.0,0.0748,0.1391
weecology,tcd_tile_798,North Central Rockies forests,N. American forest,,1388,0.3965,1,362,1,361,0,0.0028,1.0,0.0055,0.9992,0.0805,0.149
weecology,tcd_tile_799,Vanuatu rain forests,Other,,1513,0.3965,20,47,1,46,19,0.0213,0.05,0.0299,0.2079,0.0072,0.0138
weecology,tcd_tile_8,West Sudanian savanna,Arid / dryland,,336,0.3965,111,71,47,24,64,0.662,0.4234,0.5165,0.9681,0.329,0.4911
weecology,tcd_tile_800,Tongan tropical moist forests,SE Asian & Pacific rainforest,,4922,0.3965,137,164,48,116,89,0.2927,0.3504,0.3189,0.7963,0.0444,0.0842
weecology,tcd_tile_801,Mesopotamian shrub desert,Other,,1059,0.3965,328,329,212,117,116,0.6444,0.6463,0.6454,0.9682,0.3788,0.5446
weecology,tcd_tile_802,East European forest steppe,European forest,,3925,0.3965,124,97,42,55,82,0.433,0.3387,0.3801,0.9335,0.1292,0.2269
weecology,tcd_tile_803,Celtic broadleaf forests,European forest,,4020,0.3965,14,1,1,0,13,1.0,0.0714,0.1333,0.9271,0.0046,0.0092
weecology,tcd_tile_804,Taiheiyo evergreen forests,Other,,2136,0.3965,150,48,33,15,117,0.6875,0.22,0.3333,0.8757,0.162,0.2735
weecology,tcd_tile_805,Northern Zanzibar-Inhambane coastal forest mosaic,African tropical forest,,2197,0.3965,1,674,1,673,0,0.0015,1.0,0.003,0.9999,0.1323,0.2337
weecology,tcd_tile_806,Northeastern coastal forests,N. American forest,,1817,0.3965,35,28,13,15,22,0.4643,0.3714,0.4127,0.915,0.1048,0.1881
weecology,tcd_tile_807,Southern Zanzibar-Inhambane coastal forest mosaic,African tropical forest,,1514,0.3965,60,34,17,17,43,0.5,0.2833,0.3617,0.9243,0.1081,0.1936
weecology,tcd_tile_808,Himalayan subtropical broadleaf forests,Other,,4314,0.3965,56,75,28,47,28,0.3733,0.5,0.4275,0.7708,0.1474,0.2475
weecology,tcd_tile_809,Vanuatu rain forests,Other,,3050,0.3965,12,39,6,33,6,0.1538,0.5,0.2353,0.6584,0.0035,0.007
weecology,tcd_tile_810,Mindanao-Eastern Visayas rain forests,SE Asian & Pacific rainforest,,4787,0.3965,19,222,3,219,16,0.0135,0.1579,0.0249,0.9956,0.0848,0.1562
weecology,tcd_tile_811,Celtic broadleaf forests,European forest,,3974,0.3965,37,86,11,75,26,0.1279,0.2973,0.1789,0.9654,0.0898,0.1643
weecology,tcd_tile_812,Cerrado,Latin American forest,,47,0.3965,0,0,0,0,0,0.0,0.0,0.0,0.0,0.0,0.0
weecology,tcd_tile_813,Northern California coastal forests,N. American forest,,1442,0.3965,1,0,0,0,1,0.0,0.0,0.0,0.0,0.0,0.0
weecology,tcd_tile_814,Northern Zanzibar-Inhambane coastal forest mosaic,African tropical forest,,541,0.3965,216,64,39,25,177,0.6094,0.1806,0.2786,0.9031,0.0785,0.1444
weecology,tcd_tile_815,Northern Zanzibar-Inhambane coastal forest mosaic,African tropical forest,,451,0.3965,309,368,131,237,178,0.356,0.4239,0.387,0.9174,0.2066,0.3372
weecology,tcd_tile_816,Eastern Guinean forests,African tropical forest,,4321,0.3965,127,84,17,67,110,0.2024,0.1339,0.1611,0.9717,0.0847,0.1559
weecology,tcd_tile_817,Central European mixed forests,European forest,,3271,0.3965,44,40,14,26,30,0.35,0.3182,0.3333,0.9462,0.0444,0.0848
weecology,tcd_tile_818,,Other,,1862,0.3965,55,12,7,5,48,0.5833,0.1273,0.209,0.8762,0.0345,0.0663
weecology,tcd_tile_819,Caucasus mixed forests,European forest,,4817,0.3965,45,79,11,68,34,0.1392,0.2444,0.1774,0.9378,0.0196,0.0384
weecology,tcd_tile_820,Magdalena Valley montane forests,Other,,2597,0.3965,255,31,20,11,235,0.6452,0.0784,0.1399,0.872,0.0608,0.1136
weecology,tcd_tile_821,Northeastern coastal forests,N. American forest,,2137,0.3965,4,58,1,57,3,0.0172,0.25,0.0323,0.9986,0.0462,0.0884
weecology,tcd_tile_822,North Island temperate forests,Other,,673,0.3965,3,55,3,52,0,0.0545,1.0,0.1034,0.9988,0.0308,0.0598
weecology,tcd_tile_823,Uatuma-Trombetas moist forests,Latin American forest,,1410,0.3965,1,12,1,11,0,0.0833,1.0,0.1538,1.0,0.0029,0.0057
weecology,tcd_tile_824,Luzon rain forests,SE Asian & Pacific rainforest,,3417,0.3965,9,3,3,0,6,1.0,0.3333,0.5,0.8316,0.1926,0.3127
weecology,tcd_tile_825,Northern Zanzibar-Inhambane coastal forest mosaic,African tropical forest,,4262,0.3965,4,2,0,2,4,0.0,0.0,0.0,0.0,0.0,0.0
weecology,tcd_tile_826,Changjiang Plain evergreen forests,Other,,583,0.3965,294,115,97,18,197,0.8435,0.3299,0.4743,0.9169,0.1943,0.3206
weecology,tcd_tile_827,North Central Rockies forests,N. American forest,,4283,0.3965,5,2,1,1,4,0.5,0.2,0.2857,0.7822,0.1129,0.1973
weecology,tcd_tile_828,Northern Zanzibar-Inhambane coastal forest mosaic,African tropical forest,,1800,0.3965,196,72,45,27,151,0.625,0.2296,0.3358,0.8824,0.0788,0.1446
weecology,tcd_tile_829,Bajío dry forests,Other,,1797,0.3965,301,78,49,29,252,0.6282,0.1628,0.2586,0.7536,0.1363,0.2308
weecology,tcd_tile_83,Northern Zanzibar-Inhambane coastal forest mosaic,African tropical forest,,654,0.3965,102,86,19,67,83,0.2209,0.1863,0.2021,0.9057,0.0234,0.0457
weecology,tcd_tile_830,,Other,,224,0.3965,6,0,0,0,6,0.0,0.0,0.0,0.0,0.0,0.0
weecology,tcd_tile_831,Mindanao-Eastern Visayas rain forests,SE Asian & Pacific rainforest,,1613,0.3965,134,54,11,43,123,0.2037,0.0821,0.117,0.975,0.0135,0.0267
weecology,tcd_tile_832,California coastal sage and chaparral,Other,,143,0.3965,52,81,23,58,29,0.284,0.4423,0.3459,0.9739,0.0749,0.1391
weecology,tcd_tile_833,Bahia coastal forests,Latin American forest,,4127,0.3965,2,161,2,159,0,0.0124,1.0,0.0245,0.9959,0.0386,0.0743
weecology,tcd_tile_834,Nigerian lowland forests,African tropical forest,,4748,0.3965,18,28,7,21,11,0.25,0.3889,0.3043,0.4351,0.4667,0.4503
weecology,tcd_tile_835,Luzon rain forests,SE Asian & Pacific rainforest,,3093,0.3965,0,1,0,1,0,0.0,0.0,0.0,0.0,0.0,0.0
weecology,tcd_tile_836,Northern Zanzibar-Inhambane coastal forest mosaic,African tropical forest,,2120,0.3965,166,271,76,195,90,0.2804,0.4578,0.3478,0.7519,0.2442,0.3687
weecology,tcd_tile_837,Southeastern mixed forests,N. American forest,,1352,0.3965,161,106,90,16,71,0.8491,0.559,0.6742,0.9333,0.1482,0.2557
weecology,tcd_tile_838,Atlantic mixed forests,European forest,,1790,0.3965,5,12,3,9,2,0.25,0.6,0.3529,0.7177,0.3015,0.4246
weecology,tcd_tile_839,California coastal sage and chaparral,Other,,969,0.3965,15,24,4,20,11,0.1667,0.2667,0.2051,0.2662,0.0152,0.0287
weecology,tcd_tile_84,Southern Zanzibar-Inhambane coastal forest mosaic,African tropical forest,,3371,0.3965,128,88,29,59,99,0.3295,0.2266,0.2685,0.9394,0.0618,0.116
weecology,tcd_tile_840,Atlantic mixed forests,European forest,,236,0.3965,49,24,15,9,34,0.625,0.3061,0.411,0.9141,0.0721,0.1336
weecology,tcd_tile_841,Vanuatu rain forests,Other,,3328,0.3965,73,42,20,22,53,0.4762,0.274,0.3478,0.5588,0.0123,0.0241
weecology,tcd_tile_842,Balkan mixed forests,European forest,,2787,0.3965,119,61,28,33,91,0.459,0.2353,0.3111,0.6675,0.0568,0.1047
weecology,tcd_tile_843,Sierra Nevada forests,N. American forest,,3275,0.3965,25,3,0,3,25,0.0,0.0,0.0,0.0,0.0,0.0
weecology,tcd_tile_844,Appalachian mixed mesophytic forests,Other,,3268,0.3965,0,3,0,3,0,0.0,0.0,0.0,0.0,0.0,0.0
weecology,tcd_tile_845,Caucasus mixed forests,European forest,,2378,0.3965,3,0,0,0,3,0.0,0.0,0.0,0.0,0.0,0.0
weecology,tcd_tile_846,Balkan mixed forests,European forest,,4784,0.3965,96,40,27,13,69,0.675,0.2812,0.3971,0.9488,0.2419,0.3855
weecology,tcd_tile_847,Bolivian Yungas,Other,,4011,0.3965,80,46,35,11,45,0.7609,0.4375,0.5556,0.922,0.4487,0.6036
weecology,tcd_tile_848,Central U.S. hardwood forests,N. American forest,,3286,0.3965,43,38,11,27,32,0.2895,0.2558,0.2716,0.8738,0.0154,0.0302
weecology,tcd_tile_849,Caucasus mixed forests,European forest,,899,0.3965,120,9,5,4,115,0.5556,0.0417,0.0775,0.9706,0.0082,0.0163
weecology,tcd_tile_85,Mato Grosso seasonal forests,Latin American forest,,3779,0.3965,37,155,23,132,14,0.1484,0.6216,0.2396,0.8781,0.1515,0.2584
weecology,tcd_tile_850,Northeastern coastal forests,N. American forest,,4049,0.3965,74,46,26,20,48,0.5652,0.3514,0.4333,0.9673,0.1036,0.1871
weecology,tcd_tile_851,Bolivian montane dry forests,Latin American forest,,4552,0.3965,70,8,4,4,66,0.5,0.0571,0.1026,0.7563,0.0122,0.0241
weecology,tcd_tile_852,Tigris-Euphrates alluvial salt marsh,Other,,458,0.3965,59,21,14,7,45,0.6667,0.2373,0.35,0.7071,0.2524,0.372
weecology,tcd_tile_853,Nigerian lowland forests,African tropical forest,,2559,0.3965,31,25,3,22,28,0.12,0.0968,0.1071,0.0888,0.0094,0.0171
weecology,tcd_tile_854,Alps conifer and mixed forests,European forest,,4483,0.3965,1,0,0,0,1,0.0,0.0,0.0,0.0,0.0,0.0
weecology,tcd_tile_855,Nigerian lowland forests,African tropical forest,,4381,0.3965,25,42,7,35,18,0.1667,0.28,0.209,0.4171,0.1952,0.2659
weecology,tcd_tile_856,New England-Acadian forests,N. American forest,,1397,0.3965,14,119,4,115,10,0.0336,0.2857,0.0602,0.9934,0.0486,0.0927
weecology,tcd_tile_857,Celtic broadleaf forests,European forest,,3367,0.3965,35,14,8,6,27,0.5714,0.2286,0.3265,0.7721,0.0235,0.0455
weecology,tcd_tile_858,Central U.S. hardwood forests,N. American forest,,3183,0.3965,76,41,19,22,57,0.4634,0.25,0.3248,0.8686,0.0785,0.1439
weecology,tcd_tile_859,Southeastern mixed forests,N. American forest,,3763,0.3965,15,56,2,54,13,0.0357,0.1333,0.0563,0.9822,0.0515,0.0979
weecology,tcd_tile_860,Luzon rain forests,SE Asian & Pacific rainforest,,1851,0.3965,1,2,1,1,0,0.5,1.0,0.6667,1.0,0.0203,0.0399
weecology,tcd_tile_861,Tongan tropical moist forests,SE Asian & Pacific rainforest,,4810,0.3965,286,49,17,32,269,0.3469,0.0594,0.1015,0.3148,0.0251,0.0465
weecology,tcd_tile_862,South Siberian forest steppe,Other,,571,0.3965,39,87,28,59,11,0.3218,0.7179,0.4444,0.811,0.2426,0.3734
weecology,tcd_tile_863,Northern Zanzibar-Inhambane coastal forest mosaic,African tropical forest,,1253,0.3965,126,23,21,2,105,0.913,0.1667,0.2819,0.9467,0.1092,0.1958
weecology,tcd_tile_864,Araucaria moist forests,Other,,3247,0.3965,71,96,11,85,60,0.1146,0.1549,0.1317,0.855,0.0355,0.0682
weecology,tcd_tile_865,Balkan mixed forests,European forest,,3815,0.3965,94,103,34,69,60,0.3301,0.3617,0.3452,0.9105,0.11,0.1962
weecology,tcd_tile_866,Sarmatic mixed forests,European forest,,1826,0.3965,1,38,1,37,0,0.0263,1.0,0.0513,0.995,0.024,0.0468
weecology,tcd_tile_867,Northern Zanzibar-Inhambane coastal forest mosaic,African tropical forest,,1516,0.3965,44,286,24,262,20,0.0839,0.5455,0.1455,0.9658,0.0752,0.1395
weecology,tcd_tile_868,Upper Midwest forest-savanna transition,N. American forest,,3654,0.3965,54,23,13,10,41,0.5652,0.2407,0.3377,0.8009,0.0479,0.0904
weecology,tcd_tile_869,Luzon rain forests,SE Asian & Pacific rainforest,,2766,0.3965,0,2,0,2,0,0.0,0.0,0.0,0.0,0.0,0.0
weecology,tcd_tile_87,Sumatran lowland rain forests,SE Asian & Pacific rainforest,,3403,0.3965,200,137,63,74,137,0.4599,0.315,0.3739,0.8442,0.1699,0.2828
weecology,tcd_tile_870,Taiheiyo evergreen forests,Other,,2095,0.3965,107,365,18,347,89,0.0493,0.1682,0.0763,0.9409,0.1227,0.2171
weecology,tcd_tile_871,Peruvian Yungas,Latin American forest,,2780,0.3965,24,5,0,5,24,0.0,0.0,0.0,0.0,0.0,0.0
weecology,tcd_tile_872,East European forest steppe,European forest,,2035,0.3965,10,86,4,82,6,0.0465,0.4,0.0833,0.9682,0.0647,0.1213
weecology,tcd_tile_873,Nihonkai montane deciduous forests,Other,,4750,0.3965,10,78,6,72,4,0.0769,0.6,0.1364,0.9871,0.0171,0.0337
weecology,tcd_tile_874,Greater Negros-Panay rain forests,SE Asian & Pacific rainforest,,3302,0.3965,99,40,17,23,82,0.425,0.1717,0.2446,0.8202,0.0679,0.1254
weecology,tcd_tile_875,Northeastern Spain and Southern France Mediterranean forests,Other,,925,0.3965,529,362,215,147,314,0.5939,0.4064,0.4826,0.86,0.1297,0.2255
weecology,tcd_tile_876,Luzon rain forests,SE Asian & Pacific rainforest,,1902,0.3965,101,107,46,61,55,0.4299,0.4554,0.4423,0.9526,0.0677,0.1264
weecology,tcd_tile_877,,Other,,898,0.3965,28,1,1,0,27,1.0,0.0357,0.069,0.7532,0.0025,0.005
weecology,tcd_tile_878,Central Indochina dry forests,Other,,5062,0.3965,100,195,41,154,59,0.2103,0.41,0.278,0.903,0.0851,0.1556
weecology,tcd_tile_879,Nigerian lowland forests,African tropical forest,,2150,0.3965,1,37,0,37,1,0.0,0.0,0.0,0.0,0.0,0.0
weecology,tcd_tile_880,Northern Zanzibar-Inhambane coastal forest mosaic,African tropical forest,,3314,0.3965,1,42,1,41,0,0.0238,1.0,0.0465,1.0,0.0123,0.0243
weecology,tcd_tile_881,Eastern forest-boreal transition,Other,,2677,0.3965,1,574,1,573,0,0.0017,1.0,0.0035,0.9999,0.1127,0.2026
weecology,tcd_tile_882,"Sao Tome, Principe and Annobon moist lowland forests",Other,,2595,0.3965,3,403,1,402,2,0.0025,0.3333,0.0049,0.9976,0.1743,0.2967
weecology,tcd_tile_883,,Other,,1941,0.3965,0,8,0,8,0,0.0,0.0,0.0,0.0,0.0,0.0
weecology,tcd_tile_884,Luzon rain forests,SE Asian & Pacific rainforest,,487,0.3965,52,13,8,5,44,0.6154,0.1538,0.2462,0.8829,0.1133,0.2009
weecology,tcd_tile_885,Serra do Mar coastal forests,Latin American forest,,4963,0.3965,120,353,31,322,89,0.0878,0.2583,0.1311,0.8873,0.1079,0.1925
weecology,tcd_tile_886,Northern Zanzibar-Inhambane coastal forest mosaic,African tropical forest,,4138,0.3965,73,390,27,363,46,0.0692,0.3699,0.1166,0.9633,0.1294,0.2281
weecology,tcd_tile_887,Central Indochina dry forests,Other,,4291,0.3965,82,345,43,302,39,0.1246,0.5244,0.2014,0.9236,0.121,0.214
weecology,tcd_tile_888,Northern Zanzibar-Inhambane coastal forest mosaic,African tropical forest,,2314,0.3965,90,167,55,112,35,0.3293,0.6111,0.428,0.7684,0.3343,0.4659
weecology,tcd_tile_889,Luzon rain forests,SE Asian & Pacific rainforest,,13,0.3965,27,311,9,302,18,0.0289,0.3333,0.0533,0.9933,0.1804,0.3053
weecology,tcd_tile_89,Balkan mixed forests,European forest,,2879,0.3965,91,97,24,73,67,0.2474,0.2637,0.2553,0.9774,0.0725,0.135
weecology,tcd_tile_890,Northern Zanzibar-Inhambane coastal forest mosaic,African tropical forest,,2612,0.3965,173,138,67,71,106,0.4855,0.3873,0.4309,0.8228,0.1603,0.2684
weecology,tcd_tile_891,Timor and Wetar deciduous forests,SE Asian & Pacific rainforest,,3587,0.3965,191,28,22,6,169,0.7857,0.1152,0.2009,0.7403,0.0891,0.159
weecology,tcd_tile_892,Sulawesi lowland rain forests,SE Asian & Pacific rainforest,,3660,0.3965,110,75,28,47,82,0.3733,0.2545,0.3027,0.8474,0.0553,0.1039
weecology,tcd_tile_893,Balkan mixed forests,European forest,,4366,0.3965,37,8,4,4,33,0.5,0.1081,0.1778,0.8855,0.0908,0.1646
weecology,tcd_tile_894,Southern Zanzibar-Inhambane coastal forest mosaic,African tropical forest,,4622,0.3965,117,70,35,35,82,0.5,0.2991,0.3743,0.9362,0.2247,0.3624
weecology,tcd_tile_895,Balkan mixed forests,European forest,,1481,0.3965,49,67,21,46,28,0.3134,0.4286,0.3621,0.8193,0.1054,0.1868
weecology,tcd_tile_896,Central European mixed forests,European forest,,3945,0.3965,36,16,7,9,29,0.4375,0.1944,0.2692,0.5783,0.0127,0.0249
weecology,tcd_tile_897,,Other,,720,0.3965,62,17,7,10,55,0.4118,0.1129,0.1772,0.6732,0.0953,0.167
weecology,tcd_tile_898,Lake,Other,,378,0.3965,0,34,0,34,0,0.0,0.0,0.0,0.0,0.0,0.0
weecology,tcd_tile_899,Changjiang Plain evergreen forests,Other,,3155,0.3965,113,34,21,13,92,0.6176,0.1858,0.2857,0.9226,0.0439,0.0839
weecology,tcd_tile_9,West Sudanian savanna,Arid / dryland,,659,0.3965,48,105,24,81,24,0.2286,0.5,0.3137,0.8672,0.0971,0.1746
weecology,tcd_tile_90,Eastern Java-Bali rain forests,SE Asian & Pacific rainforest,,4852,0.3965,92,136,11,125,81,0.0809,0.1196,0.0965,0.9682,0.0531,0.1007
weecology,tcd_tile_900,Western Guinean lowland forests,African tropical forest,,423,0.3965,85,136,44,92,41,0.3235,0.5176,0.3982,0.405,0.3018,0.3459
weecology,tcd_tile_901,Northeastern coastal forests,N. American forest,,3147,0.3965,98,83,42,41,56,0.506,0.4286,0.4641,0.9007,0.1208,0.213
weecology,tcd_tile_902,Hokkaido deciduous forests,Other,,3253,0.3965,10,6,1,5,9,0.1667,0.1,0.125,0.5911,0.0163,0.0317
weecology,tcd_tile_903,Southern Zanzibar-Inhambane coastal forest mosaic,African tropical forest,,270,0.3965,68,161,27,134,41,0.1677,0.3971,0.2358,0.9188,0.1594,0.2717
weecology,tcd_tile_904,Northern Zanzibar-Inhambane coastal forest mosaic,African tropical forest,,5059,0.3965,398,648,256,392,142,0.3951,0.6432,0.4895,0.8729,0.3246,0.4732
weecology,tcd_tile_905,Sarmatic mixed forests,European forest,,233,0.3965,5,7,1,6,4,0.1429,0.2,0.1667,0.5529,0.0085,0.0167
weecology,tcd_tile_906,Southern Pacific dry forests,Other,,2939,0.3965,86,66,14,52,72,0.2121,0.1628,0.1842,0.9685,0.0451,0.0862
weecology,tcd_tile_907,,Other,,6,0.3965,106,36,24,12,82,0.6667,0.2264,0.338,0.7095,0.101,0.1769
weecology,tcd_tile_908,Southern Annamites montane rain forests,Other,,975,0.3965,11,445,8,437,3,0.018,0.7273,0.0351,0.898,0.1425,0.246
weecology,tcd_tile_909,Luzon rain forests,SE Asian & Pacific rainforest,,2394,0.3965,0,1,0,1,0,0.0,0.0,0.0,0.0,0.0,0.0
weecology,tcd_tile_91,Caucasus mixed forests,European forest,,2946,0.3965,1,0,0,0,1,0.0,0.0,0.0,0.0,0.0,0.0
weecology,tcd_tile_910,Caucasus mixed forests,European forest,,2124,0.3965,6,0,0,0,6,0.0,0.0,0.0,0.0,0.0,0.0
weecology,tcd_tile_911,Nigerian lowland forests,African tropical forest,,4505,0.3965,31,20,8,12,23,0.4,0.2581,0.3137,0.6653,0.2858,0.3999
weecology,tcd_tile_912,Timor and Wetar deciduous forests,SE Asian & Pacific rainforest,,2963,0.3965,141,138,49,89,92,0.3551,0.3475,0.3513,0.7804,0.0606,0.1124
weecology,tcd_tile_913,Lake,Other,,698,0.3965,8,22,4,18,4,0.1818,0.5,0.2667,0.8011,0.0558,0.1043
weecology,tcd_tile_914,North Central Rockies forests,N. American forest,,2873,0.3965,151,113,48,65,103,0.4248,0.3179,0.3636,0.669,0.1174,0.1998
weecology,tcd_tile_915,Eastern forest-boreal transition,Other,,1943,0.3965,11,537,2,535,9,0.0037,0.1818,0.0073,0.9892,0.1339,0.2359
weecology,tcd_tile_916,Taiwan subtropical evergreen forests,SE Asian & Pacific rainforest,,2245,0.3965,56,181,26,155,30,0.1436,0.4643,0.2194,0.6501,0.0952,0.1661
weecology,tcd_tile_917,Northern Zanzibar-Inhambane coastal forest mosaic,African tropical forest,,3270,0.3965,74,452,38,414,36,0.0841,0.5135,0.1445,0.9849,0.1982,0.33
weecology,tcd_tile_918,Humid Pampas,Other,,511,0.3965,17,24,14,10,3,0.5833,0.8235,0.6829,0.8861,0.2798,0.4253
weecology,tcd_tile_919,Irrawaddy moist deciduous forests,Other,,1128,0.3965,33,101,8,93,25,0.0792,0.2424,0.1194,0.9901,0.1595,0.2748
weecology,tcd_tile_92,Eastern Guinean forests,African tropical forest,,1424,0.3965,67,242,2,240,65,0.0083,0.0299,0.0129,0.999,0.0516,0.0982
weecology,tcd_tile_920,Sundaland heath forests,Other,,3228,0.3965,338,146,44,102,294,0.3014,0.1302,0.1818,0.9792,0.1909,0.3195
weecology,tcd_tile_921,East European forest steppe,European forest,,391,0.3965,128,189,66,123,62,0.3492,0.5156,0.4164,0.9034,0.1399,0.2423
weecology,tcd_tile_922,Iquitos varzeá,Other,,3281,0.3965,7,465,3,462,4,0.0065,0.4286,0.0127,0.9985,0.1064,0.1923
weecology,tcd_tile_923,Northern Zanzibar-Inhambane coastal forest mosaic,African tropical forest,,1320,0.3965,119,74,27,47,92,0.3649,0.2269,0.2798,0.7141,0.1545,0.254
weecology,tcd_tile_924,Sierra Nevada forests,N. American forest,,4728,0.3965,60,46,28,18,32,0.6087,0.4667,0.5283,0.9265,0.3067,0.4609
weecology,tcd_tile_925,Balkan mixed forests,European forest,,768,0.3965,21,503,7,496,14,0.0139,0.3333,0.0267,0.9809,0.2361,0.3806
weecology,tcd_tile_926,Hispaniolan moist forests,SE Asian & Pacific rainforest,,4373,0.3965,13,60,8,52,5,0.1333,0.6154,0.2192,0.2388,0.1063,0.1471
weecology,tcd_tile_927,Central Indochina dry forests,Other,,1877,0.3965,1,351,1,350,0,0.0028,1.0,0.0057,0.9968,0.1573,0.2717
weecology,tcd_tile_928,Central U.S. hardwood forests,N. American forest,,3583,0.3965,8,16,2,14,6,0.125,0.25,0.1667,0.9927,0.0789,0.1463
weecology,tcd_tile_929,Northern Zanzibar-Inhambane coastal forest mosaic,African tropical forest,,918,0.3965,1,122,1,121,0,0.0082,1.0,0.0163,0.9952,0.0224,0.0438
weecology,tcd_tile_93,Upper Midwest forest-savanna transition,N. American forest,,3687,0.3965,10,104,7,97,3,0.0673,0.7,0.1228,0.9541,0.1504,0.2598
weecology,tcd_tile_930,Western Siberian hemiboreal forests,Other,,4152,0.3965,1,38,1,37,0,0.0263,1.0,0.0513,0.995,0.011,0.0218
weecology,tcd_tile_931,Celtic broadleaf forests,European forest,,3473,0.3965,43,13,8,5,35,0.6154,0.186,0.2857,0.8968,0.0181,0.0356
weecology,tcd_tile_932,Celtic broadleaf forests,European forest,,2408,0.3965,28,11,4,7,24,0.3636,0.1429,0.2051,0.5357,0.0428,0.0792
weecology,tcd_tile_933,Atlantic mixed forests,European forest,,2417,0.3965,30,16,8,8,22,0.5,0.2667,0.3478,0.8899,0.287,0.434
weecology,tcd_tile_934,Central Andean puna,Other,,125,0.3965,2,0,0,0,2,0.0,0.0,0.0,0.0,0.0,0.0
weecology,tcd_tile_935,Northwestern Andean montane forests,Latin American forest,,2422,0.3965,58,46,8,38,50,0.1739,0.1379,0.1538,0.5651,0.0525,0.0961
weecology,tcd_tile_936,Northern Zanzibar-Inhambane coastal forest mosaic,African tropical forest,,4525,0.3965,59,1,0,1,59,0.0,0.0,0.0,0.0,0.0,0.0
weecology,tcd_tile_937,Willamette Valley forests,N. American forest,,3933,0.3965,390,72,10,62,380,0.1389,0.0256,0.0433,0.1067,0.0898,0.0975
weecology,tcd_tile_938,East European forest steppe,European forest,,1860,0.3965,1,163,1,162,0,0.0061,1.0,0.0122,0.8988,0.0299,0.0579
weecology,tcd_tile_939,Northern Zanzibar-Inhambane coastal forest mosaic,African tropical forest,,285,0.3965,0,0,0,0,0,0.0,0.0,0.0,0.0,0.0,0.0
weecology,tcd_tile_94,Caucasus mixed forests,European forest,,2985,0.3965,1,2,1,1,0,0.5,1.0,0.6667,1.0,0.0002,0.0004
weecology,tcd_tile_940,Western Siberian hemiboreal forests,Other,,2172,0.3965,9,14,4,10,5,0.2857,0.4444,0.3478,0.5114,0.099,0.1659
weecology,tcd_tile_941,Cardamom Mountains rain forests,Other,,2877,0.3965,23,118,11,107,12,0.0932,0.4783,0.156,0.8713,0.1329,0.2306
weecology,tcd_tile_942,Pannonian mixed forests,European forest,,3837,0.3965,2,250,2,248,0,0.008,1.0,0.0159,0.9955,0.065,0.122
weecology,tcd_tile_943,Humid Pampas,Other,,176,0.3965,44,35,27,8,17,0.7714,0.6136,0.6835,0.693,0.0492,0.0918
weecology,tcd_tile_944,Maputaland coastal forest mosaic,African tropical forest,,993,0.3965,18,12,4,8,14,0.3333,0.2222,0.2667,0.6206,0.0979,0.1691
weecology,tcd_tile_945,Western European broadleaf forests,European forest,,4268,0.3965,3,9,1,8,2,0.1111,0.3333,0.1667,0.9996,0.015,0.0296
weecology,tcd_tile_946,Greater Negros-Panay rain forests,SE Asian & Pacific rainforest,,1196,0.3965,5,2,1,1,4,0.5,0.2,0.2857,0.2928,0.0069,0.0134
weecology,tcd_tile_947,Madeira-Tapajós moist forests,Latin American forest,,3136,0.3965,3,338,2,336,1,0.0059,0.6667,0.0117,0.9913,0.1009,0.1831
weecology,tcd_tile_948,Nihonkai montane deciduous forests,Other,,4213,0.3965,2,54,2,52,0,0.037,1.0,0.0714,0.9995,0.0157,0.031
weecology,tcd_tile_949,Sarmatic mixed forests,European forest,,3644,0.3965,7,6,1,5,6,0.1667,0.1429,0.1538,1.0,0.0113,0.0224
weecology,tcd_tile_95,Hispaniolan moist forests,SE Asian & Pacific rainforest,,4600,0.3965,0,71,0,71,0,0.0,0.0,0.0,0.0,0.0,0.0
weecology,tcd_tile_950,Scandinavian and Russian taiga,Other,,71,0.3965,55,119,21,98,34,0.1765,0.3818,0.2414,0.9241,0.1483,0.2556
weecology,tcd_tile_951,North Central Rockies forests,N. American forest,,2476,0.3965,1,430,1,429,0,0.0023,1.0,0.0046,0.9968,0.0998,0.1814
weecology,tcd_tile_952,Upper Midwest forest-savanna transition,N. American forest,,4687,0.3965,72,24,22,2,50,0.9167,0.3056,0.4583,0.9244,0.1094,0.1957
weecology,tcd_tile_953,Luzon rain forests,SE Asian & Pacific rainforest,,4447,0.3965,99,111,22,89,77,0.1982,0.2222,0.2095,0.8844,0.0634,0.1183
weecology,tcd_tile_954,Luzon rain forests,SE Asian & Pacific rainforest,,1045,0.3965,224,10,6,4,218,0.6,0.0268,0.0513,0.6717,0.0138,0.0271
weecology,tcd_tile_955,Caucasus mixed forests,European forest,,828,0.3965,103,22,12,10,91,0.5455,0.1165,0.192,0.9271,0.012,0.0237
weecology,tcd_tile_956,Western Guinean lowland forests,African tropical forest,,1703,0.3965,61,19,9,10,52,0.4737,0.1475,0.225,0.7821,0.0839,0.1515
weecology,tcd_tile_957,Northern Zanzibar-Inhambane coastal forest mosaic,African tropical forest,,4103,0.3965,105,71,34,37,71,0.4789,0.3238,0.3864,0.9417,0.0336,0.0649
weecology,tcd_tile_958,Baltic mixed forests,European forest,,4324,0.3965,4,96,1,95,3,0.0104,0.25,0.02,1.0,0.0313,0.0608
weecology,tcd_tile_959,Bajío dry forests,Other,,2858,0.3965,134,111,22,89,112,0.1982,0.1642,0.1796,0.9235,0.1117,0.1993
weecology,tcd_tile_96,Balkan mixed forests,European forest,,1402,0.3965,92,103,35,68,57,0.3398,0.3804,0.359,0.8687,0.107,0.1906
weecology,tcd_tile_960,Northern Zanzibar-Inhambane coastal forest mosaic,African tropical forest,,1337,0.3965,136,481,87,394,49,0.1809,0.6397,0.282,0.9154,0.2374,0.377
weecology,tcd_tile_961,Alps conifer and mixed forests,European forest,,4328,0.3965,23,13,1,12,22,0.0769,0.0435,0.0556,0.139,0.0022,0.0043
weecology,tcd_tile_962,Willamette Valley forests,N. American forest,,1393,0.3965,7,16,0,16,7,0.0,0.0,0.0,0.0,0.0,0.0
weecology,tcd_tile_963,Malabar Coast moist forests,Other,,4589,0.3965,5,99,4,95,1,0.0404,0.8,0.0769,0.5421,0.0525,0.0957
weecology,tcd_tile_964,Hispaniolan moist forests,SE Asian & Pacific rainforest,,228,0.3965,0,0,0,0,0,0.0,0.0,0.0,0.0,0.0,0.0
weecology,tcd_tile_965,Central European mixed forests,European forest,,4731,0.3965,45,26,4,22,41,0.1538,0.0889,0.1127,0.2556,0.0094,0.0182
weecology,tcd_tile_966,Tigris-Euphrates alluvial salt marsh,Other,,496,0.3965,83,31,21,10,62,0.6774,0.253,0.3684,0.7372,0.1891,0.301
weecology,tcd_tile_967,Appalachian-Blue Ridge forests,N. American forest,,4133,0.3965,20,21,9,12,11,0.4286,0.45,0.439,0.9185,0.2192,0.354
weecology,tcd_tile_968,Northern Zanzibar-Inhambane coastal forest mosaic,African tropical forest,,3780,0.3965,157,169,59,110,98,0.3491,0.3758,0.362,0.8997,0.1246,0.2189
weecology,tcd_tile_969,Atlantic mixed forests,European forest,,3757,0.3965,40,89,23,66,17,0.2584,0.575,0.3566,0.8854,0.2035,0.3309
weecology,tcd_tile_97,Northern Congolian forest-savanna mosaic,African tropical forest,,136,0.3965,123,17,12,5,111,0.7059,0.0976,0.1714,0.8121,0.0783,0.1428
weecology,tcd_tile_970,Uatuma-Trombetas moist forests,Latin American forest,,4095,0.3965,18,16,7,9,11,0.4375,0.3889,0.4118,0.8644,0.0193,0.0377
weecology,tcd_tile_971,Rodope montane mixed forests,European forest,,4368,0.3965,82,107,29,78,53,0.271,0.3537,0.3069,0.8461,0.1272,0.2212
weecology,tcd_tile_972,Northern Zanzibar-Inhambane coastal forest mosaic,African tropical forest,,2747,0.3965,1,1,1,0,0,1.0,1.0,1.0,0.786,0.8868,0.8333
weecology,tcd_tile_973,Northern Zanzibar-Inhambane coastal forest mosaic,African tropical forest,,1697,0.3965,1,100,1,99,0,0.01,1.0,0.0198,0.9998,0.0321,0.0622
weecology,tcd_tile_974,Western European broadleaf forests,European forest,,3688,0.3965,55,18,10,8,45,0.5556,0.1818,0.274,0.984,0.0542,0.1027
weecology,tcd_tile_975,Taiheiyo evergreen forests,Other,,1639,0.3965,42,293,21,272,21,0.0717,0.5,0.1254,0.9599,0.212,0.3473
weecology,tcd_tile_976,Irrawaddy freshwater swamp forests,Other,,80,0.3965,4,224,3,221,1,0.0134,0.75,0.0263,0.815,0.1432,0.2436
weecology,tcd_tile_977,Iquitos varzeá,Other,,3000,0.3965,21,187,6,181,15,0.0321,0.2857,0.0577,0.9651,0.0705,0.1314
weecology,tcd_tile_978,Appalachian-Blue Ridge forests,N. American forest,,4055,0.3965,33,29,17,12,16,0.5862,0.5152,0.5484,0.6986,0.2528,0.3713
weecology,tcd_tile_979,Southern Great Lakes forests,N. American forest,,3197,0.3965,12,5,1,4,11,0.2,0.0833,0.1176,0.9675,0.0013,0.0027
weecology,tcd_tile_98,Celtic broadleaf forests,European forest,,1257,0.3965,71,116,33,83,38,0.2845,0.4648,0.3529,0.7705,0.1037,0.1827
weecology,tcd_tile_980,Uatuma-Trombetas moist forests,Latin American forest,,3442,0.3965,38,62,12,50,26,0.1935,0.3158,0.24,0.8306,0.0323,0.0622
weecology,tcd_tile_981,Hispaniolan moist forests,SE Asian & Pacific rainforest,,4713,0.3965,119,55,27,28,92,0.4909,0.2269,0.3103,0.5975,0.1754,0.2711
weecology,tcd_tile_982,Baltic mixed forests,European forest,,852,0.3965,18,27,7,20,11,0.2593,0.3889,0.3111,0.9382,0.106,0.1905
weecology,tcd_tile_983,,Other,,1563,0.3965,61,73,4,69,57,0.0548,0.0656,0.0597,0.6749,0.042,0.0791
weecology,tcd_tile_984,Central European mixed forests,European forest,,3532,0.3965,80,40,18,22,62,0.45,0.225,0.3,0.9017,0.0912,0.1656
weecology,tcd_tile_985,East European forest steppe,European forest,,4608,0.3965,5,108,4,104,1,0.037,0.8,0.0708,0.9513,0.0851,0.1562
weecology,tcd_tile_986,Western European broadleaf forests,European forest,,2251,0.3965,10,105,2,103,8,0.019,0.2,0.0348,1.0,0.0764,0.1419
weecology,tcd_tile_987,Northern Zanzibar-Inhambane coastal forest mosaic,African tropical forest,,1250,0.3965,8,0,0,0,8,0.0,0.0,0.0,0.0,0.0,0.0
weecology,tcd_tile_988,Greater Negros-Panay rain forests,SE Asian & Pacific rainforest,,742,0.3965,15,4,3,1,12,0.75,0.2,0.3158,0.9815,0.0277,0.0538
weecology,tcd_tile_989,Northern Zanzibar-Inhambane coastal forest mosaic,African tropical forest,,486,0.3965,24,1,1,0,23,1.0,0.0417,0.08,0.9701,0.0411,0.0788
weecology,tcd_tile_990,Northern Zanzibar-Inhambane coastal forest mosaic,African tropical forest,,3782,0.3965,141,121,21,100,120,0.1736,0.1489,0.1603,0.9021,0.0278,0.054
weecology,tcd_tile_991,Central European mixed forests,European forest,,4709,0.3965,57,19,3,16,54,0.1579,0.0526,0.0789,0.3881,0.0297,0.0551
weecology,tcd_tile_992,Eastern Java-Bali rain forests,SE Asian & Pacific rainforest,,4857,0.3965,103,122,21,101,82,0.1721,0.2039,0.1867,0.8905,0.1215,0.2139
weecology,tcd_tile_993,Po Basin mixed forests,Other,,532,0.3965,25,29,11,18,14,0.3793,0.44,0.4074,0.7776,0.1696,0.2785
weecology,tcd_tile_994,Sarmatic mixed forests,European forest,,3241,0.3965,24,65,10,55,14,0.1538,0.4167,0.2247,0.6969,0.0102,0.0202
weecology,tcd_tile_995,Northern Zanzibar-Inhambane coastal forest mosaic,African tropical forest,,2886,0.3965,155,289,60,229,95,0.2076,0.3871,0.2703,0.9658,0.1779,0.3005
weecology,tcd_tile_996,Cerrado,Latin American forest,,502,0.3965,0,0,0,0,0,0.0,0.0,0.0,0.0,0.0,0.0
weecology,tcd_tile_997,Central European mixed forests,European forest,,1597,0.3965,3,0,0,0,3,0.0,0.0,0.0,0.0,0.0,0.0
weecology,tcd_tile_998,Northern Zanzibar-Inhambane coastal forest mosaic,African tropical forest,,3605,0.3965,539,45,43,2,496,0.9556,0.0798,0.1473,0.8846,0.126,0.2206
weecology,tcd_tile_999,Granitic Seychelles forests,Other,,2113,0.3965,237,276,98,178,139,0.3551,0.4135,0.3821,0.8234,0.2253,0.3538
