image_path,xmin,ymin,xmax,ymax,label
/Users/tompitts/dphil/CanopyAI/deepforest_custom/phase5_tiles/won_tile_30_rot196.tif,444,392,500,450,Tree
/Users/tompitts/dphil/CanopyAI/deepforest_custom/phase5_tiles/won_tile_30_rot196.tif,378,407,412,447,Tree
/Users/tompitts/dphil/CanopyAI/deepforest_custom/phase5_tiles/won_tile_30_rot196.tif,399,371,436,416,Tree
/Users/tompitts/dphil/CanopyAI/deepforest_custom/phase5_tiles/won_tile_30_rot196.tif,440,347,475,388,Tree
/Users/tompitts/dphil/CanopyAI/deepforest_custom/phase5_tiles/won_tile_30_rot196.tif,445,284,500,345,Tree
/Users/tompitts/dphil/CanopyAI/deepforest_custom/phase5_tiles/won_tile_30_rot196.tif,311,422,368,478,Tree
/Users/tompitts/dphil/CanopyAI/deepforest_custom/phase5_tiles/won_tile_30_rot196.tif,250,466,295,500,Tree
/Users/tompitts/dphil/CanopyAI/deepforest_custom/phase5_tiles/won_tile_30_rot196.tif,190,455,234,500,Tree
/Users/tompitts/dphil/CanopyAI/deepforest_custom/phase5_tiles/won_tile_30_rot196.tif,200,400,249,454,Tree
/Users/tompitts/dphil/CanopyAI/deepforest_custom/phase5_tiles/won_tile_30_rot196.tif,106,476,150,500,Tree
/Users/tompitts/dphil/CanopyAI/deepforest_custom/phase5_tiles/won_tile_30_rot196.tif,135,473,186,500,Tree
/Users/tompitts/dphil/CanopyAI/deepforest_custom/phase5_tiles/won_tile_30_rot196.tif,174,425,211,463,Tree
/Users/tompitts/dphil/CanopyAI/deepforest_custom/phase5_tiles/won_tile_30_rot196.tif,245,328,302,388,Tree
/Users/tompitts/dphil/CanopyAI/deepforest_custom/phase5_tiles/won_tile_30_rot196.tif,294,380,337,425,Tree
/Users/tompitts/dphil/CanopyAI/deepforest_custom/phase5_tiles/won_tile_30_rot196.tif,315,348,352,383,Tree
/Users/tompitts/dphil/CanopyAI/deepforest_custom/phase5_tiles/won_tile_30_rot196.tif,331,328,417,420,Tree
/Users/tompitts/dphil/CanopyAI/deepforest_custom/phase5_tiles/won_tile_30_rot196.tif,264,217,328,286,Tree
/Users/tompitts/dphil/CanopyAI/deepforest_custom/phase5_tiles/won_tile_30_rot196.tif,237,261,297,323,Tree
/Users/tompitts/dphil/CanopyAI/deepforest_custom/phase5_tiles/won_tile_30_rot196.tif,242,17,301,70,Tree
/Users/tompitts/dphil/CanopyAI/deepforest_custom/phase5_tiles/won_tile_30_rot196.tif,259,48,336,120,Tree
/Users/tompitts/dphil/CanopyAI/deepforest_custom/phase5_tiles/won_tile_30_rot196.tif,318,23,372,75,Tree
/Users/tompitts/dphil/CanopyAI/deepforest_custom/phase5_tiles/won_tile_30_rot196.tif,293,0,341,52,Tree
/Users/tompitts/dphil/CanopyAI/deepforest_custom/phase5_tiles/won_tile_30_rot196.tif,71,371,122,428,Tree
/Users/tompitts/dphil/CanopyAI/deepforest_custom/phase5_tiles/won_tile_30_rot196.tif,28,325,89,383,Tree
/Users/tompitts/dphil/CanopyAI/deepforest_custom/phase5_tiles/won_tile_30_rot196.tif,194,345,246,403,Tree
/Users/tompitts/dphil/CanopyAI/deepforest_custom/phase5_tiles/won_tile_30_rot196.tif,189,293,242,348,Tree
/Users/tompitts/dphil/CanopyAI/deepforest_custom/phase5_tiles/won_tile_30_rot196.tif,0,207,32,259,Tree
/Users/tompitts/dphil/CanopyAI/deepforest_custom/phase5_tiles/won_tile_30_rot196.tif,175,117,223,174,Tree
/Users/tompitts/dphil/CanopyAI/deepforest_custom/phase5_tiles/won_tile_30_rot196.tif,149,111,193,161,Tree
/Users/tompitts/dphil/CanopyAI/deepforest_custom/phase5_tiles/won_tile_30_rot196.tif,54,186,108,242,Tree
/Users/tompitts/dphil/CanopyAI/deepforest_custom/phase5_tiles/won_tile_30_rot196.tif,20,158,67,214,Tree
/Users/tompitts/dphil/CanopyAI/deepforest_custom/phase5_tiles/won_tile_30_rot196.tif,193,57,240,101,Tree
/Users/tompitts/dphil/CanopyAI/deepforest_custom/phase5_tiles/won_tile_30_rot196.tif,212,92,267,154,Tree
/Users/tompitts/dphil/CanopyAI/deepforest_custom/phase5_tiles/won_tile_30_rot196.tif,197,182,263,254,Tree
/Users/tompitts/dphil/CanopyAI/deepforest_custom/phase5_tiles/won_tile_30_rot196.tif,56,233,178,325,Tree
/Users/tompitts/dphil/CanopyAI/deepforest_custom/phase5_tiles/won_tile_30_rot196.tif,0,81,35,211,Tree
/Users/tompitts/dphil/CanopyAI/deepforest_custom/phase5_tiles/won_tile_30_rot196.tif,111,411,164,470,Tree
/Users/tompitts/dphil/CanopyAI/deepforest_custom/phase5_tiles/won_tile_30_rot196.tif,144,382,197,433,Tree
/Users/tompitts/dphil/CanopyAI/deepforest_custom/phase5_tiles/won_tile_30_rot196.tif,102,309,151,362,Tree
/Users/tompitts/dphil/CanopyAI/deepforest_custom/phase5_tiles/won_tile_30_rot196.tif,141,322,184,367,Tree
/Users/tompitts/dphil/CanopyAI/deepforest_custom/phase5_tiles/won_tile_30_rot196.tif,362,215,410,272,Tree
/Users/tompitts/dphil/CanopyAI/deepforest_custom/phase5_tiles/won_tile_30_rot196.tif,325,206,378,266,Tree
/Users/tompitts/dphil/CanopyAI/deepforest_custom/phase5_tiles/won_tile_9_rot253.tif,399,477,440,500,Tree
/Users/tompitts/dphil/CanopyAI/deepforest_custom/phase5_tiles/won_tile_9_rot253.tif,428,312,486,357,Tree
/Users/tompitts/dphil/CanopyAI/deepforest_custom/phase5_tiles/won_tile_9_rot253.tif,472,58,500,104,Tree
/Users/tompitts/dphil/CanopyAI/deepforest_custom/phase5_tiles/won_tile_9_rot253.tif,465,170,500,216,Tree
/Users/tompitts/dphil/CanopyAI/deepforest_custom/phase5_tiles/won_tile_9_rot253.tif,437,238,487,281,Tree
/Users/tompitts/dphil/CanopyAI/deepforest_custom/phase5_tiles/won_tile_9_rot253.tif,411,346,459,384,Tree
/Users/tompitts/dphil/CanopyAI/deepforest_custom/phase5_tiles/won_tile_9_rot253.tif,318,449,364,488,Tree
/Users/tompitts/dphil/CanopyAI/deepforest_custom/phase5_tiles/won_tile_9_rot253.tif,414,39,472,80,Tree
/Users/tompitts/dphil/CanopyAI/deepforest_custom/phase5_tiles/won_tile_9_rot253.tif,374,266,427,309,Tree
/Users/tompitts/dphil/CanopyAI/deepforest_custom/phase5_tiles/won_tile_9_rot253.tif,314,374,382,432,Tree
/Users/tompitts/dphil/CanopyAI/deepforest_custom/phase5_tiles/won_tile_9_rot253.tif,348,355,400,393,Tree
/Users/tompitts/dphil/CanopyAI/deepforest_custom/phase5_tiles/won_tile_9_rot253.tif,353,177,411,221,Tree
/Users/tompitts/dphil/CanopyAI/deepforest_custom/phase5_tiles/won_tile_9_rot253.tif,340,205,404,255,Tree
/Users/tompitts/dphil/CanopyAI/deepforest_custom/phase5_tiles/won_tile_9_rot253.tif,305,148,349,185,Tree
/Users/tompitts/dphil/CanopyAI/deepforest_custom/phase5_tiles/won_tile_9_rot253.tif,299,179,351,226,Tree
/Users/tompitts/dphil/CanopyAI/deepforest_custom/phase5_tiles/won_tile_9_rot253.tif,358,80,412,123,Tree
/Users/tompitts/dphil/CanopyAI/deepforest_custom/phase5_tiles/won_tile_9_rot253.tif,365,53,431,102,Tree
/Users/tompitts/dphil/CanopyAI/deepforest_custom/phase5_tiles/won_tile_9_rot253.tif,391,40,437,74,Tree
/Users/tompitts/dphil/CanopyAI/deepforest_custom/phase5_tiles/won_tile_9_rot253.tif,264,438,316,475,Tree
/Users/tompitts/dphil/CanopyAI/deepforest_custom/phase5_tiles/won_tile_9_rot253.tif,250,459,307,500,Tree
/Users/tompitts/dphil/CanopyAI/deepforest_custom/phase5_tiles/won_tile_9_rot253.tif,177,374,256,433,Tree
/Users/tompitts/dphil/CanopyAI/deepforest_custom/phase5_tiles/won_tile_9_rot253.tif,232,306,303,375,Tree
/Users/tompitts/dphil/CanopyAI/deepforest_custom/phase5_tiles/won_tile_9_rot253.tif,300,34,357,77,Tree
/Users/tompitts/dphil/CanopyAI/deepforest_custom/phase5_tiles/won_tile_9_rot253.tif,97,412,187,480,Tree
/Users/tompitts/dphil/CanopyAI/deepforest_custom/phase5_tiles/won_tile_9_rot253.tif,143,328,213,384,Tree
/Users/tompitts/dphil/CanopyAI/deepforest_custom/phase5_tiles/won_tile_9_rot253.tif,161,303,218,345,Tree
/Users/tompitts/dphil/CanopyAI/deepforest_custom/phase5_tiles/won_tile_9_rot253.tif,221,74,275,120,Tree
/Users/tompitts/dphil/CanopyAI/deepforest_custom/phase5_tiles/won_tile_9_rot253.tif,116,92,168,135,Tree
/Users/tompitts/dphil/CanopyAI/deepforest_custom/phase5_tiles/won_tile_9_rot253.tif,144,0,210,33,Tree
/Users/tompitts/dphil/CanopyAI/deepforest_custom/phase5_tiles/won_tile_9_rot253.tif,153,28,206,71,Tree
/Users/tompitts/dphil/CanopyAI/deepforest_custom/phase5_tiles/won_tile_9_rot253.tif,143,78,208,144,Tree
/Users/tompitts/dphil/CanopyAI/deepforest_custom/phase5_tiles/won_tile_9_rot253.tif,36,308,137,376,Tree
/Users/tompitts/dphil/CanopyAI/deepforest_custom/phase5_tiles/won_tile_9_rot253.tif,4,376,87,456,Tree
/Users/tompitts/dphil/CanopyAI/deepforest_custom/phase5_tiles/won_tile_9_rot253.tif,28,349,104,402,Tree
/Users/tompitts/dphil/CanopyAI/deepforest_custom/phase5_tiles/won_tile_9_rot253.tif,67,154,140,217,Tree
/Users/tompitts/dphil/CanopyAI/deepforest_custom/phase5_tiles/won_tile_9_rot253.tif,110,131,162,180,Tree
/Users/tompitts/dphil/CanopyAI/deepforest_custom/phase5_tiles/won_tile_9_rot253.tif,48,9,123,72,Tree
/Users/tompitts/dphil/CanopyAI/deepforest_custom/phase5_tiles/won_tile_9_rot253.tif,24,98,100,153,Tree
/Users/tompitts/dphil/CanopyAI/deepforest_custom/phase5_tiles/won_tile_9_rot253.tif,45,202,102,244,Tree
/Users/tompitts/dphil/CanopyAI/deepforest_custom/phase5_tiles/won_tile_9_rot253.tif,0,194,83,261,Tree
/Users/tompitts/dphil/CanopyAI/deepforest_custom/phase5_tiles/won_tile_9_rot253.tif,0,248,44,313,Tree
/Users/tompitts/dphil/CanopyAI/deepforest_custom/phase5_tiles/won_tile_9_rot253.tif,0,304,40,353,Tree
/Users/tompitts/dphil/CanopyAI/deepforest_custom/phase5_tiles/won_tile_9_rot253.tif,339,271,385,313,Tree
/Users/tompitts/dphil/CanopyAI/deepforest_custom/phase5_tiles/won_tile_9_rot253.tif,173,143,215,181,Tree
/Users/tompitts/dphil/CanopyAI/deepforest_custom/phase5_tiles/won_tile_9_rot253.tif,255,52,299,92,Tree
/Users/tompitts/dphil/CanopyAI/deepforest_custom/phase5_tiles/won_tile_9_rot253.tif,398,126,446,167,Tree
/Users/tompitts/dphil/CanopyAI/deepforest_custom/phase5_tiles/won_tile_9_rot253.tif,276,0,314,19,Tree
/Users/tompitts/dphil/CanopyAI/deepforest_custom/phase5_tiles/won_tile_13_rot9.tif,120,306,256,425,Tree
/Users/tompitts/dphil/CanopyAI/deepforest_custom/phase5_tiles/won_tile_13_rot9.tif,278,26,331,83,Tree
/Users/tompitts/dphil/CanopyAI/deepforest_custom/phase5_tiles/won_tile_13_rot9.tif,64,25,120,79,Tree
/Users/tompitts/dphil/CanopyAI/deepforest_custom/phase5_tiles/won_tile_13_rot9.tif,133,57,172,106,Tree
/Users/tompitts/dphil/CanopyAI/deepforest_custom/phase5_tiles/won_tile_13_rot9.tif,201,2,240,47,Tree
/Users/tompitts/dphil/CanopyAI/deepforest_custom/phase5_tiles/won_tile_13_rot9.tif,300,0,342,42,Tree
/Users/tompitts/dphil/CanopyAI/deepforest_custom/phase5_tiles/won_tile_13_rot9.tif,335,0,383,49,Tree
/Users/tompitts/dphil/CanopyAI/deepforest_custom/phase5_tiles/won_tile_13_rot9.tif,173,80,202,124,Tree
/Users/tompitts/dphil/CanopyAI/deepforest_custom/phase5_tiles/won_tile_13_rot9.tif,226,76,277,133,Tree
/Users/tompitts/dphil/CanopyAI/deepforest_custom/phase5_tiles/won_tile_13_rot9.tif,0,155,41,229,Tree
/Users/tompitts/dphil/CanopyAI/deepforest_custom/phase5_tiles/won_tile_13_rot9.tif,48,150,99,206,Tree
/Users/tompitts/dphil/CanopyAI/deepforest_custom/phase5_tiles/won_tile_13_rot9.tif,116,154,157,208,Tree
/Users/tompitts/dphil/CanopyAI/deepforest_custom/phase5_tiles/won_tile_13_rot9.tif,434,53,475,105,Tree
/Users/tompitts/dphil/CanopyAI/deepforest_custom/phase5_tiles/won_tile_13_rot9.tif,353,96,411,163,Tree
/Users/tompitts/dphil/CanopyAI/deepforest_custom/phase5_tiles/won_tile_13_rot9.tif,290,155,353,234,Tree
/Users/tompitts/dphil/CanopyAI/deepforest_custom/phase5_tiles/won_tile_13_rot9.tif,458,196,500,255,Tree
/Users/tompitts/dphil/CanopyAI/deepforest_custom/phase5_tiles/won_tile_13_rot9.tif,402,251,455,312,Tree
/Users/tompitts/dphil/CanopyAI/deepforest_custom/phase5_tiles/won_tile_13_rot9.tif,457,280,500,348,Tree
/Users/tompitts/dphil/CanopyAI/deepforest_custom/phase5_tiles/won_tile_13_rot9.tif,321,236,360,276,Tree
/Users/tompitts/dphil/CanopyAI/deepforest_custom/phase5_tiles/won_tile_13_rot9.tif,338,251,411,351,Tree
/Users/tompitts/dphil/CanopyAI/deepforest_custom/phase5_tiles/won_tile_13_rot9.tif,456,362,500,428,Tree
/Users/tompitts/dphil/CanopyAI/deepforest_custom/phase5_tiles/won_tile_13_rot9.tif,416,398,469,453,Tree
/Users/tompitts/dphil/CanopyAI/deepforest_custom/phase5_tiles/won_tile_13_rot9.tif,353,438,396,484,Tree
/Users/tompitts/dphil/CanopyAI/deepforest_custom/phase5_tiles/won_tile_13_rot9.tif,328,380,371,437,Tree
/Users/tompitts/dphil/CanopyAI/deepforest_custom/phase5_tiles/won_tile_13_rot9.tif,102,402,142,452,Tree
/Users/tompitts/dphil/CanopyAI/deepforest_custom/phase5_tiles/won_tile_13_rot9.tif,154,443,196,495,Tree
/Users/tompitts/dphil/CanopyAI/deepforest_custom/phase5_tiles/won_tile_13_rot9.tif,228,232,274,283,Tree
/Users/tompitts/dphil/CanopyAI/deepforest_custom/phase5_tiles/won_tile_13_rot9.tif,153,215,193,272,Tree
/Users/tompitts/dphil/CanopyAI/deepforest_custom/phase5_tiles/won_tile_13_rot9.tif,207,154,249,204,Tree
/Users/tompitts/dphil/CanopyAI/deepforest_custom/phase5_tiles/won_tile_13_rot9.tif,275,73,323,130,Tree
/Users/tompitts/dphil/CanopyAI/deepforest_custom/phase5_tiles/won_tile_13_rot9.tif,13,247,48,294,Tree
/Users/tompitts/dphil/CanopyAI/deepforest_custom/phase5_tiles/won_tile_13_rot9.tif,10,298,47,343,Tree
/Users/tompitts/dphil/CanopyAI/deepforest_custom/phase5_tiles/won_tile_13_rot9.tif,41,247,84,322,Tree
/Users/tompitts/dphil/CanopyAI/deepforest_custom/phase5_tiles/won_tile_13_rot9.tif,86,211,155,306,Tree
/Users/tompitts/dphil/CanopyAI/deepforest_custom/phase5_tiles/won_tile_13_rot9.tif,56,288,103,343,Tree
/Users/tompitts/dphil/CanopyAI/deepforest_custom/phase5_tiles/won_tile_13_rot9.tif,260,149,299,194,Tree
/Users/tompitts/dphil/CanopyAI/deepforest_custom/phase5_tiles/won_tile_26_rot181.tif,326,396,372,464,Tree
/Users/tompitts/dphil/CanopyAI/deepforest_custom/phase5_tiles/won_tile_26_rot181.tif,279,334,315,377,Tree
/Users/tompitts/dphil/CanopyAI/deepforest_custom/phase5_tiles/won_tile_26_rot181.tif,309,299,353,341,Tree
/Users/tompitts/dphil/CanopyAI/deepforest_custom/phase5_tiles/won_tile_26_rot181.tif,332,215,377,253,Tree
/Users/tompitts/dphil/CanopyAI/deepforest_custom/phase5_tiles/won_tile_26_rot181.tif,87,442,134,495,Tree
/Users/tompitts/dphil/CanopyAI/deepforest_custom/phase5_tiles/won_tile_26_rot181.tif,139,406,180,458,Tree
/Users/tompitts/dphil/CanopyAI/deepforest_custom/phase5_tiles/won_tile_26_rot181.tif,246,476,287,500,Tree
/Users/tompitts/dphil/CanopyAI/deepforest_custom/phase5_tiles/won_tile_26_rot181.tif,223,384,275,442,Tree
/Users/tompitts/dphil/CanopyAI/deepforest_custom/phase5_tiles/won_tile_26_rot181.tif,230,343,265,376,Tree
/Users/tompitts/dphil/CanopyAI/deepforest_custom/phase5_tiles/won_tile_26_rot181.tif,188,369,217,405,Tree
/Users/tompitts/dphil/CanopyAI/deepforest_custom/phase5_tiles/won_tile_26_rot181.tif,144,282,200,325,Tree
/Users/tompitts/dphil/CanopyAI/deepforest_custom/phase5_tiles/won_tile_26_rot181.tif,123,245,168,291,Tree
/Users/tompitts/dphil/CanopyAI/deepforest_custom/phase5_tiles/won_tile_26_rot181.tif,179,154,244,207,Tree
/Users/tompitts/dphil/CanopyAI/deepforest_custom/phase5_tiles/won_tile_26_rot181.tif,282,0,370,78,Tree
/Users/tompitts/dphil/CanopyAI/deepforest_custom/phase5_tiles/won_tile_26_rot181.tif,114,3,175,39,Tree
/Users/tompitts/dphil/CanopyAI/deepforest_custom/phase5_tiles/won_tile_26_rot181.tif,107,46,151,95,Tree
/Users/tompitts/dphil/CanopyAI/deepforest_custom/phase5_tiles/won_tile_26_rot181.tif,166,112,216,147,Tree
/Users/tompitts/dphil/CanopyAI/deepforest_custom/phase5_tiles/won_tile_26_rot181.tif,177,77,243,117,Tree
/Users/tompitts/dphil/CanopyAI/deepforest_custom/phase5_tiles/won_tile_26_rot181.tif,214,15,253,60,Tree
/Users/tompitts/dphil/CanopyAI/deepforest_custom/phase5_tiles/won_tile_26_rot181.tif,168,20,207,66,Tree
/Users/tompitts/dphil/CanopyAI/deepforest_custom/phase5_tiles/won_tile_26_rot181.tif,258,234,301,285,Tree
/Users/tompitts/dphil/CanopyAI/deepforest_custom/phase5_tiles/won_tile_26_rot181.tif,290,175,316,203,Tree
/Users/tompitts/dphil/CanopyAI/deepforest_custom/phase5_tiles/won_tile_26_rot181.tif,315,79,354,122,Tree
/Users/tompitts/dphil/CanopyAI/deepforest_custom/phase5_tiles/won_tile_26_rot181.tif,260,76,306,118,Tree
/Users/tompitts/dphil/CanopyAI/deepforest_custom/phase5_tiles/won_tile_26_rot181.tif,175,316,221,360,Tree
/Users/tompitts/dphil/CanopyAI/deepforest_custom/phase5_tiles/won_tile_26_rot181.tif,66,402,107,456,Tree
/Users/tompitts/dphil/CanopyAI/deepforest_custom/phase5_tiles/won_tile_26_rot181.tif,61,313,132,395,Tree
/Users/tompitts/dphil/CanopyAI/deepforest_custom/phase5_tiles/won_tile_26_rot181.tif,1,270,37,327,Tree
/Users/tompitts/dphil/CanopyAI/deepforest_custom/phase5_tiles/won_tile_26_rot181.tif,44,256,97,322,Tree
/Users/tompitts/dphil/CanopyAI/deepforest_custom/phase5_tiles/won_tile_26_rot181.tif,22,183,60,237,Tree
/Users/tompitts/dphil/CanopyAI/deepforest_custom/phase5_tiles/won_tile_26_rot181.tif,22,149,51,201,Tree
/Users/tompitts/dphil/CanopyAI/deepforest_custom/phase5_tiles/won_tile_26_rot181.tif,0,102,45,191,Tree
/Users/tompitts/dphil/CanopyAI/deepforest_custom/phase5_tiles/won_tile_26_rot181.tif,97,209,138,245,Tree
/Users/tompitts/dphil/CanopyAI/deepforest_custom/phase5_tiles/won_tile_26_rot181.tif,93,164,126,203,Tree
/Users/tompitts/dphil/CanopyAI/deepforest_custom/phase5_tiles/won_tile_26_rot181.tif,84,103,119,143,Tree
/Users/tompitts/dphil/CanopyAI/deepforest_custom/phase5_tiles/won_tile_26_rot181.tif,54,142,85,175,Tree
/Users/tompitts/dphil/CanopyAI/deepforest_custom/phase5_tiles/won_tile_26_rot181.tif,116,100,164,149,Tree
/Users/tompitts/dphil/CanopyAI/deepforest_custom/phase5_tiles/won_tile_26_rot181.tif,35,6,99,81,Tree
/Users/tompitts/dphil/CanopyAI/deepforest_custom/phase5_tiles/won_tile_54_rot298.tif,278,0,348,28,Tree
/Users/tompitts/dphil/CanopyAI/deepforest_custom/phase5_tiles/won_tile_54_rot298.tif,339,16,421,102,Tree
/Users/tompitts/dphil/CanopyAI/deepforest_custom/phase5_tiles/won_tile_54_rot298.tif,386,72,466,156,Tree
/Users/tompitts/dphil/CanopyAI/deepforest_custom/phase5_tiles/won_tile_54_rot298.tif,441,121,482,166,Tree
/Users/tompitts/dphil/CanopyAI/deepforest_custom/phase5_tiles/won_tile_54_rot298.tif,456,215,500,269,Tree
/Users/tompitts/dphil/CanopyAI/deepforest_custom/phase5_tiles/won_tile_54_rot298.tif,477,252,500,301,Tree
/Users/tompitts/dphil/CanopyAI/deepforest_custom/phase5_tiles/won_tile_54_rot298.tif,319,120,383,181,Tree
/Users/tompitts/dphil/CanopyAI/deepforest_custom/phase5_tiles/won_tile_54_rot298.tif,192,126,266,199,Tree
/Users/tompitts/dphil/CanopyAI/deepforest_custom/phase5_tiles/won_tile_54_rot298.tif,416,324,459,364,Tree
/Users/tompitts/dphil/CanopyAI/deepforest_custom/phase5_tiles/won_tile_54_rot298.tif,362,342,420,398,Tree
/Users/tompitts/dphil/CanopyAI/deepforest_custom/phase5_tiles/won_tile_54_rot298.tif,309,289,377,355,Tree
/Users/tompitts/dphil/CanopyAI/deepforest_custom/phase5_tiles/won_tile_54_rot298.tif,280,168,363,245,Tree
/Users/tompitts/dphil/CanopyAI/deepforest_custom/phase5_tiles/won_tile_54_rot298.tif,105,176,175,244,Tree
/Users/tompitts/dphil/CanopyAI/deepforest_custom/phase5_tiles/won_tile_54_rot298.tif,116,217,189,290,Tree
/Users/tompitts/dphil/CanopyAI/deepforest_custom/phase5_tiles/won_tile_54_rot298.tif,23,111,98,184,Tree
/Users/tompitts/dphil/CanopyAI/deepforest_custom/phase5_tiles/won_tile_54_rot298.tif,0,87,48,146,Tree
/Users/tompitts/dphil/CanopyAI/deepforest_custom/phase5_tiles/won_tile_54_rot298.tif,0,128,51,226,Tree
/Users/tompitts/dphil/CanopyAI/deepforest_custom/phase5_tiles/won_tile_54_rot298.tif,33,179,83,229,Tree
/Users/tompitts/dphil/CanopyAI/deepforest_custom/phase5_tiles/won_tile_54_rot298.tif,47,262,124,341,Tree
/Users/tompitts/dphil/CanopyAI/deepforest_custom/phase5_tiles/won_tile_54_rot298.tif,191,371,252,428,Tree
/Users/tompitts/dphil/CanopyAI/deepforest_custom/phase5_tiles/won_tile_54_rot298.tif,175,465,238,500,Tree
/Users/tompitts/dphil/CanopyAI/deepforest_custom/phase5_tiles/won_tile_54_rot298.tif,176,418,233,477,Tree
/Users/tompitts/dphil/CanopyAI/deepforest_custom/phase5_tiles/won_tile_54_rot298.tif,67,410,139,483,Tree
/Users/tompitts/dphil/CanopyAI/deepforest_custom/phase5_tiles/won_tile_54_rot298.tif,155,277,216,337,Tree
/Users/tompitts/dphil/CanopyAI/deepforest_custom/phase5_tiles/won_tile_54_rot298.tif,166,181,223,240,Tree
/Users/tompitts/dphil/CanopyAI/deepforest_custom/phase5_tiles/won_tile_54_rot298.tif,298,377,344,419,Tree
/Users/tompitts/dphil/CanopyAI/deepforest_custom/phase5_tiles/won_tile_54_rot298.tif,267,349,310,389,Tree
/Users/tompitts/dphil/CanopyAI/deepforest_custom/phase5_tiles/won_tile_54_rot298.tif,253,446,314,500,Tree
/Users/tompitts/dphil/CanopyAI/deepforest_custom/phase5_tiles/won_tile_54_rot298.tif,297,420,365,491,Tree
/Users/tompitts/dphil/CanopyAI/deepforest_custom/phase5_tiles/won_tile_54_rot298.tif,261,285,332,358,Tree
/Users/tompitts/dphil/CanopyAI/deepforest_custom/phase5_tiles/won_tile_54_rot298.tif,121,364,179,417,Tree
/Users/tompitts/dphil/CanopyAI/deepforest_custom/phase5_tiles/won_tile_54_rot298.tif,78,333,147,399,Tree
/Users/tompitts/dphil/CanopyAI/deepforest_custom/phase5_tiles/won_tile_4_rot193.tif,260,255,327,323,Tree
/Users/tompitts/dphil/CanopyAI/deepforest_custom/phase5_tiles/won_tile_4_rot193.tif,172,453,243,500,Tree
/Users/tompitts/dphil/CanopyAI/deepforest_custom/phase5_tiles/won_tile_4_rot193.tif,179,417,223,462,Tree
/Users/tompitts/dphil/CanopyAI/deepforest_custom/phase5_tiles/won_tile_4_rot193.tif,143,371,198,425,Tree
/Users/tompitts/dphil/CanopyAI/deepforest_custom/phase5_tiles/won_tile_4_rot193.tif,96,233,137,279,Tree
/Users/tompitts/dphil/CanopyAI/deepforest_custom/phase5_tiles/won_tile_4_rot193.tif,268,118,328,173,Tree
/Users/tompitts/dphil/CanopyAI/deepforest_custom/phase5_tiles/won_tile_4_rot193.tif,345,73,397,125,Tree
/Users/tompitts/dphil/CanopyAI/deepforest_custom/phase5_tiles/won_tile_4_rot193.tif,430,407,475,452,Tree
/Users/tompitts/dphil/CanopyAI/deepforest_custom/phase5_tiles/won_tile_4_rot193.tif,294,362,370,464,Tree
/Users/tompitts/dphil/CanopyAI/deepforest_custom/phase5_tiles/won_tile_4_rot193.tif,421,313,472,360,Tree
/Users/tompitts/dphil/CanopyAI/deepforest_custom/phase5_tiles/won_tile_4_rot193.tif,482,357,500,398,Tree
/Users/tompitts/dphil/CanopyAI/deepforest_custom/phase5_tiles/won_tile_4_rot193.tif,110,25,148,73,Tree
/Users/tompitts/dphil/CanopyAI/deepforest_custom/phase5_tiles/won_tile_4_rot193.tif,149,6,204,49,Tree
/Users/tompitts/dphil/CanopyAI/deepforest_custom/phase5_tiles/won_tile_4_rot193.tif,312,0,358,10,Tree
/Users/tompitts/dphil/CanopyAI/deepforest_custom/phase5_tiles/won_tile_4_rot193.tif,420,0,461,59,Tree
/Users/tompitts/dphil/CanopyAI/deepforest_custom/phase5_tiles/won_tile_4_rot193.tif,422,70,468,122,Tree
/Users/tompitts/dphil/CanopyAI/deepforest_custom/phase5_tiles/won_tile_4_rot193.tif,371,162,422,215,Tree
/Users/tompitts/dphil/CanopyAI/deepforest_custom/phase5_tiles/won_tile_4_rot193.tif,467,210,500,252,Tree
/Users/tompitts/dphil/CanopyAI/deepforest_custom/phase5_tiles/won_tile_4_rot193.tif,447,253,487,296,Tree
/Users/tompitts/dphil/CanopyAI/deepforest_custom/phase5_tiles/won_tile_4_rot193.tif,283,305,336,355,Tree
/Users/tompitts/dphil/CanopyAI/deepforest_custom/phase5_tiles/won_tile_4_rot193.tif,382,225,426,281,Tree
/Users/tompitts/dphil/CanopyAI/deepforest_custom/phase5_tiles/won_tile_4_rot193.tif,184,225,214,260,Tree
/Users/tompitts/dphil/CanopyAI/deepforest_custom/phase5_tiles/won_tile_4_rot193.tif,220,193,254,225,Tree
/Users/tompitts/dphil/CanopyAI/deepforest_custom/phase5_tiles/won_tile_4_rot193.tif,191,188,224,215,Tree
/Users/tompitts/dphil/CanopyAI/deepforest_custom/phase5_tiles/won_tile_4_rot193.tif,186,160,215,196,Tree
/Users/tompitts/dphil/CanopyAI/deepforest_custom/phase5_tiles/won_tile_4_rot193.tif,216,251,247,283,Tree
/Users/tompitts/dphil/CanopyAI/deepforest_custom/phase5_tiles/won_tile_4_rot193.tif,201,39,243,80,Tree
/Users/tompitts/dphil/CanopyAI/deepforest_custom/phase5_tiles/won_tile_34_rot291.tif,397,0,428,29,Tree
/Users/tompitts/dphil/CanopyAI/deepforest_custom/phase5_tiles/won_tile_34_rot291.tif,368,12,446,88,Tree
/Users/tompitts/dphil/CanopyAI/deepforest_custom/phase5_tiles/won_tile_34_rot291.tif,341,64,410,129,Tree
/Users/tompitts/dphil/CanopyAI/deepforest_custom/phase5_tiles/won_tile_34_rot291.tif,414,91,469,141,Tree
/Users/tompitts/dphil/CanopyAI/deepforest_custom/phase5_tiles/won_tile_34_rot291.tif,415,115,491,199,Tree
/Users/tompitts/dphil/CanopyAI/deepforest_custom/phase5_tiles/won_tile_34_rot291.tif,370,135,448,206,Tree
/Users/tompitts/dphil/CanopyAI/deepforest_custom/phase5_tiles/won_tile_34_rot291.tif,419,185,497,257,Tree
/Users/tompitts/dphil/CanopyAI/deepforest_custom/phase5_tiles/won_tile_34_rot291.tif,483,245,500,287,Tree
/Users/tompitts/dphil/CanopyAI/deepforest_custom/phase5_tiles/won_tile_34_rot291.tif,462,343,500,425,Tree
/Users/tompitts/dphil/CanopyAI/deepforest_custom/phase5_tiles/won_tile_34_rot291.tif,246,0,315,21,Tree
/Users/tompitts/dphil/CanopyAI/deepforest_custom/phase5_tiles/won_tile_34_rot291.tif,219,13,297,79,Tree
/Users/tompitts/dphil/CanopyAI/deepforest_custom/phase5_tiles/won_tile_34_rot291.tif,283,5,355,84,Tree
/Users/tompitts/dphil/CanopyAI/deepforest_custom/phase5_tiles/won_tile_34_rot291.tif,251,224,352,313,Tree
/Users/tompitts/dphil/CanopyAI/deepforest_custom/phase5_tiles/won_tile_34_rot291.tif,379,268,437,312,Tree
/Users/tompitts/dphil/CanopyAI/deepforest_custom/phase5_tiles/won_tile_34_rot291.tif,392,301,462,362,Tree
/Users/tompitts/dphil/CanopyAI/deepforest_custom/phase5_tiles/won_tile_34_rot291.tif,276,148,336,200,Tree
/Users/tompitts/dphil/CanopyAI/deepforest_custom/phase5_tiles/won_tile_34_rot291.tif,290,73,348,125,Tree
/Users/tompitts/dphil/CanopyAI/deepforest_custom/phase5_tiles/won_tile_34_rot291.tif,203,147,279,218,Tree
/Users/tompitts/dphil/CanopyAI/deepforest_custom/phase5_tiles/won_tile_34_rot291.tif,337,393,397,446,Tree
/Users/tompitts/dphil/CanopyAI/deepforest_custom/phase5_tiles/won_tile_34_rot291.tif,315,322,374,380,Tree
/Users/tompitts/dphil/CanopyAI/deepforest_custom/phase5_tiles/won_tile_34_rot291.tif,249,286,326,349,Tree
/Users/tompitts/dphil/CanopyAI/deepforest_custom/phase5_tiles/won_tile_34_rot291.tif,65,258,148,338,Tree
/Users/tompitts/dphil/CanopyAI/deepforest_custom/phase5_tiles/won_tile_34_rot291.tif,129,230,202,294,Tree
/Users/tompitts/dphil/CanopyAI/deepforest_custom/phase5_tiles/won_tile_34_rot291.tif,160,303,229,360,Tree
/Users/tompitts/dphil/CanopyAI/deepforest_custom/phase5_tiles/won_tile_34_rot291.tif,230,387,283,438,Tree
/Users/tompitts/dphil/CanopyAI/deepforest_custom/phase5_tiles/won_tile_34_rot291.tif,197,376,253,433,Tree
/Users/tompitts/dphil/CanopyAI/deepforest_custom/phase5_tiles/won_tile_34_rot291.tif,143,366,212,425,Tree
/Users/tompitts/dphil/CanopyAI/deepforest_custom/phase5_tiles/won_tile_34_rot291.tif,87,482,138,500,Tree
/Users/tompitts/dphil/CanopyAI/deepforest_custom/phase5_tiles/won_tile_34_rot291.tif,16,285,66,334,Tree
/Users/tompitts/dphil/CanopyAI/deepforest_custom/phase5_tiles/won_tile_34_rot291.tif,0,151,63,217,Tree
/Users/tompitts/dphil/CanopyAI/deepforest_custom/phase5_tiles/won_tile_34_rot291.tif,107,144,158,189,Tree
/Users/tompitts/dphil/CanopyAI/deepforest_custom/phase5_tiles/won_tile_34_rot291.tif,0,227,11,275,Tree
/Users/tompitts/dphil/CanopyAI/deepforest_custom/phase5_tiles/won_tile_46_rot305.tif,260,93,324,155,Tree
/Users/tompitts/dphil/CanopyAI/deepforest_custom/phase5_tiles/won_tile_46_rot305.tif,271,39,338,105,Tree
/Users/tompitts/dphil/CanopyAI/deepforest_custom/phase5_tiles/won_tile_46_rot305.tif,302,0,368,59,Tree
/Users/tompitts/dphil/CanopyAI/deepforest_custom/phase5_tiles/won_tile_46_rot305.tif,358,23,421,85,Tree
/Users/tompitts/dphil/CanopyAI/deepforest_custom/phase5_tiles/won_tile_46_rot305.tif,392,123,445,173,Tree
/Users/tompitts/dphil/CanopyAI/deepforest_custom/phase5_tiles/won_tile_46_rot305.tif,422,142,485,201,Tree
/Users/tompitts/dphil/CanopyAI/deepforest_custom/phase5_tiles/won_tile_46_rot305.tif,407,221,454,265,Tree
/Users/tompitts/dphil/CanopyAI/deepforest_custom/phase5_tiles/won_tile_46_rot305.tif,371,168,429,224,Tree
/Users/tompitts/dphil/CanopyAI/deepforest_custom/phase5_tiles/won_tile_46_rot305.tif,366,199,409,241,Tree
/Users/tompitts/dphil/CanopyAI/deepforest_custom/phase5_tiles/won_tile_46_rot305.tif,434,325,500,390,Tree
/Users/tompitts/dphil/CanopyAI/deepforest_custom/phase5_tiles/won_tile_46_rot305.tif,171,0,266,42,Tree
/Users/tompitts/dphil/CanopyAI/deepforest_custom/phase5_tiles/won_tile_46_rot305.tif,101,15,170,79,Tree
/Users/tompitts/dphil/CanopyAI/deepforest_custom/phase5_tiles/won_tile_46_rot305.tif,176,128,231,183,Tree
/Users/tompitts/dphil/CanopyAI/deepforest_custom/phase5_tiles/won_tile_46_rot305.tif,198,75,247,122,Tree
/Users/tompitts/dphil/CanopyAI/deepforest_custom/phase5_tiles/won_tile_46_rot305.tif,143,41,203,100,Tree
/Users/tompitts/dphil/CanopyAI/deepforest_custom/phase5_tiles/won_tile_46_rot305.tif,86,55,142,111,Tree
/Users/tompitts/dphil/CanopyAI/deepforest_custom/phase5_tiles/won_tile_46_rot305.tif,382,257,436,308,Tree
/Users/tompitts/dphil/CanopyAI/deepforest_custom/phase5_tiles/won_tile_46_rot305.tif,331,262,410,343,Tree
/Users/tompitts/dphil/CanopyAI/deepforest_custom/phase5_tiles/won_tile_46_rot305.tif,254,230,345,323,Tree
/Users/tompitts/dphil/CanopyAI/deepforest_custom/phase5_tiles/won_tile_46_rot305.tif,317,323,375,381,Tree
/Users/tompitts/dphil/CanopyAI/deepforest_custom/phase5_tiles/won_tile_46_rot305.tif,229,338,289,399,Tree
/Users/tompitts/dphil/CanopyAI/deepforest_custom/phase5_tiles/won_tile_46_rot305.tif,222,285,314,378,Tree
/Users/tompitts/dphil/CanopyAI/deepforest_custom/phase5_tiles/won_tile_46_rot305.tif,251,379,322,448,Tree
/Users/tompitts/dphil/CanopyAI/deepforest_custom/phase5_tiles/won_tile_46_rot305.tif,198,388,253,441,Tree
/Users/tompitts/dphil/CanopyAI/deepforest_custom/phase5_tiles/won_tile_46_rot305.tif,205,447,277,500,Tree
/Users/tompitts/dphil/CanopyAI/deepforest_custom/phase5_tiles/won_tile_46_rot305.tif,159,484,244,500,Tree
/Users/tompitts/dphil/CanopyAI/deepforest_custom/phase5_tiles/won_tile_46_rot305.tif,189,214,250,273,Tree
/Users/tompitts/dphil/CanopyAI/deepforest_custom/phase5_tiles/won_tile_46_rot305.tif,116,295,175,352,Tree
/Users/tompitts/dphil/CanopyAI/deepforest_custom/phase5_tiles/won_tile_46_rot305.tif,0,220,52,294,Tree
/Users/tompitts/dphil/CanopyAI/deepforest_custom/phase5_tiles/won_tile_46_rot305.tif,0,161,62,226,Tree
/Users/tompitts/dphil/CanopyAI/deepforest_custom/phase5_tiles/won_tile_46_rot305.tif,0,131,17,203,Tree
/Users/tompitts/dphil/CanopyAI/deepforest_custom/phase5_tiles/won_tile_46_rot305.tif,129,160,188,219,Tree
/Users/tompitts/dphil/CanopyAI/deepforest_custom/phase5_tiles/won_tile_46_rot305.tif,104,404,163,462,Tree
/Users/tompitts/dphil/CanopyAI/deepforest_custom/phase5_tiles/won_tile_46_rot305.tif,129,435,184,486,Tree
/Users/tompitts/dphil/CanopyAI/deepforest_custom/phase5_tiles/won_tile_46_rot305.tif,174,422,228,473,Tree
/Users/tompitts/dphil/CanopyAI/deepforest_custom/phase5_tiles/won_tile_46_rot305.tif,145,365,210,428,Tree
/Users/tompitts/dphil/CanopyAI/deepforest_custom/phase5_tiles/won_tile_46_rot305.tif,182,334,242,395,Tree
/Users/tompitts/dphil/CanopyAI/deepforest_custom/phase5_tiles/won_tile_46_rot305.tif,164,279,230,345,Tree
/Users/tompitts/dphil/CanopyAI/deepforest_custom/phase5_tiles/won_tile_46_rot305.tif,145,255,193,303,Tree
/Users/tompitts/dphil/CanopyAI/deepforest_custom/phase5_tiles/won_tile_46_rot305.tif,65,308,120,360,Tree
/Users/tompitts/dphil/CanopyAI/deepforest_custom/phase5_tiles/won_tile_46_rot305.tif,29,330,80,381,Tree
/Users/tompitts/dphil/CanopyAI/deepforest_custom/phase5_tiles/won_tile_46_rot305.tif,35,363,73,403,Tree
/Users/tompitts/dphil/CanopyAI/deepforest_custom/phase5_tiles/won_tile_46_rot305.tif,66,231,111,276,Tree
/Users/tompitts/dphil/CanopyAI/deepforest_custom/phase5_tiles/won_tile_46_rot305.tif,36,267,74,304,Tree
/Users/tompitts/dphil/CanopyAI/deepforest_custom/phase5_tiles/won_tile_46_rot305.tif,0,282,49,340,Tree
/Users/tompitts/dphil/CanopyAI/deepforest_custom/phase5_tiles/won_tile_41_rot121.tif,69,381,173,479,Tree
/Users/tompitts/dphil/CanopyAI/deepforest_custom/phase5_tiles/won_tile_41_rot121.tif,0,270,87,382,Tree
/Users/tompitts/dphil/CanopyAI/deepforest_custom/phase5_tiles/won_tile_41_rot121.tif,153,410,231,485,Tree
/Users/tompitts/dphil/CanopyAI/deepforest_custom/phase5_tiles/won_tile_41_rot121.tif,36,149,137,245,Tree
/Users/tompitts/dphil/CanopyAI/deepforest_custom/phase5_tiles/won_tile_41_rot121.tif,109,295,174,356,Tree
/Users/tompitts/dphil/CanopyAI/deepforest_custom/phase5_tiles/won_tile_41_rot121.tif,176,349,243,418,Tree
/Users/tompitts/dphil/CanopyAI/deepforest_custom/phase5_tiles/won_tile_41_rot121.tif,223,283,292,350,Tree
/Users/tompitts/dphil/CanopyAI/deepforest_custom/phase5_tiles/won_tile_41_rot121.tif,267,286,359,383,Tree
/Users/tompitts/dphil/CanopyAI/deepforest_custom/phase5_tiles/won_tile_41_rot121.tif,315,262,391,341,Tree
/Users/tompitts/dphil/CanopyAI/deepforest_custom/phase5_tiles/won_tile_41_rot121.tif,242,386,306,447,Tree
/Users/tompitts/dphil/CanopyAI/deepforest_custom/phase5_tiles/won_tile_41_rot121.tif,234,220,307,290,Tree
/Users/tompitts/dphil/CanopyAI/deepforest_custom/phase5_tiles/won_tile_41_rot121.tif,166,196,225,254,Tree
/Users/tompitts/dphil/CanopyAI/deepforest_custom/phase5_tiles/won_tile_41_rot121.tif,93,233,183,320,Tree
/Users/tompitts/dphil/CanopyAI/deepforest_custom/phase5_tiles/won_tile_41_rot121.tif,0,135,19,197,Tree
/Users/tompitts/dphil/CanopyAI/deepforest_custom/phase5_tiles/won_tile_41_rot121.tif,272,145,371,243,Tree
/Users/tompitts/dphil/CanopyAI/deepforest_custom/phase5_tiles/won_tile_41_rot121.tif,256,86,356,182,Tree
/Users/tompitts/dphil/CanopyAI/deepforest_custom/phase5_tiles/won_tile_41_rot121.tif,227,27,351,138,Tree
/Users/tompitts/dphil/CanopyAI/deepforest_custom/phase5_tiles/won_tile_41_rot121.tif,315,32,415,134,Tree
/Users/tompitts/dphil/CanopyAI/deepforest_custom/phase5_tiles/won_tile_41_rot121.tif,280,0,357,47,Tree
/Users/tompitts/dphil/CanopyAI/deepforest_custom/phase5_tiles/won_tile_41_rot121.tif,479,247,500,311,Tree
/Users/tompitts/dphil/CanopyAI/deepforest_custom/phase5_tiles/won_tile_41_rot121.tif,447,300,500,387,Tree
/Users/tompitts/dphil/CanopyAI/deepforest_custom/phase5_tiles/won_tile_41_rot121.tif,365,192,432,259,Tree
/Users/tompitts/dphil/CanopyAI/deepforest_custom/phase5_tiles/won_tile_41_rot121.tif,407,159,463,215,Tree
/Users/tompitts/dphil/CanopyAI/deepforest_custom/phase5_tiles/won_tile_41_rot121.tif,476,180,500,236,Tree
/Users/tompitts/dphil/CanopyAI/deepforest_custom/phase5_tiles/won_tile_41_rot121.tif,442,130,494,189,Tree
/Users/tompitts/dphil/CanopyAI/deepforest_custom/phase5_tiles/won_tile_41_rot121.tif,394,83,463,148,Tree
/Users/tompitts/dphil/CanopyAI/deepforest_custom/phase5_tiles/won_tile_41_rot121.tif,327,0,403,54,Tree
/Users/tompitts/dphil/CanopyAI/deepforest_custom/phase5_tiles/won_tile_25_rot78.tif,0,172,114,250,Tree
/Users/tompitts/dphil/CanopyAI/deepforest_custom/phase5_tiles/won_tile_25_rot78.tif,47,0,120,17,Tree
/Users/tompitts/dphil/CanopyAI/deepforest_custom/phase5_tiles/won_tile_25_rot78.tif,124,0,183,36,Tree
/Users/tompitts/dphil/CanopyAI/deepforest_custom/phase5_tiles/won_tile_25_rot78.tif,118,138,189,210,Tree
/Users/tompitts/dphil/CanopyAI/deepforest_custom/phase5_tiles/won_tile_25_rot78.tif,171,182,246,245,Tree
/Users/tompitts/dphil/CanopyAI/deepforest_custom/phase5_tiles/won_tile_25_rot78.tif,65,394,122,437,Tree
/Users/tompitts/dphil/CanopyAI/deepforest_custom/phase5_tiles/won_tile_25_rot78.tif,86,330,141,387,Tree
/Users/tompitts/dphil/CanopyAI/deepforest_custom/phase5_tiles/won_tile_25_rot78.tif,124,425,245,500,Tree
/Users/tompitts/dphil/CanopyAI/deepforest_custom/phase5_tiles/won_tile_25_rot78.tif,229,430,287,490,Tree
/Users/tompitts/dphil/CanopyAI/deepforest_custom/phase5_tiles/won_tile_25_rot78.tif,271,403,346,474,Tree
/Users/tompitts/dphil/CanopyAI/deepforest_custom/phase5_tiles/won_tile_25_rot78.tif,285,217,467,412,Tree
/Users/tompitts/dphil/CanopyAI/deepforest_custom/phase5_tiles/won_tile_25_rot78.tif,329,165,400,228,Tree
/Users/tompitts/dphil/CanopyAI/deepforest_custom/phase5_tiles/won_tile_25_rot78.tif,414,147,490,204,Tree
/Users/tompitts/dphil/CanopyAI/deepforest_custom/phase5_tiles/won_tile_25_rot78.tif,370,100,425,141,Tree
/Users/tompitts/dphil/CanopyAI/deepforest_custom/phase5_tiles/won_tile_25_rot78.tif,346,16,413,67,Tree
/Users/tompitts/dphil/CanopyAI/deepforest_custom/phase5_tiles/won_tile_25_rot78.tif,184,0,258,41,Tree
/Users/tompitts/dphil/CanopyAI/deepforest_custom/phase5_tiles/won_tile_25_rot78.tif,147,344,206,398,Tree
/Users/tompitts/dphil/CanopyAI/deepforest_custom/phase5_tiles/won_tile_39_rot122.tif,25,329,106,407,Tree
/Users/tompitts/dphil/CanopyAI/deepforest_custom/phase5_tiles/won_tile_39_rot122.tif,0,219,54,275,Tree
/Users/tompitts/dphil/CanopyAI/deepforest_custom/phase5_tiles/won_tile_39_rot122.tif,250,404,351,500,Tree
/Users/tompitts/dphil/CanopyAI/deepforest_custom/phase5_tiles/won_tile_39_rot122.tif,449,301,500,393,Tree
/Users/tompitts/dphil/CanopyAI/deepforest_custom/phase5_tiles/won_tile_39_rot122.tif,375,403,432,455,Tree
/Users/tompitts/dphil/CanopyAI/deepforest_custom/phase5_tiles/won_tile_39_rot122.tif,284,337,372,428,Tree
/Users/tompitts/dphil/CanopyAI/deepforest_custom/phase5_tiles/won_tile_39_rot122.tif,147,463,209,500,Tree
/Users/tompitts/dphil/CanopyAI/deepforest_custom/phase5_tiles/won_tile_39_rot122.tif,167,329,228,386,Tree
/Users/tompitts/dphil/CanopyAI/deepforest_custom/phase5_tiles/won_tile_39_rot122.tif,85,222,145,281,Tree
/Users/tompitts/dphil/CanopyAI/deepforest_custom/phase5_tiles/won_tile_39_rot122.tif,103,166,166,227,Tree
/Users/tompitts/dphil/CanopyAI/deepforest_custom/phase5_tiles/won_tile_39_rot122.tif,172,170,223,219,Tree
/Users/tompitts/dphil/CanopyAI/deepforest_custom/phase5_tiles/won_tile_39_rot122.tif,265,199,329,259,Tree
/Users/tompitts/dphil/CanopyAI/deepforest_custom/phase5_tiles/won_tile_39_rot122.tif,339,269,395,324,Tree
/Users/tompitts/dphil/CanopyAI/deepforest_custom/phase5_tiles/won_tile_39_rot122.tif,372,308,424,358,Tree
/Users/tompitts/dphil/CanopyAI/deepforest_custom/phase5_tiles/won_tile_39_rot122.tif,249,107,313,171,Tree
/Users/tompitts/dphil/CanopyAI/deepforest_custom/phase5_tiles/won_tile_39_rot122.tif,226,65,294,132,Tree
/Users/tompitts/dphil/CanopyAI/deepforest_custom/phase5_tiles/won_tile_39_rot122.tif,282,72,350,138,Tree
/Users/tompitts/dphil/CanopyAI/deepforest_custom/phase5_tiles/won_tile_39_rot122.tif,302,34,352,83,Tree
/Users/tompitts/dphil/CanopyAI/deepforest_custom/phase5_tiles/won_tile_39_rot122.tif,323,146,374,198,Tree
/Users/tompitts/dphil/CanopyAI/deepforest_custom/phase5_tiles/won_tile_39_rot122.tif,93,306,175,391,Tree
/Users/tompitts/dphil/CanopyAI/deepforest_custom/phase5_tiles/won_tile_39_rot122.tif,237,329,302,391,Tree
/Users/tompitts/dphil/CanopyAI/deepforest_custom/phase5_tiles/won_tile_39_rot122.tif,344,191,406,253,Tree
/Users/tompitts/dphil/CanopyAI/deepforest_custom/phase5_tiles/won_tile_39_rot122.tif,359,186,490,325,Tree
/Users/tompitts/dphil/CanopyAI/deepforest_custom/phase5_tiles/won_tile_39_rot122.tif,147,280,195,325,Tree
/Users/tompitts/dphil/CanopyAI/deepforest_custom/phase5_tiles/won_tile_39_rot122.tif,183,276,234,326,Tree
/Users/tompitts/dphil/CanopyAI/deepforest_custom/phase5_tiles/won_tile_42_rot33.tif,208,0,278,47,Tree
/Users/tompitts/dphil/CanopyAI/deepforest_custom/phase5_tiles/won_tile_42_rot33.tif,130,10,187,68,Tree
/Users/tompitts/dphil/CanopyAI/deepforest_custom/phase5_tiles/won_tile_42_rot33.tif,0,105,55,190,Tree
/Users/tompitts/dphil/CanopyAI/deepforest_custom/phase5_tiles/won_tile_42_rot33.tif,0,208,54,276,Tree
/Users/tompitts/dphil/CanopyAI/deepforest_custom/phase5_tiles/won_tile_42_rot33.tif,0,196,27,266,Tree
/Users/tompitts/dphil/CanopyAI/deepforest_custom/phase5_tiles/won_tile_42_rot33.tif,113,119,183,195,Tree
/Users/tompitts/dphil/CanopyAI/deepforest_custom/phase5_tiles/won_tile_42_rot33.tif,147,59,204,120,Tree
/Users/tompitts/dphil/CanopyAI/deepforest_custom/phase5_tiles/won_tile_42_rot33.tif,214,84,275,149,Tree
/Users/tompitts/dphil/CanopyAI/deepforest_custom/phase5_tiles/won_tile_42_rot33.tif,252,56,316,126,Tree
/Users/tompitts/dphil/CanopyAI/deepforest_custom/phase5_tiles/won_tile_42_rot33.tif,295,32,343,86,Tree
/Users/tompitts/dphil/CanopyAI/deepforest_custom/phase5_tiles/won_tile_42_rot33.tif,317,0,367,34,Tree
/Users/tompitts/dphil/CanopyAI/deepforest_custom/phase5_tiles/won_tile_42_rot33.tif,39,112,90,169,Tree
/Users/tompitts/dphil/CanopyAI/deepforest_custom/phase5_tiles/won_tile_42_rot33.tif,71,122,120,178,Tree
/Users/tompitts/dphil/CanopyAI/deepforest_custom/phase5_tiles/won_tile_42_rot33.tif,113,199,195,285,Tree
/Users/tompitts/dphil/CanopyAI/deepforest_custom/phase5_tiles/won_tile_42_rot33.tif,224,134,312,227,Tree
/Users/tompitts/dphil/CanopyAI/deepforest_custom/phase5_tiles/won_tile_42_rot33.tif,44,373,113,453,Tree
/Users/tompitts/dphil/CanopyAI/deepforest_custom/phase5_tiles/won_tile_42_rot33.tif,39,284,153,405,Tree
/Users/tompitts/dphil/CanopyAI/deepforest_custom/phase5_tiles/won_tile_42_rot33.tif,111,412,177,480,Tree
/Users/tompitts/dphil/CanopyAI/deepforest_custom/phase5_tiles/won_tile_42_rot33.tif,140,359,200,422,Tree
/Users/tompitts/dphil/CanopyAI/deepforest_custom/phase5_tiles/won_tile_42_rot33.tif,149,438,228,500,Tree
/Users/tompitts/dphil/CanopyAI/deepforest_custom/phase5_tiles/won_tile_42_rot33.tif,199,391,262,456,Tree
/Users/tompitts/dphil/CanopyAI/deepforest_custom/phase5_tiles/won_tile_42_rot33.tif,265,244,331,314,Tree
/Users/tompitts/dphil/CanopyAI/deepforest_custom/phase5_tiles/won_tile_42_rot33.tif,299,247,366,316,Tree
/Users/tompitts/dphil/CanopyAI/deepforest_custom/phase5_tiles/won_tile_42_rot33.tif,260,296,351,389,Tree
/Users/tompitts/dphil/CanopyAI/deepforest_custom/phase5_tiles/won_tile_42_rot33.tif,301,432,367,497,Tree
/Users/tompitts/dphil/CanopyAI/deepforest_custom/phase5_tiles/won_tile_42_rot33.tif,362,205,431,282,Tree
/Users/tompitts/dphil/CanopyAI/deepforest_custom/phase5_tiles/won_tile_42_rot33.tif,456,218,500,280,Tree
/Users/tompitts/dphil/CanopyAI/deepforest_custom/phase5_tiles/won_tile_42_rot33.tif,408,232,465,292,Tree
/Users/tompitts/dphil/CanopyAI/deepforest_custom/phase5_tiles/won_tile_42_rot33.tif,371,330,452,416,Tree
/Users/tompitts/dphil/CanopyAI/deepforest_custom/phase5_tiles/won_tile_42_rot33.tif,450,323,500,395,Tree
/Users/tompitts/dphil/CanopyAI/deepforest_custom/phase5_tiles/won_tile_42_rot33.tif,329,330,391,396,Tree
/Users/tompitts/dphil/CanopyAI/deepforest_custom/phase5_tiles/won_tile_42_rot33.tif,470,188,500,237,Tree
/Users/tompitts/dphil/CanopyAI/deepforest_custom/phase5_tiles/won_tile_42_rot33.tif,256,417,322,482,Tree
/Users/tompitts/dphil/CanopyAI/deepforest_custom/phase5_tiles/won_tile_27_rot9.tif,105,10,174,61,Tree
/Users/tompitts/dphil/CanopyAI/deepforest_custom/phase5_tiles/won_tile_27_rot9.tif,269,0,349,33,Tree
/Users/tompitts/dphil/CanopyAI/deepforest_custom/phase5_tiles/won_tile_27_rot9.tif,349,0,407,37,Tree
/Users/tompitts/dphil/CanopyAI/deepforest_custom/phase5_tiles/won_tile_27_rot9.tif,363,59,412,116,Tree
/Users/tompitts/dphil/CanopyAI/deepforest_custom/phase5_tiles/won_tile_27_rot9.tif,435,4,471,72,Tree
/Users/tompitts/dphil/CanopyAI/deepforest_custom/phase5_tiles/won_tile_27_rot9.tif,409,145,481,208,Tree
/Users/tompitts/dphil/CanopyAI/deepforest_custom/phase5_tiles/won_tile_27_rot9.tif,33,42,92,96,Tree
/Users/tompitts/dphil/CanopyAI/deepforest_custom/phase5_tiles/won_tile_27_rot9.tif,0,46,48,139,Tree
/Users/tompitts/dphil/CanopyAI/deepforest_custom/phase5_tiles/won_tile_27_rot9.tif,19,97,73,170,Tree
/Users/tompitts/dphil/CanopyAI/deepforest_custom/phase5_tiles/won_tile_27_rot9.tif,0,235,65,315,Tree
/Users/tompitts/dphil/CanopyAI/deepforest_custom/phase5_tiles/won_tile_27_rot9.tif,26,164,92,228,Tree
/Users/tompitts/dphil/CanopyAI/deepforest_custom/phase5_tiles/won_tile_27_rot9.tif,95,331,157,395,Tree
/Users/tompitts/dphil/CanopyAI/deepforest_custom/phase5_tiles/won_tile_27_rot9.tif,83,393,148,480,Tree
/Users/tompitts/dphil/CanopyAI/deepforest_custom/phase5_tiles/won_tile_27_rot9.tif,259,180,402,351,Tree
/Users/tompitts/dphil/CanopyAI/deepforest_custom/phase5_tiles/won_tile_27_rot9.tif,222,330,291,403,Tree
/Users/tompitts/dphil/CanopyAI/deepforest_custom/phase5_tiles/won_tile_27_rot9.tif,227,397,292,454,Tree
/Users/tompitts/dphil/CanopyAI/deepforest_custom/phase5_tiles/won_tile_27_rot9.tif,201,432,269,494,Tree
/Users/tompitts/dphil/CanopyAI/deepforest_custom/phase5_tiles/won_tile_27_rot9.tif,291,345,345,399,Tree
/Users/tompitts/dphil/CanopyAI/deepforest_custom/phase5_tiles/won_tile_27_rot9.tif,346,365,446,469,Tree
/Users/tompitts/dphil/CanopyAI/deepforest_custom/phase5_tiles/won_tile_27_rot9.tif,309,437,400,491,Tree
/Users/tompitts/dphil/CanopyAI/deepforest_custom/phase5_tiles/won_tile_27_rot9.tif,387,295,430,339,Tree
/Users/tompitts/dphil/CanopyAI/deepforest_custom/phase5_tiles/won_tile_36_rot290.tif,349,0,424,45,Tree
/Users/tompitts/dphil/CanopyAI/deepforest_custom/phase5_tiles/won_tile_36_rot290.tif,342,44,468,155,Tree
/Users/tompitts/dphil/CanopyAI/deepforest_custom/phase5_tiles/won_tile_36_rot290.tif,405,130,493,214,Tree
/Users/tompitts/dphil/CanopyAI/deepforest_custom/phase5_tiles/won_tile_36_rot290.tif,439,198,500,277,Tree
/Users/tompitts/dphil/CanopyAI/deepforest_custom/phase5_tiles/won_tile_36_rot290.tif,370,215,466,317,Tree
/Users/tompitts/dphil/CanopyAI/deepforest_custom/phase5_tiles/won_tile_36_rot290.tif,461,202,500,313,Tree
/Users/tompitts/dphil/CanopyAI/deepforest_custom/phase5_tiles/won_tile_36_rot290.tif,257,0,319,53,Tree
/Users/tompitts/dphil/CanopyAI/deepforest_custom/phase5_tiles/won_tile_36_rot290.tif,252,48,311,99,Tree
/Users/tompitts/dphil/CanopyAI/deepforest_custom/phase5_tiles/won_tile_36_rot290.tif,280,114,332,158,Tree
/Users/tompitts/dphil/CanopyAI/deepforest_custom/phase5_tiles/won_tile_36_rot290.tif,298,145,380,236,Tree
/Users/tompitts/dphil/CanopyAI/deepforest_custom/phase5_tiles/won_tile_36_rot290.tif,323,250,382,309,Tree
/Users/tompitts/dphil/CanopyAI/deepforest_custom/phase5_tiles/won_tile_36_rot290.tif,335,303,389,352,Tree
/Users/tompitts/dphil/CanopyAI/deepforest_custom/phase5_tiles/won_tile_36_rot290.tif,343,348,423,426,Tree
/Users/tompitts/dphil/CanopyAI/deepforest_custom/phase5_tiles/won_tile_36_rot290.tif,157,186,225,248,Tree
/Users/tompitts/dphil/CanopyAI/deepforest_custom/phase5_tiles/won_tile_36_rot290.tif,168,218,232,268,Tree
/Users/tompitts/dphil/CanopyAI/deepforest_custom/phase5_tiles/won_tile_36_rot290.tif,237,292,294,346,Tree
/Users/tompitts/dphil/CanopyAI/deepforest_custom/phase5_tiles/won_tile_36_rot290.tif,175,261,227,312,Tree
/Users/tompitts/dphil/CanopyAI/deepforest_custom/phase5_tiles/won_tile_36_rot290.tif,199,96,248,140,Tree
/Users/tompitts/dphil/CanopyAI/deepforest_custom/phase5_tiles/won_tile_36_rot290.tif,226,112,278,159,Tree
/Users/tompitts/dphil/CanopyAI/deepforest_custom/phase5_tiles/won_tile_36_rot290.tif,245,196,297,243,Tree
/Users/tompitts/dphil/CanopyAI/deepforest_custom/phase5_tiles/won_tile_36_rot290.tif,295,411,348,459,Tree
/Users/tompitts/dphil/CanopyAI/deepforest_custom/phase5_tiles/won_tile_36_rot290.tif,118,8,195,67,Tree
/Users/tompitts/dphil/CanopyAI/deepforest_custom/phase5_tiles/won_tile_36_rot290.tif,83,40,146,97,Tree
/Users/tompitts/dphil/CanopyAI/deepforest_custom/phase5_tiles/won_tile_36_rot290.tif,21,104,81,157,Tree
/Users/tompitts/dphil/CanopyAI/deepforest_custom/phase5_tiles/won_tile_36_rot290.tif,0,95,15,172,Tree
/Users/tompitts/dphil/CanopyAI/deepforest_custom/phase5_tiles/won_tile_36_rot290.tif,88,277,145,330,Tree
/Users/tompitts/dphil/CanopyAI/deepforest_custom/phase5_tiles/won_tile_36_rot290.tif,17,309,110,390,Tree
/Users/tompitts/dphil/CanopyAI/deepforest_custom/phase5_tiles/won_tile_36_rot290.tif,79,355,136,401,Tree
/Users/tompitts/dphil/CanopyAI/deepforest_custom/phase5_tiles/won_tile_36_rot290.tif,120,432,186,487,Tree
/Users/tompitts/dphil/CanopyAI/deepforest_custom/phase5_tiles/won_tile_36_rot290.tif,120,483,171,500,Tree
/Users/tompitts/dphil/CanopyAI/deepforest_custom/phase5_tiles/won_tile_36_rot290.tif,171,482,230,500,Tree
/Users/tompitts/dphil/CanopyAI/deepforest_custom/phase5_tiles/won_tile_14_rot99.tif,28,441,79,493,Tree
/Users/tompitts/dphil/CanopyAI/deepforest_custom/phase5_tiles/won_tile_14_rot99.tif,90,478,151,500,Tree
/Users/tompitts/dphil/CanopyAI/deepforest_custom/phase5_tiles/won_tile_14_rot99.tif,101,432,148,473,Tree
/Users/tompitts/dphil/CanopyAI/deepforest_custom/phase5_tiles/won_tile_14_rot99.tif,64,369,121,411,Tree
/Users/tompitts/dphil/CanopyAI/deepforest_custom/phase5_tiles/won_tile_14_rot99.tif,47,282,121,345,Tree
/Users/tompitts/dphil/CanopyAI/deepforest_custom/phase5_tiles/won_tile_14_rot99.tif,33,197,112,261,Tree
/Users/tompitts/dphil/CanopyAI/deepforest_custom/phase5_tiles/won_tile_14_rot99.tif,153,135,233,200,Tree
/Users/tompitts/dphil/CanopyAI/deepforest_custom/phase5_tiles/won_tile_14_rot99.tif,33,142,122,208,Tree
/Users/tompitts/dphil/CanopyAI/deepforest_custom/phase5_tiles/won_tile_14_rot99.tif,160,439,211,484,Tree
/Users/tompitts/dphil/CanopyAI/deepforest_custom/phase5_tiles/won_tile_14_rot99.tif,156,380,218,441,Tree
/Users/tompitts/dphil/CanopyAI/deepforest_custom/phase5_tiles/won_tile_14_rot99.tif,122,296,175,355,Tree
/Users/tompitts/dphil/CanopyAI/deepforest_custom/phase5_tiles/won_tile_14_rot99.tif,170,317,239,381,Tree
/Users/tompitts/dphil/CanopyAI/deepforest_custom/phase5_tiles/won_tile_14_rot99.tif,180,265,240,319,Tree
/Users/tompitts/dphil/CanopyAI/deepforest_custom/phase5_tiles/won_tile_14_rot99.tif,211,443,268,500,Tree
/Users/tompitts/dphil/CanopyAI/deepforest_custom/phase5_tiles/won_tile_14_rot99.tif,338,431,424,487,Tree
/Users/tompitts/dphil/CanopyAI/deepforest_custom/phase5_tiles/won_tile_14_rot99.tif,308,389,365,440,Tree
/Users/tompitts/dphil/CanopyAI/deepforest_custom/phase5_tiles/won_tile_14_rot99.tif,262,279,312,324,Tree
/Users/tompitts/dphil/CanopyAI/deepforest_custom/phase5_tiles/won_tile_14_rot99.tif,271,248,340,303,Tree
/Users/tompitts/dphil/CanopyAI/deepforest_custom/phase5_tiles/won_tile_14_rot99.tif,307,149,368,204,Tree
/Users/tompitts/dphil/CanopyAI/deepforest_custom/phase5_tiles/won_tile_14_rot99.tif,300,105,337,145,Tree
/Users/tompitts/dphil/CanopyAI/deepforest_custom/phase5_tiles/won_tile_14_rot99.tif,194,197,252,251,Tree
/Users/tompitts/dphil/CanopyAI/deepforest_custom/phase5_tiles/won_tile_14_rot99.tif,236,344,285,391,Tree
/Users/tompitts/dphil/CanopyAI/deepforest_custom/phase5_tiles/won_tile_14_rot99.tif,255,405,295,439,Tree
/Users/tompitts/dphil/CanopyAI/deepforest_custom/phase5_tiles/won_tile_14_rot99.tif,244,427,313,488,Tree
/Users/tompitts/dphil/CanopyAI/deepforest_custom/phase5_tiles/won_tile_14_rot99.tif,361,339,417,397,Tree
/Users/tompitts/dphil/CanopyAI/deepforest_custom/phase5_tiles/won_tile_14_rot99.tif,357,242,419,295,Tree
/Users/tompitts/dphil/CanopyAI/deepforest_custom/phase5_tiles/won_tile_14_rot99.tif,470,385,500,461,Tree
/Users/tompitts/dphil/CanopyAI/deepforest_custom/phase5_tiles/won_tile_14_rot99.tif,439,359,478,397,Tree
/Users/tompitts/dphil/CanopyAI/deepforest_custom/phase5_tiles/won_tile_14_rot99.tif,410,278,458,322,Tree
/Users/tompitts/dphil/CanopyAI/deepforest_custom/phase5_tiles/won_tile_14_rot99.tif,472,294,500,353,Tree
/Users/tompitts/dphil/CanopyAI/deepforest_custom/phase5_tiles/won_tile_14_rot99.tif,401,218,473,269,Tree
/Users/tompitts/dphil/CanopyAI/deepforest_custom/phase5_tiles/won_tile_14_rot99.tif,407,148,482,213,Tree
/Users/tompitts/dphil/CanopyAI/deepforest_custom/phase5_tiles/won_tile_14_rot99.tif,428,123,471,160,Tree
/Users/tompitts/dphil/CanopyAI/deepforest_custom/phase5_tiles/won_tile_14_rot99.tif,436,183,499,247,Tree
/Users/tompitts/dphil/CanopyAI/deepforest_custom/phase5_tiles/won_tile_21_rot321.tif,160,0,224,38,Tree
/Users/tompitts/dphil/CanopyAI/deepforest_custom/phase5_tiles/won_tile_21_rot321.tif,112,0,190,42,Tree
/Users/tompitts/dphil/CanopyAI/deepforest_custom/phase5_tiles/won_tile_21_rot321.tif,287,0,348,45,Tree
/Users/tompitts/dphil/CanopyAI/deepforest_custom/phase5_tiles/won_tile_21_rot321.tif,255,15,320,80,Tree
/Users/tompitts/dphil/CanopyAI/deepforest_custom/phase5_tiles/won_tile_21_rot321.tif,366,52,418,104,Tree
/Users/tompitts/dphil/CanopyAI/deepforest_custom/phase5_tiles/won_tile_21_rot321.tif,422,89,480,146,Tree
/Users/tompitts/dphil/CanopyAI/deepforest_custom/phase5_tiles/won_tile_21_rot321.tif,397,114,490,206,Tree
/Users/tompitts/dphil/CanopyAI/deepforest_custom/phase5_tiles/won_tile_21_rot321.tif,253,69,311,127,Tree
/Users/tompitts/dphil/CanopyAI/deepforest_custom/phase5_tiles/won_tile_21_rot321.tif,292,115,354,177,Tree
/Users/tompitts/dphil/CanopyAI/deepforest_custom/phase5_tiles/won_tile_21_rot321.tif,312,149,383,222,Tree
/Users/tompitts/dphil/CanopyAI/deepforest_custom/phase5_tiles/won_tile_21_rot321.tif,393,316,489,416,Tree
/Users/tompitts/dphil/CanopyAI/deepforest_custom/phase5_tiles/won_tile_21_rot321.tif,205,194,296,285,Tree
/Users/tompitts/dphil/CanopyAI/deepforest_custom/phase5_tiles/won_tile_21_rot321.tif,103,115,178,192,Tree
/Users/tompitts/dphil/CanopyAI/deepforest_custom/phase5_tiles/won_tile_21_rot321.tif,99,169,177,248,Tree
/Users/tompitts/dphil/CanopyAI/deepforest_custom/phase5_tiles/won_tile_21_rot321.tif,60,241,136,317,Tree
/Users/tompitts/dphil/CanopyAI/deepforest_custom/phase5_tiles/won_tile_21_rot321.tif,294,388,374,468,Tree
/Users/tompitts/dphil/CanopyAI/deepforest_custom/phase5_tiles/won_tile_21_rot321.tif,145,453,228,500,Tree
/Users/tompitts/dphil/CanopyAI/deepforest_custom/phase5_tiles/won_tile_21_rot321.tif,31,324,102,395,Tree
/Users/tompitts/dphil/CanopyAI/deepforest_custom/phase5_tiles/won_tile_21_rot321.tif,0,309,26,370,Tree
/Users/tompitts/dphil/CanopyAI/deepforest_custom/phase5_tiles/won_tile_21_rot321.tif,466,164,500,225,Tree
/Users/tompitts/dphil/CanopyAI/deepforest_custom/phase5_tiles/won_tile_21_rot321.tif,450,211,500,276,Tree
/Users/tompitts/dphil/CanopyAI/deepforest_custom/phase5_tiles/won_tile_21_rot321.tif,408,179,467,240,Tree
/Users/tompitts/dphil/CanopyAI/deepforest_custom/phase5_tiles/won_tile_35_rot2.tif,0,8,29,49,Tree
/Users/tompitts/dphil/CanopyAI/deepforest_custom/phase5_tiles/won_tile_35_rot2.tif,46,4,134,63,Tree
/Users/tompitts/dphil/CanopyAI/deepforest_custom/phase5_tiles/won_tile_35_rot2.tif,168,1,207,42,Tree
/Users/tompitts/dphil/CanopyAI/deepforest_custom/phase5_tiles/won_tile_35_rot2.tif,205,1,247,52,Tree
/Users/tompitts/dphil/CanopyAI/deepforest_custom/phase5_tiles/won_tile_35_rot2.tif,278,0,320,29,Tree
/Users/tompitts/dphil/CanopyAI/deepforest_custom/phase5_tiles/won_tile_35_rot2.tif,384,26,412,81,Tree
/Users/tompitts/dphil/CanopyAI/deepforest_custom/phase5_tiles/won_tile_35_rot2.tif,409,30,460,89,Tree
/Users/tompitts/dphil/CanopyAI/deepforest_custom/phase5_tiles/won_tile_35_rot2.tif,9,66,38,106,Tree
/Users/tompitts/dphil/CanopyAI/deepforest_custom/phase5_tiles/won_tile_35_rot2.tif,58,90,89,130,Tree
/Users/tompitts/dphil/CanopyAI/deepforest_custom/phase5_tiles/won_tile_35_rot2.tif,32,72,61,123,Tree
/Users/tompitts/dphil/CanopyAI/deepforest_custom/phase5_tiles/won_tile_35_rot2.tif,98,63,140,116,Tree
/Users/tompitts/dphil/CanopyAI/deepforest_custom/phase5_tiles/won_tile_35_rot2.tif,190,48,225,108,Tree
/Users/tompitts/dphil/CanopyAI/deepforest_custom/phase5_tiles/won_tile_35_rot2.tif,263,40,313,93,Tree
/Users/tompitts/dphil/CanopyAI/deepforest_custom/phase5_tiles/won_tile_35_rot2.tif,137,118,173,164,Tree
/Users/tompitts/dphil/CanopyAI/deepforest_custom/phase5_tiles/won_tile_35_rot2.tif,218,88,288,155,Tree
/Users/tompitts/dphil/CanopyAI/deepforest_custom/phase5_tiles/won_tile_35_rot2.tif,22,143,84,203,Tree
/Users/tompitts/dphil/CanopyAI/deepforest_custom/phase5_tiles/won_tile_35_rot2.tif,0,276,30,325,Tree
/Users/tompitts/dphil/CanopyAI/deepforest_custom/phase5_tiles/won_tile_35_rot2.tif,27,328,78,386,Tree
/Users/tompitts/dphil/CanopyAI/deepforest_custom/phase5_tiles/won_tile_35_rot2.tif,85,343,134,409,Tree
/Users/tompitts/dphil/CanopyAI/deepforest_custom/phase5_tiles/won_tile_35_rot2.tif,147,257,200,310,Tree
/Users/tompitts/dphil/CanopyAI/deepforest_custom/phase5_tiles/won_tile_35_rot2.tif,223,196,277,262,Tree
/Users/tompitts/dphil/CanopyAI/deepforest_custom/phase5_tiles/won_tile_35_rot2.tif,89,222,134,304,Tree
/Users/tompitts/dphil/CanopyAI/deepforest_custom/phase5_tiles/won_tile_35_rot2.tif,249,134,296,192,Tree
/Users/tompitts/dphil/CanopyAI/deepforest_custom/phase5_tiles/won_tile_35_rot2.tif,335,157,370,206,Tree
/Users/tompitts/dphil/CanopyAI/deepforest_custom/phase5_tiles/won_tile_35_rot2.tif,377,149,446,210,Tree
/Users/tompitts/dphil/CanopyAI/deepforest_custom/phase5_tiles/won_tile_35_rot2.tif,325,200,378,264,Tree
/Users/tompitts/dphil/CanopyAI/deepforest_custom/phase5_tiles/won_tile_35_rot2.tif,354,235,389,281,Tree
/Users/tompitts/dphil/CanopyAI/deepforest_custom/phase5_tiles/won_tile_35_rot2.tif,168,297,198,337,Tree
/Users/tompitts/dphil/CanopyAI/deepforest_custom/phase5_tiles/won_tile_35_rot2.tif,189,298,222,354,Tree
/Users/tompitts/dphil/CanopyAI/deepforest_custom/phase5_tiles/won_tile_35_rot2.tif,221,302,251,353,Tree
/Users/tompitts/dphil/CanopyAI/deepforest_custom/phase5_tiles/won_tile_35_rot2.tif,237,316,277,360,Tree
/Users/tompitts/dphil/CanopyAI/deepforest_custom/phase5_tiles/won_tile_35_rot2.tif,254,270,291,330,Tree
/Users/tompitts/dphil/CanopyAI/deepforest_custom/phase5_tiles/won_tile_35_rot2.tif,285,260,343,337,Tree
/Users/tompitts/dphil/CanopyAI/deepforest_custom/phase5_tiles/won_tile_35_rot2.tif,350,297,415,375,Tree
/Users/tompitts/dphil/CanopyAI/deepforest_custom/phase5_tiles/won_tile_35_rot2.tif,444,358,500,486,Tree
/Users/tompitts/dphil/CanopyAI/deepforest_custom/phase5_tiles/won_tile_35_rot2.tif,273,350,312,401,Tree
/Users/tompitts/dphil/CanopyAI/deepforest_custom/phase5_tiles/won_tile_35_rot2.tif,276,410,360,497,Tree
/Users/tompitts/dphil/CanopyAI/deepforest_custom/phase5_tiles/won_tile_35_rot2.tif,374,464,412,494,Tree
/Users/tompitts/dphil/CanopyAI/deepforest_custom/phase5_tiles/won_tile_35_rot2.tif,182,359,212,399,Tree
/Users/tompitts/dphil/CanopyAI/deepforest_custom/phase5_tiles/won_tile_35_rot2.tif,221,379,261,425,Tree
/Users/tompitts/dphil/CanopyAI/deepforest_custom/phase5_tiles/won_tile_35_rot2.tif,154,401,256,495,Tree
/Users/tompitts/dphil/CanopyAI/deepforest_custom/phase5_tiles/won_tile_35_rot2.tif,116,459,156,500,Tree
/Users/tompitts/dphil/CanopyAI/deepforest_custom/phase5_tiles/won_tile_35_rot2.tif,432,272,456,315,Tree
/Users/tompitts/dphil/CanopyAI/deepforest_custom/phase5_tiles/won_tile_5_rot222.tif,488,207,500,271,Tree
/Users/tompitts/dphil/CanopyAI/deepforest_custom/phase5_tiles/won_tile_5_rot222.tif,478,243,500,292,Tree
/Users/tompitts/dphil/CanopyAI/deepforest_custom/phase5_tiles/won_tile_5_rot222.tif,456,271,500,324,Tree
/Users/tompitts/dphil/CanopyAI/deepforest_custom/phase5_tiles/won_tile_5_rot222.tif,411,336,477,403,Tree
/Users/tompitts/dphil/CanopyAI/deepforest_custom/phase5_tiles/won_tile_5_rot222.tif,388,273,444,329,Tree
/Users/tompitts/dphil/CanopyAI/deepforest_custom/phase5_tiles/won_tile_5_rot222.tif,366,334,414,382,Tree
/Users/tompitts/dphil/CanopyAI/deepforest_custom/phase5_tiles/won_tile_5_rot222.tif,394,342,438,387,Tree
/Users/tompitts/dphil/CanopyAI/deepforest_custom/phase5_tiles/won_tile_5_rot222.tif,325,431,381,487,Tree
/Users/tompitts/dphil/CanopyAI/deepforest_custom/phase5_tiles/won_tile_5_rot222.tif,452,140,500,219,Tree
/Users/tompitts/dphil/CanopyAI/deepforest_custom/phase5_tiles/won_tile_5_rot222.tif,416,127,483,195,Tree
/Users/tompitts/dphil/CanopyAI/deepforest_custom/phase5_tiles/won_tile_5_rot222.tif,365,163,428,226,Tree
/Users/tompitts/dphil/CanopyAI/deepforest_custom/phase5_tiles/won_tile_5_rot222.tif,386,88,452,155,Tree
/Users/tompitts/dphil/CanopyAI/deepforest_custom/phase5_tiles/won_tile_5_rot222.tif,334,35,387,88,Tree
/Users/tompitts/dphil/CanopyAI/deepforest_custom/phase5_tiles/won_tile_5_rot222.tif,341,128,389,176,Tree
/Users/tompitts/dphil/CanopyAI/deepforest_custom/phase5_tiles/won_tile_5_rot222.tif,302,95,350,143,Tree
/Users/tompitts/dphil/CanopyAI/deepforest_custom/phase5_tiles/won_tile_5_rot222.tif,268,80,317,130,Tree
/Users/tompitts/dphil/CanopyAI/deepforest_custom/phase5_tiles/won_tile_5_rot222.tif,264,0,334,58,Tree
/Users/tompitts/dphil/CanopyAI/deepforest_custom/phase5_tiles/won_tile_5_rot222.tif,204,0,304,26,Tree
/Users/tompitts/dphil/CanopyAI/deepforest_custom/phase5_tiles/won_tile_5_rot222.tif,337,362,403,429,Tree
/Users/tompitts/dphil/CanopyAI/deepforest_custom/phase5_tiles/won_tile_5_rot222.tif,287,353,346,412,Tree
/Users/tompitts/dphil/CanopyAI/deepforest_custom/phase5_tiles/won_tile_5_rot222.tif,269,440,315,487,Tree
/Users/tompitts/dphil/CanopyAI/deepforest_custom/phase5_tiles/won_tile_5_rot222.tif,215,457,274,500,Tree
/Users/tompitts/dphil/CanopyAI/deepforest_custom/phase5_tiles/won_tile_5_rot222.tif,191,422,245,476,Tree
/Users/tompitts/dphil/CanopyAI/deepforest_custom/phase5_tiles/won_tile_5_rot222.tif,154,459,208,500,Tree
/Users/tompitts/dphil/CanopyAI/deepforest_custom/phase5_tiles/won_tile_5_rot222.tif,173,357,240,425,Tree
/Users/tompitts/dphil/CanopyAI/deepforest_custom/phase5_tiles/won_tile_5_rot222.tif,204,327,256,379,Tree
/Users/tompitts/dphil/CanopyAI/deepforest_custom/phase5_tiles/won_tile_5_rot222.tif,166,245,233,313,Tree
/Users/tompitts/dphil/CanopyAI/deepforest_custom/phase5_tiles/won_tile_5_rot222.tif,168,304,215,351,Tree
/Users/tompitts/dphil/CanopyAI/deepforest_custom/phase5_tiles/won_tile_5_rot222.tif,134,329,186,380,Tree
/Users/tompitts/dphil/CanopyAI/deepforest_custom/phase5_tiles/won_tile_5_rot222.tif,149,399,191,442,Tree
/Users/tompitts/dphil/CanopyAI/deepforest_custom/phase5_tiles/won_tile_5_rot222.tif,119,402,172,456,Tree
/Users/tompitts/dphil/CanopyAI/deepforest_custom/phase5_tiles/won_tile_5_rot222.tif,299,135,358,196,Tree
/Users/tompitts/dphil/CanopyAI/deepforest_custom/phase5_tiles/won_tile_5_rot222.tif,287,154,334,201,Tree
/Users/tompitts/dphil/CanopyAI/deepforest_custom/phase5_tiles/won_tile_5_rot222.tif,243,136,316,212,Tree
/Users/tompitts/dphil/CanopyAI/deepforest_custom/phase5_tiles/won_tile_5_rot222.tif,243,188,295,241,Tree
/Users/tompitts/dphil/CanopyAI/deepforest_custom/phase5_tiles/won_tile_5_rot222.tif,213,209,271,268,Tree
/Users/tompitts/dphil/CanopyAI/deepforest_custom/phase5_tiles/won_tile_5_rot222.tif,75,322,133,380,Tree
/Users/tompitts/dphil/CanopyAI/deepforest_custom/phase5_tiles/won_tile_5_rot222.tif,90,274,149,334,Tree
/Users/tompitts/dphil/CanopyAI/deepforest_custom/phase5_tiles/won_tile_5_rot222.tif,101,234,179,314,Tree
/Users/tompitts/dphil/CanopyAI/deepforest_custom/phase5_tiles/won_tile_5_rot222.tif,60,191,127,257,Tree
/Users/tompitts/dphil/CanopyAI/deepforest_custom/phase5_tiles/won_tile_5_rot222.tif,34,261,93,322,Tree
/Users/tompitts/dphil/CanopyAI/deepforest_custom/phase5_tiles/won_tile_5_rot222.tif,11,275,73,338,Tree
/Users/tompitts/dphil/CanopyAI/deepforest_custom/phase5_tiles/won_tile_5_rot222.tif,30,362,81,414,Tree
/Users/tompitts/dphil/CanopyAI/deepforest_custom/phase5_tiles/won_tile_5_rot222.tif,99,382,151,435,Tree
/Users/tompitts/dphil/CanopyAI/deepforest_custom/phase5_tiles/won_tile_5_rot222.tif,99,109,211,222,Tree
/Users/tompitts/dphil/CanopyAI/deepforest_custom/phase5_tiles/won_tile_5_rot222.tif,106,82,161,137,Tree
/Users/tompitts/dphil/CanopyAI/deepforest_custom/phase5_tiles/won_tile_5_rot222.tif,20,220,65,265,Tree
/Users/tompitts/dphil/CanopyAI/deepforest_custom/phase5_tiles/won_tile_5_rot222.tif,0,224,38,263,Tree
/Users/tompitts/dphil/CanopyAI/deepforest_custom/phase5_tiles/won_tile_5_rot222.tif,0,178,40,234,Tree
/Users/tompitts/dphil/CanopyAI/deepforest_custom/phase5_tiles/won_tile_5_rot222.tif,0,186,19,260,Tree
/Users/tompitts/dphil/CanopyAI/deepforest_custom/phase5_tiles/won_tile_5_rot222.tif,110,444,159,493,Tree
/Users/tompitts/dphil/CanopyAI/deepforest_custom/phase5_tiles/won_tile_48_rot290.tif,379,216,456,281,Tree
/Users/tompitts/dphil/CanopyAI/deepforest_custom/phase5_tiles/won_tile_48_rot290.tif,311,281,378,337,Tree
/Users/tompitts/dphil/CanopyAI/deepforest_custom/phase5_tiles/won_tile_48_rot290.tif,222,378,281,432,Tree
/Users/tompitts/dphil/CanopyAI/deepforest_custom/phase5_tiles/won_tile_48_rot290.tif,230,283,289,342,Tree
/Users/tompitts/dphil/CanopyAI/deepforest_custom/phase5_tiles/won_tile_48_rot290.tif,192,256,247,310,Tree
/Users/tompitts/dphil/CanopyAI/deepforest_custom/phase5_tiles/won_tile_48_rot290.tif,154,294,201,339,Tree
/Users/tompitts/dphil/CanopyAI/deepforest_custom/phase5_tiles/won_tile_48_rot290.tif,186,299,267,379,Tree
/Users/tompitts/dphil/CanopyAI/deepforest_custom/phase5_tiles/won_tile_48_rot290.tif,109,238,176,307,Tree
/Users/tompitts/dphil/CanopyAI/deepforest_custom/phase5_tiles/won_tile_48_rot290.tif,68,363,129,432,Tree
/Users/tompitts/dphil/CanopyAI/deepforest_custom/phase5_tiles/won_tile_48_rot290.tif,34,233,97,297,Tree
/Users/tompitts/dphil/CanopyAI/deepforest_custom/phase5_tiles/won_tile_48_rot290.tif,63,201,112,250,Tree
/Users/tompitts/dphil/CanopyAI/deepforest_custom/phase5_tiles/won_tile_48_rot290.tif,61,111,129,179,Tree
/Users/tompitts/dphil/CanopyAI/deepforest_custom/phase5_tiles/won_tile_48_rot290.tif,41,155,89,206,Tree
/Users/tompitts/dphil/CanopyAI/deepforest_custom/phase5_tiles/won_tile_48_rot290.tif,21,48,101,125,Tree
/Users/tompitts/dphil/CanopyAI/deepforest_custom/phase5_tiles/won_tile_48_rot290.tif,0,223,41,262,Tree
/Users/tompitts/dphil/CanopyAI/deepforest_custom/phase5_tiles/won_tile_48_rot290.tif,11,252,48,299,Tree
/Users/tompitts/dphil/CanopyAI/deepforest_custom/phase5_tiles/won_tile_48_rot290.tif,365,147,429,207,Tree
/Users/tompitts/dphil/CanopyAI/deepforest_custom/phase5_tiles/won_tile_48_rot290.tif,351,33,416,93,Tree
/Users/tompitts/dphil/CanopyAI/deepforest_custom/phase5_tiles/won_tile_48_rot290.tif,309,51,362,102,Tree
/Users/tompitts/dphil/CanopyAI/deepforest_custom/phase5_tiles/won_tile_48_rot290.tif,331,96,369,133,Tree
/Users/tompitts/dphil/CanopyAI/deepforest_custom/phase5_tiles/won_tile_48_rot290.tif,294,103,344,146,Tree
/Users/tompitts/dphil/CanopyAI/deepforest_custom/phase5_tiles/won_tile_48_rot290.tif,276,120,337,169,Tree
/Users/tompitts/dphil/CanopyAI/deepforest_custom/phase5_tiles/won_tile_48_rot290.tif,260,151,321,197,Tree
/Users/tompitts/dphil/CanopyAI/deepforest_custom/phase5_tiles/won_tile_48_rot290.tif,220,39,275,86,Tree
/Users/tompitts/dphil/CanopyAI/deepforest_custom/phase5_tiles/won_tile_48_rot290.tif,205,0,243,15,Tree
/Users/tompitts/dphil/CanopyAI/deepforest_custom/phase5_tiles/won_tile_48_rot290.tif,340,0,407,41,Tree
/Users/tompitts/dphil/CanopyAI/deepforest_custom/phase5_tiles/won_tile_48_rot290.tif,286,4,346,63,Tree
/Users/tompitts/dphil/CanopyAI/deepforest_custom/phase5_tiles/won_tile_48_rot290.tif,251,0,307,39,Tree
/Users/tompitts/dphil/CanopyAI/deepforest_custom/phase5_tiles/won_tile_49_rot262.tif,423,298,494,379,Tree
/Users/tompitts/dphil/CanopyAI/deepforest_custom/phase5_tiles/won_tile_49_rot262.tif,477,44,500,86,Tree
/Users/tompitts/dphil/CanopyAI/deepforest_custom/phase5_tiles/won_tile_49_rot262.tif,434,67,485,101,Tree
/Users/tompitts/dphil/CanopyAI/deepforest_custom/phase5_tiles/won_tile_49_rot262.tif,453,157,500,204,Tree
/Users/tompitts/dphil/CanopyAI/deepforest_custom/phase5_tiles/won_tile_49_rot262.tif,418,173,461,208,Tree
/Users/tompitts/dphil/CanopyAI/deepforest_custom/phase5_tiles/won_tile_49_rot262.tif,399,227,456,267,Tree
/Users/tompitts/dphil/CanopyAI/deepforest_custom/phase5_tiles/won_tile_49_rot262.tif,373,265,421,302,Tree
/Users/tompitts/dphil/CanopyAI/deepforest_custom/phase5_tiles/won_tile_49_rot262.tif,385,301,431,346,Tree
/Users/tompitts/dphil/CanopyAI/deepforest_custom/phase5_tiles/won_tile_49_rot262.tif,323,285,393,353,Tree
/Users/tompitts/dphil/CanopyAI/deepforest_custom/phase5_tiles/won_tile_49_rot262.tif,356,355,405,389,Tree
/Users/tompitts/dphil/CanopyAI/deepforest_custom/phase5_tiles/won_tile_49_rot262.tif,308,387,366,430,Tree
/Users/tompitts/dphil/CanopyAI/deepforest_custom/phase5_tiles/won_tile_49_rot262.tif,341,67,396,114,Tree
/Users/tompitts/dphil/CanopyAI/deepforest_custom/phase5_tiles/won_tile_49_rot262.tif,310,39,366,87,Tree
/Users/tompitts/dphil/CanopyAI/deepforest_custom/phase5_tiles/won_tile_49_rot262.tif,357,162,418,207,Tree
/Users/tompitts/dphil/CanopyAI/deepforest_custom/phase5_tiles/won_tile_49_rot262.tif,309,226,363,268,Tree
/Users/tompitts/dphil/CanopyAI/deepforest_custom/phase5_tiles/won_tile_49_rot262.tif,274,247,318,281,Tree
/Users/tompitts/dphil/CanopyAI/deepforest_custom/phase5_tiles/won_tile_49_rot262.tif,235,284,277,317,Tree
/Users/tompitts/dphil/CanopyAI/deepforest_custom/phase5_tiles/won_tile_49_rot262.tif,178,354,297,451,Tree
/Users/tompitts/dphil/CanopyAI/deepforest_custom/phase5_tiles/won_tile_49_rot262.tif,120,374,171,429,Tree
/Users/tompitts/dphil/CanopyAI/deepforest_custom/phase5_tiles/won_tile_49_rot262.tif,26,393,80,446,Tree
/Users/tompitts/dphil/CanopyAI/deepforest_custom/phase5_tiles/won_tile_49_rot262.tif,129,437,184,483,Tree
/Users/tompitts/dphil/CanopyAI/deepforest_custom/phase5_tiles/won_tile_49_rot262.tif,286,163,399,251,Tree
/Users/tompitts/dphil/CanopyAI/deepforest_custom/phase5_tiles/won_tile_49_rot262.tif,179,116,288,195,Tree
/Users/tompitts/dphil/CanopyAI/deepforest_custom/phase5_tiles/won_tile_49_rot262.tif,213,197,276,250,Tree
/Users/tompitts/dphil/CanopyAI/deepforest_custom/phase5_tiles/won_tile_49_rot262.tif,128,199,203,274,Tree
/Users/tompitts/dphil/CanopyAI/deepforest_custom/phase5_tiles/won_tile_49_rot262.tif,244,5,321,79,Tree
/Users/tompitts/dphil/CanopyAI/deepforest_custom/phase5_tiles/won_tile_49_rot262.tif,88,0,155,36,Tree
/Users/tompitts/dphil/CanopyAI/deepforest_custom/phase5_tiles/won_tile_49_rot262.tif,16,66,84,124,Tree
/Users/tompitts/dphil/CanopyAI/deepforest_custom/phase5_tiles/won_tile_49_rot262.tif,19,128,105,191,Tree
/Users/tompitts/dphil/CanopyAI/deepforest_custom/phase5_tiles/won_tile_49_rot262.tif,132,107,189,150,Tree
/Users/tompitts/dphil/CanopyAI/deepforest_custom/phase5_tiles/won_tile_49_rot262.tif,118,137,170,180,Tree
/Users/tompitts/dphil/CanopyAI/deepforest_custom/phase5_tiles/won_tile_49_rot262.tif,237,75,286,109,Tree
/Users/tompitts/dphil/CanopyAI/deepforest_custom/phase5_tiles/won_tile_49_rot262.tif,194,37,241,70,Tree
/Users/tompitts/dphil/CanopyAI/deepforest_custom/phase5_tiles/won_tile_49_rot262.tif,141,57,195,101,Tree
/Users/tompitts/dphil/CanopyAI/deepforest_custom/phase5_tiles/won_tile_49_rot262.tif,57,240,102,283,Tree
/Users/tompitts/dphil/CanopyAI/deepforest_custom/phase5_tiles/won_tile_49_rot262.tif,35,193,95,231,Tree
/Users/tompitts/dphil/CanopyAI/deepforest_custom/phase5_tiles/won_tile_49_rot262.tif,96,229,138,294,Tree
/Users/tompitts/dphil/CanopyAI/deepforest_custom/phase5_tiles/won_tile_49_rot262.tif,47,309,102,352,Tree
/Users/tompitts/dphil/CanopyAI/deepforest_custom/phase5_tiles/won_tile_49_rot262.tif,17,323,70,370,Tree
/Users/tompitts/dphil/CanopyAI/deepforest_custom/phase5_tiles/won_tile_49_rot262.tif,0,325,43,375,Tree
/Users/tompitts/dphil/CanopyAI/deepforest_custom/phase5_tiles/won_tile_49_rot262.tif,0,415,10,462,Tree
/Users/tompitts/dphil/CanopyAI/deepforest_custom/phase5_tiles/won_tile_49_rot262.tif,19,439,71,471,Tree
/Users/tompitts/dphil/CanopyAI/deepforest_custom/phase5_tiles/won_tile_44_rot34.tif,151,7,206,64,Tree
/Users/tompitts/dphil/CanopyAI/deepforest_custom/phase5_tiles/won_tile_44_rot34.tif,132,55,200,123,Tree
/Users/tompitts/dphil/CanopyAI/deepforest_custom/phase5_tiles/won_tile_44_rot34.tif,61,99,127,166,Tree
/Users/tompitts/dphil/CanopyAI/deepforest_custom/phase5_tiles/won_tile_44_rot34.tif,90,20,165,91,Tree
/Users/tompitts/dphil/CanopyAI/deepforest_custom/phase5_tiles/won_tile_44_rot34.tif,261,0,332,47,Tree
/Users/tompitts/dphil/CanopyAI/deepforest_custom/phase5_tiles/won_tile_44_rot34.tif,205,103,260,160,Tree
/Users/tompitts/dphil/CanopyAI/deepforest_custom/phase5_tiles/won_tile_44_rot34.tif,246,77,292,125,Tree
/Users/tompitts/dphil/CanopyAI/deepforest_custom/phase5_tiles/won_tile_44_rot34.tif,294,87,342,137,Tree
/Users/tompitts/dphil/CanopyAI/deepforest_custom/phase5_tiles/won_tile_44_rot34.tif,329,39,407,119,Tree
/Users/tompitts/dphil/CanopyAI/deepforest_custom/phase5_tiles/won_tile_44_rot34.tif,291,35,338,81,Tree
/Users/tompitts/dphil/CanopyAI/deepforest_custom/phase5_tiles/won_tile_44_rot34.tif,313,5,369,61,Tree
/Users/tompitts/dphil/CanopyAI/deepforest_custom/phase5_tiles/won_tile_44_rot34.tif,326,0,367,17,Tree
/Users/tompitts/dphil/CanopyAI/deepforest_custom/phase5_tiles/won_tile_44_rot34.tif,176,188,237,250,Tree
/Users/tompitts/dphil/CanopyAI/deepforest_custom/phase5_tiles/won_tile_44_rot34.tif,181,240,241,302,Tree
/Users/tompitts/dphil/CanopyAI/deepforest_custom/phase5_tiles/won_tile_44_rot34.tif,224,243,282,306,Tree
/Users/tompitts/dphil/CanopyAI/deepforest_custom/phase5_tiles/won_tile_44_rot34.tif,255,215,310,271,Tree
/Users/tompitts/dphil/CanopyAI/deepforest_custom/phase5_tiles/won_tile_44_rot34.tif,216,186,262,236,Tree
/Users/tompitts/dphil/CanopyAI/deepforest_custom/phase5_tiles/won_tile_44_rot34.tif,338,179,398,241,Tree
/Users/tompitts/dphil/CanopyAI/deepforest_custom/phase5_tiles/won_tile_44_rot34.tif,301,195,349,245,Tree
/Users/tompitts/dphil/CanopyAI/deepforest_custom/phase5_tiles/won_tile_44_rot34.tif,318,286,377,348,Tree
/Users/tompitts/dphil/CanopyAI/deepforest_custom/phase5_tiles/won_tile_44_rot34.tif,357,308,413,366,Tree
/Users/tompitts/dphil/CanopyAI/deepforest_custom/phase5_tiles/won_tile_44_rot34.tif,391,212,443,267,Tree
/Users/tompitts/dphil/CanopyAI/deepforest_custom/phase5_tiles/won_tile_44_rot34.tif,433,218,479,268,Tree
/Users/tompitts/dphil/CanopyAI/deepforest_custom/phase5_tiles/won_tile_44_rot34.tif,377,98,420,143,Tree
/Users/tompitts/dphil/CanopyAI/deepforest_custom/phase5_tiles/won_tile_44_rot34.tif,344,133,382,172,Tree
/Users/tompitts/dphil/CanopyAI/deepforest_custom/phase5_tiles/won_tile_44_rot34.tif,359,148,418,211,Tree
/Users/tompitts/dphil/CanopyAI/deepforest_custom/phase5_tiles/won_tile_44_rot34.tif,424,176,461,214,Tree
/Users/tompitts/dphil/CanopyAI/deepforest_custom/phase5_tiles/won_tile_44_rot34.tif,403,151,439,188,Tree
/Users/tompitts/dphil/CanopyAI/deepforest_custom/phase5_tiles/won_tile_44_rot34.tif,407,111,446,151,Tree
/Users/tompitts/dphil/CanopyAI/deepforest_custom/phase5_tiles/won_tile_44_rot34.tif,431,113,485,171,Tree
/Users/tompitts/dphil/CanopyAI/deepforest_custom/phase5_tiles/won_tile_44_rot34.tif,455,177,500,285,Tree
/Users/tompitts/dphil/CanopyAI/deepforest_custom/phase5_tiles/won_tile_44_rot34.tif,424,342,470,389,Tree
/Users/tompitts/dphil/CanopyAI/deepforest_custom/phase5_tiles/won_tile_52_rot198.tif,22,339,88,423,Tree
/Users/tompitts/dphil/CanopyAI/deepforest_custom/phase5_tiles/won_tile_52_rot198.tif,12,242,134,344,Tree
/Users/tompitts/dphil/CanopyAI/deepforest_custom/phase5_tiles/won_tile_52_rot198.tif,0,145,51,220,Tree
/Users/tompitts/dphil/CanopyAI/deepforest_custom/phase5_tiles/won_tile_52_rot198.tif,128,125,183,187,Tree
/Users/tompitts/dphil/CanopyAI/deepforest_custom/phase5_tiles/won_tile_52_rot198.tif,18,63,64,114,Tree
/Users/tompitts/dphil/CanopyAI/deepforest_custom/phase5_tiles/won_tile_52_rot198.tif,0,72,17,149,Tree
/Users/tompitts/dphil/CanopyAI/deepforest_custom/phase5_tiles/won_tile_52_rot198.tif,343,216,395,274,Tree
/Users/tompitts/dphil/CanopyAI/deepforest_custom/phase5_tiles/won_tile_52_rot198.tif,338,264,378,305,Tree
/Users/tompitts/dphil/CanopyAI/deepforest_custom/phase5_tiles/won_tile_52_rot198.tif,285,307,328,355,Tree
/Users/tompitts/dphil/CanopyAI/deepforest_custom/phase5_tiles/won_tile_52_rot198.tif,198,340,252,392,Tree
/Users/tompitts/dphil/CanopyAI/deepforest_custom/phase5_tiles/won_tile_52_rot198.tif,96,355,147,411,Tree
/Users/tompitts/dphil/CanopyAI/deepforest_custom/phase5_tiles/won_tile_52_rot198.tif,101,403,145,448,Tree
/Users/tompitts/dphil/CanopyAI/deepforest_custom/phase5_tiles/won_tile_52_rot198.tif,431,381,490,444,Tree
/Users/tompitts/dphil/CanopyAI/deepforest_custom/phase5_tiles/won_tile_52_rot198.tif,434,325,488,385,Tree
/Users/tompitts/dphil/CanopyAI/deepforest_custom/phase5_tiles/won_tile_52_rot198.tif,403,282,491,381,Tree
/Users/tompitts/dphil/CanopyAI/deepforest_custom/phase5_tiles/won_tile_52_rot198.tif,478,337,500,401,Tree
/Users/tompitts/dphil/CanopyAI/deepforest_custom/phase5_tiles/won_tile_52_rot198.tif,472,275,500,336,Tree
/Users/tompitts/dphil/CanopyAI/deepforest_custom/phase5_tiles/won_tile_52_rot198.tif,130,434,198,500,Tree
/Users/tompitts/dphil/CanopyAI/deepforest_custom/phase5_tiles/won_tile_52_rot198.tif,196,438,254,500,Tree
/Users/tompitts/dphil/CanopyAI/deepforest_custom/phase5_tiles/won_tile_52_rot198.tif,211,374,290,437,Tree
/Users/tompitts/dphil/CanopyAI/deepforest_custom/phase5_tiles/won_tile_52_rot198.tif,55,422,99,467,Tree
/Users/tompitts/dphil/CanopyAI/deepforest_custom/phase5_tiles/won_tile_52_rot198.tif,357,395,407,453,Tree
/Users/tompitts/dphil/CanopyAI/deepforest_custom/phase5_tiles/won_tile_52_rot198.tif,387,378,434,431,Tree
/Users/tompitts/dphil/CanopyAI/deepforest_custom/phase5_tiles/won_tile_52_rot198.tif,163,46,253,130,Tree
/Users/tompitts/dphil/CanopyAI/deepforest_custom/phase5_tiles/won_tile_52_rot198.tif,224,107,285,171,Tree
/Users/tompitts/dphil/CanopyAI/deepforest_custom/phase5_tiles/won_tile_52_rot198.tif,193,146,240,193,Tree
/Users/tompitts/dphil/CanopyAI/deepforest_custom/phase5_tiles/won_tile_52_rot198.tif,185,108,233,153,Tree
/Users/tompitts/dphil/CanopyAI/deepforest_custom/phase5_tiles/won_tile_52_rot198.tif,274,0,331,43,Tree
/Users/tompitts/dphil/CanopyAI/deepforest_custom/phase5_tiles/won_tile_52_rot198.tif,311,388,355,434,Tree
/Users/tompitts/dphil/CanopyAI/deepforest_custom/phase5_tiles/won_tile_52_rot198.tif,295,443,348,494,Tree
/Users/tompitts/dphil/CanopyAI/deepforest_custom/phase5_tiles/won_tile_52_rot198.tif,278,407,324,452,Tree
/Users/tompitts/dphil/CanopyAI/deepforest_custom/phase5_tiles/won_tile_23_rot151.tif,331,469,402,500,Tree
/Users/tompitts/dphil/CanopyAI/deepforest_custom/phase5_tiles/won_tile_23_rot151.tif,321,475,365,500,Tree
/Users/tompitts/dphil/CanopyAI/deepforest_custom/phase5_tiles/won_tile_23_rot151.tif,254,433,307,486,Tree
/Users/tompitts/dphil/CanopyAI/deepforest_custom/phase5_tiles/won_tile_23_rot151.tif,200,420,256,479,Tree
/Users/tompitts/dphil/CanopyAI/deepforest_custom/phase5_tiles/won_tile_23_rot151.tif,138,397,203,471,Tree
/Users/tompitts/dphil/CanopyAI/deepforest_custom/phase5_tiles/won_tile_23_rot151.tif,86,357,159,437,Tree
/Users/tompitts/dphil/CanopyAI/deepforest_custom/phase5_tiles/won_tile_23_rot151.tif,0,304,19,366,Tree
/Users/tompitts/dphil/CanopyAI/deepforest_custom/phase5_tiles/won_tile_23_rot151.tif,230,351,288,412,Tree
/Users/tompitts/dphil/CanopyAI/deepforest_custom/phase5_tiles/won_tile_23_rot151.tif,224,307,282,370,Tree
/Users/tompitts/dphil/CanopyAI/deepforest_custom/phase5_tiles/won_tile_23_rot151.tif,180,274,250,349,Tree
/Users/tompitts/dphil/CanopyAI/deepforest_custom/phase5_tiles/won_tile_23_rot151.tif,127,273,185,336,Tree
/Users/tompitts/dphil/CanopyAI/deepforest_custom/phase5_tiles/won_tile_23_rot151.tif,408,324,470,390,Tree
/Users/tompitts/dphil/CanopyAI/deepforest_custom/phase5_tiles/won_tile_23_rot151.tif,258,269,328,337,Tree
/Users/tompitts/dphil/CanopyAI/deepforest_custom/phase5_tiles/won_tile_23_rot151.tif,313,243,389,318,Tree
/Users/tompitts/dphil/CanopyAI/deepforest_custom/phase5_tiles/won_tile_23_rot151.tif,446,168,500,239,Tree
/Users/tompitts/dphil/CanopyAI/deepforest_custom/phase5_tiles/won_tile_23_rot151.tif,410,114,479,180,Tree
/Users/tompitts/dphil/CanopyAI/deepforest_custom/phase5_tiles/won_tile_23_rot151.tif,211,87,273,155,Tree
/Users/tompitts/dphil/CanopyAI/deepforest_custom/phase5_tiles/won_tile_23_rot151.tif,223,10,288,76,Tree
/Users/tompitts/dphil/CanopyAI/deepforest_custom/phase5_tiles/won_tile_23_rot151.tif,48,89,96,142,Tree
/Users/tompitts/dphil/CanopyAI/deepforest_custom/phase5_tiles/won_tile_23_rot151.tif,318,16,377,77,Tree
/Users/tompitts/dphil/CanopyAI/deepforest_custom/phase5_tiles/won_tile_23_rot151.tif,254,215,304,268,Tree
/Users/tompitts/dphil/CanopyAI/deepforest_custom/phase5_tiles/won_tile_23_rot151.tif,174,0,235,33,Tree
/Users/tompitts/dphil/CanopyAI/deepforest_custom/phase5_tiles/won_tile_7_rot310.tif,335,15,393,71,Tree
/Users/tompitts/dphil/CanopyAI/deepforest_custom/phase5_tiles/won_tile_7_rot310.tif,367,59,453,144,Tree
/Users/tompitts/dphil/CanopyAI/deepforest_custom/phase5_tiles/won_tile_7_rot310.tif,428,126,500,197,Tree
/Users/tompitts/dphil/CanopyAI/deepforest_custom/phase5_tiles/won_tile_7_rot310.tif,348,118,404,172,Tree
/Users/tompitts/dphil/CanopyAI/deepforest_custom/phase5_tiles/won_tile_7_rot310.tif,419,243,491,314,Tree
/Users/tompitts/dphil/CanopyAI/deepforest_custom/phase5_tiles/won_tile_7_rot310.tif,468,268,500,331,Tree
/Users/tompitts/dphil/CanopyAI/deepforest_custom/phase5_tiles/won_tile_7_rot310.tif,442,174,498,229,Tree
/Users/tompitts/dphil/CanopyAI/deepforest_custom/phase5_tiles/won_tile_7_rot310.tif,171,41,234,104,Tree
/Users/tompitts/dphil/CanopyAI/deepforest_custom/phase5_tiles/won_tile_7_rot310.tif,124,63,196,135,Tree
/Users/tompitts/dphil/CanopyAI/deepforest_custom/phase5_tiles/won_tile_7_rot310.tif,63,80,121,138,Tree
/Users/tompitts/dphil/CanopyAI/deepforest_custom/phase5_tiles/won_tile_7_rot310.tif,0,145,58,207,Tree
/Users/tompitts/dphil/CanopyAI/deepforest_custom/phase5_tiles/won_tile_7_rot310.tif,0,195,20,261,Tree
/Users/tompitts/dphil/CanopyAI/deepforest_custom/phase5_tiles/won_tile_7_rot310.tif,0,235,18,292,Tree
/Users/tompitts/dphil/CanopyAI/deepforest_custom/phase5_tiles/won_tile_7_rot310.tif,4,295,75,364,Tree
/Users/tompitts/dphil/CanopyAI/deepforest_custom/phase5_tiles/won_tile_7_rot310.tif,84,158,171,242,Tree
/Users/tompitts/dphil/CanopyAI/deepforest_custom/phase5_tiles/won_tile_7_rot310.tif,156,114,207,164,Tree
/Users/tompitts/dphil/CanopyAI/deepforest_custom/phase5_tiles/won_tile_7_rot310.tif,180,184,256,260,Tree
/Users/tompitts/dphil/CanopyAI/deepforest_custom/phase5_tiles/won_tile_7_rot310.tif,285,176,343,233,Tree
/Users/tompitts/dphil/CanopyAI/deepforest_custom/phase5_tiles/won_tile_7_rot310.tif,318,200,380,260,Tree
/Users/tompitts/dphil/CanopyAI/deepforest_custom/phase5_tiles/won_tile_7_rot310.tif,356,228,412,283,Tree
/Users/tompitts/dphil/CanopyAI/deepforest_custom/phase5_tiles/won_tile_7_rot310.tif,265,238,322,295,Tree
/Users/tompitts/dphil/CanopyAI/deepforest_custom/phase5_tiles/won_tile_7_rot310.tif,207,272,278,342,Tree
/Users/tompitts/dphil/CanopyAI/deepforest_custom/phase5_tiles/won_tile_7_rot310.tif,206,348,298,439,Tree
/Users/tompitts/dphil/CanopyAI/deepforest_custom/phase5_tiles/won_tile_7_rot310.tif,268,273,356,360,Tree
/Users/tompitts/dphil/CanopyAI/deepforest_custom/phase5_tiles/won_tile_7_rot310.tif,362,309,438,381,Tree
/Users/tompitts/dphil/CanopyAI/deepforest_custom/phase5_tiles/won_tile_7_rot310.tif,390,387,447,442,Tree
/Users/tompitts/dphil/CanopyAI/deepforest_custom/phase5_tiles/won_tile_7_rot310.tif,231,420,288,475,Tree
/Users/tompitts/dphil/CanopyAI/deepforest_custom/phase5_tiles/won_tile_7_rot310.tif,169,452,232,500,Tree
/Users/tompitts/dphil/CanopyAI/deepforest_custom/phase5_tiles/won_tile_7_rot310.tif,119,234,190,304,Tree
/Users/tompitts/dphil/CanopyAI/deepforest_custom/phase5_tiles/won_tile_7_rot310.tif,80,308,139,365,Tree
/Users/tompitts/dphil/CanopyAI/deepforest_custom/phase5_tiles/won_tile_7_rot310.tif,132,0,184,38,Tree
/Users/tompitts/dphil/CanopyAI/deepforest_custom/phase5_tiles/won_tile_7_rot310.tif,21,75,84,134,Tree
/Users/tompitts/dphil/CanopyAI/deepforest_custom/phase5_tiles/won_tile_7_rot310.tif,365,154,410,199,Tree
/Users/tompitts/dphil/CanopyAI/deepforest_custom/phase5_tiles/won_tile_7_rot310.tif,399,156,453,210,Tree
/Users/tompitts/dphil/CanopyAI/deepforest_custom/phase5_tiles/won_tile_7_rot310.tif,238,191,307,259,Tree
/Users/tompitts/dphil/CanopyAI/deepforest_custom/phase5_tiles/won_tile_3_rot55.tif,103,0,157,42,Tree
/Users/tompitts/dphil/CanopyAI/deepforest_custom/phase5_tiles/won_tile_3_rot55.tif,92,20,142,67,Tree
/Users/tompitts/dphil/CanopyAI/deepforest_custom/phase5_tiles/won_tile_3_rot55.tif,146,0,197,51,Tree
/Users/tompitts/dphil/CanopyAI/deepforest_custom/phase5_tiles/won_tile_3_rot55.tif,220,0,297,34,Tree
/Users/tompitts/dphil/CanopyAI/deepforest_custom/phase5_tiles/won_tile_3_rot55.tif,0,311,41,370,Tree
/Users/tompitts/dphil/CanopyAI/deepforest_custom/phase5_tiles/won_tile_3_rot55.tif,18,126,68,173,Tree
/Users/tompitts/dphil/CanopyAI/deepforest_custom/phase5_tiles/won_tile_3_rot55.tif,23,164,79,217,Tree
/Users/tompitts/dphil/CanopyAI/deepforest_custom/phase5_tiles/won_tile_3_rot55.tif,51,91,99,139,Tree
/Users/tompitts/dphil/CanopyAI/deepforest_custom/phase5_tiles/won_tile_3_rot55.tif,70,291,128,350,Tree
/Users/tompitts/dphil/CanopyAI/deepforest_custom/phase5_tiles/won_tile_3_rot55.tif,149,208,202,258,Tree
/Users/tompitts/dphil/CanopyAI/deepforest_custom/phase5_tiles/won_tile_3_rot55.tif,134,354,213,434,Tree
/Users/tompitts/dphil/CanopyAI/deepforest_custom/phase5_tiles/won_tile_3_rot55.tif,156,413,238,497,Tree
/Users/tompitts/dphil/CanopyAI/deepforest_custom/phase5_tiles/won_tile_3_rot55.tif,121,425,197,498,Tree
/Users/tompitts/dphil/CanopyAI/deepforest_custom/phase5_tiles/won_tile_3_rot55.tif,370,217,500,405,Tree
/Users/tompitts/dphil/CanopyAI/deepforest_custom/phase5_tiles/won_tile_3_rot55.tif,315,391,423,494,Tree
/Users/tompitts/dphil/CanopyAI/deepforest_custom/phase5_tiles/won_tile_3_rot55.tif,352,35,424,104,Tree
/Users/tompitts/dphil/CanopyAI/deepforest_custom/phase5_tiles/won_tile_3_rot55.tif,431,156,497,220,Tree
/Users/tompitts/dphil/CanopyAI/deepforest_custom/phase5_tiles/won_tile_3_rot55.tif,238,178,299,239,Tree
/Users/tompitts/dphil/CanopyAI/deepforest_custom/phase5_tiles/won_tile_3_rot55.tif,489,126,500,198,Tree
/Users/tompitts/dphil/CanopyAI/deepforest_custom/phase5_tiles/won_tile_51_rot136.tif,200,449,262,500,Tree
/Users/tompitts/dphil/CanopyAI/deepforest_custom/phase5_tiles/won_tile_51_rot136.tif,112,417,177,483,Tree
/Users/tompitts/dphil/CanopyAI/deepforest_custom/phase5_tiles/won_tile_51_rot136.tif,92,382,148,439,Tree
/Users/tompitts/dphil/CanopyAI/deepforest_custom/phase5_tiles/won_tile_51_rot136.tif,11,303,68,360,Tree
/Users/tompitts/dphil/CanopyAI/deepforest_custom/phase5_tiles/won_tile_51_rot136.tif,0,287,29,333,Tree
/Users/tompitts/dphil/CanopyAI/deepforest_custom/phase5_tiles/won_tile_51_rot136.tif,0,266,33,308,Tree
/Users/tompitts/dphil/CanopyAI/deepforest_custom/phase5_tiles/won_tile_51_rot136.tif,0,238,40,288,Tree
/Users/tompitts/dphil/CanopyAI/deepforest_custom/phase5_tiles/won_tile_51_rot136.tif,0,207,15,265,Tree
/Users/tompitts/dphil/CanopyAI/deepforest_custom/phase5_tiles/won_tile_51_rot136.tif,0,171,10,224,Tree
/Users/tompitts/dphil/CanopyAI/deepforest_custom/phase5_tiles/won_tile_51_rot136.tif,0,139,43,199,Tree
/Users/tompitts/dphil/CanopyAI/deepforest_custom/phase5_tiles/won_tile_51_rot136.tif,21,160,85,224,Tree
/Users/tompitts/dphil/CanopyAI/deepforest_custom/phase5_tiles/won_tile_51_rot136.tif,69,147,131,209,Tree
/Users/tompitts/dphil/CanopyAI/deepforest_custom/phase5_tiles/won_tile_51_rot136.tif,22,202,91,271,Tree
/Users/tompitts/dphil/CanopyAI/deepforest_custom/phase5_tiles/won_tile_51_rot136.tif,256,437,323,500,Tree
/Users/tompitts/dphil/CanopyAI/deepforest_custom/phase5_tiles/won_tile_51_rot136.tif,307,409,360,461,Tree
/Users/tompitts/dphil/CanopyAI/deepforest_custom/phase5_tiles/won_tile_51_rot136.tif,342,422,402,482,Tree
/Users/tompitts/dphil/CanopyAI/deepforest_custom/phase5_tiles/won_tile_51_rot136.tif,381,403,427,450,Tree
/Users/tompitts/dphil/CanopyAI/deepforest_custom/phase5_tiles/won_tile_51_rot136.tif,217,331,285,399,Tree
/Users/tompitts/dphil/CanopyAI/deepforest_custom/phase5_tiles/won_tile_51_rot136.tif,157,372,209,424,Tree
/Users/tompitts/dphil/CanopyAI/deepforest_custom/phase5_tiles/won_tile_51_rot136.tif,114,312,189,388,Tree
/Users/tompitts/dphil/CanopyAI/deepforest_custom/phase5_tiles/won_tile_51_rot136.tif,112,287,179,353,Tree
/Users/tompitts/dphil/CanopyAI/deepforest_custom/phase5_tiles/won_tile_51_rot136.tif,64,262,118,315,Tree
/Users/tompitts/dphil/CanopyAI/deepforest_custom/phase5_tiles/won_tile_51_rot136.tif,125,243,187,304,Tree
/Users/tompitts/dphil/CanopyAI/deepforest_custom/phase5_tiles/won_tile_51_rot136.tif,153,221,213,281,Tree
/Users/tompitts/dphil/CanopyAI/deepforest_custom/phase5_tiles/won_tile_51_rot136.tif,191,272,256,336,Tree
/Users/tompitts/dphil/CanopyAI/deepforest_custom/phase5_tiles/won_tile_51_rot136.tif,266,238,350,323,Tree
/Users/tompitts/dphil/CanopyAI/deepforest_custom/phase5_tiles/won_tile_51_rot136.tif,262,315,318,371,Tree
/Users/tompitts/dphil/CanopyAI/deepforest_custom/phase5_tiles/won_tile_51_rot136.tif,299,348,373,422,Tree
/Users/tompitts/dphil/CanopyAI/deepforest_custom/phase5_tiles/won_tile_51_rot136.tif,260,202,319,261,Tree
/Users/tompitts/dphil/CanopyAI/deepforest_custom/phase5_tiles/won_tile_51_rot136.tif,166,131,232,197,Tree
/Users/tompitts/dphil/CanopyAI/deepforest_custom/phase5_tiles/won_tile_51_rot136.tif,60,106,115,161,Tree
/Users/tompitts/dphil/CanopyAI/deepforest_custom/phase5_tiles/won_tile_51_rot136.tif,32,83,87,139,Tree
/Users/tompitts/dphil/CanopyAI/deepforest_custom/phase5_tiles/won_tile_51_rot136.tif,67,54,116,103,Tree
/Users/tompitts/dphil/CanopyAI/deepforest_custom/phase5_tiles/won_tile_51_rot136.tif,114,22,168,77,Tree
/Users/tompitts/dphil/CanopyAI/deepforest_custom/phase5_tiles/won_tile_51_rot136.tif,250,0,306,10,Tree
/Users/tompitts/dphil/CanopyAI/deepforest_custom/phase5_tiles/won_tile_51_rot136.tif,224,78,270,124,Tree
/Users/tompitts/dphil/CanopyAI/deepforest_custom/phase5_tiles/won_tile_51_rot136.tif,190,18,283,112,Tree
/Users/tompitts/dphil/CanopyAI/deepforest_custom/phase5_tiles/won_tile_51_rot136.tif,100,49,203,153,Tree
/Users/tompitts/dphil/CanopyAI/deepforest_custom/phase5_tiles/won_tile_51_rot136.tif,253,107,320,175,Tree
/Users/tompitts/dphil/CanopyAI/deepforest_custom/phase5_tiles/won_tile_51_rot136.tif,215,122,335,242,Tree
/Users/tompitts/dphil/CanopyAI/deepforest_custom/phase5_tiles/won_tile_51_rot136.tif,314,264,387,337,Tree
/Users/tompitts/dphil/CanopyAI/deepforest_custom/phase5_tiles/won_tile_51_rot136.tif,368,260,449,341,Tree
/Users/tompitts/dphil/CanopyAI/deepforest_custom/phase5_tiles/won_tile_51_rot136.tif,423,264,482,323,Tree
/Users/tompitts/dphil/CanopyAI/deepforest_custom/phase5_tiles/won_tile_51_rot136.tif,341,95,402,156,Tree
/Users/tompitts/dphil/CanopyAI/deepforest_custom/phase5_tiles/won_tile_51_rot136.tif,355,126,436,207,Tree
/Users/tompitts/dphil/CanopyAI/deepforest_custom/phase5_tiles/won_tile_51_rot136.tif,435,106,495,166,Tree
/Users/tompitts/dphil/CanopyAI/deepforest_custom/phase5_tiles/won_tile_51_rot136.tif,447,151,493,198,Tree
/Users/tompitts/dphil/CanopyAI/deepforest_custom/phase5_tiles/won_tile_51_rot136.tif,437,180,488,231,Tree
/Users/tompitts/dphil/CanopyAI/deepforest_custom/phase5_tiles/won_tile_51_rot136.tif,423,214,500,294,Tree
/Users/tompitts/dphil/CanopyAI/deepforest_custom/phase5_tiles/won_tile_51_rot136.tif,484,210,500,274,Tree
/Users/tompitts/dphil/CanopyAI/deepforest_custom/phase5_tiles/won_tile_51_rot136.tif,361,36,410,85,Tree
/Users/tompitts/dphil/CanopyAI/deepforest_custom/phase5_tiles/won_tile_29_rot233.tif,440,309,495,364,Tree
/Users/tompitts/dphil/CanopyAI/deepforest_custom/phase5_tiles/won_tile_29_rot233.tif,371,341,458,426,Tree
/Users/tompitts/dphil/CanopyAI/deepforest_custom/phase5_tiles/won_tile_29_rot233.tif,338,295,411,367,Tree
/Users/tompitts/dphil/CanopyAI/deepforest_custom/phase5_tiles/won_tile_29_rot233.tif,427,238,497,307,Tree
/Users/tompitts/dphil/CanopyAI/deepforest_custom/phase5_tiles/won_tile_29_rot233.tif,380,88,500,209,Tree
/Users/tompitts/dphil/CanopyAI/deepforest_custom/phase5_tiles/won_tile_29_rot233.tif,170,339,242,413,Tree
/Users/tompitts/dphil/CanopyAI/deepforest_custom/phase5_tiles/won_tile_29_rot233.tif,237,336,298,397,Tree
/Users/tompitts/dphil/CanopyAI/deepforest_custom/phase5_tiles/won_tile_29_rot233.tif,305,357,393,443,Tree
/Users/tompitts/dphil/CanopyAI/deepforest_custom/phase5_tiles/won_tile_29_rot233.tif,122,200,206,284,Tree
/Users/tompitts/dphil/CanopyAI/deepforest_custom/phase5_tiles/won_tile_29_rot233.tif,33,250,88,303,Tree
/Users/tompitts/dphil/CanopyAI/deepforest_custom/phase5_tiles/won_tile_29_rot233.tif,75,41,132,97,Tree
/Users/tompitts/dphil/CanopyAI/deepforest_custom/phase5_tiles/won_tile_29_rot233.tif,301,103,356,158,Tree
/Users/tompitts/dphil/CanopyAI/deepforest_custom/phase5_tiles/won_tile_29_rot233.tif,278,141,329,192,Tree
/Users/tompitts/dphil/CanopyAI/deepforest_custom/phase5_tiles/won_tile_29_rot233.tif,214,232,271,286,Tree
/Users/tompitts/dphil/CanopyAI/deepforest_custom/phase5_tiles/won_tile_29_rot233.tif,261,261,314,315,Tree
/Users/tompitts/dphil/CanopyAI/deepforest_custom/phase5_tiles/won_tile_29_rot233.tif,287,335,331,377,Tree
/Users/tompitts/dphil/CanopyAI/deepforest_custom/phase5_tiles/won_tile_29_rot233.tif,192,382,254,444,Tree
/Users/tompitts/dphil/CanopyAI/deepforest_custom/phase5_tiles/won_tile_29_rot233.tif,10,170,58,219,Tree
/Users/tompitts/dphil/CanopyAI/deepforest_custom/phase5_tiles/won_tile_29_rot233.tif,57,141,109,193,Tree
/Users/tompitts/dphil/CanopyAI/deepforest_custom/phase5_tiles/won_tile_29_rot233.tif,31,328,81,377,Tree
/Users/tompitts/dphil/CanopyAI/deepforest_custom/phase5_tiles/won_tile_29_rot233.tif,75,388,126,439,Tree
/Users/tompitts/dphil/CanopyAI/deepforest_custom/phase5_tiles/won_tile_29_rot233.tif,119,364,161,407,Tree
/Users/tompitts/dphil/CanopyAI/deepforest_custom/phase5_tiles/won_tile_29_rot233.tif,52,285,97,330,Tree
/Users/tompitts/dphil/CanopyAI/deepforest_custom/phase5_tiles/won_tile_29_rot233.tif,27,186,101,264,Tree
/Users/tompitts/dphil/CanopyAI/deepforest_custom/phase5_tiles/won_tile_29_rot233.tif,271,461,341,500,Tree
/Users/tompitts/dphil/CanopyAI/deepforest_custom/phase5_tiles/won_tile_29_rot233.tif,216,462,273,500,Tree
/Users/tompitts/dphil/CanopyAI/deepforest_custom/phase5_tiles/won_tile_29_rot233.tif,229,420,290,483,Tree
/Users/tompitts/dphil/CanopyAI/deepforest_custom/phase5_tiles/won_tile_29_rot233.tif,150,85,200,134,Tree
/Users/tompitts/dphil/CanopyAI/deepforest_custom/phase5_tiles/won_tile_29_rot233.tif,97,112,149,163,Tree
/Users/tompitts/dphil/CanopyAI/deepforest_custom/phase5_tiles/won_tile_29_rot233.tif,167,0,217,31,Tree
/Users/tompitts/dphil/CanopyAI/deepforest_custom/phase5_tiles/won_tile_29_rot233.tif,272,0,363,76,Tree
/Users/tompitts/dphil/CanopyAI/deepforest_custom/phase5_tiles/won_tile_29_rot233.tif,344,43,410,106,Tree
/Users/tompitts/dphil/CanopyAI/deepforest_custom/phase5_tiles/won_tile_29_rot233.tif,111,0,165,49,Tree
/Users/tompitts/dphil/CanopyAI/deepforest_custom/phase5_tiles/won_tile_29_rot233.tif,0,259,13,352,Tree
/Users/tompitts/dphil/CanopyAI/deepforest_custom/phase5_tiles/won_tile_19_rot243.tif,459,124,500,175,Tree
/Users/tompitts/dphil/CanopyAI/deepforest_custom/phase5_tiles/won_tile_19_rot243.tif,428,135,494,196,Tree
/Users/tompitts/dphil/CanopyAI/deepforest_custom/phase5_tiles/won_tile_19_rot243.tif,414,350,457,390,Tree
/Users/tompitts/dphil/CanopyAI/deepforest_custom/phase5_tiles/won_tile_19_rot243.tif,377,338,443,398,Tree
/Users/tompitts/dphil/CanopyAI/deepforest_custom/phase5_tiles/won_tile_19_rot243.tif,357,372,418,429,Tree
/Users/tompitts/dphil/CanopyAI/deepforest_custom/phase5_tiles/won_tile_19_rot243.tif,372,406,441,487,Tree
/Users/tompitts/dphil/CanopyAI/deepforest_custom/phase5_tiles/won_tile_19_rot243.tif,345,479,405,500,Tree
/Users/tompitts/dphil/CanopyAI/deepforest_custom/phase5_tiles/won_tile_19_rot243.tif,310,171,430,279,Tree
/Users/tompitts/dphil/CanopyAI/deepforest_custom/phase5_tiles/won_tile_19_rot243.tif,322,259,377,313,Tree
/Users/tompitts/dphil/CanopyAI/deepforest_custom/phase5_tiles/won_tile_19_rot243.tif,322,327,376,376,Tree
/Users/tompitts/dphil/CanopyAI/deepforest_custom/phase5_tiles/won_tile_19_rot243.tif,257,470,306,500,Tree
/Users/tompitts/dphil/CanopyAI/deepforest_custom/phase5_tiles/won_tile_19_rot243.tif,222,383,312,467,Tree
/Users/tompitts/dphil/CanopyAI/deepforest_custom/phase5_tiles/won_tile_19_rot243.tif,305,376,349,423,Tree
/Users/tompitts/dphil/CanopyAI/deepforest_custom/phase5_tiles/won_tile_19_rot243.tif,220,305,294,372,Tree
/Users/tompitts/dphil/CanopyAI/deepforest_custom/phase5_tiles/won_tile_19_rot243.tif,365,54,429,117,Tree
/Users/tompitts/dphil/CanopyAI/deepforest_custom/phase5_tiles/won_tile_19_rot243.tif,402,99,445,143,Tree
/Users/tompitts/dphil/CanopyAI/deepforest_custom/phase5_tiles/won_tile_19_rot243.tif,326,101,384,157,Tree
/Users/tompitts/dphil/CanopyAI/deepforest_custom/phase5_tiles/won_tile_19_rot243.tif,210,8,276,73,Tree
/Users/tompitts/dphil/CanopyAI/deepforest_custom/phase5_tiles/won_tile_19_rot243.tif,242,176,317,248,Tree
/Users/tompitts/dphil/CanopyAI/deepforest_custom/phase5_tiles/won_tile_19_rot243.tif,218,226,296,303,Tree
/Users/tompitts/dphil/CanopyAI/deepforest_custom/phase5_tiles/won_tile_19_rot243.tif,170,349,235,407,Tree
/Users/tompitts/dphil/CanopyAI/deepforest_custom/phase5_tiles/won_tile_19_rot243.tif,102,382,183,456,Tree
/Users/tompitts/dphil/CanopyAI/deepforest_custom/phase5_tiles/won_tile_19_rot243.tif,157,221,232,295,Tree
/Users/tompitts/dphil/CanopyAI/deepforest_custom/phase5_tiles/won_tile_19_rot243.tif,167,147,243,217,Tree
/Users/tompitts/dphil/CanopyAI/deepforest_custom/phase5_tiles/won_tile_19_rot243.tif,102,112,170,179,Tree
/Users/tompitts/dphil/CanopyAI/deepforest_custom/phase5_tiles/won_tile_19_rot243.tif,96,169,160,224,Tree
/Users/tompitts/dphil/CanopyAI/deepforest_custom/phase5_tiles/won_tile_19_rot243.tif,9,107,100,202,Tree
/Users/tompitts/dphil/CanopyAI/deepforest_custom/phase5_tiles/won_tile_19_rot243.tif,51,201,96,242,Tree
/Users/tompitts/dphil/CanopyAI/deepforest_custom/phase5_tiles/won_tile_19_rot243.tif,18,217,71,266,Tree
/Users/tompitts/dphil/CanopyAI/deepforest_custom/phase5_tiles/won_tile_19_rot243.tif,56,242,101,283,Tree
/Users/tompitts/dphil/CanopyAI/deepforest_custom/phase5_tiles/won_tile_19_rot243.tif,33,329,95,390,Tree
/Users/tompitts/dphil/CanopyAI/deepforest_custom/phase5_tiles/won_tile_19_rot243.tif,0,338,34,375,Tree
/Users/tompitts/dphil/CanopyAI/deepforest_custom/phase5_tiles/won_tile_19_rot243.tif,13,384,70,432,Tree
/Users/tompitts/dphil/CanopyAI/deepforest_custom/phase5_tiles/won_tile_19_rot243.tif,50,274,94,314,Tree
/Users/tompitts/dphil/CanopyAI/deepforest_custom/phase5_tiles/won_tile_19_rot243.tif,34,290,84,338,Tree
/Users/tompitts/dphil/CanopyAI/deepforest_custom/phase5_tiles/won_tile_19_rot243.tif,0,274,51,339,Tree
/Users/tompitts/dphil/CanopyAI/deepforest_custom/phase5_tiles/won_tile_28_rot71.tif,139,295,214,364,Tree
/Users/tompitts/dphil/CanopyAI/deepforest_custom/phase5_tiles/won_tile_28_rot71.tif,83,301,144,365,Tree
/Users/tompitts/dphil/CanopyAI/deepforest_custom/phase5_tiles/won_tile_28_rot71.tif,41,353,86,407,Tree
/Users/tompitts/dphil/CanopyAI/deepforest_custom/phase5_tiles/won_tile_28_rot71.tif,0,398,40,438,Tree
/Users/tompitts/dphil/CanopyAI/deepforest_custom/phase5_tiles/won_tile_28_rot71.tif,67,0,112,20,Tree
/Users/tompitts/dphil/CanopyAI/deepforest_custom/phase5_tiles/won_tile_28_rot71.tif,222,0,295,32,Tree
/Users/tompitts/dphil/CanopyAI/deepforest_custom/phase5_tiles/won_tile_28_rot71.tif,328,116,390,184,Tree
/Users/tompitts/dphil/CanopyAI/deepforest_custom/phase5_tiles/won_tile_28_rot71.tif,305,192,366,253,Tree
/Users/tompitts/dphil/CanopyAI/deepforest_custom/phase5_tiles/won_tile_28_rot71.tif,487,70,500,123,Tree
/Users/tompitts/dphil/CanopyAI/deepforest_custom/phase5_tiles/won_tile_28_rot71.tif,437,107,496,153,Tree
/Users/tompitts/dphil/CanopyAI/deepforest_custom/phase5_tiles/won_tile_28_rot71.tif,384,76,434,114,Tree
/Users/tompitts/dphil/CanopyAI/deepforest_custom/phase5_tiles/won_tile_28_rot71.tif,329,69,388,128,Tree
/Users/tompitts/dphil/CanopyAI/deepforest_custom/phase5_tiles/won_tile_28_rot71.tif,82,58,130,98,Tree
/Users/tompitts/dphil/CanopyAI/deepforest_custom/phase5_tiles/won_tile_28_rot71.tif,99,103,154,151,Tree
/Users/tompitts/dphil/CanopyAI/deepforest_custom/phase5_tiles/won_tile_28_rot71.tif,114,164,151,195,Tree
/Users/tompitts/dphil/CanopyAI/deepforest_custom/phase5_tiles/won_tile_28_rot71.tif,40,218,77,252,Tree
/Users/tompitts/dphil/CanopyAI/deepforest_custom/phase5_tiles/won_tile_28_rot71.tif,0,319,45,376,Tree
/Users/tompitts/dphil/CanopyAI/deepforest_custom/phase5_tiles/won_tile_28_rot71.tif,0,277,40,332,Tree
/Users/tompitts/dphil/CanopyAI/deepforest_custom/phase5_tiles/won_tile_28_rot71.tif,0,247,75,314,Tree
/Users/tompitts/dphil/CanopyAI/deepforest_custom/phase5_tiles/won_tile_28_rot71.tif,296,427,368,487,Tree
/Users/tompitts/dphil/CanopyAI/deepforest_custom/phase5_tiles/won_tile_28_rot71.tif,268,166,319,217,Tree
/Users/tompitts/dphil/CanopyAI/deepforest_custom/phase5_tiles/won_tile_28_rot71.tif,253,127,315,180,Tree
/Users/tompitts/dphil/CanopyAI/deepforest_custom/phase5_tiles/won_tile_28_rot71.tif,265,83,323,141,Tree
/Users/tompitts/dphil/CanopyAI/deepforest_custom/phase5_tiles/won_tile_28_rot71.tif,130,39,204,114,Tree
/Users/tompitts/dphil/CanopyAI/deepforest_custom/phase5_tiles/won_tile_28_rot71.tif,121,216,183,276,Tree
/Users/tompitts/dphil/CanopyAI/deepforest_custom/phase5_tiles/won_tile_28_rot71.tif,175,173,226,219,Tree
/Users/tompitts/dphil/CanopyAI/deepforest_custom/phase5_tiles/won_tile_28_rot71.tif,57,160,122,218,Tree
/Users/tompitts/dphil/CanopyAI/deepforest_custom/phase5_tiles/won_tile_28_rot71.tif,28,81,101,153,Tree
/Users/tompitts/dphil/CanopyAI/deepforest_custom/phase5_tiles/won_tile_28_rot71.tif,370,326,414,364,Tree
/Users/tompitts/dphil/CanopyAI/deepforest_custom/phase5_tiles/won_tile_28_rot71.tif,394,279,447,337,Tree
/Users/tompitts/dphil/CanopyAI/deepforest_custom/phase5_tiles/won_tile_28_rot71.tif,440,303,487,341,Tree
/Users/tompitts/dphil/CanopyAI/deepforest_custom/phase5_tiles/won_tile_28_rot71.tif,431,237,500,306,Tree
/Users/tompitts/dphil/CanopyAI/deepforest_custom/phase5_tiles/won_tile_28_rot71.tif,420,149,487,203,Tree
/Users/tompitts/dphil/CanopyAI/deepforest_custom/phase5_tiles/won_tile_28_rot71.tif,374,208,439,273,Tree
/Users/tompitts/dphil/CanopyAI/deepforest_custom/phase5_tiles/won_tile_28_rot71.tif,328,224,397,293,Tree
/Users/tompitts/dphil/CanopyAI/deepforest_custom/phase5_tiles/won_tile_28_rot71.tif,170,249,257,314,Tree
/Users/tompitts/dphil/CanopyAI/deepforest_custom/phase5_tiles/won_tile_28_rot71.tif,240,260,288,300,Tree
/Users/tompitts/dphil/CanopyAI/deepforest_custom/phase5_tiles/won_tile_28_rot71.tif,280,334,327,376,Tree
/Users/tompitts/dphil/CanopyAI/deepforest_custom/phase5_tiles/won_tile_28_rot71.tif,288,292,341,346,Tree
/Users/tompitts/dphil/CanopyAI/deepforest_custom/phase5_tiles/won_tile_28_rot71.tif,229,333,279,382,Tree
/Users/tompitts/dphil/CanopyAI/deepforest_custom/phase5_tiles/won_tile_28_rot71.tif,185,416,263,490,Tree
/Users/tompitts/dphil/CanopyAI/deepforest_custom/phase5_tiles/won_tile_28_rot71.tif,106,341,163,397,Tree
/Users/tompitts/dphil/CanopyAI/deepforest_custom/phase5_tiles/won_tile_28_rot71.tif,94,381,198,472,Tree
/Users/tompitts/dphil/CanopyAI/deepforest_custom/phase5_tiles/won_tile_28_rot71.tif,353,401,423,454,Tree
/Users/tompitts/dphil/CanopyAI/deepforest_custom/phase5_tiles/won_tile_24_rot10.tif,324,166,398,234,Tree
/Users/tompitts/dphil/CanopyAI/deepforest_custom/phase5_tiles/won_tile_24_rot10.tif,184,162,236,207,Tree
/Users/tompitts/dphil/CanopyAI/deepforest_custom/phase5_tiles/won_tile_24_rot10.tif,166,200,224,249,Tree
/Users/tompitts/dphil/CanopyAI/deepforest_custom/phase5_tiles/won_tile_24_rot10.tif,101,98,160,149,Tree
/Users/tompitts/dphil/CanopyAI/deepforest_custom/phase5_tiles/won_tile_24_rot10.tif,92,26,142,72,Tree
/Users/tompitts/dphil/CanopyAI/deepforest_custom/phase5_tiles/won_tile_24_rot10.tif,287,1,335,48,Tree
/Users/tompitts/dphil/CanopyAI/deepforest_custom/phase5_tiles/won_tile_24_rot10.tif,228,0,286,58,Tree
/Users/tompitts/dphil/CanopyAI/deepforest_custom/phase5_tiles/won_tile_24_rot10.tif,267,50,305,81,Tree
/Users/tompitts/dphil/CanopyAI/deepforest_custom/phase5_tiles/won_tile_24_rot10.tif,227,75,292,131,Tree
/Users/tompitts/dphil/CanopyAI/deepforest_custom/phase5_tiles/won_tile_24_rot10.tif,134,128,193,189,Tree
/Users/tompitts/dphil/CanopyAI/deepforest_custom/phase5_tiles/won_tile_24_rot10.tif,430,66,479,130,Tree
/Users/tompitts/dphil/CanopyAI/deepforest_custom/phase5_tiles/won_tile_24_rot10.tif,387,117,448,177,Tree
/Users/tompitts/dphil/CanopyAI/deepforest_custom/phase5_tiles/won_tile_24_rot10.tif,368,25,449,113,Tree
/Users/tompitts/dphil/CanopyAI/deepforest_custom/phase5_tiles/won_tile_24_rot10.tif,197,264,263,341,Tree
/Users/tompitts/dphil/CanopyAI/deepforest_custom/phase5_tiles/won_tile_24_rot10.tif,200,372,268,438,Tree
/Users/tompitts/dphil/CanopyAI/deepforest_custom/phase5_tiles/won_tile_24_rot10.tif,206,440,267,500,Tree
/Users/tompitts/dphil/CanopyAI/deepforest_custom/phase5_tiles/won_tile_24_rot10.tif,266,438,306,497,Tree
/Users/tompitts/dphil/CanopyAI/deepforest_custom/phase5_tiles/won_tile_24_rot10.tif,302,433,342,490,Tree
/Users/tompitts/dphil/CanopyAI/deepforest_custom/phase5_tiles/won_tile_24_rot10.tif,331,369,383,431,Tree
/Users/tompitts/dphil/CanopyAI/deepforest_custom/phase5_tiles/won_tile_24_rot10.tif,260,154,304,205,Tree
/Users/tompitts/dphil/CanopyAI/deepforest_custom/phase5_tiles/won_tile_24_rot10.tif,327,0,387,39,Tree
/Users/tompitts/dphil/CanopyAI/deepforest_custom/phase5_tiles/won_tile_24_rot10.tif,245,207,330,288,Tree
/Users/tompitts/dphil/CanopyAI/deepforest_custom/phase5_tiles/won_tile_24_rot10.tif,337,303,391,354,Tree
/Users/tompitts/dphil/CanopyAI/deepforest_custom/phase5_tiles/won_tile_24_rot10.tif,423,364,476,424,Tree
/Users/tompitts/dphil/CanopyAI/deepforest_custom/phase5_tiles/won_tile_24_rot10.tif,442,300,500,372,Tree
/Users/tompitts/dphil/CanopyAI/deepforest_custom/phase5_tiles/won_tile_24_rot10.tif,380,227,443,293,Tree
/Users/tompitts/dphil/CanopyAI/deepforest_custom/phase5_tiles/won_tile_24_rot10.tif,431,197,500,285,Tree
/Users/tompitts/dphil/CanopyAI/deepforest_custom/phase5_tiles/won_tile_15_rot80.tif,286,346,356,420,Tree
/Users/tompitts/dphil/CanopyAI/deepforest_custom/phase5_tiles/won_tile_15_rot80.tif,122,223,194,291,Tree
/Users/tompitts/dphil/CanopyAI/deepforest_custom/phase5_tiles/won_tile_15_rot80.tif,320,270,375,328,Tree
/Users/tompitts/dphil/CanopyAI/deepforest_custom/phase5_tiles/won_tile_15_rot80.tif,438,315,490,390,Tree
/Users/tompitts/dphil/CanopyAI/deepforest_custom/phase5_tiles/won_tile_15_rot80.tif,0,411,42,449,Tree
/Users/tompitts/dphil/CanopyAI/deepforest_custom/phase5_tiles/won_tile_15_rot80.tif,37,264,87,316,Tree
/Users/tompitts/dphil/CanopyAI/deepforest_custom/phase5_tiles/won_tile_15_rot80.tif,48,212,95,257,Tree
/Users/tompitts/dphil/CanopyAI/deepforest_custom/phase5_tiles/won_tile_15_rot80.tif,2,181,29,226,Tree
/Users/tompitts/dphil/CanopyAI/deepforest_custom/phase5_tiles/won_tile_15_rot80.tif,0,252,38,298,Tree
/Users/tompitts/dphil/CanopyAI/deepforest_custom/phase5_tiles/won_tile_15_rot80.tif,58,105,106,152,Tree
/Users/tompitts/dphil/CanopyAI/deepforest_custom/phase5_tiles/won_tile_15_rot80.tif,55,147,105,194,Tree
/Users/tompitts/dphil/CanopyAI/deepforest_custom/phase5_tiles/won_tile_15_rot80.tif,72,179,122,224,Tree
/Users/tompitts/dphil/CanopyAI/deepforest_custom/phase5_tiles/won_tile_15_rot80.tif,149,119,195,170,Tree
/Users/tompitts/dphil/CanopyAI/deepforest_custom/phase5_tiles/won_tile_15_rot80.tif,112,132,151,180,Tree
/Users/tompitts/dphil/CanopyAI/deepforest_custom/phase5_tiles/won_tile_15_rot80.tif,33,355,81,397,Tree
/Users/tompitts/dphil/CanopyAI/deepforest_custom/phase5_tiles/won_tile_15_rot80.tif,53,420,101,473,Tree
/Users/tompitts/dphil/CanopyAI/deepforest_custom/phase5_tiles/won_tile_15_rot80.tif,94,426,171,488,Tree
/Users/tompitts/dphil/CanopyAI/deepforest_custom/phase5_tiles/won_tile_15_rot80.tif,70,331,143,403,Tree
/Users/tompitts/dphil/CanopyAI/deepforest_custom/phase5_tiles/won_tile_15_rot80.tif,136,369,192,420,Tree
/Users/tompitts/dphil/CanopyAI/deepforest_custom/phase5_tiles/won_tile_15_rot80.tif,176,399,239,463,Tree
/Users/tompitts/dphil/CanopyAI/deepforest_custom/phase5_tiles/won_tile_15_rot80.tif,213,472,295,500,Tree
/Users/tompitts/dphil/CanopyAI/deepforest_custom/phase5_tiles/won_tile_15_rot80.tif,374,435,441,496,Tree
/Users/tompitts/dphil/CanopyAI/deepforest_custom/phase5_tiles/won_tile_15_rot80.tif,414,407,462,462,Tree
/Users/tompitts/dphil/CanopyAI/deepforest_custom/phase5_tiles/won_tile_15_rot80.tif,347,252,416,307,Tree
/Users/tompitts/dphil/CanopyAI/deepforest_custom/phase5_tiles/won_tile_15_rot80.tif,287,241,339,281,Tree
/Users/tompitts/dphil/CanopyAI/deepforest_custom/phase5_tiles/won_tile_15_rot80.tif,226,263,298,322,Tree
/Users/tompitts/dphil/CanopyAI/deepforest_custom/phase5_tiles/won_tile_15_rot80.tif,150,327,219,390,Tree
/Users/tompitts/dphil/CanopyAI/deepforest_custom/phase5_tiles/won_tile_15_rot80.tif,97,282,143,326,Tree
/Users/tompitts/dphil/CanopyAI/deepforest_custom/phase5_tiles/won_tile_15_rot80.tif,237,38,344,116,Tree
/Users/tompitts/dphil/CanopyAI/deepforest_custom/phase5_tiles/won_tile_15_rot80.tif,320,111,370,173,Tree
/Users/tompitts/dphil/CanopyAI/deepforest_custom/phase5_tiles/won_tile_15_rot80.tif,282,147,344,214,Tree
/Users/tompitts/dphil/CanopyAI/deepforest_custom/phase5_tiles/won_tile_15_rot80.tif,222,162,305,236,Tree
/Users/tompitts/dphil/CanopyAI/deepforest_custom/phase5_tiles/won_tile_15_rot80.tif,91,49,158,104,Tree
/Users/tompitts/dphil/CanopyAI/deepforest_custom/phase5_tiles/won_tile_15_rot80.tif,11,108,61,174,Tree
/Users/tompitts/dphil/CanopyAI/deepforest_custom/phase5_tiles/won_tile_15_rot80.tif,65,0,134,48,Tree
/Users/tompitts/dphil/CanopyAI/deepforest_custom/phase5_tiles/won_tile_15_rot80.tif,164,2,220,50,Tree
/Users/tompitts/dphil/CanopyAI/deepforest_custom/phase5_tiles/won_tile_15_rot80.tif,170,76,269,149,Tree
/Users/tompitts/dphil/CanopyAI/deepforest_custom/phase5_tiles/won_tile_15_rot80.tif,348,18,427,77,Tree
/Users/tompitts/dphil/CanopyAI/deepforest_custom/phase5_tiles/won_tile_15_rot80.tif,347,58,384,94,Tree
/Users/tompitts/dphil/CanopyAI/deepforest_custom/phase5_tiles/won_tile_15_rot80.tif,426,28,465,73,Tree
/Users/tompitts/dphil/CanopyAI/deepforest_custom/phase5_tiles/won_tile_15_rot80.tif,468,76,500,134,Tree
/Users/tompitts/dphil/CanopyAI/deepforest_custom/phase5_tiles/won_tile_15_rot80.tif,456,38,500,89,Tree
/Users/tompitts/dphil/CanopyAI/deepforest_custom/phase5_tiles/won_tile_15_rot80.tif,352,189,404,233,Tree
/Users/tompitts/dphil/CanopyAI/deepforest_custom/phase5_tiles/won_tile_15_rot80.tif,366,139,440,205,Tree
/Users/tompitts/dphil/CanopyAI/deepforest_custom/phase5_tiles/won_tile_15_rot80.tif,416,137,500,224,Tree
/Users/tompitts/dphil/CanopyAI/deepforest_custom/phase5_tiles/won_tile_15_rot80.tif,420,228,467,291,Tree
/Users/tompitts/dphil/CanopyAI/deepforest_custom/phase5_tiles/won_tile_15_rot80.tif,468,222,500,276,Tree
/Users/tompitts/dphil/CanopyAI/deepforest_custom/phase5_tiles/won_tile_15_rot80.tif,365,383,410,435,Tree
/Users/tompitts/dphil/CanopyAI/deepforest_custom/phase5_tiles/won_tile_15_rot80.tif,293,445,336,491,Tree
/Users/tompitts/dphil/CanopyAI/deepforest_custom/phase5_tiles/won_tile_15_rot80.tif,333,476,399,500,Tree
/Users/tompitts/dphil/CanopyAI/deepforest_custom/phase5_tiles/won_tile_38_rot251.tif,364,344,422,395,Tree
/Users/tompitts/dphil/CanopyAI/deepforest_custom/phase5_tiles/won_tile_38_rot251.tif,331,308,387,363,Tree
/Users/tompitts/dphil/CanopyAI/deepforest_custom/phase5_tiles/won_tile_38_rot251.tif,336,181,397,238,Tree
/Users/tompitts/dphil/CanopyAI/deepforest_custom/phase5_tiles/won_tile_38_rot251.tif,306,228,363,285,Tree
/Users/tompitts/dphil/CanopyAI/deepforest_custom/phase5_tiles/won_tile_38_rot251.tif,175,309,236,366,Tree
/Users/tompitts/dphil/CanopyAI/deepforest_custom/phase5_tiles/won_tile_38_rot251.tif,391,198,459,255,Tree
/Users/tompitts/dphil/CanopyAI/deepforest_custom/phase5_tiles/won_tile_38_rot251.tif,145,107,201,161,Tree
/Users/tompitts/dphil/CanopyAI/deepforest_custom/phase5_tiles/won_tile_38_rot251.tif,105,110,153,162,Tree
/Users/tompitts/dphil/CanopyAI/deepforest_custom/phase5_tiles/won_tile_38_rot251.tif,44,84,109,137,Tree
/Users/tompitts/dphil/CanopyAI/deepforest_custom/phase5_tiles/won_tile_38_rot251.tif,18,133,81,188,Tree
/Users/tompitts/dphil/CanopyAI/deepforest_custom/phase5_tiles/won_tile_38_rot251.tif,462,208,500,247,Tree
/Users/tompitts/dphil/CanopyAI/deepforest_custom/phase5_tiles/won_tile_38_rot251.tif,442,272,494,318,Tree
/Users/tompitts/dphil/CanopyAI/deepforest_custom/phase5_tiles/won_tile_38_rot251.tif,469,90,500,133,Tree
/Users/tompitts/dphil/CanopyAI/deepforest_custom/phase5_tiles/won_tile_38_rot251.tif,434,85,475,126,Tree
/Users/tompitts/dphil/CanopyAI/deepforest_custom/phase5_tiles/won_tile_38_rot251.tif,408,80,437,115,Tree
/Users/tompitts/dphil/CanopyAI/deepforest_custom/phase5_tiles/won_tile_38_rot251.tif,368,77,409,122,Tree
/Users/tompitts/dphil/CanopyAI/deepforest_custom/phase5_tiles/won_tile_38_rot251.tif,328,40,376,87,Tree
/Users/tompitts/dphil/CanopyAI/deepforest_custom/phase5_tiles/won_tile_38_rot251.tif,255,13,304,64,Tree
/Users/tompitts/dphil/CanopyAI/deepforest_custom/phase5_tiles/won_tile_38_rot251.tif,147,0,205,56,Tree
/Users/tompitts/dphil/CanopyAI/deepforest_custom/phase5_tiles/won_tile_38_rot251.tif,103,0,152,34,Tree
/Users/tompitts/dphil/CanopyAI/deepforest_custom/phase5_tiles/won_tile_38_rot251.tif,235,161,278,204,Tree
/Users/tompitts/dphil/CanopyAI/deepforest_custom/phase5_tiles/bru_tile_456_4000_rot359.tif,119,35,181,108,Tree
/Users/tompitts/dphil/CanopyAI/deepforest_custom/phase5_tiles/bru_tile_456_4000_rot359.tif,1,168,60,263,Tree
/Users/tompitts/dphil/CanopyAI/deepforest_custom/phase5_tiles/bru_tile_456_4000_rot359.tif,147,261,217,348,Tree
/Users/tompitts/dphil/CanopyAI/deepforest_custom/phase5_tiles/bru_tile_456_4000_rot359.tif,315,191,366,227,Tree
/Users/tompitts/dphil/CanopyAI/deepforest_custom/phase5_tiles/bru_tile_456_4000_rot359.tif,293,226,342,268,Tree
/Users/tompitts/dphil/CanopyAI/deepforest_custom/phase5_tiles/bru_tile_856_2000_rot16.tif,307,161,400,302,Tree
/Users/tompitts/dphil/CanopyAI/deepforest_custom/phase5_tiles/bru_tile_1656_2000_rot133.tif,92,150,267,324,Tree
/Users/tompitts/dphil/CanopyAI/deepforest_custom/phase5_tiles/bru_tile_456_3200_rot323.tif,96,0,209,44,Tree
/Users/tompitts/dphil/CanopyAI/deepforest_custom/phase5_tiles/bru_tile_456_3200_rot323.tif,0,231,114,350,Tree
/Users/tompitts/dphil/CanopyAI/deepforest_custom/phase5_tiles/bru_tile_856_4400_rot285.tif,188,95,275,161,Tree
/Users/tompitts/dphil/CanopyAI/deepforest_custom/phase5_tiles/bru_tile_456_2800_rot210.tif,182,5,324,138,Tree
/Users/tompitts/dphil/CanopyAI/deepforest_custom/phase5_tiles/bru_tile_456_2800_rot210.tif,252,0,327,48,Tree
/Users/tompitts/dphil/CanopyAI/deepforest_custom/phase5_tiles/bru_tile_456_2800_rot210.tif,125,382,219,400,Tree
/Users/tompitts/dphil/CanopyAI/deepforest_custom/phase5_tiles/bru_tile_1256_4000_rot100.tif,90,219,156,293,Tree
/Users/tompitts/dphil/CanopyAI/deepforest_custom/phase5_tiles/bru_tile_1256_4000_rot100.tif,177,39,246,103,Tree
/Users/tompitts/dphil/CanopyAI/deepforest_custom/phase5_tiles/bru_tile_1256_4000_rot100.tif,216,291,270,346,Tree
/Users/tompitts/dphil/CanopyAI/deepforest_custom/phase5_tiles/bru_tile_1256_4000_rot100.tif,270,310,331,373,Tree
/Users/tompitts/dphil/CanopyAI/deepforest_custom/phase5_tiles/bru_tile_1256_4000_rot100.tif,23,328,77,381,Tree
/Users/tompitts/dphil/CanopyAI/deepforest_custom/phase5_tiles/bru_tile_1256_4000_rot100.tif,18,22,71,51,Tree
/Users/tompitts/dphil/CanopyAI/deepforest_custom/phase5_tiles/bru_tile_3656_400_rot95.tif,270,332,315,382,Tree
/Users/tompitts/dphil/CanopyAI/deepforest_custom/phase5_tiles/bru_tile_3656_400_rot95.tif,16,180,59,220,Tree
/Users/tompitts/dphil/CanopyAI/deepforest_custom/phase5_tiles/bru_tile_3656_400_rot95.tif,23,359,53,395,Tree
/Users/tompitts/dphil/CanopyAI/deepforest_custom/phase5_tiles/bru_tile_456_2400_rot94.tif,193,63,277,146,Tree
/Users/tompitts/dphil/CanopyAI/deepforest_custom/phase5_tiles/bru_tile_456_2400_rot94.tif,156,87,204,138,Tree
/Users/tompitts/dphil/CanopyAI/deepforest_custom/phase5_tiles/bru_tile_456_2400_rot94.tif,134,114,185,161,Tree
/Users/tompitts/dphil/CanopyAI/deepforest_custom/phase5_tiles/bru_tile_456_2400_rot94.tif,0,123,69,248,Tree
/Users/tompitts/dphil/CanopyAI/deepforest_custom/phase5_tiles/bru_tile_456_2400_rot94.tif,332,313,378,370,Tree
/Users/tompitts/dphil/CanopyAI/deepforest_custom/phase5_tiles/bru_tile_456_2400_rot94.tif,300,8,394,139,Tree
/Users/tompitts/dphil/CanopyAI/deepforest_custom/phase5_tiles/bru_tile_456_2400_rot94.tif,364,221,385,249,Tree
/Users/tompitts/dphil/CanopyAI/deepforest_custom/phase5_tiles/bru_tile_456_2400_rot94.tif,324,221,359,263,Tree
/Users/tompitts/dphil/CanopyAI/deepforest_custom/phase5_tiles/bru_tile_2856_3200_rot279.tif,251,209,365,322,Tree
/Users/tompitts/dphil/CanopyAI/deepforest_custom/phase5_tiles/bru_tile_2856_3200_rot279.tif,17,302,87,379,Tree
/Users/tompitts/dphil/CanopyAI/deepforest_custom/phase5_tiles/bru_tile_2856_3200_rot279.tif,102,305,179,360,Tree
/Users/tompitts/dphil/CanopyAI/deepforest_custom/phase5_tiles/bru_tile_856_1200_rot32.tif,86,0,210,77,Tree
/Users/tompitts/dphil/CanopyAI/deepforest_custom/phase5_tiles/bru_tile_856_1200_rot32.tif,274,17,327,68,Tree
/Users/tompitts/dphil/CanopyAI/deepforest_custom/phase5_tiles/bru_tile_856_1200_rot32.tif,281,62,329,110,Tree
/Users/tompitts/dphil/CanopyAI/deepforest_custom/phase5_tiles/bru_tile_3256_2400_rot75.tif,0,255,90,369,Tree
/Users/tompitts/dphil/CanopyAI/deepforest_custom/phase5_tiles/bru_tile_3256_2400_rot75.tif,48,178,109,255,Tree
/Users/tompitts/dphil/CanopyAI/deepforest_custom/phase5_tiles/bru_tile_3256_2400_rot75.tif,149,323,192,371,Tree
/Users/tompitts/dphil/CanopyAI/deepforest_custom/phase5_tiles/bru_tile_3256_2400_rot75.tif,154,385,189,400,Tree
/Users/tompitts/dphil/CanopyAI/deepforest_custom/phase5_tiles/bru_tile_3256_2000_rot96.tif,71,376,151,400,Tree
/Users/tompitts/dphil/CanopyAI/deepforest_custom/phase5_tiles/bru_tile_3256_2000_rot96.tif,318,109,396,200,Tree
/Users/tompitts/dphil/CanopyAI/deepforest_custom/phase5_tiles/bru_tile_1256_2000_rot82.tif,179,379,290,400,Tree
/Users/tompitts/dphil/CanopyAI/deepforest_custom/phase5_tiles/bru_tile_3256_400_rot113.tif,91,44,186,135,Tree
/Users/tompitts/dphil/CanopyAI/deepforest_custom/phase5_tiles/bru_tile_2856_400_rot11.tif,329,85,379,134,Tree
/Users/tompitts/dphil/CanopyAI/deepforest_custom/phase5_tiles/bru_tile_2856_1200_rot246.tif,72,252,130,313,Tree
/Users/tompitts/dphil/CanopyAI/deepforest_custom/phase5_tiles/bru_tile_2856_1200_rot246.tif,0,292,35,334,Tree
/Users/tompitts/dphil/CanopyAI/deepforest_custom/phase5_tiles/bru_tile_2056_4000_rot58.tif,60,228,127,292,Tree
/Users/tompitts/dphil/CanopyAI/deepforest_custom/phase5_tiles/bru_tile_2056_800_rot136.tif,264,176,336,248,Tree
/Users/tompitts/dphil/CanopyAI/deepforest_custom/phase5_tiles/bru_tile_1256_0_rot16.tif,65,287,164,390,Tree
/Users/tompitts/dphil/CanopyAI/deepforest_custom/phase5_tiles/bru_tile_1256_0_rot16.tif,112,231,191,306,Tree
/Users/tompitts/dphil/CanopyAI/deepforest_custom/phase5_tiles/bru_tile_1256_0_rot16.tif,155,293,207,341,Tree
/Users/tompitts/dphil/CanopyAI/deepforest_custom/phase5_tiles/bru_tile_1256_0_rot16.tif,295,245,378,324,Tree
/Users/tompitts/dphil/CanopyAI/deepforest_custom/phase5_tiles/bru_tile_1256_0_rot16.tif,242,290,290,337,Tree
/Users/tompitts/dphil/CanopyAI/deepforest_custom/phase5_tiles/bru_tile_1256_0_rot16.tif,11,226,46,261,Tree
/Users/tompitts/dphil/CanopyAI/deepforest_custom/phase5_tiles/bru_tile_456_1600_rot202.tif,107,253,198,328,Tree
/Users/tompitts/dphil/CanopyAI/deepforest_custom/phase5_tiles/bru_tile_456_1600_rot202.tif,266,118,388,239,Tree
/Users/tompitts/dphil/CanopyAI/deepforest_custom/phase5_tiles/bru_tile_456_1600_rot202.tif,21,17,234,227,Tree
/Users/tompitts/dphil/CanopyAI/deepforest_custom/phase5_tiles/bru_tile_1256_2400_rot104.tif,200,45,252,93,Tree
/Users/tompitts/dphil/CanopyAI/deepforest_custom/phase5_tiles/bru_tile_1256_2400_rot104.tif,258,218,299,264,Tree
/Users/tompitts/dphil/CanopyAI/deepforest_custom/phase5_tiles/bru_tile_1256_2400_rot104.tif,263,2,396,188,Tree
/Users/tompitts/dphil/CanopyAI/deepforest_custom/phase5_tiles/bru_tile_2856_2800_rot303.tif,372,210,400,272,Tree
/Users/tompitts/dphil/CanopyAI/deepforest_custom/phase5_tiles/bru_tile_2856_2800_rot303.tif,173,340,250,400,Tree
/Users/tompitts/dphil/CanopyAI/deepforest_custom/phase5_tiles/bru_tile_2856_2800_rot303.tif,0,210,44,281,Tree
/Users/tompitts/dphil/CanopyAI/deepforest_custom/phase5_tiles/bru_tile_1656_0_rot228.tif,23,121,118,217,Tree
/Users/tompitts/dphil/CanopyAI/deepforest_custom/phase5_tiles/bru_tile_856_800_rot151.tif,170,0,305,80,Tree
/Users/tompitts/dphil/CanopyAI/deepforest_custom/phase5_tiles/bru_tile_856_4000_rot225.tif,382,152,400,210,Tree
/Users/tompitts/dphil/CanopyAI/deepforest_custom/phase5_tiles/bru_tile_856_4000_rot225.tif,178,182,226,231,Tree
/Users/tompitts/dphil/CanopyAI/deepforest_custom/phase5_tiles/bru_tile_856_4000_rot225.tif,90,62,148,119,Tree
/Users/tompitts/dphil/CanopyAI/deepforest_custom/phase5_tiles/bru_tile_856_4000_rot225.tif,125,22,204,102,Tree
/Users/tompitts/dphil/CanopyAI/deepforest_custom/phase5_tiles/bru_tile_456_1200_rot88.tif,12,269,76,343,Tree
/Users/tompitts/dphil/CanopyAI/deepforest_custom/phase5_tiles/bru_tile_456_1200_rot88.tif,254,303,368,399,Tree
/Users/tompitts/dphil/CanopyAI/deepforest_custom/phase5_tiles/bru_tile_456_1200_rot88.tif,134,307,175,334,Tree
/Users/tompitts/dphil/CanopyAI/deepforest_custom/phase5_tiles/bru_tile_456_1200_rot88.tif,63,347,99,394,Tree
/Users/tompitts/dphil/CanopyAI/deepforest_custom/phase5_tiles/bru_tile_1656_4000_rot219.tif,155,371,221,400,Tree
/Users/tompitts/dphil/CanopyAI/deepforest_custom/phase5_tiles/bru_tile_1656_4000_rot219.tif,104,61,171,127,Tree
/Users/tompitts/dphil/CanopyAI/deepforest_custom/phase5_tiles/bru_tile_1656_4000_rot219.tif,90,11,162,82,Tree
/Users/tompitts/dphil/CanopyAI/deepforest_custom/phase5_tiles/bru_tile_1656_4000_rot219.tif,146,0,220,28,Tree
/Users/tompitts/dphil/CanopyAI/deepforest_custom/phase5_tiles/bru_tile_1656_4000_rot219.tif,36,94,97,155,Tree
/Users/tompitts/dphil/CanopyAI/deepforest_custom/phase5_tiles/bru_tile_1656_3200_rot96.tif,233,0,331,95,Tree
/Users/tompitts/dphil/CanopyAI/deepforest_custom/phase5_tiles/bru_tile_2456_4000_rot230.tif,302,63,364,125,Tree
/Users/tompitts/dphil/CanopyAI/deepforest_custom/phase5_tiles/bru_tile_2856_0_rot200.tif,252,180,335,259,Tree
/Users/tompitts/dphil/CanopyAI/deepforest_custom/phase5_tiles/bru_tile_2856_0_rot200.tif,65,222,175,331,Tree
/Users/tompitts/dphil/CanopyAI/deepforest_custom/phase5_tiles/bru_tile_2856_0_rot200.tif,204,75,263,131,Tree
/Users/tompitts/dphil/CanopyAI/deepforest_custom/phase5_tiles/bru_tile_2856_0_rot200.tif,1,114,51,159,Tree
/Users/tompitts/dphil/CanopyAI/deepforest_custom/phase5_tiles/bru_tile_2856_0_rot200.tif,374,212,400,258,Tree
/Users/tompitts/dphil/CanopyAI/deepforest_custom/phase5_tiles/bru_tile_2856_3600_rot82.tif,49,272,165,384,Tree
/Users/tompitts/dphil/CanopyAI/deepforest_custom/phase5_tiles/bru_tile_2856_3600_rot82.tif,16,28,34,80,Tree
/Users/tompitts/dphil/CanopyAI/deepforest_custom/phase5_tiles/bru_tile_2456_2000_rot356.tif,0,182,75,274,Tree
/Users/tompitts/dphil/CanopyAI/deepforest_custom/phase5_tiles/bru_tile_2456_2000_rot356.tif,122,333,178,396,Tree
/Users/tompitts/dphil/CanopyAI/deepforest_custom/phase5_tiles/bru_tile_2456_2000_rot356.tif,291,224,358,299,Tree
/Users/tompitts/dphil/CanopyAI/deepforest_custom/phase5_tiles/bru_tile_2456_2000_rot356.tif,317,28,400,100,Tree
/Users/tompitts/dphil/CanopyAI/deepforest_custom/phase5_tiles/bru_tile_2456_2000_rot356.tif,203,202,262,275,Tree
/Users/tompitts/dphil/CanopyAI/deepforest_custom/phase5_tiles/bru_tile_2456_2000_rot356.tif,10,281,72,338,Tree
/Users/tompitts/dphil/CanopyAI/deepforest_custom/phase5_tiles/bru_tile_1656_3600_rot337.tif,0,234,16,299,Tree
/Users/tompitts/dphil/CanopyAI/deepforest_custom/phase5_tiles/bru_tile_1656_3600_rot337.tif,237,66,382,205,Tree
/Users/tompitts/dphil/CanopyAI/deepforest_custom/phase5_tiles/bru_tile_1656_3600_rot337.tif,92,81,187,172,Tree
/Users/tompitts/dphil/CanopyAI/deepforest_custom/phase5_tiles/bru_tile_1656_3600_rot337.tif,0,108,35,192,Tree
/Users/tompitts/dphil/CanopyAI/deepforest_custom/phase5_tiles/bru_tile_1656_3600_rot337.tif,335,210,400,290,Tree
/Users/tompitts/dphil/CanopyAI/deepforest_custom/phase5_tiles/bru_tile_456_400_rot78.tif,167,48,237,122,Tree
/Users/tompitts/dphil/CanopyAI/deepforest_custom/phase5_tiles/bru_tile_1656_400_rot233.tif,173,0,230,33,Tree
/Users/tompitts/dphil/CanopyAI/deepforest_custom/phase5_tiles/bru_tile_3256_1200_rot113.tif,52,312,163,400,Tree
/Users/tompitts/dphil/CanopyAI/deepforest_custom/phase5_tiles/bru_tile_3256_1200_rot113.tif,274,214,363,317,Tree
/Users/tompitts/dphil/CanopyAI/deepforest_custom/phase5_tiles/bru_tile_3656_2000_rot235.tif,16,127,118,237,Tree
/Users/tompitts/dphil/CanopyAI/deepforest_custom/phase5_tiles/bru_tile_3656_2000_rot235.tif,181,279,331,400,Tree
/Users/tompitts/dphil/CanopyAI/deepforest_custom/phase5_tiles/bru_tile_2056_2800_rot262.tif,379,105,400,175,Tree
/Users/tompitts/dphil/CanopyAI/deepforest_custom/phase5_tiles/bru_tile_1656_2400_rot75.tif,17,250,67,298,Tree
/Users/tompitts/dphil/CanopyAI/deepforest_custom/phase5_tiles/bru_tile_3656_2800_rot329.tif,238,25,372,151,Tree
/Users/tompitts/dphil/CanopyAI/deepforest_custom/phase5_tiles/bru_tile_3656_2800_rot329.tif,41,16,133,114,Tree
/Users/tompitts/dphil/CanopyAI/deepforest_custom/phase5_tiles/bru_tile_3656_2800_rot329.tif,86,99,201,219,Tree
/Users/tompitts/dphil/CanopyAI/deepforest_custom/phase5_tiles/bru_tile_3656_2800_rot329.tif,62,305,137,376,Tree
/Users/tompitts/dphil/CanopyAI/deepforest_custom/phase5_tiles/bru_tile_3656_2800_rot329.tif,135,0,239,28,Tree
/Users/tompitts/dphil/CanopyAI/deepforest_custom/phase5_tiles/bru_tile_3256_2800_rot339.tif,43,0,128,76,Tree
/Users/tompitts/dphil/CanopyAI/deepforest_custom/phase5_tiles/bru_tile_3256_2800_rot339.tif,154,73,272,178,Tree
/Users/tompitts/dphil/CanopyAI/deepforest_custom/phase5_tiles/bru_tile_3256_2800_rot339.tif,248,42,364,147,Tree
/Users/tompitts/dphil/CanopyAI/deepforest_custom/phase5_tiles/bru_tile_3256_2800_rot339.tif,218,289,277,347,Tree
/Users/tompitts/dphil/CanopyAI/deepforest_custom/phase5_tiles/bru_tile_3256_2800_rot339.tif,0,241,12,323,Tree
/Users/tompitts/dphil/CanopyAI/phase18/neon_patches/CPER_2020_CPER_5_518000_4524000_image_crop_1824_409.tif,0,0,0,0,Tree
/Users/tompitts/dphil/CanopyAI/phase18/neon_patches/CPER_2020_CPER_5_520000_4520000_image_crop_4506_4012.tif,0,0,0,0,Tree
/Users/tompitts/dphil/CanopyAI/phase18/neon_patches/DCFS_2019_WOOD_3_492000_5222000_image_crop_3657_2286.tif,0,0,0,0,Tree
/Users/tompitts/dphil/CanopyAI/phase18/neon_patches/DCFS_2019_WOOD_3_494000_5220000_image_crop_1679_8935.tif,0,0,0,0,Tree
/Users/tompitts/dphil/CanopyAI/phase18/neon_patches/JORN_2019_JORN_3_318000_3617000_image_crop_1424_6912.tif,0,0,0,0,Tree
/Users/tompitts/dphil/CanopyAI/phase18/neon_patches/JORN_2019_JORN_3_323000_3620000_image_crop_520_488.tif,0,0,0,0,Tree
/Users/tompitts/dphil/CanopyAI/phase18/neon_patches/NOGP_2019_NOGP_3_352000_5182000_image_crop_1535_3582.tif,0,0,0,0,Tree
/Users/tompitts/dphil/CanopyAI/phase18/neon_patches/NOGP_2019_NOGP_3_352000_5183000_image_crop_3811_8279.tif,0,0,0,0,Tree
/Users/tompitts/dphil/CanopyAI/phase18/neon_patches/OAES_2021_OAES_5_494000_3905000_image_crop_6873_3611.tif,0,0,0,0,Tree
/Users/tompitts/dphil/CanopyAI/phase18/neon_patches/OAES_2021_OAES_5_496000_3906000_image_crop_7359_4557.tif,0,0,0,0,Tree
/Users/tompitts/dphil/CanopyAI/phase18/neon_patches/STER_2021_STER_3_660000_4487000_image_crop_6224_1584.tif,0,0,0,0,Tree
/Users/tompitts/dphil/CanopyAI/phase18/neon_patches/STER_2021_STER_3_664000_4485000_image_crop_5881_5635.tif,0,0,0,0,Tree
/Users/tompitts/dphil/CanopyAI/phase18/neon_patches/TOOL_2019_TOOL_3_404000_7607000_image_crop_4333_711.tif,0,0,0,0,Tree
/Users/tompitts/dphil/CanopyAI/phase18/neon_patches/TOOL_2019_TOOL_3_404000_7619000_image_crop_7527_8785.tif,0,0,0,0,Tree
/Users/tompitts/dphil/CanopyAI/phase18/neon_patches/WOOD_2021_WOOD_5_483000_5224000_image_crop_2045_6201.tif,0,0,0,0,Tree
/Users/tompitts/dphil/CanopyAI/phase18/neon_patches/WOOD_2021_WOOD_5_483000_5226000_image_crop_1291_9044.tif,0,0,0,0,Tree
